pv,bond_dirty_price,ls,lt,dp,type,du,id,iopv,ig,ed,change_vs_pc_percentage,ej,clo,el,v_,ex,nc,vl,cur,fn,trading_time,bl,sc,bv,dpc,iiv,sip,bond_clean_price,cc,ptd,b,issuer-name,c,sv,h,i,cn,l,m,n,o,p_,cr,p,bond_accrued_interest,change_vs_pc,r,s,cx,v,lf,bond_date,datetime,datetime_sg
0.0,,P,0.0,,listedcertificates,,0,0.0,,,,,,0.0,,,,0.0,,,20261008_091600,,,0.0,,,,,,,,,0.0,0.0,0.0,,,0.0,,,0.0,,,0.0,,,,,0.0,0.0,,,2026-10-08 16:47:05,2026-10-09 00:47:05+0800
0.61,,P,0.61,,stocks,,0,0.0,,,,,,0.0,,,LVR,5.0,SGD,,20261008_091600,100,K,10.1,,,,,,20261007,0.605,17LIVE GROUP,0.0,0.1,0.61,,,0.61,MAINBOARD,17LIVE GROUP,0.61,X,,0.0,,,,0.740,0.0,3050.0,,,2026-10-08 16:47:05,2026-10-09 00:47:05+0800
0.001,,P,0.001,,companywarrants,,0,0.0,8.0,,,,,0.0,,,VT2W,0.0,SGD,,20261008_091600,1,,0.0,,,,,,,,17LIVE W281207,0.0,62.2,0.0,,,0.0,MAINBOARD,17LIVE W281207,0.0,X,,0.0,,,,0.010,0.0,0.0,0.0,,2026-10-08 16:47:05,2026-10-09 00:47:05+0800
0.069,,P,0.069,,stocks,,0,0.0,,,,,,0.0,,,AZG,0.0,SGD,,20261008_091600,100,J,0.0,,,,,,20190905,,8Telecom,0.0,0.0,0.0,SUSP,,0.0,MAINBOARD,8Telecom,0.0,X,,0.0,,,,,0.0,0.0,,,2026-10-08 16:47:05,2026-10-09 00:47:05+0800
0.027,,P,0.027,,stocks,,0,0.0,,,,,,0.0,,,1Y1,0.0,SGD,,20261008_091600,100,B,35.0,,,,,,20261005,0.027,9R,0.0,24.8,0.0,,,0.0,CATALIST,9R,0.0,X,,0.0,,,,0.029,0.0,0.0,,,2026-10-08 16:47:05,2026-10-09 00:47:05+0800
0.002,,P,0.002,,companywarrants,,0,0.0,8.0,,,,,0.0,,,KJZW,0.0,SGD,,20261008_091600,100,,0.0,,,,,,,,9RW270628,0.0,0.0,0.0,,,0.0,CATALIST,9RW270628,0.0,X,,0.0,,,,,0.0,0.0,0.0,,2026-10-08 16:47:05,2026-10-09 00:47:05+0800
0.975,,P,0.961,,etfs,,0,0.0,9.0,,,,,0.0,,,Q50,91.342,SGD,,20261008_091600,1,,34.929,,,,,,,0.960,A CGS FG Next50 SGD,-0.014,1.0,0.975,,,0.961,MAINBOARD,A CGS FG Next50 SGD,0.975,X,,-1.436,,,,0.961,0.961,87971.692,0.0,,2026-10-08 16:47:05,2026-10-09 00:47:05+0800
0.976,,P,0.976,,etfs,,0,0.0,9.0,,,,,0.0,,,SBO,287.82,SGD,,20261008_091600,1,,621.563,,,,,,,0.976,A Lion Short Bond S$,0.0,524.592,0.977,,,0.976,MAINBOARD,A Lion Short Bond S$,0.977,X,,0.0,,,,0.977,0.976,281006.984,0.0,,2026-10-08 16:47:05,2026-10-09 00:47:05+0800
0.761,,P,0.761,,etfs,,0,0.0,9.0,,,,,0.0,,,SBV,0.0,USD,,20261008_091600,1,,80.0,,,,,,,0.757,A Lion Short Bond US$,0.0,80.0,0.0,,,0.0,MAINBOARD,A Lion Short Bond US$,0.0,X,,0.0,,,,0.764,0.763,0.0,0.0,,2026-10-08 16:47:05,2026-10-09 00:47:05+0800
1.672,,P,1.647,,etfs,,0,0.0,9.0,,,,,0.0,,,JJJ,19.878,SGD,,20261008_091600,1,,80.0,,,,,,,1.633,A Lion-Nomura Japan S$,-0.025,80.0,1.652,,,1.647,MAINBOARD,A Lion-Nomura Japan S$,1.652,X,,-1.495,,,,1.646,1.639,32811.057,0.0,,2026-10-08 16:47:05,2026-10-09 00:47:05+0800
1.305,,P,1.277,,etfs,,0,0.0,9.0,,,,,0.0,,,JUS,0.2,USD,,20261008_091600,1,,80.0,,,,,,,1.274,A Lion-Nomura Japan US$,-0.028,80.0,1.277,,,1.277,MAINBOARD,A Lion-Nomura Japan US$,1.277,X,,-2.146,,,,1.284,1.279,255.4,0.0,,2026-10-08 16:47:05,2026-10-09 00:47:05+0800
0.089,,P,0.089,,stocks,,0,0.0,,,,,,0.0,,,BQC,0.0,SGD,,20261008_091600,100,C,5.0,,,,,,20261005,0.089,A-Smart,0.0,0.4,0.0,,,0.0,MAINBOARD,A-Smart,0.0,X,,0.0,,,,0.098,0.0,0.0,,,2026-10-08 16:47:05,2026-10-09 00:47:05+0800
0.535,,P,0.55,,stocks,,0,0.0,,,,,,0.0,,,BTJ,0.2,SGD,,20261008_091600,100,G,20.0,,,,,,20261007,0.530,A-Sonic Aero,0.015,6.0,0.55,,,0.55,MAINBOARD,A-Sonic Aero,0.55,X,,2.804,,,,0.555,0.0,110.0,,,2026-10-08 16:47:05,2026-10-09 00:47:05+0800
1.097,,P,1.098,,etfs,,0,1.161,9.0,,,,,0.0,,,A35,388.222,SGD,,20261008_091600,1,,148.298,,,,,,,1.097,ABF SG BOND ETF,0.001,229.911,1.101,,,1.097,MAINBOARD,ABF SG BOND ETF,1.097,X,,0.091,,,,1.099,1.098,426868.893,0.0,,2026-10-08 16:47:05,2026-10-09 00:47:05+0800
0.41,,P,0.41,,stocks,,0,0.0,,,,,,0.0,,,533,0.0,SGD,,20261008_091600,100,G,10.0,,,,,,20261005,0.390,ABR,0.0,0.1,0.0,,,0.0,MAINBOARD,ABR,0.0,X,,0.0,,,,0.400,0.0,0.0,,,2026-10-08 16:47:05,2026-10-09 00:47:05+0800
0.019,,P,0.019,,stocks,,0,0.0,,,,,,0.0,,,541,0.0,SGD,,20261008_091600,100,G,479.6,,,,,,20261007,0.019,Abundance Intl,0.0,80.0,0.0,,,0.0,CATALIST,Abundance Intl,0.0,X,,0.0,,,,0.022,0.0,0.0,,,2026-10-08 16:47:05,2026-10-09 00:47:05+0800
0.162,,P,0.162,,stocks,,0,0.0,,,,,,0.0,,,570,0.0,SGD,,20261008_091600,100,C,35.8,,,,,,20261005,0.155,Abundante,0.0,0.8,0.0,,,0.0,MAINBOARD,Abundante,0.0,X,,0.0,,,,0.192,0.0,0.0,,,2026-10-08 16:47:05,2026-10-09 00:47:05+0800
0.156,,P,0.15,,stocks,,0,0.0,,,,,,0.0,,,QZG,1468.3,SGD,,20261008_091600,100,G,4.6,,,,,,20261007,0.147,Accrelist Ltd,-0.006,166.8,0.158,,,0.145,CATALIST,Accrelist Ltd,0.156,X,,-3.846,,,,0.150,0.0,219320.4,,,2026-10-08 16:47:05,2026-10-09 00:47:05+0800
0.024,,P,0.025,,stocks,,0,0.0,,,,,,0.0,,,5FW,260.0,SGD,,20261008_091600,100,F,41.0,,,,,,20261001,0.024,Acesian Partners,0.001,80.0,0.025,,,0.025,CATALIST,Acesian Partners,0.025,X,,4.167,,,,0.026,0.0,6500.0,,,2026-10-08 16:47:05,2026-10-09 00:47:05+0800
0.05,,P,0.05,,stocks,,0,0.0,,,,,,0.0,,,AYV,0.0,SGD,,20261008_091600,100,C,4.1,,,,,,20261007,0.050,Acma,0.0,29.0,0.0,,,0.0,MAINBOARD,Acma,0.0,X,,0.0,,,,0.065,0.0,0.0,,,2026-10-08 16:47:05,2026-10-09 00:47:05+0800
0.205,,P,0.21,,businesstrusts,,0,0.0,,,,,,0.0,,,XZL,9563.1,USD,,20261008_091600,100,L,9.0,,,,,,,0.205,Acro HTrust USD,0.005,84.6,0.23,,,0.2,MAINBOARD,Acro HTrust USD,0.21,X,,2.439,,,,0.220,0.0,2008393.5,,,2026-10-08 16:47:05,2026-10-09 00:47:05+0800
0.012,,P,0.012,,stocks,,0,0.0,,,,,,0.0,,,43F,5.0,SGD,,20261008_091600,100,Q,4400.0,,,,,,20261007,0.011,AcroMeta,0.0,1319.0,0.012,,,0.012,CATALIST,AcroMeta,0.012,X,,0.0,,,,0.012,0.0,60.0,,,2026-10-08 16:47:05,2026-10-09 00:47:05+0800
0.138,,P,0.136,,stocks,,0,0.0,,,,,,0.0,,,A31,85452.1,SGD,,20261008_091600,100,J,329.8,,,,,,20261007,0.135,Addvalue Tech,-0.002,199.7,0.14,,,0.132,MAINBOARD,Addvalue Tech,0.138,X,,-1.449,,,,0.136,0.0,11504246.7,,,2026-10-08 16:47:05,2026-10-09 00:47:05+0800
0.128,,P,0.128,,stocks,,0,0.0,,,,,,0.0,,,BLZ,0.0,SGD,,20261008_091600,100,K,50.0,,,,,,20261007,0.117,Advanced,0.0,3.6,0.0,,,0.0,CATALIST,Advanced,0.0,X,,0.0,,,,0.128,0.0,0.0,,,2026-10-08 16:47:05,2026-10-09 00:47:05+0800
0.001,,P,0.001,,companywarrants,,0,0.0,8.0,,,,,0.0,,,9NHW,0.0,SGD,,20261008_091600,100,,0.0,,,,,,,,AdvancedSys W261224,0.0,2749.2,0.0,,,0.0,CATALIST,AdvancedSys W261224,0.0,X,,0.0,,,,0.001,0.0,0.0,0.0,,2026-10-08 16:47:05,2026-10-09 00:47:05+0800
0.002,,P,0.002,,stocks,,0,0.0,,,,,,0.0,,,WJ9,0.0,SGD,,20261008_091600,100,C,31015.3,,,,,,20261005,0.002,AdvancedSystems,0.0,4315.4,0.0,,,0.0,CATALIST,AdvancedSystems,0.0,X,,0.0,,,,0.003,0.0,0.0,,,2026-10-08 16:47:05,2026-10-09 00:47:05+0800
0.125,,P,0.101,,stocks,,0,0.0,,,,,,0.0,,,43Q,70.1,SGD,,20261008_091600,100,N,3.9,,,,,,20261001,0.101,Advancer Global,-0.024,30.1,0.117,,,0.101,CATALIST,Advancer Global,0.101,X,,-19.2,,,,0.117,0.0,7081.7,,,2026-10-08 16:47:05,2026-10-09 00:47:05+0800
0.004,,P,0.004,,stocks,,0,0.0,,,,,,0.0,,,5EF,0.0,SGD,,20261008_091600,100,N,13536.9,,,,,,20261005,0.002,Adventus,0.0,13355.2,0.0,,,0.0,CATALIST,Adventus,0.0,X,,0.0,,,,0.004,0.0,0.0,,,2026-10-08 16:47:05,2026-10-09 00:47:05+0800
0.205,,P,0.205,,stocks,,0,0.0,,,,,,0.0,,,XVG,10.0,SGD,,20261008_091600,100,K,80.0,,,,,,20261007,0.200,Aedge Group,0.0,33.2,0.205,,,0.205,CATALIST,Aedge Group,0.205,X,,0.0,,,,0.205,0.0,2050.0,,,2026-10-08 16:47:05,2026-10-09 00:47:05+0800
11.09,,P,10.74,,stocks,,0,0.0,,,,,,0.0,,,AWX,4274.7,SGD,,20261008_091600,100,C,1.0,,,,,,20261007,10.720,AEM SGD,-0.35,8.9,11.13,,,10.55,MAINBOARD,AEM SGD,11.01,X,,-3.156,,,,10.740,0.0,46384214.0,,,2026-10-08 16:47:05,2026-10-09 00:47:05+0800
4.1,,P,4.1,,stocks,,0,0.0,,,,,,0.0,,,XWA,0.0,USD,,20261008_091600,100,C,25.0,,,,,,20260514,6.920,AEM USD,0.0,0.0,0.0,,,0.0,MAINBOARD,AEM USD,0.0,X,,0.0,,,,,0.0,0.0,,,2026-10-08 16:47:05,2026-10-09 00:47:05+0800
0.14,,P,0.14,0.0,dlcertificates,0.0,0,0.0,25.0,2027-07-30,,,,0.0,,,IHEW,0.0,SGD,,20261008_091600,100,,0.0,0.0,,@,,,,,AIA 5xLongUB270730,0.0,0.0,0.0,,,0.0,MAINBOARD,AIA 5xLongUB270730,0.0,X,,0.0,,,,,0.139,0.0,5.0,,2026-10-08 16:47:05,2026-10-09 00:47:05+0800
0.136,,P,0.136,0.0,dlcertificates,0.0,0,0.0,26.0,2027-07-30,,,,0.0,,,EMMW,0.0,SGD,,20261008_091600,100,,0.0,0.0,,@,,,,,AIA 5xShortUB270730,0.0,0.0,0.0,,,0.0,MAINBOARD,AIA 5xShortUB270730,0.0,X,,0.0,,,,,0.13,0.0,5.0,,2026-10-08 16:47:05,2026-10-09 00:47:05+0800
1.43,,P,1.41,,reits,,0,0.0,,,,,,0.0,,,O5RU,984.1,SGD,,20261008_091600,100,L,521.3,,,,,,,1.410,AIMS APAC Reit,-0.02,253.0,1.43,,,1.41,MAINBOARD,AIMS APAC Reit,1.43,X,,-1.399,,,,1.420,0.0,1396230.0,,,2026-10-08 16:47:05,2026-10-09 00:47:05+0800
2.28,,P,2.24,,adrs,,0,0.0,13.0,,,,,0.0,,,TATD,1.0,SGD,,20261008_085931,100,H,0.0,,,,,,,,Airports TH TH SDR1to1,-0.04,0.0,2.24,,,2.23,GLOBAL_QUOTE,Airports TH TH SDR1to1,2.23,X,,-1.754,,,,,0.0,2235.0,0.0,,2026-10-08 16:47:05,2026-10-09 00:47:05+0800
1.29,,P,1.28,,adrs,,0,0.0,13.0,,,,,0.0,,,TADD,12.2,SGD,,20261008_085931,100,J,0.6,,,,,,,1.270,AIS TH SDR 10to1,-0.01,4.9,1.28,,,1.27,GLOBAL_QUOTE,AIS TH SDR 10to1,1.27,X,,-0.775,,,,1.280,0.0,15608.0,0.0,,2026-10-08 16:47:05,2026-10-09 00:47:05+0800
0.004,,P,0.004,,stocks,,0,0.0,,,,,,0.0,,,584,159.0,SGD,,20261008_091600,100,M,97124.3,,,,,,20261007,0.003,AJJ Medtech,0.0,22750.5,0.004,,,0.004,CATALIST,AJJ Medtech,0.004,,,0.0,,,,0.004,0.0,636.0,,,2026-10-08 16:47:05,2026-10-09 00:47:05+0800
1.405,,P,1.27,0.0,dlcertificates,0.0,0,0.0,25.0,2027-11-25,,,,0.0,,,RUMW,2.0,SGD,,20261008_091600,100,,0.0,0.0,,@,,,,,Alibaba 3xLongSG271125,-0.051,0.0,1.28,,,1.27,MAINBOARD,Alibaba 3xLongSG271125,1.28,X,,-3.861,,,,,1.321,2550.0,3.0,,2026-10-08 16:47:05,2026-10-09 00:47:05+0800
0.725,,P,0.79,0.0,dlcertificates,0.0,0,0.0,26.0,2027-11-25,,,,0.0,,,XOZW,50.0,SGD,,20261008_091600,100,,0.0,0.0,,@,,,,,Alibaba 3xShortSG271125,0.016,0.0,0.79,,,0.775,MAINBOARD,Alibaba 3xShortSG271125,0.775,X,,2.067,,,,,0.774,39125.0,3.0,,2026-10-08 16:47:05,2026-10-09 00:47:05+0800
0.035,,P,0.034,0.0,dlcertificates,0.0,0,0.0,25.0,2027-07-12,,,,0.0,,,ZVNW,1525.5,SGD,,20261008_091600,100,,20.0,0.0,,@,,,,0.031,Alibaba 5xLongSG270712,-0.001,59.0,0.037,,,0.033,MAINBOARD,Alibaba 5xLongSG270712,0.034,X,,-2.857,,0.035,,0.038,0.035,53907.0,5.0,,2026-10-08 16:47:05,2026-10-09 00:47:05+0800
0.005,,P,0.005,0.0,dlcertificates,0.0,0,0.0,25.0,2027-09-30,,,,0.0,,,KMMW,0.0,SGD,,20261008_091600,100,,600.0,0.0,,@,,,,0.005,Alibaba 5xLongSG270930,0.0,800.0,0.0,,,0.0,MAINBOARD,Alibaba 5xLongSG270930,0.0,X,,0.0,,0.007,,0.008,0.005,0.0,5.0,,2026-10-08 16:47:05,2026-10-09 00:47:05+0800
0.127,,P,0.121,0.0,dlcertificates,0.0,0,0.0,25.0,2028-03-16,,,,0.0,,,IWWW,525.3,SGD,,20261008_091600,100,,5.0,0.0,,@,,,,0.118,Alibaba 5xLongSG280316,-0.004,18.8,0.134,,,0.118,MAINBOARD,Alibaba 5xLongSG280316,0.12,X,,-3.2,,0.129,,0.139,0.125,67490.3,5.0,,2026-10-08 16:47:05,2026-10-09 00:47:05+0800
0.565,,P,0.625,0.0,dlcertificates,0.0,0,0.0,25.0,2028-06-22,,,,0.0,,,JLZW,1.5,SGD,,20261008_091600,100,,0.0,0.0,,@,,,,,Alibaba 5xLongSG280622,0.035,0.5,0.625,,,0.625,MAINBOARD,Alibaba 5xLongSG280622,0.625,X,,5.932,,,,0.635,0.59,937.5,5.0,,2026-10-08 16:47:05,2026-10-09 00:47:05+0800
0.045,,P,0.045,0.0,dlcertificates,0.0,0,0.0,25.0,2027-06-30,,,,0.0,,,GKAW,0.0,SGD,,20261008_091600,100,,0.0,0.0,,@,,,,,Alibaba 5xLongUB270630,0.0,0.0,0.0,,,0.0,MAINBOARD,Alibaba 5xLongUB270630,0.0,X,,0.0,,,,,0.038,0.0,5.0,,2026-10-08 16:47:05,2026-10-09 00:47:05+0800
0.003,,P,0.003,0.0,dlcertificates,0.0,0,0.0,26.0,2027-03-09,,,,0.0,,,Z7MW,0.0,SGD,,20261008_091600,100,,0.0,0.0,,@,,,,,Alibaba 5xShortSG270309,0.0,0.0,0.0,,,0.0,MAINBOARD,Alibaba 5xShortSG270309,0.0,X,,0.0,,,,,0.001,0.0,5.0,,2026-10-08 16:47:05,2026-10-09 00:47:05+0800
0.079,,P,0.082,0.0,dlcertificates,0.0,0,0.0,26.0,2027-09-07,,,,0.0,,,RHDW,1189.8,SGD,,20261008_091600,100,,0.1,0.0,,@,,,,0.078,Alibaba 5xShortSG270907,0.005,0.1,0.085,,,0.077,MAINBOARD,Alibaba 5xShortSG270907,0.083,X,,6.494,,0.081,,0.084,0.077,94914.1,5.0,,2026-10-08 16:47:05,2026-10-09 00:47:05+0800
0.78,,P,0.78,0.0,dlcertificates,0.0,0,0.0,26.0,2028-01-20,,,,0.0,,,ZPGW,0.0,SGD,,20261008_091600,100,,0.0,0.0,,@,,,,,Alibaba 5xShortSG280120,0.0,0.0,0.0,,,0.0,MAINBOARD,Alibaba 5xShortSG280120,0.0,X,,0.0,,,,,0.862,0.0,5.0,,2026-10-08 16:47:05,2026-10-09 00:47:05+0800
0.005,,P,0.005,0.0,dlcertificates,0.0,0,0.0,26.0,2026-10-30,,,,0.0,,,QHWW,0.0,SGD,,20261008_091600,100,,0.0,0.0,,@,,,,,Alibaba 5xShortUB261030,0.0,0.0,0.0,,,0.0,MAINBOARD,Alibaba 5xShortUB261030,0.0,X,,0.0,,,,,0.001,0.0,5.0,,2026-10-08 16:47:05,2026-10-09 00:47:05+0800
0.76,,P,0.7,0.0,dlcertificates,0.0,0,0.0,26.0,2027-08-31,,,,0.0,,,PZLW,3.1,SGD,,20261008_091600,100,,0.0,0.0,,@,,,,,Alibaba 5xShortUB270831,0.012,0.0,0.7,,,0.7,MAINBOARD,Alibaba 5xShortUB270831,0.7,X,,1.744,,,,,0.688,2170.0,5.0,,2026-10-08 16:47:05,2026-10-09 00:47:05+0800
3.45,,P,3.42,,adrs,,0,0.0,13.0,,,,,0.0,,,HBBD,112.0,SGD,,20261008_090000,100,G,1.6,,,,,,,3.400,Alibaba HK SDR 5to1,-0.03,0.7,3.47,,,3.39,GLOBAL_QUOTE,Alibaba HK SDR 5to1,3.43,X,,-0.87,,,,3.440,0.0,382256.0,0.0,,2026-10-08 16:47:05,2026-10-09 00:47:05+0800
0.013,,P,0.013,,structuredwarrants,,0,0.0,16.0,2026-11-03,,,,128.0,,,ETKW,0.0,SGD,,20261008_091600,100,,0.0,,,@,,,,,Alibaba MB eCW261103,0.0,0.0,0.0,,,0.0,MAINBOARD,Alibaba MB eCW261103,0.0,X,40:1,0.0,,,,,0.0,0.0,0.0,,2026-10-08 16:47:05,2026-10-09 00:47:05+0800
0.068,,P,0.068,,structuredwarrants,,0,0.0,16.0,2027-01-05,,,,115.0,,,XWHW,0.0,SGD,,20261008_091600,100,,0.0,,,@,,,,,Alibaba MB eCW270105,0.0,0.0,0.0,,,0.0,MAINBOARD,Alibaba MB eCW270105,0.0,X,20:1,0.0,,,,,0.0,0.0,0.0,,2026-10-08 16:47:05,2026-10-09 00:47:05+0800
0.014,,P,0.014,,structuredwarrants,,0,0.0,16.0,2027-02-02,,,,150.0,,,MHGW,0.0,SGD,,20261008_091600,100,,0.0,,,@,,,,,Alibaba MB eCW270202,0.0,0.0,0.0,,,0.0,MAINBOARD,Alibaba MB eCW270202,0.0,X,40:1,0.0,,,,,0.0,0.0,0.0,,2026-10-08 16:47:05,2026-10-09 00:47:05+0800
0.046,,P,0.047,,structuredwarrants,,0,0.0,16.0,2027-03-02,,,,110.0,,,QVYW,4900.2,SGD,,20261008_091600,100,,0.0,,,@,,,,,Alibaba MB eCW270302,0.001,0.0,0.047,,,0.044,MAINBOARD,Alibaba MB eCW270302,0.045,X,40:1,2.174,,,,,0.0,225609.3,0.0,,2026-10-08 16:47:05,2026-10-09 00:47:05+0800
0.034,,P,0.034,,structuredwarrants,,0,0.0,17.0,2027-02-02,,,,100.0,,,5B6W,0.0,SGD,,20261008_091600,100,,0.0,,,@,,,,,Alibaba MB ePW270202,0.0,0.0,0.0,,,0.0,MAINBOARD,Alibaba MB ePW270202,0.0,X,40:1,0.0,,,,,0.0,0.0,0.0,,2026-10-08 16:47:05,2026-10-09 00:47:05+0800
0.078,,P,0.078,,stocks,,0,0.0,,,,,,0.0,,,40F,0.0,SGD,,20261008_091600,100,B,0.0,,,,,,20190808,,Alita Resources,0.0,0.0,0.0,SUSP,,0.0,CATALIST,Alita Resources,0.0,,,0.0,,,,,0.0,0.0,,,2026-10-08 16:47:05,2026-10-09 00:47:05+0800
0.445,,P,0.45,,stocks,,0,0.0,,,,,,0.0,,,ALK,50.0,SGD,,20261008_091600,100,H,30.0,,,,,,20261007,0.445,All-Link A&S,0.005,30.0,0.465,,,0.445,MAINBOARD,All-Link A&S,0.465,,,1.124,,,,0.450,0.0,22595.0,,,2026-10-08 16:47:05,2026-10-09 00:47:05+0800
0.2,,P,0.18,,stocks,,0,0.0,,,,,,0.0,,,MIJ,30.0,SGD,,20261008_091600,100,Q,0.2,,,,,,20261007,0.180,Alliance HC,-0.02,0.1,0.18,,,0.18,CATALIST,Alliance HC,0.18,,,-10.0,,,CD,0.190,0.0,5400.0,,,2026-10-08 16:47:05,2026-10-09 00:47:05+0800
0.49,,P,0.485,,reits,,0,0.0,,,,,,0.0,,,M1GU,117.7,SGD,,20261008_091600,100,L,18.4,,,,,,,0.480,Alpha Integrated REIT,-0.005,90.4,0.485,,,0.48,MAINBOARD,Alpha Integrated REIT,0.48,X,,-1.02,,,,0.485,0.0,56611.0,,,2026-10-08 16:47:05,2026-10-09 00:47:05+0800
16.31,,P,14.24,0.0,dlcertificates,0.0,0,0.0,25.0,2026-12-04,,,,0.0,,,USYW,0.2,USD,,20261008_091600,100,,0.0,0.0,,@,,,,,ALPHAB 3xLongSG261204US$,0.541,0.0,14.24,,,14.24,MAINBOARD,ALPHAB 3xLongSG261204US$,14.24,X,,3.949,,,,,13.699,2848.0,3.0,,2026-10-08 16:47:05,2026-10-09 00:47:05+0800
3.9,,P,3.76,0.0,dlcertificates,0.0,0,0.0,25.0,2028-06-16,,,,0.0,,,ZYGW,0.1,SGD,,20261008_091600,100,,0.0,0.0,,@,,,,,ALPHAB 3xLongSG280616,0.119,0.0,3.76,,,3.76,MAINBOARD,ALPHAB 3xLongSG280616,3.76,X,,3.268,,,,,3.641,376.0,3.0,,2026-10-08 16:47:05,2026-10-09 00:47:05+0800
3.55,,P,3.55,0.0,dlcertificates,0.0,0,0.0,25.0,2028-07-26,,,,0.0,,,IXCW,0.0,SGD,,20261008_091600,100,,0.3,0.0,,@,,,,3.560,ALPHAB 5xLongSG280726,0.0,0.0,0.0,,,0.0,MAINBOARD,ALPHAB 5xLongSG280726,0.0,X,,0.0,,,,,3.641,0.0,5.0,,2026-10-08 16:47:05,2026-10-09 00:47:05+0800
3.75,,P,3.75,0.0,dlcertificates,0.0,0,0.0,26.0,2028-07-26,,,,0.0,,,UPTW,0.0,SGD,,20261008_091600,100,,0.0,0.0,,@,,,,,ALPHAB 5xShortSG280726,0.0,0.0,0.0,,,0.0,MAINBOARD,ALPHAB 5xShortSG280726,0.0,X,,0.0,,,,,3.221,0.0,5.0,,2026-10-08 16:47:05,2026-10-09 00:47:05+0800
0.148,,P,0.148,0.0,dlcertificates,0.0,0,0.0,26.0,2026-12-04,,,,0.0,,,USZW,0.0,USD,,20261008_091600,100,,0.0,0.0,,@,,,,,ALPHAB3xShortSG261204US$,0.0,0.0,0.0,,,0.0,MAINBOARD,ALPHAB3xShortSG261204US$,0.0,X,,0.0,,,,,0.147,0.0,3.0,,2026-10-08 16:47:05,2026-10-09 00:47:05+0800
0.112,,P,0.112,,stocks,,0,0.0,,,,,,0.0,,,VVL,0.0,SGD,,20261008_091600,100,J,0.0,,,,,,20220304,,AlphaDX,0.0,0.0,0.0,SUSP,,0.0,CATALIST,AlphaDX,0.0,,,0.0,,,,,0.0,0.0,,,2026-10-08 16:47:05,2026-10-09 00:47:05+0800
0.014,,P,0.013,,stocks,,0,0.0,,,,,,0.0,,,40V,100.0,SGD,,20261008_091600,100,K,2900.1,,,,,,20261005,0.013,Alset,-0.001,300.0,0.013,,,0.013,CATALIST,Alset,0.013,,,-7.143,,,,0.014,0.0,1300.0,,,2026-10-08 16:47:05,2026-10-09 00:47:05+0800
5.52,,P,5.52,0.0,dlcertificates,0.0,0,0.0,25.0,2028-07-26,,,,0.0,,,KMOW,0.0,SGD,,20261008_091600,100,,0.0,0.0,,@,,,,,AMAT 3xLongSG280726,0.0,0.0,0.0,,,0.0,MAINBOARD,AMAT 3xLongSG280726,0.0,X,,0.0,,,,,6.023,0.0,3.0,,2026-10-08 16:47:05,2026-10-09 00:47:05+0800
0.0,,P,0.0,0.0,dlcertificates,0.0,0,0.0,26.0,2028-07-26,,,,0.0,,,TAUW,0.0,SGD,,20261008_091600,100,,0.0,0.0,,@,,,,,AMAT 3xShortSG280726,0.0,0.0,0.0,,,0.0,MAINBOARD,AMAT 3xShortSG280726,0.0,,,0.0,,,,,3.071,0.0,3.0,,2026-10-08 16:47:05,2026-10-09 00:47:05+0800
82.74,,P,79.37,,stocks,,0,0.0,,,,,,0.0,,,AMQ,0.3,SGD,,20261008_091600,10,C,0.1,,,,,,20261007,50.000,Ambiq Micro,-3.37,0.02,80.1,,,79.37,MAINBOARD,Ambiq Micro,80.1,,,-4.073,,,,82.740,0.0,23979.0,,,2026-10-08 16:47:05,2026-10-09 00:47:05+0800
0.1,,P,0.1,,stocks,,0,0.0,,,,,,0.0,,,S9B,0.0,SGD,,20261008_091600,100,L,16.0,,,,,,20260928,0.095,Amcorp Global,0.0,0.9,0.0,,,0.0,MAINBOARD,Amcorp Global,0.0,,,0.0,,,,0.118,0.0,0.0,,,2026-10-08 16:47:05,2026-10-09 00:47:05+0800
20.55,,P,19.4,0.0,dlcertificates,0.0,0,0.0,25.0,2028-04-20,,,,0.0,,,Z4WW,0.3,SGD,,20261008_091600,100,,0.0,0.0,,@,,,,,AMD 3xLongSG280420,-0.832,2.0,19.4,,,19.4,MAINBOARD,AMD 3xLongSG280420,19.4,,,-4.112,,,,22.000,20.232,5820.0,3.0,,2026-10-08 16:47:05,2026-10-09 00:47:05+0800
0.011,,P,0.011,0.0,dlcertificates,0.0,0,0.0,26.0,2028-04-20,,,,0.0,,,KGZW,0.0,SGD,,20261008_091600,100,,0.0,0.0,,@,,,,,AMD 3xShortSG280420,0.0,0.0,0.0,,,0.0,MAINBOARD,AMD 3xShortSG280420,0.0,,,0.0,,,,,0.008,0.0,3.0,,2026-10-08 16:47:05,2026-10-09 00:47:05+0800
0.945,,P,0.96,0.0,dlcertificates,0.0,0,0.0,26.0,2028-06-22,,,,0.0,,,9PKW,1.5,SGD,,20261008_091600,100,,0.0,0.0,,@,,,,,AMD 3xShortSG280622,0.024,0.0,0.96,,,0.945,MAINBOARD,AMD 3xShortSG280622,0.955,,,2.564,,,,,0.936,1430.5,3.0,,2026-10-08 16:47:05,2026-10-09 00:47:05+0800
0.068,,P,0.068,,stocks,,0,0.0,,,,,,0.0,,,49B,0.0,SGD,,20261008_091600,100,M,0.0,,,,,,20241209,,AMOS Group,0.0,0.0,0.0,SUSP,,0.0,MAINBOARD,AMOS Group,0.0,,,0.0,,,,,0.0,0.0,,,2026-10-08 16:47:05,2026-10-09 00:47:05+0800
1.79,,P,1.751,,etfs,,0,0.0,9.0,,,,,0.0,,,A93,301.546,SGD,,20261008_091600,1,,0.02,,,,,,,1.748,Amova Asia exJC S$,-0.039,152.0,1.799,,,1.743,MAINBOARD,Amova Asia exJC S$,1.799,X,,-2.179,,,,1.751,1.749,533438.477,0.0,,2026-10-08 16:47:05,2026-10-09 00:47:05+0800
1.392,,P,1.392,,etfs,,0,0.0,9.0,,,,,0.0,,,A94,0.0,USD,,20261008_091600,1,,152.0,,,,,,,1.359,Amova Asia exJC US$,0.0,152.0,0.0,,,0.0,MAINBOARD,Amova Asia exJC US$,0.0,X,,0.0,,,,1.367,1.363,0.0,0.0,,2026-10-08 16:47:05,2026-10-09 00:47:05+0800
1.439,,P,1.439,,etfs,,0,0.0,9.0,,,,,0.0,,,93U,0.0,USD,,20261008_091600,1,,52.0,,,,,,,1.508,Amova Asia exJC USD,0.0,52.0,0.0,,,0.0,MAINBOARD,Amova Asia exJC USD,0.0,X,,0.0,,,,1.516,1.512,0.0,0.0,,2026-10-08 16:47:05,2026-10-09 00:47:05+0800
1.007,,P,0.998,,etfs,,0,0.0,9.0,,,,,0.0,,,B95,30.0,SGD,,20261008_091600,1,,57.0,,,,,,,0.997,Amova AsiaCredit SGD-H,-0.009,52.0,1.0,,,0.998,MAINBOARD,Amova AsiaCredit SGD-H,1.0,X,,-0.894,,,,1.002,0.999,29940.4,0.0,,2026-10-08 16:47:05,2026-10-09 00:47:05+0800
1.0,,P,1.0,,etfs,,0,0.0,9.0,,,,,0.0,,,B96,0.0,USD,,20261008_091600,1,,52.0,,,,,,,0.997,Amova AsiaCredit USD,0.0,52.0,0.0,,,0.0,MAINBOARD,Amova AsiaCredit USD,0.0,X,,0.0,,,,1.002,0.999,0.0,0.0,,2026-10-08 16:47:05,2026-10-09 00:47:05+0800
0.981,,P,0.98,,etfs,,0,0.0,9.0,,,,,0.0,,,MBH,808.882,SGD,,20261008_091600,1,,1131.099,,,,,,,0.980,Amova SGD IGBond ETF,-0.001,2592.967,0.982,,,0.98,MAINBOARD,Amova SGD IGBond ETF,0.981,X,,-0.102,,,,0.982,0.98,793581.71,0.0,,2026-10-08 16:47:05,2026-10-09 00:47:05+0800
5.41,,P,5.23,,etfs,,0,0.0,9.0,,,,,0.0,,,GAB,289.999,SGD,,20261008_091600,1,,1.78,,,,,,,5.220,Amova STI ETF S$A,-0.18,1.0,5.4,,,5.218,MAINBOARD,Amova STI ETF S$A,5.399,X,,-3.327,,,,5.280,5.23,1527448.48,0.0,,2026-10-08 16:47:05,2026-10-09 00:47:05+0800
5.8,,P,5.6,,etfs,,0,3.424,9.0,,,,,0.0,,,G3B,1216.805,SGD,,20261008_091600,1,,2.476,,,,,,,5.600,Amova STI ETF S$D,-0.2,150.0,5.78,,,5.59,MAINBOARD,Amova STI ETF S$D,5.78,X,,-3.448,,,,5.604,5.6,6860652.981,0.0,,2026-10-08 16:47:05,2026-10-09 00:47:05+0800
0.066,,P,0.066,,structuredwarrants,,0,0.0,16.0,2026-12-29,,,,6.0,,,OUKW,0.0,SGD,,20261008_091600,100,,0.0,,,@,,,,,Amova STI MB eCW261229,0.0,12.0,0.0,,,0.0,MAINBOARD,Amova STI MB eCW261229,0.0,X,3:1,0.0,,,,0.085,0.0,0.0,0.0,,2026-10-08 16:47:05,2026-10-09 00:47:05+0800
6.14,,P,6.14,,etfs,,0,0.0,9.0,,,,,0.0,,,ZHY,0.0,CNY,,20261008_091600,1,,70.0,,,,,,,6.130,Amova-ICBCSG CNB CNY,0.0,70.0,0.0,,,0.0,MAINBOARD,Amova-ICBCSG CNB CNY,0.0,X,,0.0,,,,6.150,6.14,0.0,0.0,,2026-10-08 16:47:05,2026-10-09 00:47:05+0800
0.991,,P,0.989,,etfs,,0,0.0,9.0,,,,,0.0,,,ZHS,1.024,SGD,,20261008_091600,1,,100.001,,,,,,,0.989,Amova-ICBCSG CNB S$,-0.002,3.0,0.989,,,0.988,MAINBOARD,Amova-ICBCSG CNB S$,0.988,X,,-0.202,,,,0.990,0.989,1012.636,0.0,,2026-10-08 16:47:05,2026-10-09 00:47:05+0800
0.83,,P,0.83,,etfs,,0,0.0,9.0,,,,,0.0,,,ZHD,0.0,USD,,20261008_091600,1,,150.0,,,,,,,0.915,Amova-ICBCSG CNB US$,0.0,150.0,0.0,,,0.0,MAINBOARD,Amova-ICBCSG CNB US$,0.0,X,,0.0,,,,0.918,0.916,0.0,0.0,,2026-10-08 16:47:05,2026-10-09 00:47:05+0800
0.739,,P,0.733,,etfs,,0,0.0,9.0,,,,,0.0,,,CFA,2327.863,SGD,,20261008_091600,1,,100.267,,,,,,,0.732,Amova-STC Asia REIT,-0.006,150.0,0.747,,,0.733,MAINBOARD,Amova-STC Asia REIT,0.739,X,,-0.812,,,,0.735,0.733,1714027.73,0.0,,2026-10-08 16:47:05,2026-10-09 00:47:05+0800
0.577,,P,0.578,,etfs,,0,0.0,9.0,,,,,0.0,,,COI,99.235,USD,,20261008_091600,1,,0.001,,,,,,,0.570,Amova-STC A_REIT US$,0.001,150.0,0.578,,,0.577,MAINBOARD,Amova-STC A_REIT US$,0.577,X,,0.173,,,,0.574,0.572,57356.584,0.0,,2026-10-08 16:47:05,2026-10-09 00:47:05+0800
0.5,,P,0.492,,etfs,,0,0.0,9.0,,,,,0.0,,,EVS,66.123,SGD,,20261008_091600,1,,13.0,,,,,,,0.490,Amova-STC CN EV S$,-0.008,0.5,0.504,,,0.492,MAINBOARD,Amova-STC CN EV S$,0.502,X,,-1.6,,,,0.503,0.495,32942.4,0.0,,2026-10-08 16:47:05,2026-10-09 00:47:05+0800
0.388,,P,0.388,,etfs,,0,0.0,9.0,,,,,0.0,,,EVD,0.0,USD,,20261008_091600,1,,0.0,,,,,,,,Amova-STC CN EV US$,0.0,0.0,0.0,,,0.0,MAINBOARD,Amova-STC CN EV US$,0.0,,,0.0,,,,,0.386,0.0,0.0,,2026-10-08 16:47:05,2026-10-09 00:47:05+0800
1.516,,P,1.516,,etfs,,0,0.0,9.0,,,,,0.0,,,CXN,0.0,CNY,,20261008_091600,1,,0.0,,,,,,,,AmovaEFund ChiNext CNY,0.0,0.0,0.0,,,0.0,MAINBOARD,AmovaEFund ChiNext CNY,0.0,,,0.0,,,,,1.356,0.0,0.0,,2026-10-08 16:47:05,2026-10-09 00:47:05+0800
1.406,,P,1.357,,etfs,,0,0.0,9.0,,,,,0.0,,,CXT,7.313,SGD,,20261008_091600,1,,1.5,,,,,,,1.345,AmovaEFund ChiNext S$,-0.049,7.465,1.389,,,1.357,MAINBOARD,AmovaEFund ChiNext S$,1.389,,,-3.485,,,,1.350,1.347,10068.57,0.0,,2026-10-08 16:47:05,2026-10-09 00:47:05+0800
0.23,,P,0.23,,etfs,,0,0.0,9.0,,,,,0.0,,,CXO,0.0,USD,,20261008_091600,1,,0.8,,,,,,,0.199,AmovaEFund ChiNext US$,0.0,0.0,0.0,,,0.0,MAINBOARD,AmovaEFund ChiNext US$,0.0,,,0.0,,,,,0.202,0.0,0.0,,2026-10-08 16:47:05,2026-10-09 00:47:05+0800
0.016,,P,0.016,,stocks,,0,0.0,,,,,,0.0,,,AOF,0.0,SGD,,20261008_091600,100,M,60.0,,,,,,20260929,0.017,Amplefield Ltd,0.0,20.1,0.0,,,0.0,CATALIST,Amplefield Ltd,0.0,,,0.0,,,,0.020,0.0,0.0,,,2026-10-08 16:47:05,2026-10-09 00:47:05+0800
3.38,,S,3.38,,stocks,,0,0.0,,,,Developed,None,0.0,,HKEX,HKB,0.0,SGD,,20261008_091600,100,K,0.0,,,DC,,,20260825,,AMTD IDEA OV,0.0,1.3,0.0,,,0.0,MAINBOARD,AMTD IDEA OV,0.0,,,0.0,,,,3.080,0.0,0.0,,,2026-10-08 16:47:05,2026-10-09 00:47:05+0800
22.5,,P,22.5,,etfs,,0,0.0,9.0,,,,,0.0,,,H1N,0.0,USD,,20261008_091600,1,,10.0,,,X@,,,,21.550,Amundi EM Mkt Sw US$,0.0,10.0,0.0,,,0.0,MAINBOARD,Amundi EM Mkt Sw US$,0.0,,,0.0,,,,21.740,21.69,0.0,0.0,,2026-10-08 16:47:05,2026-10-09 00:47:05+0800
27.37,,P,27.37,,etfs,,0,0.0,9.0,,,,,0.0,,,G1N,0.0,USD,,20261008_091600,1,,0.002,,,X@,,,,26.620,Amundi MSIndia Sw US$,0.0,5.1,0.0,,,0.0,MAINBOARD,Amundi MSIndia Sw US$,0.0,,,0.0,,,,26.740,26.67,0.0,0.0,,2026-10-08 16:47:05,2026-10-09 00:47:05+0800
2.92,,P,2.92,0.0,dlcertificates,0.0,0,0.0,25.0,2026-12-04,,,,0.0,,,USQW,0.0,USD,,20261008_091600,100,,0.0,0.0,,@,,,,,AMZN 3xLongSG261204US$,0.0,0.0,0.0,,,0.0,MAINBOARD,AMZN 3xLongSG261204US$,0.0,,,0.0,,,,,2.396,0.0,3.0,,2026-10-08 16:47:05,2026-10-09 00:47:05+0800
1.28,,P,1.28,0.0,dlcertificates,0.0,0,0.0,26.0,2026-12-04,,,,0.0,,,USRW,0.0,USD,,20261008_091600,100,,0.0,0.0,,@,,,,,AMZN 3xShortSG261204US$,0.0,0.0,0.0,,,0.0,MAINBOARD,AMZN 3xShortSG261204US$,0.0,,,0.0,,,,,0.676,0.0,3.0,,2026-10-08 16:47:05,2026-10-09 00:47:05+0800
2.61,,P,2.61,0.0,dlcertificates,0.0,0,0.0,25.0,2028-07-26,,,,0.0,,,HWBW,0.0,SGD,,20261008_091600,100,,0.0,0.0,,@,,,,,AMZN 5xLongSG280726,0.0,0.0,0.0,,,0.0,MAINBOARD,AMZN 5xLongSG280726,0.0,,,0.0,,,,,2.496,0.0,5.0,,2026-10-08 16:47:05,2026-10-09 00:47:05+0800
4.99,,P,4.99,0.0,dlcertificates,0.0,0,0.0,26.0,2028-07-26,,,,0.0,,,VJGW,0.0,SGD,,20261008_091600,100,,0.0,0.0,,@,,,,,AMZN 5xShortSG280726,0.0,0.0,0.0,,,0.0,MAINBOARD,AMZN 5xShortSG280726,0.0,,,0.0,,,,,4.471,0.0,5.0,,2026-10-08 16:47:05,2026-10-09 00:47:05+0800
0.017,,P,0.017,,stocks,,0,0.0,,,,,,0.0,,,Y35,747.2,SGD,,20261008_091600,100,G,1558.5,,,,,,20261007,0.016,AnAn Intl,0.0,598.4,0.018,,,0.016,MAINBOARD,AnAn Intl,0.017,,,0.0,,,,0.018,0.0,12705.9,,,2026-10-08 16:47:05,2026-10-09 00:47:05+0800
0.3,,P,0.3,,stocks,,0,0.0,,,,,,0.0,,,BTX,0.0,SGD,,20261008_091600,100,C,1.9,,,,,,20261006,0.300,Anchun Intl,0.0,1.0,0.0,,,0.0,MAINBOARD,Anchun Intl,0.0,,,0.0,,,,0.340,0.0,0.0,,,2026-10-08 16:47:05,2026-10-09 00:47:05+0800
0.051,,P,0.051,,stocks,,0,0.0,,,,,,0.0,,,A52,20.0,SGD,,20261008_091600,100,G,10.0,,,,,,20261006,0.046,AnnAik,0.0,70.0,0.051,,,0.051,CATALIST,AnnAik,0.051,,,0.0,,,,0.051,0.0,1020.0,,,2026-10-08 16:47:05,2026-10-09 00:47:05+0800
0.013,,P,0.012,,stocks,,0,0.0,,,,,,0.0,,,JFQ,3006.0,SGD,,20261008_091600,100,C,1200.0,,,,,,20261007,0.011,AnnicaHoldings,-0.001,1447.6,0.012,,,0.012,CATALIST,AnnicaHoldings,0.012,,,-7.692,,,,0.012,0.0,36072.0,,,2026-10-08 16:47:05,2026-10-09 00:47:05+0800
0.169,,P,0.162,,stocks,,0,0.0,,,,,,0.0,,,1D4,11162.3,SGD,,20261008_091600,100,Q,272.2,,,,,,20261007,0.161,Aoxin Q & M,-0.007,0.2,0.169,,,0.16,CATALIST,Aoxin Q & M,0.169,,,-4.142,,,,0.162,0.0,1819328.1,,,2026-10-08 16:47:05,2026-10-09 00:47:05+0800
0.135,,P,0.125,,stocks,,0,0.0,,,,,,0.0,,,5AU,83.0,SGD,,20261008_091600,100,C,40.0,,,,,,20261005,0.121,AP Oil,-0.01,1.2,0.125,,,0.125,MAINBOARD,AP Oil,0.125,,,-7.407,,,,0.125,0.0,10375.0,,,2026-10-08 16:47:05,2026-10-09 00:47:05+0800
0.001,,P,0.001,,stocks,,0,0.0,,,,,,0.0,,,5RA,0.0,SGD,,20261008_091600,100,K,0.0,,,,,,20250910,,AP Strategic,0.0,0.0,0.0,SUSP,,0.0,CATALIST,AP Strategic,0.0,,,0.0,,,,,0.0,0.0,,,2026-10-08 16:47:05,2026-10-09 00:47:05+0800
0.52,,P,0.51,,stocks,,0,0.0,,,,,,0.0,,,CLN,47.7,SGD,,20261008_091600,100,L,3.5,,,,,,20261007,0.510,APAC Realty,-0.01,0.1,0.525,,,0.505,MAINBOARD,APAC Realty,0.525,,,-1.923,,,,0.515,0.0,24499.0,,,2026-10-08 16:47:05,2026-10-09 00:47:05+0800
5.3,,P,5.3,0.0,dlcertificates,0.0,0,0.0,25.0,2026-12-04,,,,0.0,,,IPTW,0.0,USD,,20261008_091600,100,,0.0,0.0,,@,,,,,APPLE 3xLongSG261204US$,0.0,0.0,0.0,,,0.0,MAINBOARD,APPLE 3xLongSG261204US$,0.0,,,0.0,,,,,4.875,0.0,3.0,,2026-10-08 16:47:05,2026-10-09 00:47:05+0800
0.55,,P,0.55,0.0,dlcertificates,0.0,0,0.0,26.0,2026-12-04,,,,0.0,,,IPUW,0.0,USD,,20261008_091600,100,,0.0,0.0,,@,,,,,APPLE 3xShortSG261204US$,0.0,0.0,0.0,,,0.0,MAINBOARD,APPLE 3xShortSG261204US$,0.0,,,0.0,,,,,0.579,0.0,3.0,,2026-10-08 16:47:05,2026-10-09 00:47:05+0800
5.58,,P,5.58,0.0,dlcertificates,0.0,0,0.0,25.0,2028-07-26,,,,0.0,,,FLIW,0.0,SGD,,20261008_091600,100,,0.0,0.0,,@,,,,,APPLE 5xLongSG280726,0.0,0.0,0.0,,,0.0,MAINBOARD,APPLE 5xLongSG280726,0.0,,,0.0,,,,,5.443,0.0,5.0,,2026-10-08 16:47:05,2026-10-09 00:47:05+0800
3.07,,P,3.07,0.0,dlcertificates,0.0,0,0.0,26.0,2028-07-26,,,,0.0,,,GDPW,0.0,SGD,,20261008_091600,100,,0.0,0.0,,@,,,,,APPLE 5xShortSG280726,0.0,0.0,0.0,,,0.0,MAINBOARD,APPLE 5xShortSG280726,0.0,,,0.0,,,,,2.191,0.0,5.0,,2026-10-08 16:47:05,2026-10-09 00:47:05+0800
0.175,,P,0.175,,stocks,,0,0.0,,,,,,0.0,,,AWG,0.0,SGD,,20261008_091600,100,C,1.0,,,,,,20261007,0.150,Ascent Bridge,0.0,1.8,0.0,,,0.0,MAINBOARD,Ascent Bridge,0.0,,,0.0,,,,0.175,0.0,0.0,,,2026-10-08 16:47:05,2026-10-09 00:47:05+0800
0.118,,P,0.118,,stocks,,0,0.0,,,,,,0.0,,,A55,0.0,SGD,,20261008_091600,100,C,10.0,,,,,,20261002,0.120,Asia Enterprises,0.0,30.0,0.0,,,0.0,MAINBOARD,Asia Enterprises,0.0,,,0.0,,,,0.130,0.0,0.0,,,2026-10-08 16:47:05,2026-10-09 00:47:05+0800
0.08,,P,0.08,,stocks,,0,0.0,,,,,,0.0,,,5RE,0.0,SGD,,20261008_091600,100,K,100.0,,,,,,20260930,0.013,Asia Vets,0.0,94.7,0.0,,,0.0,CATALIST,Asia Vets,0.0,,,0.0,,,,0.080,0.0,0.0,,,2026-10-08 16:47:05,2026-10-09 00:47:05+0800
0.02,,P,0.02,,stocks,,0,0.0,,,,,,0.0,,,505,0.0,SGD,,20261008_091600,100,Q,20.0,,,,,,20261006,0.018,AsiaMedic,0.0,832.9,0.0,,,0.0,CATALIST,AsiaMedic,0.0,,,0.0,,,,0.020,0.0,0.0,,,2026-10-08 16:47:05,2026-10-09 00:47:05+0800
0.004,,P,0.003,,stocks,,0,0.0,,,,,,0.0,,,585,0.7,SGD,,20261008_091600,100,G,13701.0,,,,,,20261007,0.002,Asian Micro,-0.001,10.0,0.004,,,0.003,CATALIST,Asian Micro,0.004,,,-25.0,,,,0.003,0.0,2.7,,,2026-10-08 16:47:05,2026-10-09 00:47:05+0800
0.076,,P,0.075,,businesstrusts,,0,0.0,,,,,,0.0,,,S7OU,0.3,SGD,,20261008_091600,100,J,1.8,,,,,,,0.075,Asian Pay Tv Tr,-0.001,74.0,0.076,,,0.075,MAINBOARD,Asian Pay Tv Tr,0.076,X,,-1.316,,,,0.076,0.0,22.6,,,2026-10-08 16:47:05,2026-10-09 00:47:05+0800
0.012,,P,0.011,,stocks,,0,0.0,,,,,,0.0,,,5WV,12913.1,SGD,,20261008_091600,100,B,8.1,,,,,,20261007,0.010,AsiaPhos,-0.001,3577.7,0.012,,,0.01,CATALIST,AsiaPhos,0.012,,,-8.333,,,,0.011,0.0,137032.2,,,2026-10-08 16:47:05,2026-10-09 00:47:05+0800
0.003,,P,0.003,,stocks,,0,0.0,,,,,,0.0,,,5CR,0.0,SGD,,20261008_091600,100,C,35349.0,,,,,,20261006,0.002,Asiatic,0.0,16284.2,0.0,,,0.0,CATALIST,Asiatic,0.0,,,0.0,,,,0.003,0.0,0.0,,,2026-10-08 16:47:05,2026-10-09 00:47:05+0800
0.26,,P,0.24,,stocks,,0,0.0,,,,,,0.0,,,A04,491.2,SGD,,20261008_091600,100,C,16.7,,,,,,20261007,0.240,ASL Marine,-0.02,53.9,0.255,,,0.24,MAINBOARD,ASL Marine,0.255,,,-7.692,,,CD,0.245,0.0,121343.0,,,2026-10-08 16:47:05,2026-10-09 00:47:05+0800
0.021,,P,0.019,,stocks,,0,0.0,,,,,,0.0,,,1F3,1.5,SGD,,20261008_091600,100,L,3798.5,,,,,,20261007,0.019,Aspen,-0.002,2.3,0.019,,,0.019,MAINBOARD,Aspen,0.019,,,-9.524,,,,0.021,0.0,28.5,,,2026-10-08 16:47:05,2026-10-09 00:47:05+0800
0.154,,P,0.152,,stocks,,0,0.0,,,,,,0.0,,,A30,241.8,SGD,,20261008_091600,100,G,1.5,,,,,,20261006,0.148,Aspial Corp,-0.002,265.8,0.155,,,0.148,MAINBOARD,Aspial Corp,0.15,,,-1.299,,,,0.154,0.0,35963.9,,,2026-10-08 16:47:05,2026-10-09 00:47:05+0800
0.335,,P,0.325,,stocks,,0,0.0,,,,,,0.0,,,5UF,2870.1,SGD,,20261008_091600,100,G,50.0,,,,,,20261007,0.320,Aspial Lifestyle,-0.01,352.1,0.34,,,0.31,MAINBOARD,Aspial Lifestyle,0.335,,,-2.985,,,,0.325,0.0,928582.0,,,2026-10-08 16:47:05,2026-10-09 00:47:05+0800
0.043,,P,0.043,,stocks,,0,0.0,,,,,,0.0,,,RCU,0.0,SGD,,20261008_091600,100,K,0.6,,,,,,20261005,0.043,Assurance HC,0.0,5.0,0.0,,,0.0,CATALIST,Assurance HC,0.0,,,0.0,,,,0.050,0.0,0.0,,,2026-10-08 16:47:05,2026-10-09 00:47:05+0800
0.153,,P,0.13,,stocks,,0,0.0,,,,,,0.0,,,9SY,0.2,SGD,,20261008_091600,100,L,0.4,,,,,,20261006,0.130,Astaka Hldgs,-0.023,0.2,0.13,,,0.123,CATALIST,Astaka Hldgs,0.123,,,-15.033,,,,0.159,0.0,25.3,,,2026-10-08 16:47:05,2026-10-09 00:47:05+0800
0.105,,P,0.1,,stocks,,0,0.0,,,,,,0.0,,,575,4722.5,SGD,,20261008_091600,100,C,250.0,,,,,,20261007,0.099,ASTI,-0.005,46.4,0.105,,,0.098,MAINBOARD,ASTI,0.105,,,-4.762,,,,0.100,0.0,478090.5,,,2026-10-08 16:47:05,2026-10-09 00:47:05+0800
1.022,101.8,P,1.018,,retailbonds,,0,0.0,2.0,,,,,0.0,,,V7AB,80.0,SGD,,20261008_085908,1000,,40.0,,,,100.24,,,1.017,Astrea7A1 4.125%320527#,-0.004,100.0,1.018,,,1.017,MAINBOARD,Astrea7A1 4.125%320527#,1.018,X,,-0.391,1.56,,,1.030,0.0,81390.0,0.0,1791388800000.0,2026-10-08 16:47:05,2026-10-09 00:47:05+0800
1.028,102.8,P,1.028,,retailbonds,,0,0.0,2.0,,,,,0.0,,,V7BB,0.0,USD,,20261008_032227,1000,,17.0,,,,100.55,,,1.021,Astrea7B 6%320527#,0.0,5.0,0.0,,,0.0,MAINBOARD,Astrea7B 6%320527#,0.0,X,,0.0,2.25,,,1.029,0.0,0.0,0.0,1791388800000.0,2026-10-08 16:47:05,2026-10-09 00:47:05+0800
1.047,104.5,P,1.045,,retailbonds,,0,0.0,2.0,,,,,0.0,,,Z1AB,9.0,SGD,,20261008_075900,1000,,6.0,,,,103.487,,,1.046,Astrea8A1 4.35%390719#,-0.002,6.0,1.045,,,1.045,MAINBOARD,Astrea8A1 4.35%390719#,1.045,X,,-0.191,1.013,,,1.049,0.0,9405.0,0.0,1791388800000.0,2026-10-08 16:47:05,2026-10-09 00:47:05+0800
1.04,104.0,P,1.04,,retailbonds,,0,0.0,2.0,,,,,0.0,,,Z2AB,7.0,USD,,20261008_091451,1000,,4.0,,,,102.536,,,1.040,Astrea8A2 6.35%390719#,0.0,5.0,1.048,,,1.04,MAINBOARD,Astrea8A2 6.35%390719#,1.048,X,,0.0,1.464,,,1.045,0.0,7320.0,0.0,1791388800000.0,2026-10-08 16:47:05,2026-10-09 00:47:05+0800
1.017,101.6,P,1.016,,retailbonds,,0,0.0,2.0,,,,,0.0,,,YA1B,64.0,SGD,,20261008_083057,1000,,5.0,,,,100.995,,,1.016,Astrea9A1 3.4%400808#,-0.001,4.0,1.018,,,1.015,MAINBOARD,Astrea9A1 3.4%400808#,1.018,X,,-0.098,0.605,,,1.018,0.0,65027.0,0.0,1791388800000.0,2026-10-08 16:47:05,2026-10-09 00:47:05+0800
1.025,102.5,P,1.025,,retailbonds,,0,0.0,2.0,,,,,0.0,,,YA2B,0.0,USD,,20261008_034450,1000,,20.0,,,,101.487,,,1.018,Astrea9A2 5.7%400808#,0.0,260.0,0.0,,,0.0,MAINBOARD,Astrea9A2 5.7%400808#,0.0,X,,0.0,1.013,,,1.025,0.0,0.0,0.0,1791388800000.0,2026-10-08 16:47:05,2026-10-09 00:47:05+0800
0.089,,P,0.089,,stocks,,0,0.0,,,,,,0.0,,,5UL,0.0,SGD,,20261008_091600,100,B,15.0,,,,,,20261005,0.081,Atlantic Nav,0.0,41.0,0.0,,,0.0,CATALIST,Atlantic Nav,0.0,,,0.0,,,,0.089,0.0,0.0,,,2026-10-08 16:47:05,2026-10-09 00:47:05+0800
0.215,,P,0.215,,stocks,,0,0.0,,,,,,0.0,,,53W,0.0,SGD,,20261008_091600,100,M,10.0,,,,,,20261005,0.189,Attika Group,0.0,416.9,0.0,,,0.0,CATALIST,Attika Group,0.0,,,0.0,,,,0.215,0.0,0.0,,,2026-10-08 16:47:05,2026-10-09 00:47:05+0800
0.245,,P,0.25,,stocks,,0,0.0,,,,,,0.0,,,1AZ,0.2,SGD,,20261008_091600,100,J,5.0,,,,,,20260930,0.245,Audience,0.005,14.8,0.25,,,0.25,CATALIST,Audience,0.25,,,2.041,,,,0.250,0.0,50.0,,,2026-10-08 16:47:05,2026-10-09 00:47:05+0800
0.009,,P,0.009,,stocks,,0,0.0,,,,,,0.0,,,5GJ,0.0,SGD,,20261008_091600,100,C,0.0,,,,,,20221104,,AusGroup,0.0,0.0,0.0,SUSP,,0.0,MAINBOARD,AusGroup,0.0,,,0.0,,,,,0.0,0.0,,,2026-10-08 16:47:05,2026-10-09 00:47:05+0800
0.005,,P,0.004,,stocks,,0,0.0,,,,,,0.0,,,WNH,1500.0,SGD,,20261008_091600,100,I,4950.0,,,,,,20261007,0.004,Autagco Ltd,-0.001,29730.5,0.004,,,0.004,CATALIST,Autagco Ltd,0.004,,,-20.0,,,,0.005,0.0,6000.0,,,2026-10-08 16:47:05,2026-10-09 00:47:05+0800
2.69,,P,2.69,,stocks,,0,0.0,,,,,,0.0,,,X5N,0.0,SGD,,20261008_091600,100,C,0.0,,,,,,20260907,,Avarga Ltd,0.0,0.0,0.0,SUSP,,0.0,MAINBOARD,Avarga Ltd,0.0,,,0.0,,,,,0.0,0.0,,,2026-10-08 16:47:05,2026-10-09 00:47:05+0800
18.75,,S,18.22,,stocks,,0,0.0,,,,Developed,None,0.0,,Nasdaq,AVP,7.97,SGD,,20261008_091600,10,J,0.0,,,,,,20261007,,AvePoint,-0.53,0.03,18.28,,,18.14,MAINBOARD,AvePoint,18.14,,,-2.827,,,,18.220,0.0,144999.9,,,2026-10-08 16:47:05,2026-10-09 00:47:05+0800
2.67,,P,2.67,0.0,dlcertificates,0.0,0,0.0,25.0,2028-04-20,,,,0.0,,,Z8TW,0.0,SGD,,20261008_091600,100,,0.0,0.0,,@,,,,,AVGO 3xLongSG280420,0.0,0.0,0.0,,,0.0,MAINBOARD,AVGO 3xLongSG280420,0.0,,,0.0,,,,,2.619,0.0,3.0,,2026-10-08 16:47:05,2026-10-09 00:47:05+0800
1.11,,P,1.11,0.0,dlcertificates,0.0,0,0.0,26.0,2028-04-20,,,,0.0,,,9FOW,0.0,SGD,,20261008_091600,100,,0.0,0.0,,@,,,,,AVGO 3xShortSG280420,0.0,0.0,0.0,,,0.0,MAINBOARD,AVGO 3xShortSG280420,0.0,,,0.0,,,,,0.907,0.0,3.0,,2026-10-08 16:47:05,2026-10-09 00:47:05+0800
0.187,,P,0.187,,stocks,,0,0.0,,,,,,0.0,,,1R6,0.1,SGD,,20261008_091600,100,K,7.0,,,,,,20261007,0.182,Avi-Tech Hldg,0.0,15.0,0.187,,,0.187,MAINBOARD,Avi-Tech Hldg,0.187,,,0.0,,,,0.187,0.0,18.7,,,2026-10-08 16:47:05,2026-10-09 00:47:05+0800
9.95,,P,10.1,,stocks,,0,0.0,,,,,,0.0,,,BBW,0.3,SGD,,20261008_091600,100,J,0.1,,,,,,20261007,10.100,Azeus,0.15,1.6,10.1,,,9.95,MAINBOARD,Azeus,9.95,,,1.508,,,CD,10.150,0.0,3015.0,,,2026-10-08 16:47:05,2026-10-09 00:47:05+0800
0.515,,P,0.5,,stocks,,0,0.0,,,,,,0.0,,,8AZ,1134.7,SGD,,20261008_091600,100,C,405.7,,,,,,20261007,0.500,Aztech Gbl,-0.015,60.9,0.515,,,0.5,MAINBOARD,Aztech Gbl,0.51,,,-2.913,,,,0.510,0.0,575094.5,,,2026-10-08 16:47:05,2026-10-09 00:47:05+0800
0.004,,P,0.004,,stocks,,0,0.0,,,,,,0.0,,,9QX,0.0,SGD,,20261008_091600,100,K,12513.2,,,,,,20261002,0.003,B Wilshire Ltd,0.0,2746.3,0.0,,,0.0,CATALIST,B Wilshire Ltd,0.0,,,0.0,,,,0.004,0.0,0.0,,,2026-10-08 16:47:05,2026-10-09 00:47:05+0800
2.5,,P,2.5,,stocks,,0,0.0,,,,,,0.0,,,CJN,0.0,SGD,,20261008_091600,100,S,0.0,,,,,,20260925,,B&M Hldg,0.0,0.0,0.0,,,0.0,MAINBOARD,B&M Hldg,0.0,,,0.0,,,,,0.0,0.0,,,2026-10-08 16:47:05,2026-10-09 00:47:05+0800
0.002,,P,0.002,,stocks,,0,0.0,,,,,,0.0,,,YYB,0.0,SGD,,20261008_091600,100,K,140815.1,,,,,,20260930,0.001,BACUI TECH,0.0,9650.3,0.0,,,0.0,CATALIST,BACUI TECH,0.0,,,0.0,,,,0.002,0.0,0.0,,,2026-10-08 16:47:05,2026-10-09 00:47:05+0800
0.032,,P,0.021,0.0,dlcertificates,0.0,0,0.0,25.0,2026-10-27,,,,0.0,,,JVWW,40.0,SGD,,20261008_091600,100,,0.0,0.0,,@,,,,,Baidu 5xLongSG261027,-0.002,0.0,0.021,,,0.021,MAINBOARD,Baidu 5xLongSG261027,0.021,,,-8.696,,,,,0.023,840.0,5.0,,2026-10-08 16:47:05,2026-10-09 00:47:05+0800
0.011,,P,0.011,0.0,dlcertificates,0.0,0,0.0,25.0,2028-01-20,,,,0.0,,,RZGW,0.0,SGD,,20261008_091600,100,,50.0,0.0,,@,,,,0.006,Baidu 5xLongSG280120,0.0,0.0,0.0,,,0.0,MAINBOARD,Baidu 5xLongSG280120,0.0,,,0.0,,,,,0.008,0.0,5.0,,2026-10-08 16:47:05,2026-10-09 00:47:05+0800
0.097,,P,0.083,0.0,dlcertificates,0.0,0,0.0,25.0,2028-06-22,,,,0.0,,,HVYW,10.0,SGD,,20261008_091600,100,,0.0,0.0,,@,,,,,Baidu 5xLongSG280622,-0.003,0.0,0.083,,,0.083,MAINBOARD,Baidu 5xLongSG280622,0.083,,,-3.488,,,,,0.086,830.0,5.0,,2026-10-08 16:47:05,2026-10-09 00:47:05+0800
0.033,,P,0.033,0.0,dlcertificates,0.0,0,0.0,25.0,2027-06-30,,,,0.0,,,XGZW,0.0,SGD,,20261008_091600,100,,20.0,0.0,,@,,,,0.020,Baidu 5xLongUB270630,0.0,0.0,0.0,,,0.0,MAINBOARD,Baidu 5xLongUB270630,0.0,,,0.0,,,,,0.029,0.0,5.0,,2026-10-08 16:47:05,2026-10-09 00:47:05+0800
0.007,,P,0.007,0.0,dlcertificates,0.0,0,0.0,26.0,2026-12-23,,,,0.0,,,WC5W,0.0,SGD,,20261008_091600,100,,0.0,0.0,,@,,,,,Baidu 5xShortSG261223,0.0,0.0,0.0,,,0.0,MAINBOARD,Baidu 5xShortSG261223,0.0,,,0.0,,,,,0.004,0.0,5.0,,2026-10-08 16:47:05,2026-10-09 00:47:05+0800
0.365,,P,0.365,0.0,dlcertificates,0.0,0,0.0,26.0,2027-09-30,,,,0.0,,,V2UW,0.0,SGD,,20261008_091600,100,,0.0,0.0,,@,,,,,Baidu 5xShortSG270930,0.0,0.0,0.0,,,0.0,MAINBOARD,Baidu 5xShortSG270930,0.0,,,0.0,,,,,0.316,0.0,5.0,,2026-10-08 16:47:05,2026-10-09 00:47:05+0800
0.003,,P,0.003,0.0,dlcertificates,0.0,0,0.0,26.0,2027-06-30,,,,0.0,,,WPWW,0.0,SGD,,20261008_091600,100,,0.0,0.0,,@,,,,,Baidu 5xShortUB270630,0.0,0.0,0.0,,,0.0,MAINBOARD,Baidu 5xShortUB270630,0.0,,,0.0,,,,,0.004,0.0,5.0,,2026-10-08 16:47:05,2026-10-09 00:47:05+0800
0.785,,P,0.785,0.0,dlcertificates,0.0,0,0.0,26.0,2027-11-26,,,,0.0,,,RTNW,0.0,SGD,,20261008_091600,100,,0.0,0.0,,@,,,,,Baidu 5xShortUB271126,0.0,0.0,0.0,,,0.0,MAINBOARD,Baidu 5xShortUB271126,0.0,,,0.0,,,,,0.945,0.0,5.0,,2026-10-08 16:47:05,2026-10-09 00:47:05+0800
1.38,,P,1.34,,adrs,,0,0.0,13.0,,,,,0.0,,,HBUD,200.4,SGD,,20261008_090000,100,J,11.3,,,,,,,1.330,Baidu HK SDR 10to1,-0.04,0.4,1.36,,,1.34,GLOBAL_QUOTE,Baidu HK SDR 10to1,1.36,X,,-2.899,,,,1.400,0.0,270110.0,0.0,,2026-10-08 16:47:05,2026-10-09 00:47:05+0800
0.43,,P,0.425,,stocks,,0,0.0,,,,,,0.0,,,BTP,44.2,SGD,,20261008_091600,100,C,18.2,,,,,,20261007,0.420,Baker Technology,-0.005,5.9,0.425,,,0.42,MAINBOARD,Baker Technology,0.425,,,-1.163,,,,0.425,0.0,18760.0,,,2026-10-08 16:47:05,2026-10-09 00:47:05+0800
0.98,,P,0.985,,adrs,,0,0.0,13.0,,,,,0.0,,,HBND,779.8,SGD,,20261008_090000,100,K,2.0,,,,,,,0.960,Bank of CN HK SDR 1to1,0.005,15.5,0.995,,,0.975,GLOBAL_QUOTE,Bank of CN HK SDR 1to1,0.98,X,,0.51,,,,0.985,0.0,769014.0,0.0,,2026-10-08 16:47:05,2026-10-09 00:47:05+0800
0.475,,P,0.475,,stocks,,0,0.0,,,,,,0.0,,,B58,40.3,SGD,,20261008_091600,100,I,6.0,,,,,,20261007,0.475,Banyan Tree,0.0,113.7,0.48,,,0.475,MAINBOARD,Banyan Tree,0.475,,,0.0,,,,0.480,0.0,19267.5,,,2026-10-08 16:47:05,2026-10-09 00:47:05+0800
0.875,,P,0.88,,adrs,,0,0.0,13.0,,,,,0.0,,,IBKD,335.8,SGD,,20261008_085131,100,K,11.5,,,,,,,0.870,BBCA ID SDR 1to2,0.005,0.0,0.88,,,0.88,GLOBAL_QUOTE,BBCA ID SDR 1to2,0.88,X,,0.571,,,,,0.0,295504.0,0.0,,2026-10-08 16:47:05,2026-10-09 00:47:05+0800
0.22,,P,0.21,,stocks,,0,0.0,,,,,,0.0,,,KJ5,441.9,SGD,,20261008_091600,100,F,22.4,,,,,,20261006,0.205,BBR,-0.01,20.0,0.215,,,0.205,MAINBOARD,BBR,0.215,,,-4.545,,,,0.210,0.0,93711.0,,,2026-10-08 16:47:05,2026-10-09 00:47:05+0800
1.45,,P,1.45,,adrs,,0,0.0,13.0,,,,,0.0,,,TBDD,0.0,SGD,,20261008_085930,100,Q,3.0,,,,,,,1.260,BDMS TH SDR 1to2,0.0,13.0,0.0,,,0.0,GLOBAL_QUOTE,BDMS TH SDR 1to2,0.0,X,,0.0,,,,1.840,0.0,0.0,0.0,,2026-10-08 16:47:05,2026-10-09 00:47:05+0800
0.37,,P,0.36,,stocks,,0,0.0,,,,,,0.0,,,BEZ,520.8,SGD,,20261008_091600,100,C,205.4,,,,,,20261007,0.360,Beng Kuang,-0.01,84.6,0.37,,,0.36,MAINBOARD,Beng Kuang,0.37,,,-2.703,,,,0.365,0.0,189635.5,,,2026-10-08 16:47:05,2026-10-09 00:47:05+0800
0.137,,P,0.137,,companywarrants,,0,0.0,8.0,,,,,0.0,,,Z3RW,3.7,SGD,,20261008_091600,100,,35.2,,,,,,,0.121,Beng Kuang W270904,0.0,10.0,0.137,,,0.137,MAINBOARD,Beng Kuang W270904,0.137,X,,0.0,,,,0.300,0.0,506.9,0.0,,2026-10-08 16:47:05,2026-10-09 00:47:05+0800
0.085,,P,0.085,,stocks,,0,0.0,,,,,,0.0,,,BQN,0.2,SGD,,20261008_091600,100,G,3.0,,,,,,20261007,0.074,BH Global,0.0,13.8,0.085,,,0.085,MAINBOARD,BH Global,0.085,,,0.0,,,,0.085,0.0,17.0,,,2026-10-08 16:47:05,2026-10-09 00:47:05+0800
0.45,,P,0.45,,reits,,0,0.0,,,,,,0.0,,,BMGU,0.0,SGD,,20261008_091600,100,L,10.0,,,,,,,0.400,BHG Retail Reit,0.0,24.9,0.0,,,0.0,MAINBOARD,BHG Retail Reit,0.0,X,,0.0,,,,0.440,0.0,0.0,,,2026-10-08 16:47:05,2026-10-09 00:47:05+0800
0.002,,P,0.002,0.0,dlcertificates,0.0,0,0.0,25.0,2027-02-16,,,,0.0,,,ODJW,0.0,SGD,,20261008_091600,100,,0.0,0.0,,@,,,,,Bilibili 5xLongSG270216,0.0,0.0,0.0,,,0.0,MAINBOARD,Bilibili 5xLongSG270216,0.0,,,0.0,,,,,0.001,0.0,5.0,,2026-10-08 16:47:05,2026-10-09 00:47:05+0800
0.027,,P,0.027,0.0,dlcertificates,0.0,0,0.0,25.0,2028-03-16,,,,0.0,,,VLMW,0.0,SGD,,20261008_091600,100,,0.0,0.0,,@,,,,,Bilibili 5xLongSG280316,0.0,0.0,0.0,,,0.0,MAINBOARD,Bilibili 5xLongSG280316,0.0,,,0.0,,,,,0.029,0.0,5.0,,2026-10-08 16:47:05,2026-10-09 00:47:05+0800
0.98,,P,0.98,0.0,dlcertificates,0.0,0,0.0,25.0,2028-09-11,,,,0.0,,,NITW,0.0,SGD,,20261008_091600,100,,0.0,0.0,,@,,,,,Bilibili 5xLongSG280911,0.0,0.0,0.0,,,0.0,MAINBOARD,Bilibili 5xLongSG280911,0.0,,,0.0,,,,,0.985,0.0,5.0,,2026-10-08 16:47:05,2026-10-09 00:47:05+0800
0.092,,P,0.092,0.0,dlcertificates,0.0,0,0.0,26.0,2027-01-27,,,,0.0,,,9JPW,0.0,SGD,,20261008_091600,100,,0.0,0.0,,@,,,,,Bilibili 5xShortSG270127,0.0,0.0,0.0,,,0.0,MAINBOARD,Bilibili 5xShortSG270127,0.0,,,0.0,,,,,0.081,0.0,5.0,,2026-10-08 16:47:05,2026-10-09 00:47:05+0800
6.07,,P,6.54,0.0,dlcertificates,0.0,0,0.0,26.0,2028-01-20,,,,0.0,,,UQAW,0.8,SGD,,20261008_091600,100,,0.0,0.0,,@,,,,,Bilibili 5xShortSG280120,0.561,0.0,6.58,,,6.34,MAINBOARD,Bilibili 5xShortSG280120,6.34,,,9.383,,,,,5.979,5212.0,5.0,,2026-10-08 16:47:05,2026-10-09 00:47:05+0800
0.003,,P,0.003,,stocks,,0,0.0,,,,,,0.0,,,41H,0.0,SGD,,20261008_091600,100,K,0.0,,,,,,20230613,,BlackGoldNatural,0.0,0.0,0.0,SUSP,,0.0,CATALIST,BlackGoldNatural,0.0,,,0.0,,,,,0.0,0.0,,,2026-10-08 16:47:05,2026-10-09 00:47:05+0800
0.035,,P,0.035,,stocks,,0,0.0,,,,,,0.0,,,5VI,0.0,SGD,,20261008_091600,100,F,0.0,,,,,,20230112,,Boldtek,0.0,0.0,0.0,SUSP,,0.0,CATALIST,Boldtek,0.0,,,0.0,,,,,0.0,0.0,,,2026-10-08 16:47:05,2026-10-09 00:47:05+0800
0.935,,P,0.935,,stocks,,0,0.0,,,,,,0.0,,,B28,0.0,SGD,,20261008_091600,100,L,0.5,,,,,,20261006,0.930,Bonvests,0.0,10.0,0.0,,,0.0,MAINBOARD,Bonvests,0.0,,,0.0,,,,0.985,0.0,0.0,,,2026-10-08 16:47:05,2026-10-09 00:47:05+0800
1.78,,P,1.76,,stocks,,0,0.0,,,,,,0.0,,,F9D,1113.1,SGD,,20261008_091600,100,M,28.5,,,,,,20261007,1.750,Boustead,-0.02,33.7,1.79,,,1.73,MAINBOARD,Boustead,1.78,,,-1.124,,,,1.760,0.0,1949849.0,,,2026-10-08 16:47:05,2026-10-09 00:47:05+0800
4.26,,P,4.09,,stocks,,0,0.0,,,,,,0.0,,,BEC,203.1,SGD,,20261008_091600,100,C,2.4,,,,,,20261007,4.090,BRC Asia,-0.17,44.7,4.26,,,4.06,MAINBOARD,BRC Asia,4.26,,,-3.991,,,CD,4.110,0.0,835029.0,,,2026-10-08 16:47:05,2026-10-09 00:47:05+0800
0.093,,P,0.093,,stocks,,0,0.0,,,,,,0.0,,,9I7,0.0,SGD,,20261008_091600,100,I,23.4,,,,,,20261006,0.096,Bromat,0.0,3.0,0.0,,,0.0,CATALIST,Bromat,0.0,,,0.0,,,,0.112,0.0,0.0,,,2026-10-08 16:47:05,2026-10-09 00:47:05+0800
0.57,,P,0.57,,stocks,,0,0.0,,,,,,0.0,,,AWC,5.2,SGD,,20261008_091600,100,C,1.9,,,,,,20261006,0.570,Brook Crompton,0.0,0.1,0.57,,,0.57,MAINBOARD,Brook Crompton,0.57,,,0.0,,,,0.595,0.0,2964.0,,,2026-10-08 16:47:05,2026-10-09 00:47:05+0800
4.39,,P,4.35,,stocks,,0,0.0,,,,,,0.0,,,B61,152.1,SGD,,20261008_091600,100,L,3.0,,,,,,20261007,4.330,Bukit Sembawang,-0.04,20.5,4.4,,,4.32,MAINBOARD,Bukit Sembawang,4.4,,,-0.911,,,,4.350,0.0,660742.0,,,2026-10-08 16:47:05,2026-10-09 00:47:05+0800
2.07,,P,1.93,,stocks,,0,0.0,,,,,,0.0,,,P8Z,3193.4,SGD,,20261008_091600,100,A,9.7,,,,,,20261007,1.930,Bumitama Agri,-0.14,7.6,2.08,,,1.91,MAINBOARD,Bumitama Agri,2.07,,,-6.763,,,,1.940,0.0,6189415.0,,,2026-10-08 16:47:05,2026-10-09 00:47:05+0800
0.37,,P,0.37,,stocks,,0,0.0,,,,,,0.0,,,BTE,0.0,SGD,,20261008_091600,100,L,15.3,,,,,,20261006,0.355,Bund Center,0.0,0.8,0.0,,,0.0,MAINBOARD,Bund Center,0.0,,,0.0,,,,0.395,0.0,0.0,,,2026-10-08 16:47:05,2026-10-09 00:47:05+0800
0.34,,P,0.34,0.0,dlcertificates,0.0,0,0.0,25.0,2027-11-25,,,,0.0,,,W3QW,0.0,SGD,,20261008_091600,100,,0.0,0.0,,@,,,,,BYD 3xLongSG271125,0.0,0.0,0.0,,,0.0,MAINBOARD,BYD 3xLongSG271125,0.0,,,0.0,,,,,0.336,0.0,3.0,,2026-10-08 16:47:05,2026-10-09 00:47:05+0800
8.52,,P,8.52,0.0,dlcertificates,0.0,0,0.0,26.0,2027-11-25,,,,0.0,,,REGW,0.0,SGD,,20261008_091600,100,,0.0,0.0,,@,,,,,BYD 3xShortSG271125,0.0,0.0,0.0,,,0.0,MAINBOARD,BYD 3xShortSG271125,0.0,,,0.0,,,,,8.521,0.0,3.0,,2026-10-08 16:47:05,2026-10-09 00:47:05+0800
0.034,,P,0.034,0.0,dlcertificates,0.0,0,0.0,25.0,2027-09-07,,,,0.0,,,UMEW,0.0,SGD,,20261008_091600,100,,0.0,0.0,,@,,,,,BYD 5xLongSG270907,0.0,0.0,0.0,,,0.0,MAINBOARD,BYD 5xLongSG270907,0.0,,,0.0,,,,,0.033,0.0,5.0,,2026-10-08 16:47:05,2026-10-09 00:47:05+0800
0.73,,P,0.73,0.0,dlcertificates,0.0,0,0.0,25.0,2028-09-11,,,,0.0,,,JDMW,0.0,SGD,,20261008_091600,100,,0.0,0.0,,@,,,,,BYD 5xLongSG280911,0.0,0.0,0.0,,,0.0,MAINBOARD,BYD 5xLongSG280911,0.0,,,0.0,,,,,0.701,0.0,5.0,,2026-10-08 16:47:05,2026-10-09 00:47:05+0800
0.023,,P,0.023,0.0,dlcertificates,0.0,0,0.0,25.0,2027-08-31,,,,0.0,,,JGCW,0.0,SGD,,20261008_091600,100,,1.0,0.0,,@,,,,0.020,BYD 5xLongUB270831,0.0,0.0,0.0,,,0.0,MAINBOARD,BYD 5xLongUB270831,0.0,,,0.0,,,,,0.023,0.0,5.0,,2026-10-08 16:47:05,2026-10-09 00:47:05+0800
0.007,,P,0.007,0.0,dlcertificates,0.0,0,0.0,26.0,2026-12-17,,,,0.0,,,RDSW,0.0,SGD,,20261008_091600,100,,0.0,0.0,,@,,,,,BYD 5xShortSG261217,0.0,0.0,0.0,,,0.0,MAINBOARD,BYD 5xShortSG261217,0.0,,,0.0,,,,,0.008,0.0,5.0,,2026-10-08 16:47:05,2026-10-09 00:47:05+0800
0.23,,P,0.23,0.0,dlcertificates,0.0,0,0.0,26.0,2027-03-31,,,,0.0,,,5C3W,0.0,SGD,,20261008_091600,100,,0.0,0.0,,@,,,,,BYD 5xShortSG270331,0.0,0.0,0.0,,,0.0,MAINBOARD,BYD 5xShortSG270331,0.0,,,0.0,,,,,0.227,0.0,5.0,,2026-10-08 16:47:05,2026-10-09 00:47:05+0800
1.2,,P,1.21,,adrs,,0,0.0,13.0,,,,,0.0,,,HYDD,118.5,SGD,,20261008_090713,100,C,29.9,,,,,,,1.200,BYD HK SDR 10to1,0.01,3.5,1.22,,,1.19,GLOBAL_QUOTE,BYD HK SDR 10to1,1.2,X,,0.833,,,,1.250,0.0,142875.0,0.0,,2026-10-08 16:47:05,2026-10-09 00:47:05+0800
0.016,,P,0.016,,structuredwarrants,,0,0.0,16.0,2027-01-05,,,,101.0,,,OPCW,0.0,SGD,,20261008_091600,100,,0.0,,,@,,,,,BYD MB eCW270105,0.0,0.0,0.0,,,0.0,MAINBOARD,BYD MB eCW270105,0.0,X,30:1,0.0,,,,,0.0,0.0,0.0,,2026-10-08 16:47:05,2026-10-09 00:47:05+0800
0.017,,P,0.017,0.0,dlcertificates,0.0,0,0.0,25.0,2027-09-14,,,,0.0,,,9IMW,0.0,SGD,,20261008_091600,100,,0.0,0.0,,@,,,,,BYDElec 5xLongSG270914,0.0,0.0,0.0,,,0.0,MAINBOARD,BYDElec 5xLongSG270914,0.0,,,0.0,,,,,0.007,0.0,5.0,,2026-10-08 16:47:05,2026-10-09 00:47:05+0800
0.705,,P,0.705,0.0,dlcertificates,0.0,0,0.0,25.0,2027-12-09,,,,0.0,,,FGVW,0.0,SGD,,20261008_091600,100,,0.0,0.0,,@,,,,,BYDElec 5xLongSG271209,0.0,0.0,0.0,,,0.0,MAINBOARD,BYDElec 5xLongSG271209,0.0,,,0.0,,,,,0.678,0.0,5.0,,2026-10-08 16:47:05,2026-10-09 00:47:05+0800
0.012,,P,0.012,0.0,dlcertificates,0.0,0,0.0,25.0,2027-08-31,,,,0.0,,,QHXW,0.0,SGD,,20261008_091600,100,,0.0,0.0,,@,,,,,BYDElec 5xLongUB270831,0.0,0.0,0.0,,,0.0,MAINBOARD,BYDElec 5xLongUB270831,0.0,,,0.0,,,,,0.008,0.0,5.0,,2026-10-08 16:47:05,2026-10-09 00:47:05+0800
0.1,,P,0.1,,stocks,,0,0.0,,,,,,0.0,,,BAC,0.0,SGD,,20261008_091600,100,G,0.0,,,,,,20260923,,Camsing Hc,0.0,37.3,0.0,,,0.0,MAINBOARD,Camsing Hc,0.0,,,0.0,,,,0.110,0.0,0.0,,,2026-10-08 16:47:05,2026-10-09 00:47:05+0800
0.002,,P,0.002,,stocks,,0,0.0,,,,,,0.0,,,594,120219.8,SGD,,20261008_091600,100,B,44770.6,,,,,,20261007,0.001,CapAllianz,0.0,596087.3,0.002,,,0.001,CATALIST,CapAllianz,0.001,,,0.0,,,,0.002,0.0,122239.6,,,2026-10-08 16:47:05,2026-10-09 00:47:05+0800
0.22,,P,0.225,0.0,dlcertificates,0.0,0,0.0,25.0,2028-07-25,,,,0.0,,,Z5WW,5.0,SGD,,20261008_091600,100,,0.0,0.0,,@,,,,,CapInv 5xLongSG280725,-0.002,0.0,0.225,,,0.225,MAINBOARD,CapInv 5xLongSG280725,0.225,,,-0.881,,,,,0.227,1125.0,5.0,,2026-10-08 16:47:05,2026-10-09 00:47:05+0800
0.24,,P,0.24,0.0,dlcertificates,0.0,0,0.0,25.0,2027-06-30,,,,0.0,,,FVGW,0.0,SGD,,20261008_091600,100,,0.0,0.0,,@,,,,,CapInv 5xLongUB270630,0.0,0.0,0.0,,,0.0,MAINBOARD,CapInv 5xLongUB270630,0.0,,,0.0,,,,,0.254,0.0,5.0,,2026-10-08 16:47:05,2026-10-09 00:47:05+0800
0.27,,P,0.28,0.0,dlcertificates,0.0,0,0.0,26.0,2027-06-23,,,,0.0,,,ZC8W,10.0,SGD,,20261008_091600,100,,0.0,0.0,,@,,,,,CapInv 5xShortSG270623,0.025,0.0,0.28,,,0.28,MAINBOARD,CapInv 5xShortSG270623,0.28,,,9.804,,,,,0.255,2800.0,5.0,,2026-10-08 16:47:05,2026-10-09 00:47:05+0800
0.001,,P,0.001,,stocks,,0,0.0,,,,,,0.0,,,1D5,0.0,SGD,,20261008_091600,100,L,0.0,,,,,,20261007,,Capital World,0.0,125613.5,0.0,,,0.0,CATALIST,Capital World,0.0,,,0.0,,,,0.001,0.0,0.0,,,2026-10-08 16:47:05,2026-10-09 00:47:05+0800
2.49,,P,2.46,,stocks,,0,0.0,,,,,,0.0,,,9CI,9018.7,SGD,,20261008_091600,100,K,147.6,,,,,,20261007,2.450,CapitaLandInvest,-0.03,285.1,2.52,,,2.44,MAINBOARD,CapitaLandInvest,2.51,,,-1.205,,,,2.460,0.0,22266241.0,,,2026-10-08 16:47:05,2026-10-09 00:47:05+0800
0.007,,P,0.007,,structuredwarrants,,0,0.0,16.0,2027-02-26,,,,3.1,,,NSJW,0.0,SGD,,20261008_091600,100,,0.0,,,@,,,,,CapitalandInvMBeCW270226,0.0,0.0,0.0,,,0.0,MAINBOARD,CapitalandInvMBeCW270226,0.0,X,12:1,0.0,,,,,0.0,0.0,0.0,,2026-10-08 16:47:05,2026-10-09 00:47:05+0800
2.21,,P,2.2,,reits,,0,0.0,,,,,,0.0,,,A17U,57026.6,SGD,,20261008_091600,100,L,1249.6,,,,,,,2.190,CapLand Ascendas REIT,-0.01,1946.4,2.23,,,2.18,MAINBOARD,CapLand Ascendas REIT,2.21,X,,-0.452,,,,2.200,0.0,125524740.0,,,2026-10-08 16:47:05,2026-10-09 00:47:05+0800
0.83,,P,0.82,,businesstrusts,,0,0.0,,,,,,0.0,,,HMN,9246.8,SGD,,20261008_091600,100,L,5858.0,,,,,,,0.820,CapLand Ascott T,-0.01,774.7,0.835,,,0.82,MAINBOARD,CapLand Ascott T,0.83,X,,-1.205,,,,0.825,0.0,7644284.5,,,2026-10-08 16:47:05,2026-10-09 00:47:05+0800
0.63,,P,0.615,,reits,,0,0.0,,,,,,0.0,,,AU8U,1119.8,SGD,,20261008_091600,100,L,308.8,,,,,,,0.615,CapLand China T,-0.015,395.8,0.625,,,0.615,MAINBOARD,CapLand China T,0.625,X,,-2.381,,,,0.620,0.0,693019.0,,,2026-10-08 16:47:05,2026-10-09 00:47:05+0800
0.92,,P,0.9,,businesstrusts,,0,0.0,,,,,,0.0,,,CY6U,3308.0,SGD,,20261008_091600,100,L,1559.0,,,,,,,0.900,CapLand India T,-0.02,60.3,0.925,,,0.9,MAINBOARD,CapLand India T,0.915,X,,-2.174,,,,0.905,0.0,3012261.5,,,2026-10-08 16:47:05,2026-10-09 00:47:05+0800
2.27,,P,2.24,,reits,,0,0.0,,,,,,0.0,,,C38U,52273.2,SGD,,20261008_091600,100,L,2513.8,,,,,,,2.240,CapLand IntCom T,-0.03,1299.8,2.3,,,2.24,MAINBOARD,CapLand IntCom T,2.27,X,,-1.322,,,,2.250,0.0,118245910.4,,,2026-10-08 16:47:05,2026-10-09 00:47:05+0800
0.245,,P,0.205,,stocks,,0,0.0,,,,,,0.0,,,AWV,3.0,SGD,,20261008_091600,100,J,25.0,,,,,,20260929,0.205,Captii,-0.04,42.8,0.205,,,0.205,MAINBOARD,Captii,0.205,,,-16.327,,,,0.240,0.0,615.0,,,2026-10-08 16:47:05,2026-10-09 00:47:05+0800
0.1,,P,0.1,,stocks,,0,0.0,,,,,,0.0,,,C04,0.0,SGD,,20261008_091600,100,G,100.1,,,,,,20261007,0.093,Casa,0.0,101.1,0.0,,,0.0,MAINBOARD,Casa,0.0,,,0.0,,,,0.107,0.0,0.0,,,2026-10-08 16:47:05,2026-10-09 00:47:05+0800
0.25,,P,0.25,0.0,dlcertificates,0.0,0,0.0,25.0,2027-07-12,,,,0.0,,,IEYW,0.0,SGD,,20261008_091600,100,,0.0,0.0,,@,,,,,CATL 5xLongSG270712,0.0,0.0,0.0,,,0.0,MAINBOARD,CATL 5xLongSG270712,0.0,,,0.0,,,,,0.24,0.0,5.0,,2026-10-08 16:47:05,2026-10-09 00:47:05+0800
0.158,,P,0.158,0.0,dlcertificates,0.0,0,0.0,25.0,2027-07-30,,,,0.0,,,SWKW,0.0,SGD,,20261008_091600,100,,3.0,0.0,,@,,,,0.140,CATL 5xLongUB270730,0.0,30.0,0.0,,,0.0,MAINBOARD,CATL 5xLongUB270730,0.0,,,0.0,,0.16,,0.180,0.163,0.0,5.0,,2026-10-08 16:47:05,2026-10-09 00:47:05+0800
0.08,,P,0.08,0.0,dlcertificates,0.0,0,0.0,26.0,2028-01-20,,,,0.0,,,HBIW,0.0,SGD,,20261008_091600,100,,0.0,0.0,,@,,,,,CATL 5xShortSG280120,0.0,0.0,0.0,,,0.0,MAINBOARD,CATL 5xShortSG280120,0.0,,,0.0,,,,,0.076,0.0,5.0,,2026-10-08 16:47:05,2026-10-09 00:47:05+0800
4.5,,P,4.5,0.0,dlcertificates,0.0,0,0.0,26.0,2028-06-09,,,,0.0,,,EZNW,0.0,SGD,,20261008_091600,100,,0.0,0.0,,@,,,,,CATL 5xShortSG280609,0.0,0.0,0.0,,,0.0,MAINBOARD,CATL 5xShortSG280609,0.0,,,0.0,,,,,4.06,0.0,5.0,,2026-10-08 16:47:05,2026-10-09 00:47:05+0800
2.66,,P,2.58,,adrs,,0,0.0,13.0,,,,,0.0,,,HCCD,175.9,SGD,,20261008_090751,100,C,3.6,,,,,,,2.580,CATL HK SDR 30to1,-0.08,9.0,2.69,,,2.58,GLOBAL_QUOTE,CATL HK SDR 30to1,2.66,X,,-3.008,,,,2.630,0.0,464489.0,0.0,,2026-10-08 16:47:05,2026-10-09 00:47:05+0800
0.705,,P,0.695,,businesstrusts,,0,0.0,,,,,,0.0,,,J85,2810.5,SGD,,20261008_091600,100,L,397.4,,,,,,,0.695,CDL HTrust,-0.01,536.9,0.715,,,0.695,MAINBOARD,CDL HTrust,0.705,X,,-1.418,,,,0.700,0.0,1971134.5,,,2026-10-08 16:47:05,2026-10-09 00:47:05+0800
0.055,,P,0.055,,stocks,,0,0.0,,,,,,0.0,,,BXE,15.0,SGD,,20261008_091600,100,C,100.0,,,,,,20261007,0.052,CDW,0.0,150.0,0.055,,,0.055,MAINBOARD,CDW,0.055,,,0.0,,,,0.058,0.0,825.0,,,2026-10-08 16:47:05,2026-10-09 00:47:05+0800
1.05,,P,1.04,,reits,,0,0.0,,,,,,0.0,,,8C8U,2976.6,SGD,,20261008_091600,100,K,1074.5,,,,,,,1.030,Cent Accom REIT,-0.01,483.6,1.05,,,1.03,MAINBOARD,Cent Accom REIT,1.04,X,,-0.952,,,,1.040,0.0,3089037.0,,,2026-10-08 16:47:05,2026-10-09 00:47:05+0800
1.38,,P,1.35,,stocks,,0,0.0,,,,,,0.0,,,OU8,972.6,SGD,,20261008_091600,100,I,21.8,,,,,,20261007,1.350,Centurion,-0.03,36.7,1.38,,,1.34,MAINBOARD,Centurion,1.37,,,-2.174,,,,1.360,0.0,1318682.0,,,2026-10-08 16:47:05,2026-10-09 00:47:05+0800
1.615,,P,1.59,,etfs,,0,0.0,9.0,,,,,0.0,,,VNM,1.65,SGD,,20261008_091600,1,,0.026,,,,,,,1.567,CF VN 30 SC ETF SG$,-0.025,2.888,1.615,,,1.59,MAINBOARD,CF VN 30 SC ETF SG$,1.615,,,-1.548,,,,1.791,1.586,2634.039,0.0,,2026-10-08 16:47:05,2026-10-09 00:47:05+0800
1.252,,P,1.252,,etfs,,0,0.0,9.0,,,,,0.0,,,VND,0.0,USD,,20261008_091600,1,,0.4,,,,,,,1.211,CF VN 30 SC ETF US$,0.0,9.5,0.0,,,0.0,MAINBOARD,CF VN 30 SC ETF US$,0.0,,,0.0,,,,1.310,1.237,0.0,0.0,,2026-10-08 16:47:05,2026-10-09 00:47:05+0800
0.055,,P,0.045,,stocks,,0,0.0,,,,,,0.0,,,5EB,200.0,SGD,,20261008_091600,100,C,0.1,,,,,,20261007,0.045,CFM,-0.01,69.0,0.054,,,0.045,CATALIST,CFM,0.054,,,-18.182,,,,0.054,0.0,9000.9,,,2026-10-08 16:47:05,2026-10-09 00:47:05+0800
1.65,,P,1.608,,etfs,,0,0.0,9.0,,,,,0.0,,,GRO,0.025,SGD,,20261008_091600,1,,0.052,,,,,,,1.588,CGS FG CSI1000 S$,-0.042,4.0,1.608,,,1.608,MAINBOARD,CGS FG CSI1000 S$,1.608,,,-2.545,,,,1.900,1.602,40.2,0.0,,2026-10-08 16:47:05,2026-10-09 00:47:05+0800
1.277,,P,1.277,,etfs,,0,0.0,9.0,,,,,0.0,,,GRU,0.0,USD,,20261008_091600,1,,0.4,,,,,,,1.221,CGS FG CSI1000 US$,0.0,0.0,0.0,,,0.0,MAINBOARD,CGS FG CSI1000 US$,0.0,,,0.0,,,,,1.249,0.0,0.0,,2026-10-08 16:47:05,2026-10-09 00:47:05+0800
0.0,,P,0.0,,etfs,,0,0.0,9.0,,,,,0.0,,,OBU,0.0,CNY,,20261008_091600,1,,0.0,,,,,,,,CGS-ICBC-CFETS BRI RMB,0.0,0.0,0.0,PL,,0.0,MAINBOARD,CGS-ICBC-CFETS BRI RMB,0.0,,,0.0,,,,,0.0,0.0,0.0,,2026-10-08 16:47:05,2026-10-09 00:47:05+0800
0.0,,P,0.0,,etfs,,0,0.0,9.0,,,,,0.0,,,OBR,0.0,SGD,,20261008_091600,1,,0.0,,,,,,,,CGS-ICBC-CFETS BRI SGD,0.0,0.0,0.0,PL,,0.0,MAINBOARD,CGS-ICBC-CFETS BRI SGD,0.0,,,0.0,,,,,0.0,0.0,0.0,,2026-10-08 16:47:05,2026-10-09 00:47:05+0800
0.011,,P,0.011,,stocks,,0,0.0,,,,,,0.0,,,C13,2620.3,SGD,,20261008_091600,100,H,16067.7,,,,,,20261007,0.010,CH Offshore,0.0,2997.5,0.011,,,0.01,MAINBOARD,CH Offshore,0.01,,,0.0,,,,0.011,0.0,26203.3,,,2026-10-08 16:47:05,2026-10-09 00:47:05+0800
0.09,,P,0.093,,stocks,,0,0.0,,,,,,0.0,,,5NV,1868.9,SGD,,20261008_091600,100,H,22.0,,,,,,20261007,0.092,Chasen,0.003,98.8,0.095,,,0.088,MAINBOARD,Chasen,0.09,,,3.333,,,,0.093,0.0,173038.2,,,2026-10-08 16:47:05,2026-10-09 00:47:05+0800
0.55,,P,0.55,,stocks,,0,0.0,,,,,,0.0,,,C05,51.8,SGD,,20261008_091600,100,C,9.9,,,,,,20261005,0.540,Chemical Ind,0.0,0.1,0.55,,,0.55,MAINBOARD,Chemical Ind,0.55,,,0.0,,,,0.575,0.0,28490.0,,,2026-10-08 16:47:05,2026-10-09 00:47:05+0800
1.29,,P,1.26,,stocks,,0,0.0,,,,,,0.0,,,G92,655.0,SGD,,20261008_091600,100,S,54.0,,,,,,20261007,1.260,China Aviation,-0.03,1.7,1.3,,,1.26,MAINBOARD,China Aviation,1.29,,,-2.326,,,,1.270,0.0,832661.0,,,2026-10-08 16:47:05,2026-10-09 00:47:05+0800
0.063,,S,0.063,,stocks,,0,0.0,,,,Developed,None,0.0,,HKEX,UIX,0.0,SGD,,20261008_091600,100,A,40.0,,,,,,20261005,0.061,China EnvRes,0.0,0.0,0.0,,,0.0,MAINBOARD,China EnvRes,0.0,,,0.0,,,,,0.0,0.0,,,2026-10-08 16:47:05,2026-10-09 00:47:05+0800
0.21,,P,0.21,,stocks,,0,0.0,,,,,,0.0,,,U9E,66.5,SGD,,20261008_091600,100,E,158.8,,,,,,20261007,0.205,China Everbright,0.0,138.7,0.21,,,0.205,MAINBOARD,China Everbright,0.21,,,0.0,,,,0.210,0.0,13944.5,,,2026-10-08 16:47:05,2026-10-09 00:47:05+0800
0.076,,P,0.076,,stocks,,0,0.0,,,,,,0.0,,,B0Z,0.0,SGD,,20261008_091600,100,A,0.0,,,,,,20151125,,China Fishery,0.0,0.0,0.0,SUSP,,0.0,MAINBOARD,China Fishery,0.0,,,0.0,,,,,0.0,0.0,,,2026-10-08 16:47:05,2026-10-09 00:47:05+0800
0.035,,P,0.023,,stocks,,0,0.0,,,,,,0.0,,,BEH,0.2,SGD,,20261008_091600,100,F,163.8,,,,,,20261006,0.023,China Intl,-0.012,25.0,0.023,,,0.023,MAINBOARD,China Intl,0.023,,,-34.286,,,,0.034,0.0,4.6,,,2026-10-08 16:47:05,2026-10-09 00:47:05+0800
0.02,,P,0.02,,stocks,,0,0.0,,,,,,0.0,,,BHD,0.0,SGD,,20261008_091600,100,L,189.9,,,,,,20261001,0.014,China Mining,0.0,115.8,0.0,,,0.0,MAINBOARD,China Mining,0.0,,,0.0,,,,0.019,0.0,0.0,,,2026-10-08 16:47:05,2026-10-09 00:47:05+0800
0.152,,P,0.152,,stocks,,0,0.0,,,,,,0.0,,,BCD,0.0,SGD,,20261008_091600,100,L,0.0,,,,,,20241007,,China Yuanbang,0.0,0.0,0.0,SUSP,,0.0,MAINBOARD,China Yuanbang,0.0,,,0.0,,,,,0.0,0.0,,,2026-10-08 16:47:05,2026-10-09 00:47:05+0800
0.018,,P,0.018,,stocks,,0,0.0,,,,,,0.0,,,GU5,0.0,SGD,,20261008_091600,100,C,380.0,,,,,,20261007,0.017,ChinaKundaTech,0.0,923.9,0.0,,,0.0,CATALIST,ChinaKundaTech,0.0,,,0.0,,,,0.019,0.0,0.0,,,2026-10-08 16:47:05,2026-10-09 00:47:05+0800
0.615,,P,0.61,,stocks,,0,0.0,,,,,,0.0,,,QES,575.4,SGD,,20261008_091600,100,C,37.9,,,,,,20261007,0.605,ChinaSunsine,-0.005,84.0,0.625,,,0.605,MAINBOARD,ChinaSunsine,0.615,,,-0.813,,,,0.610,0.0,352449.5,,,2026-10-08 16:47:05,2026-10-09 00:47:05+0800
0.44,,P,0.44,,stocks,,0,0.0,,,,,,0.0,,,42E,10.0,SGD,,20261008_091600,100,G,0.1,,,,,,20261005,0.430,Choo Chiang,0.0,14.4,0.44,,,0.44,MAINBOARD,Choo Chiang,0.44,,,0.0,,,,0.440,0.0,4400.0,,,2026-10-08 16:47:05,2026-10-09 00:47:05+0800
0.265,,P,0.265,,stocks,,0,0.0,,,,,,0.0,,,C33,364.0,SGD,,20261008_091600,100,H,112.0,,,,,,20261007,0.265,Chuan Hup,0.0,223.2,0.265,,,0.265,MAINBOARD,Chuan Hup,0.265,,,0.0,,,CD,0.270,0.0,96460.0,,,2026-10-08 16:47:05,2026-10-09 00:47:05+0800
7.17,,P,7.1,,stocks,,0,0.0,,,,,,0.0,,,C09,1835.3,SGD,,20261008_091600,100,L,1.0,,,,,,20261007,7.090,CityDev,-0.07,12.8,7.24,,,7.08,MAINBOARD,CityDev,7.17,,,-0.976,,,,7.100,0.0,13063560.0,,,2026-10-08 16:47:05,2026-10-09 00:47:05+0800
0.385,,P,0.365,0.0,dlcertificates,0.0,0,0.0,25.0,2027-09-30,,,,0.0,,,XCVW,230.7,SGD,,20261008_091600,100,,10.0,0.0,,@,,,,0.365,CityDev 5xLongSG270930,-0.016,0.0,0.39,,,0.365,MAINBOARD,CityDev 5xLongSG270930,0.39,,,-4.199,,,,,0.381,86695.0,5.0,,2026-10-08 16:47:05,2026-10-09 00:47:05+0800
0.165,,P,0.165,0.0,dlcertificates,0.0,0,0.0,25.0,2028-07-31,,,,0.0,,,CYQW,0.0,SGD,,20261008_091600,100,,0.0,0.0,,@,,,,,CityDev 5xLongUB280731,0.0,0.0,0.0,,,0.0,MAINBOARD,CityDev 5xLongUB280731,0.0,,,0.0,,,,,0.164,0.0,5.0,,2026-10-08 16:47:05,2026-10-09 00:47:05+0800
0.007,,P,0.007,,structuredwarrants,,0,0.0,16.0,2026-12-29,,,,9.0,,,GQXW,0.0,SGD,,20261008_091600,100,,0.0,,,@,,,,,CityDev MBeCW261229,0.0,0.0,0.0,,,0.0,MAINBOARD,CityDev MBeCW261229,0.0,X,15:1,0.0,,,,,0.0,0.0,0.0,,2026-10-08 16:47:05,2026-10-09 00:47:05+0800
0.023,,P,0.022,,structuredwarrants,,0,0.0,16.0,2027-03-29,,,,8.8,,,V7GW,100.0,SGD,,20261008_091600,100,,0.0,,,@,,,,,CityDev MBeCW270329,-0.001,0.0,0.022,,,0.022,MAINBOARD,CityDev MBeCW270329,0.022,X,15:1,-4.348,,,,,0.0,2200.0,0.0,,2026-10-08 16:47:05,2026-10-09 00:47:05+0800
1.006,100.6,P,1.006,,retailpreferenceshares,,0,0.0,5.0,,,,,0.0,,,C70,0.0,SGD,,20261008_034312,1000,,2.0,,,,99.489,,,1.006,CITYDEV NCCPS,0.0,3.0,0.0,,,0.0,MAINBOARD,CITYDEV NCCPS,0.0,X,,0.0,1.111,,,1.016,0.0,0.0,0.0,1791388800000.0,2026-10-08 16:47:05,2026-10-09 00:47:05+0800
1.54,,P,1.54,,stocks,,0,0.0,,,,,,0.0,,,P9D,17.2,SGD,,20261008_091600,100,C,5.6,,,,,,20261007,1.530,Civmec,0.0,20.9,1.55,,,1.53,MAINBOARD,Civmec,1.53,,,0.0,,,CD,1.540,0.0,26336.0,,,2026-10-08 16:47:05,2026-10-09 00:47:05+0800
0.002,,P,0.001,,stocks,,0,0.0,,,,,,0.0,,,1H3,135299.2,SGD,,20261008_091600,100,Q,7133.8,,,,,,20261005,0.001,Clearbridge,-0.001,274560.4,0.002,,,0.001,CATALIST,Clearbridge,0.001,,,-50.0,,,,0.002,0.0,135309.2,,,2026-10-08 16:47:05,2026-10-09 00:47:05+0800
0.161,,P,0.161,0.0,dlcertificates,0.0,0,0.0,25.0,2027-07-30,,,,0.0,,,UHJW,0.0,SGD,,20261008_091600,100,,0.0,0.0,,@,,,,,CLIFE 5xLongUB270730,0.0,0.0,0.0,,,0.0,MAINBOARD,CLIFE 5xLongUB270730,0.0,,,0.0,,,,,0.157,0.0,5.0,,2026-10-08 16:47:05,2026-10-09 00:47:05+0800
0.016,,P,0.016,0.0,dlcertificates,0.0,0,0.0,26.0,2027-07-30,,,,0.0,,,SEKW,0.0,SGD,,20261008_091600,100,,0.0,0.0,,@,,,,,CLIFE 5xShortUB270730,0.0,0.0,0.0,,,0.0,MAINBOARD,CLIFE 5xShortUB270730,0.0,,,0.0,,,,,0.006,0.0,5.0,,2026-10-08 16:47:05,2026-10-09 00:47:05+0800
0.018,,P,0.018,,structuredwarrants,,0,0.0,16.0,2027-03-02,,,,38.0,,,QAMW,0.0,SGD,,20261008_091600,100,,0.0,,,@,,,,,CLIFE MBeCW270302,0.0,0.0,0.0,,,0.0,MAINBOARD,CLIFE MBeCW270302,0.0,X,8:1,0.0,,,,,0.0,0.0,0.0,,2026-10-08 16:47:05,2026-10-09 00:47:05+0800
0.64,,P,0.64,0.0,dlcertificates,0.0,0,0.0,25.0,2027-04-27,,,,0.0,,,ECTW,0.0,SGD,,20261008_091600,100,,0.0,0.0,,@,,,,,CMOB 5xLongSG270427,0.0,0.0,0.0,,,0.0,MAINBOARD,CMOB 5xLongSG270427,0.0,,,0.0,,,,,0.604,0.0,5.0,,2026-10-08 16:47:05,2026-10-09 00:47:05+0800
0.635,,P,0.635,0.0,dlcertificates,0.0,0,0.0,25.0,2027-08-31,,,,0.0,,,SXUW,0.0,SGD,,20261008_091600,100,,0.0,0.0,,@,,,,,CMOB 5xLongUB270831,0.0,0.0,0.0,,,0.0,MAINBOARD,CMOB 5xLongUB270831,0.0,,,0.0,,,,,0.596,0.0,5.0,,2026-10-08 16:47:05,2026-10-09 00:47:05+0800
0.255,,P,0.245,0.0,dlcertificates,0.0,0,0.0,26.0,2027-04-27,,,,0.0,,,LIFW,30.0,SGD,,20261008_091600,100,,0.0,0.0,,@,,,,,CMOB 5xShortSG270427,-0.002,0.0,0.25,,,0.24,MAINBOARD,CMOB 5xShortSG270427,0.25,,,-0.81,,,,,0.247,7350.0,5.0,,2026-10-08 16:47:05,2026-10-09 00:47:05+0800
0.58,,P,0.58,0.0,dlcertificates,0.0,0,0.0,26.0,2027-06-30,,,,0.0,,,MJQW,0.0,SGD,,20261008_091600,100,,0.0,0.0,,@,,,,,CMOB 5xShortUB270630,0.0,0.0,0.0,,,0.0,MAINBOARD,CMOB 5xShortUB270630,0.0,,,0.0,,,,,0.572,0.0,5.0,,2026-10-08 16:47:05,2026-10-09 00:47:05+0800
1.71,,S,1.71,,stocks,,0,0.0,,,,Developed,None,0.0,,HKEX,8A8,0.0,SGD,,20261008_091600,100,K,10.8,,,,,,20261006,1.380,CMS,0.0,0.0,0.0,,,0.0,MAINBOARD,CMS,0.0,,,0.0,,,,,0.0,0.0,,,2026-10-08 16:47:05,2026-10-09 00:47:05+0800
2.57,,P,2.59,,adrs,,0,0.0,13.0,,,,,0.0,,,HCMD,112.9,SGD,,20261008_090324,100,J,0.2,,,,,,,2.590,CN Mobile HK SDR 5to1,0.02,0.3,2.61,,,2.58,GLOBAL_QUOTE,CN Mobile HK SDR 5to1,2.58,X,,0.778,,,,2.700,0.0,292872.0,0.0,,2026-10-08 16:47:05,2026-10-09 00:47:05+0800
1.23,,P,1.19,,stocks,,0,0.0,,,,,,0.0,,,5TP,1397.6,SGD,,20261008_091600,100,C,86.2,,,,,,20261007,1.190,CNMC Goldmine,-0.04,32.0,1.23,,,1.19,MAINBOARD,CNMC Goldmine,1.23,,,-3.252,,,,1.200,0.0,1682265.0,,,2026-10-08 16:47:05,2026-10-09 00:47:05+0800
0.805,,P,0.805,0.0,dlcertificates,0.0,0,0.0,25.0,2028-03-30,,,,0.0,,,MKKW,0.0,SGD,,20261008_091600,100,,0.0,0.0,,@,,,,,CNOOC 5xLongSG280330,0.0,0.0,0.0,,,0.0,MAINBOARD,CNOOC 5xLongSG280330,0.0,,,0.0,,,,,0.716,0.0,5.0,,2026-10-08 16:47:05,2026-10-09 00:47:05+0800
0.285,,P,0.235,0.0,dlcertificates,0.0,0,0.0,26.0,2028-02-02,,,,0.0,,,OJOW,6.0,SGD,,20261008_091600,100,,0.0,0.0,,@,,,,,CNOOC 5xShortSG280202,-0.043,0.0,0.235,,,0.235,MAINBOARD,CNOOC 5xShortSG280202,0.235,,,-15.468,,,,,0.278,1410.0,5.0,,2026-10-08 16:47:05,2026-10-09 00:47:05+0800
0.015,,P,0.015,0.0,dlcertificates,0.0,0,0.0,26.0,2027-06-30,,,,0.0,,,HPRW,0.0,SGD,,20261008_091600,100,,0.0,0.0,,@,,,,,CNOOC 5xShortUB270630,0.0,0.0,0.0,,,0.0,MAINBOARD,CNOOC 5xShortUB270630,0.0,,,0.0,,,,,0.012,0.0,5.0,,2026-10-08 16:47:05,2026-10-09 00:47:05+0800
0.3,,P,0.3,0.0,dlcertificates,0.0,0,0.0,26.0,2028-07-31,,,,0.0,,,HDKW,0.0,SGD,,20261008_091600,100,,0.0,0.0,,@,,,,,CNOOC 5xShortUB280731,0.0,0.0,0.0,,,0.0,MAINBOARD,CNOOC 5xShortUB280731,0.0,,,0.0,,,,,0.299,0.0,5.0,,2026-10-08 16:47:05,2026-10-09 00:47:05+0800
0.4,,P,0.365,,stocks,,0,0.0,,,,,,0.0,,,W8W,14216.9,SGD,,20261008_091600,100,M,126.4,,,,,,20261007,0.365,Coliwoo Hldgs,-0.035,67.0,0.395,,,0.365,MAINBOARD,Coliwoo Hldgs,0.395,,,-8.75,,,,0.370,0.0,5588813.5,,,2026-10-08 16:47:05,2026-10-09 00:47:05+0800
0.18,,S,0.18,,stocks,,0,0.0,,,,Developed,None,0.0,,HKEX,STC,0.0,SGD,,20261008_091600,100,J,3000.0,,,,,,20260924,0.001,Comba,0.0,0.0,0.0,,,0.0,MAINBOARD,Comba,0.0,,,0.0,,,,,0.0,0.0,,,2026-10-08 16:47:05,2026-10-09 00:47:05+0800
1.28,,P,1.28,,stocks,,0,0.0,,,,,,0.0,,,N0Z,0.0,SGD,,20261008_091600,100,C,13.7,,,,,,20261007,1.130,Combine Will,0.0,11.8,0.0,,,0.0,MAINBOARD,Combine Will,0.0,,,0.0,,,CD,1.270,0.0,0.0,,,2026-10-08 16:47:05,2026-10-09 00:47:05+0800
0.25,,P,0.25,0.0,dlcertificates,0.0,0,0.0,25.0,2028-04-13,,,,0.0,,,WYMW,0.0,SGD,,20261008_091600,100,,0.0,0.0,,@,,,,,Comfort 5xLongSG280413,0.0,0.0,0.0,,,0.0,MAINBOARD,Comfort 5xLongSG280413,0.0,,,0.0,,,,,0.249,0.0,5.0,,2026-10-08 16:47:05,2026-10-09 00:47:05+0800
1.27,,P,1.25,,stocks,,0,0.0,,,,,,0.0,,,C52,7943.3,SGD,,20261008_091600,100,H,2760.4,,,,,,20261007,1.250,ComfortDelGro,-0.02,987.9,1.28,,,1.25,MAINBOARD,ComfortDelGro,1.27,,,-1.575,,,,1.260,0.0,10020529.0,,,2026-10-08 16:47:05,2026-10-09 00:47:05+0800
0.053,,S,0.054,,stocks,,0,0.0,,,,Developed,None,0.0,,HKEX,SEG,100.0,SGD,,20261008_091600,100,K,50.0,,,,,,20261007,0.053,CONCORD NE,0.001,110.0,0.054,,,0.054,MAINBOARD,CONCORD NE,0.054,,,1.887,,,,0.054,0.0,5400.0,,,2026-10-08 16:47:05,2026-10-09 00:47:05+0800
0.075,,P,0.075,,stocks,,0,0.0,,,,,,0.0,,,BMT,0.0,SGD,,20261008_091600,100,Q,0.0,,,,,,20211102,,Coolan Group,0.0,0.0,0.0,SUSP,,0.0,MAINBOARD,Coolan Group,0.0,,,0.0,,,,,0.0,0.0,,,2026-10-08 16:47:05,2026-10-09 00:47:05+0800
0.121,,P,0.121,,stocks,,0,0.0,,,,,,0.0,,,P8A,0.0,SGD,,20261008_091600,100,Q,18.4,,,,,,20260929,0.113,Cordlife,0.0,23.8,0.0,,,0.0,MAINBOARD,Cordlife,0.0,,,0.0,,,,0.235,0.0,0.0,,,2026-10-08 16:47:05,2026-10-09 00:47:05+0800
3.98,,P,3.98,,stocks,,0,0.0,,,,,,0.0,,,C41,0.0,SGD,,20261008_091600,100,M,3.0,,,,,,20261007,3.940,Cortina,0.0,0.3,0.0,,,0.0,MAINBOARD,Cortina,0.0,,,0.0,,,,4.040,0.0,0.0,,,2026-10-08 16:47:05,2026-10-09 00:47:05+0800
0.102,,P,0.102,,stocks,,0,0.0,,,,,,0.0,,,F83,884.9,SGD,,20261008_091600,100,H,6.6,,,,,,20261007,0.101,COSCO SHP SG,0.0,348.0,0.102,,,0.1,MAINBOARD,COSCO SHP SG,0.101,,,0.0,,,,0.102,0.0,89298.6,,,2026-10-08 16:47:05,2026-10-09 00:47:05+0800
0.016,,S,0.016,,stocks,,0,0.0,,,,Developed,None,0.0,,HKEX,CIN,0.0,SGD,,20261008_091600,100,H,172.5,,,,,,20261006,0.016,Courage Inv,0.0,2.6,0.0,,,0.0,MAINBOARD,Courage Inv,0.0,,,0.0,,,,0.028,0.0,0.0,,,2026-10-08 16:47:05,2026-10-09 00:47:05+0800
1.6,,P,1.6,,adrs,,0,0.0,13.0,,,,,0.0,,,TCPD,0.0,SGD,,20261008_085930,100,G,0.0,,,,,,,,CP All TH SDR 1to1,0.0,0.1,0.0,,,0.0,GLOBAL_QUOTE,CP All TH SDR 1to1,0.0,X,,0.0,,,,1.750,0.0,0.0,0.0,,2026-10-08 16:47:05,2026-10-09 00:47:05+0800
1.6,,P,1.6,,adrs,,0,0.0,13.0,,,,,0.0,,,TPFD,0.0,SGD,,20261008_085930,100,G,0.1,,,,,,,1.560,CP Foods TH SDR 1to2,0.0,0.0,0.0,,,0.0,GLOBAL_QUOTE,CP Foods TH SDR 1to2,0.0,X,,0.0,,,,,0.0,0.0,0.0,,2026-10-08 16:47:05,2026-10-09 00:47:05+0800
0.64,,P,0.67,,stocks,,0,0.0,,,,,,0.0,,,C76,188.8,SGD,,20261008_091600,50,N,1.6,,,,,,20261007,0.655,Creative,0.03,7.5,0.675,,,0.65,MAINBOARD,Creative,0.665,,,4.688,,,,0.670,0.0,123374.0,,,2026-10-08 16:47:05,2026-10-09 00:47:05+0800
1.05,,P,1.03,,stocks,,0,0.0,,,,,,0.0,,,TCU,20.0,SGD,,20261008_091600,100,N,17.5,,,,,,20261007,1.030,CreditBureauAsia,-0.02,10.0,1.05,,,1.02,MAINBOARD,CreditBureauAsia,1.04,,,-1.905,,,,1.060,0.0,20686.0,,,2026-10-08 16:47:05,2026-10-09 00:47:05+0800
0.012,,P,0.012,,stocks,,0,0.0,,,,,,0.0,,,C06,1775.0,SGD,,20261008_091600,100,F,4194.7,,,,,,20261007,0.011,CSC,0.0,90.0,0.012,,,0.012,MAINBOARD,CSC,0.012,,,0.0,,,,0.012,0.0,21300.0,,,2026-10-08 16:47:05,2026-10-09 00:47:05+0800
1.21,,P,1.17,,stocks,,0,0.0,,,,,,0.0,,,544,6138.4,SGD,,20261008_091600,100,N,41.3,,,,,,20261007,1.170,CSE Global,-0.04,189.2,1.22,,,1.17,MAINBOARD,CSE Global,1.21,,,-3.306,,,,1.180,0.0,7275836.0,,,2026-10-08 16:47:05,2026-10-09 00:47:05+0800
2.88,,P,2.825,,etfs,,0,0.0,9.0,,,,,0.0,,,LCS,2.475,SGD,,20261008_091600,1,,200.0,,,,,,,2.810,CSOP APAC SELECT S$,-0.055,200.0,2.856,,,2.824,MAINBOARD,CSOP APAC SELECT S$,2.856,,,-1.91,,,,2.823,2.816,7000.75,0.0,,2026-10-08 16:47:05,2026-10-09 00:47:05+0800
2.251,,P,2.199,,etfs,,0,0.0,9.0,,,,,0.0,,,LCU,201.299,USD,,20261008_091600,1,,200.0,,,,,,,2.193,CSOP APAC SELECT US$,-0.052,200.0,2.221,,,2.199,MAINBOARD,CSOP APAC SELECT US$,2.221,,,-2.31,,,,2.203,2.198,442685.079,0.0,,2026-10-08 16:47:05,2026-10-09 00:47:05+0800
0.926,,P,0.919,,etfs,,0,0.0,9.0,,,,,0.0,,,SUN,5.781,SGD,,20261008_091600,1,,2.549,,,,,,,0.915,CSOP CS A500 ETF S$,-0.007,2.645,0.925,,,0.919,MAINBOARD,CSOP CS A500 ETF S$,0.925,,,-0.756,,,,0.989,0.918,5318.575,0.0,,2026-10-08 16:47:05,2026-10-09 00:47:05+0800
1.182,,P,1.199,,etfs,,0,0.0,9.0,,,,,0.0,,,SHD,194.859,SGD,,20261008_091600,1,,0.002,,,,,,,1.194,CSOP DIV ETF S$,0.017,0.0,1.199,,,1.194,MAINBOARD,CSOP DIV ETF S$,1.194,,,1.438,,,,,1.204,233313.954,0.0,,2026-10-08 16:47:05,2026-10-09 00:47:05+0800
0.686,,P,0.68,,etfs,,0,0.0,9.0,,,,,0.0,,,SRT,394.58,SGD,,20261008_091600,1,,3.569,,,,,,,0.680,CSOP iEdge SREIT ETF S$,-0.006,340.0,0.69,,,0.68,MAINBOARD,CSOP iEdge SREIT ETF S$,0.69,,,-0.875,,,,0.683,0.68,269373.342,0.0,,2026-10-08 16:47:05,2026-10-09 00:47:05+0800
0.532,,P,0.532,,etfs,,0,0.0,9.0,,,,,0.0,,,SRU,340.01,USD,,20261008_091600,1,,0.101,,,,,,,0.530,CSOP iEdge SREIT ETF US$,0.0,340.0,0.536,,,0.532,MAINBOARD,CSOP iEdge SREIT ETF US$,0.536,,,0.0,,,,0.533,0.531,180885.36,0.0,,2026-10-08 16:47:05,2026-10-09 00:47:05+0800
1.006,,P,1.006,,etfs,,0,0.0,9.0,,,,,0.0,,,SQQ,0.05,SGD,,20261008_091600,1,,1.0,,,,,,,0.995,CSOP SEA TECH ETF S$,0.0,80.0,1.006,,,1.006,MAINBOARD,CSOP SEA TECH ETF S$,1.006,,,0.0,,,,1.003,0.997,50.3,0.0,,2026-10-08 16:47:05,2026-10-09 00:47:05+0800
0.774,,P,0.774,,etfs,,0,0.0,9.0,,,,,0.0,,,SQU,0.0,USD,,20261008_091600,1,,80.0,,,,,,,0.768,CSOP SEA TECH ETF US$,0.0,80.0,0.0,,,0.0,MAINBOARD,CSOP SEA TECH ETF US$,0.0,,,0.0,,,,0.783,0.774,0.0,0.0,,2026-10-08 16:47:05,2026-10-09 00:47:05+0800
1.45,,P,1.413,,etfs,,0,0.0,9.0,,,,,0.0,,,SCY,34.096,SGD,,20261008_091600,1,,1.0,,,,,,,1.413,CSOP Star&Chinext50 S$,-0.037,15.0,1.468,,,1.413,MAINBOARD,CSOP Star&Chinext50 S$,1.467,,,-2.552,,,,1.442,1.418,49331.771,0.0,,2026-10-08 16:47:05,2026-10-09 00:47:05+0800
0.405,,P,0.4,,reits,,0,0.0,,,,,,0.0,,,DHLU,152.9,SGD,,20261008_091600,100,L,515.4,,,,,,,0.395,Daiwa Hse Log Tr,-0.005,63.7,0.405,,,0.395,MAINBOARD,Daiwa Hse Log Tr,0.405,X,,-1.235,,,,0.400,0.0,61133.5,,,2026-10-08 16:47:05,2026-10-09 00:47:05+0800
0.052,,P,0.052,,stocks,,0,0.0,,,,,,0.0,,,BLR,0.0,SGD,,20261008_091600,100,N,95.0,,,,,,20260930,0.052,Darco Water Tech,0.0,30.0,0.0,,,0.0,MAINBOARD,Darco Water Tech,0.0,,,0.0,,,,0.060,0.0,0.0,,,2026-10-08 16:47:05,2026-10-09 00:47:05+0800
0.02,,P,0.02,,businesstrusts,,0,0.0,,,,,,0.0,,,CEDU,0.0,SGD,,20261008_091600,100,L,0.0,,,,,,,,Dasin Retail Tr,0.0,0.0,0.0,SUSP,,0.0,MAINBOARD,Dasin Retail Tr,0.0,X,,0.0,,,,,0.0,0.0,,,2026-10-08 16:47:05,2026-10-09 00:47:05+0800
0.152,,P,0.154,,stocks,,0,0.0,,,,,,0.0,,,BKW,0.2,SGD,,20261008_091600,100,C,229.9,,,,,,20261002,0.152,Datapulse Tech,0.002,1.2,0.154,,,0.152,MAINBOARD,Datapulse Tech,0.152,,,1.316,,,,0.154,0.0,30.6,,,2026-10-08 16:47:05,2026-10-09 00:47:05+0800
0.06,,P,0.065,,companywarrants,,0,0.0,8.0,,,,,0.0,,,96DW,2.0,SGD,,20261008_091600,100,,50.0,,,,,,,0.060,Datapulse Tech W271128,0.005,25.8,0.065,,,0.06,MAINBOARD,Datapulse Tech W271128,0.06,X,,8.333,,,,0.065,0.0,125.0,0.0,,2026-10-08 16:47:05,2026-10-09 00:47:05+0800
77.49,,P,73.85,,stocks,,0,0.0,,,,,,0.0,,,D05,18641.59,SGD,,20261008_091600,10,K,7.34,,,,,,20261007,73.850,DBS,-3.64,0.1,76.78,,,73.48,MAINBOARD,DBS,76.7,,,-4.697,,,,73.880,0.0,1386846975.1,,,2026-10-08 16:47:05,2026-10-09 00:47:05+0800
2.17,,P,1.65,0.0,dlcertificates,0.0,0,0.0,25.0,2028-02-23,,,,0.0,,,Z5TW,124.3,SGD,,20261008_091600,100,,0.1,0.0,,@,,,,1.650,DBS 5xLongSG280223,-0.496,0.1,2.1,,,1.6,MAINBOARD,DBS 5xLongSG280223,2.1,,,-23.113,,1.72,,1.790,2.146,225375.0,5.0,,2026-10-08 16:47:05,2026-10-09 00:47:05+0800
5.45,,P,4.11,0.0,dlcertificates,0.0,0,0.0,25.0,2028-03-30,,,,0.0,,,LQSW,40.7,SGD,,20261008_091600,100,,0.5,0.0,,@,,,,4.110,DBS 5xLongSG280330,-1.306,0.3,4.88,,,4.02,MAINBOARD,DBS 5xLongSG280330,4.87,,,-24.114,,4.605,,5.100,5.416,188916.0,5.0,,2026-10-08 16:47:05,2026-10-09 00:47:05+0800
20.36,,P,20.36,0.0,dlcertificates,0.0,0,0.0,25.0,2027-07-30,,,,0.0,,,RNUW,0.0,SGD,,20261008_091600,100,,0.0,0.0,,@,,,,,DBS 5xLongUB270730,0.0,0.0,0.0,,,0.0,MAINBOARD,DBS 5xLongUB270730,0.0,,,0.0,,,,,22.439,0.0,5.0,,2026-10-08 16:47:05,2026-10-09 00:47:05+0800
0.008,,P,0.01,0.0,dlcertificates,0.0,0,0.0,26.0,2026-12-17,,,,0.0,,,SZWW,1516.9,SGD,,20261008_091600,100,,200.0,0.0,,@,,,,0.009,DBS 5xShortSG261217,0.003,17.4,0.01,,,0.009,MAINBOARD,DBS 5xShortSG261217,0.009,,,42.857,,0.009,,0.010,0.007,14950.5,5.0,,2026-10-08 16:47:05,2026-10-09 00:47:05+0800
0.141,,P,0.174,0.0,dlcertificates,0.0,0,0.0,26.0,2028-07-25,,,,0.0,,,FVBW,427.6,SGD,,20261008_091600,100,,11.0,0.0,,@,,,,0.173,DBS 5xShortSG280725,0.034,4.0,0.177,,,0.157,MAINBOARD,DBS 5xShortSG280725,0.157,,,24.286,,0.173,,0.174,0.14,69385.9,5.0,,2026-10-08 16:47:05,2026-10-09 00:47:05+0800
0.039,,P,0.048,0.0,dlcertificates,0.0,0,0.0,26.0,2026-10-30,,,,0.0,,,JHDW,4.0,SGD,,20261008_091600,100,,3.5,0.0,,@,,,,0.045,DBS 5xShortUB261030,0.01,0.0,0.048,,,0.043,MAINBOARD,DBS 5xShortUB261030,0.043,,,26.316,,,,,0.038,178.0,5.0,,2026-10-08 16:47:05,2026-10-09 00:47:05+0800
0.3,,P,0.355,0.0,dlcertificates,0.0,0,0.0,26.0,2028-07-31,,,,0.0,,,9KBW,67.8,SGD,,20261008_091600,100,,0.0,0.0,,@,,,,,DBS 5xShortUB280731,0.068,0.0,0.37,,,0.325,MAINBOARD,DBS 5xShortUB280731,0.325,,,23.693,,,,,0.287,24549.0,5.0,,2026-10-08 16:47:05,2026-10-09 00:47:05+0800
0.355,,P,0.23,,structuredwarrants,,0,0.0,16.0,2026-12-30,,,,68.0,,,EKSW,59.0,SGD,,20261008_091600,100,,0.0,,,@,,,,,DBS MB eCW261230,-0.125,0.0,0.23,,,0.23,MAINBOARD,DBS MB eCW261230,0.23,X,30:1,-35.211,,,,,0.0,13570.0,0.0,,2026-10-08 16:47:05,2026-10-09 00:47:05+0800
0.082,,P,0.049,,structuredwarrants,,0,0.0,16.0,2027-02-25,,,,83.5,,,RQCW,2482.0,SGD,,20261008_091600,100,,230.0,,,@,,,,0.048,DBS MB eCW270225,-0.033,5.0,0.065,,,0.048,MAINBOARD,DBS MB eCW270225,0.065,X,35:1,-40.244,,,,0.065,0.0,124477.0,0.0,,2026-10-08 16:47:05,2026-10-09 00:47:05+0800
0.158,,P,0.105,,structuredwarrants,,0,0.0,16.0,2027-02-26,,,,77.0,,,IJMW,5042.6,SGD,,20261008_091600,100,,5.0,,,@,,,,0.101,DBS MB eCW270226,-0.053,50.0,0.15,,,0.102,MAINBOARD,DBS MB eCW270226,0.15,X,35:1,-33.544,,,,0.125,0.0,580982.7,0.0,,2026-10-08 16:47:05,2026-10-09 00:47:05+0800
0.141,,P,0.107,,structuredwarrants,,0,0.0,16.0,2027-09-30,,,,90.0,,,W4ZW,1458.0,SGD,,20261008_091600,100,,0.0,,,@,,,,,DBS MB eCW270930,-0.034,50.0,0.125,,,0.104,MAINBOARD,DBS MB eCW270930,0.125,X,35:1,-24.113,,,,0.113,0.0,156214.0,0.0,,2026-10-08 16:47:05,2026-10-09 00:47:05+0800
0.002,,P,0.002,,structuredwarrants,,0,0.0,17.0,2026-12-29,,,,55.0,,,KQXW,0.0,SGD,,20261008_091600,100,,0.0,,,@,,,,,DBS MB ePW261229,0.0,0.0,0.0,,,0.0,MAINBOARD,DBS MB ePW261229,0.0,X,30:1,0.0,,,,,0.0,0.0,0.0,,2026-10-08 16:47:05,2026-10-09 00:47:05+0800
0.018,,P,0.009,,structuredwarrants,,0,0.0,17.0,2026-12-30,,,,60.0,,,ZPNW,391.0,SGD,,20261008_091600,100,,0.0,,,@,,,,,DBS MB ePW261230,-0.009,0.0,0.009,,,0.006,MAINBOARD,DBS MB ePW261230,0.006,X,30:1,-50.0,,,,,0.0,2349.0,0.0,,2026-10-08 16:47:05,2026-10-09 00:47:05+0800
0.084,,P,0.118,,structuredwarrants,,0,0.0,17.0,2027-02-25,,,,71.0,,,YAZW,205.5,SGD,,20261008_091600,100,,0.0,,,@,,,,,DBS MB ePW270225,0.034,10.0,0.12,,,0.103,MAINBOARD,DBS MB ePW270225,0.103,X,35:1,40.476,,,,0.125,0.0,23381.5,0.0,,2026-10-08 16:47:05,2026-10-09 00:47:05+0800
0.047,,P,0.058,,structuredwarrants,,0,0.0,17.0,2027-02-26,,,,65.0,,,V1RW,1022.0,SGD,,20261008_091600,100,,0.0,,,@,,,,,DBS MB ePW270226,0.011,0.0,0.06,,,0.05,MAINBOARD,DBS MB ePW270226,0.05,X,30:1,23.404,,,,,0.0,57359.5,0.0,,2026-10-08 16:47:05,2026-10-09 00:47:05+0800
0.2,,P,0.235,,structuredwarrants,,0,0.0,17.0,2027-09-30,,,,68.0,,,95MW,3.7,SGD,,20261008_091600,100,,0.0,,,@,,,,,DBS MB ePW270930,0.035,0.0,0.235,,,0.235,MAINBOARD,DBS MB ePW270930,0.235,X,35:1,17.5,,,,,0.0,869.5,0.0,,2026-10-08 16:47:05,2026-10-09 00:47:05+0800
0.128,,P,0.128,,stocks,,0,0.0,,,,,,0.0,,,BTF,0.0,SGD,,20261008_091600,100,K,0.0,,,,,,20210111,,Debao Property,0.0,0.0,0.0,SUSP,,0.0,MAINBOARD,Debao Property,0.0,,,0.0,,,,,0.0,0.0,,,2026-10-08 16:47:05,2026-10-09 00:47:05+0800
0.06,,P,0.06,,stocks,,0,0.0,,,,,,0.0,,,D03,5.0,SGD,,20261008_091600,100,G,1.0,,,,,,20261007,0.059,Del Monte Pac,0.0,255.0,0.06,,,0.06,MAINBOARD,Del Monte Pac,0.06,,,0.0,,,,0.061,0.0,300.0,,,2026-10-08 16:47:05,2026-10-09 00:47:05+0800
0.695,,P,0.69,,stocks,,0,0.0,,,,,,0.0,,,P34,405.1,SGD,,20261008_091600,100,C,253.4,,,,,,20261007,0.690,Delfi,-0.005,18.0,0.705,,,0.69,MAINBOARD,Delfi,0.705,,,-0.719,,,,0.695,0.0,282019.5,,,2026-10-08 16:47:05,2026-10-09 00:47:05+0800
10.42,,P,10.17,,adrs,,0,0.0,13.0,,,,,0.0,,,TDED,1.3,SGD,,20261008_085931,100,C,5.0,,,,,,,5.000,Delta TH SDR 1to1,-0.25,0.3,10.41,,,10.17,GLOBAL_QUOTE,Delta TH SDR 1to1,10.41,X,,-2.399,,,,10.420,0.0,13274.0,0.0,,2026-10-08 16:47:05,2026-10-09 00:47:05+0800
0.0,,P,0.0,,stocks,,0,0.0,,,,,,0.0,,,9DC,0.0,SGD,,20261008_091600,100,K,0.0,,,,,,,,Deluge,0.0,0.0,0.0,PL,,0.0,MAINBOARD,Deluge,0.0,,,0.0,,,,,0.0,0.0,,,2026-10-08 16:47:05,2026-10-09 00:47:05+0800
0.18,,P,0.18,,stocks,,0,0.0,,,,,,0.0,,,UZF,0.0,SGD,,20261008_091600,100,F,11.4,,,,,,20261006,0.150,Dezign Format,0.0,19.1,0.0,,,0.0,CATALIST,Dezign Format,0.0,,,0.0,,,,0.180,0.0,0.0,,,2026-10-08 16:47:05,2026-10-09 00:47:05+0800
3.17,,S,3.18,,stocks,,0,0.0,,,,Developed,None#,0.0,,LSE,D01,1447.4,USD,,20261008_091600,100,G,20.9,,,,,,20261007,3.170,DFIRG USD,0.01,30.9,3.22,,,3.12,MAINBOARD,DFIRG USD,3.19,,,0.315,,,,3.180,0.0,4600803.0,,,2026-10-08 16:47:05,2026-10-09 00:47:05+0800
0.44,,P,0.43,,reits,,0,0.0,,,,,,0.0,,,DCRU,6176.4,USD,,20261008_091600,100,L,147.9,,,,,,,0.430,DigiCore Reit USD,-0.01,173.4,0.445,,,0.425,MAINBOARD,DigiCore Reit USD,0.44,X,,-2.273,,,,0.435,0.0,2686191.0,,,2026-10-08 16:47:05,2026-10-09 00:47:05+0800
0.54,,P,0.54,,stocks,,0,0.0,,,,,,0.0,,,BAI,0.0,SGD,,20261008_091600,100,G,0.6,,,,,,20261002,0.480,Digilife Tech,0.0,4.6,0.0,,,0.0,CATALIST,Digilife Tech,0.0,,,0.0,,,,0.560,0.0,0.0,,,2026-10-08 16:47:05,2026-10-09 00:47:05+0800
0.001,,P,0.001,,stocks,,0,0.0,,,,,,0.0,,,532,0.0,SGD,,20261008_091600,100,M,307134.2,,,,,,20261007,0.001,DISA,0.0,236925.9,0.0,,,0.0,CATALIST,DISA,0.0,,,0.0,,,,0.002,0.0,0.0,,,2026-10-08 16:47:05,2026-10-09 00:47:05+0800
0.001,,P,0.001,,companywarrants,,0,0.0,8.0,,,,,0.0,,,B91W,0.0,SGD,,20261008_091600,100,,0.0,,,,,,,,DISA W261218,0.0,92209.0,0.0,,,0.0,CATALIST,DISA W261218,0.0,X,,0.0,,,,0.001,0.0,0.0,0.0,,2026-10-08 16:47:05,2026-10-09 00:47:05+0800
2.12,,P,2.12,0.0,dlcertificates,0.0,0,0.0,25.0,2028-06-16,,,,0.0,,,9X9W,0.0,SGD,,20261008_091600,100,,0.0,0.0,,@,,,,,DJIA 7xLongSG280616,0.0,0.0,0.0,,,0.0,MAINBOARD,DJIA 7xLongSG280616,0.0,,,0.0,,,,,2.12,0.0,7.0,,2026-10-08 16:47:05,2026-10-09 00:47:05+0800
2.0,,P,2.0,0.0,dlcertificates,0.0,0,0.0,25.0,2027-11-22,,,,0.0,,,GTHW,0.0,SGD,,20261008_091600,100,,0.0,0.0,,@,,,,,DJIA 7xLongUB271122,0.0,0.0,0.0,,,0.0,MAINBOARD,DJIA 7xLongUB271122,0.0,,,0.0,,,,,2.853,0.0,7.0,,2026-10-08 16:47:05,2026-10-09 00:47:05+0800
0.008,,P,0.008,0.0,dlcertificates,0.0,0,0.0,26.0,2026-10-29,,,,0.0,,,CZVW,0.0,SGD,,20261008_091600,100,,0.0,0.0,,@,,,,,DJIA 7xShortSG261029,0.0,0.0,0.0,,,0.0,MAINBOARD,DJIA 7xShortSG261029,0.0,,,0.0,,,,,0.008,0.0,7.0,,2026-10-08 16:47:05,2026-10-09 00:47:05+0800
0.74,,P,0.74,0.0,dlcertificates,0.0,0,0.0,26.0,2028-06-16,,,,0.0,,,ZSYW,0.0,SGD,,20261008_091600,100,,0.0,0.0,,@,,,,,DJIA 7xShortSG280616,0.0,0.0,0.0,,,0.0,MAINBOARD,DJIA 7xShortSG280616,0.0,,,0.0,,,,,0.939,0.0,7.0,,2026-10-08 16:47:05,2026-10-09 00:47:05+0800
0.04,,P,0.04,0.0,dlcertificates,0.0,0,0.0,26.0,2026-12-21,,,,0.0,,,Y1WW,0.0,SGD,,20261008_091600,100,,0.0,0.0,,@,,,,,DJIA 7xShortUB261221,0.0,0.0,0.0,,,0.0,MAINBOARD,DJIA 7xShortUB261221,0.0,,,0.0,,,,,0.037,0.0,7.0,,2026-10-08 16:47:05,2026-10-09 00:47:05+0800
0.9,,P,0.9,0.0,dlcertificates,0.0,0,0.0,26.0,2028-03-20,,,,0.0,,,TLAW,0.0,SGD,,20261008_091600,100,,0.0,0.0,,@,,,,,DJIA 7xShortUB280320,0.0,0.0,0.0,,,0.0,MAINBOARD,DJIA 7xShortUB280320,0.0,,,0.0,,,,,0.711,0.0,7.0,,2026-10-08 16:47:05,2026-10-09 00:47:05+0800
0.065,,P,0.065,,stocks,,0,0.0,,,,,,0.0,,,5SO,0.0,SGD,,20261008_091600,100,G,15.0,,,,,,20260925,0.061,Duty Free Intl,0.0,53.8,0.0,,,0.0,MAINBOARD,Duty Free Intl,0.0,,,0.0,,,,0.070,0.0,0.0,,,2026-10-08 16:47:05,2026-10-09 00:47:05+0800
0.006,,P,0.006,,companywarrants,,0,0.0,8.0,,,,,0.0,,,YXRW,0.0,SGD,,20261008_091600,100,,0.1,,,,,,,0.006,Duty Free Intl W310714,0.0,1049.6,0.0,,,0.0,MAINBOARD,Duty Free Intl W310714,0.0,X,,0.0,,,,0.007,0.0,0.0,0.0,,2026-10-08 16:47:05,2026-10-09 00:47:05+0800
0.28,,P,0.28,,reits,,0,0.0,,,,,,0.0,,,BWCU,0.0,SGD,,20261008_091600,100,L,0.0,,,,,,,,EC World Reit,0.0,0.0,0.0,SUSP,,0.0,MAINBOARD,EC World Reit,0.0,X,,0.0,,,,,0.0,0.0,,,2026-10-08 16:47:05,2026-10-09 00:47:05+0800
0.02,,P,0.017,,stocks,,0,0.0,,,,,,0.0,,,5CT,9123.5,SGD,,20261008_091600,100,E,1413.3,,,,,,20261007,0.017,EcoWise,-0.003,880.2,0.02,,,0.017,CATALIST,EcoWise,0.02,,,-15.0,,,,0.018,0.0,166641.9,,,2026-10-08 16:47:05,2026-10-09 00:47:05+0800
0.003,,P,0.003,,stocks,,0,0.0,,,,,,0.0,,,5HG,0.0,SGD,,20261008_091600,100,A,13446.0,,,,,,20261007,0.002,Edition,0.0,1500.0,0.0,,,0.0,CATALIST,Edition,0.0,,,0.0,,,,0.003,0.0,0.0,,,2026-10-08 16:47:05,2026-10-09 00:47:05+0800
0.032,,P,0.032,,stocks,,0,0.0,,,,,,0.0,,,8YY,302.6,SGD,,20261008_091600,100,M,8.3,,,,,,20261007,0.032,EFH Ltd,0.0,12.8,0.034,,,0.032,CATALIST,EFH Ltd,0.034,,,0.0,,,,0.033,0.0,9685.2,,,2026-10-08 16:47:05,2026-10-09 00:47:05+0800
0.775,,P,0.745,,stocks,,0,0.0,,,,,,0.0,,,EGX,309.2,SGD,,20261008_091600,100,K,9.3,,,,,,20261007,0.735,EGP ENERGY CORP,-0.03,1.8,0.775,,,0.73,MAINBOARD,EGP ENERGY CORP,0.775,,,-3.871,,,,0.745,0.0,231045.5,,,2026-10-08 16:47:05,2026-10-09 00:47:05+0800
0.042,,P,0.043,,stocks,,0,0.0,,,,,,0.0,,,42Z,233.5,SGD,,20261008_091600,100,K,0.1,,,,,,20261002,0.042,Eindec,0.001,44.9,0.052,,,0.042,CATALIST,Eindec,0.042,,,2.381,,,,0.043,0.0,9844.1,,,2026-10-08 16:47:05,2026-10-09 00:47:05+0800
0.315,,P,0.315,,reits,,0,0.0,,,,,,0.0,,,MXNU,657.4,GBP,,20261008_091600,100,L,51.6,,,,,,,0.310,EliteUKREIT GBP,0.0,473.1,0.315,,,0.31,MAINBOARD,EliteUKREIT GBP,0.315,X,,0.0,,,,0.315,0.0,203860.5,,,2026-10-08 16:47:05,2026-10-09 00:47:05+0800
0.0,,P,0.0,,reits,,0,0.0,,,,,,0.0,,,V8VU,0.0,GBP,,20261008_091600,100,L,0.0,,,,,,,,EliteUKREIT GBP A,0.0,0.0,0.0,,,0.0,MAINBOARD,EliteUKREIT GBP A,0.0,X,,0.0,,,,,0.0,0.0,,,2026-10-08 16:47:05,2026-10-09 00:47:05+0800
0.535,,P,0.525,,reits,,0,0.0,,,,,,0.0,,,MENU,60.6,SGD,,20261008_091600,100,L,107.0,,,,,,,0.520,EliteUKREIT SGD,-0.01,109.4,0.53,,,0.525,MAINBOARD,EliteUKREIT SGD,0.53,X,,-1.869,,,,0.530,0.0,31868.0,,,2026-10-08 16:47:05,2026-10-09 00:47:05+0800
0.27,,P,0.25,,stocks,,0,0.0,,,,,,0.0,,,BIX,15.0,SGD,,20261008_091600,100,C,19.2,,,,,,20261006,0.245,Ellipsiz,-0.02,0.1,0.265,,,0.245,MAINBOARD,Ellipsiz,0.25,,,-7.407,,,CD,0.255,0.0,3751.5,,,2026-10-08 16:47:05,2026-10-09 00:47:05+0800
0.385,,S,0.385,,stocks,,0,0.0,,,,Developing,Yes,0.0,,PSE,EMI,0.0,SGD,,20261008_091600,100,C,50.0,,,TT,,,20260918,0.310,Emperador Inc.,0.0,10.0,0.0,,,0.0,MAINBOARD,Emperador Inc.,0.0,,,0.0,,,,0.385,0.0,0.0,,,2026-10-08 16:47:05,2026-10-09 00:47:05+0800
0.008,,P,0.008,,stocks,,0,0.0,,,,,,0.0,,,R14,0.0,SGD,,20261008_091600,100,H,17512.0,,,,,,20261007,0.007,Eneco Energy,0.0,10845.3,0.0,,,0.0,MAINBOARD,Eneco Energy,0.0,,,0.0,,,,0.008,0.0,0.0,,,2026-10-08 16:47:05,2026-10-09 00:47:05+0800
1.24,,P,1.2,,stocks,,0,0.0,,,,,,0.0,,,S44,53.1,SGD,,20261008_091600,100,C,4.5,,,,,,20261007,1.200,EnGro,-0.04,0.1,1.23,,,1.2,MAINBOARD,EnGro,1.23,,,-3.226,,,,1.220,0.0,64748.0,,,2026-10-08 16:47:05,2026-10-09 00:47:05+0800
0.28,,P,0.335,,stocks,,0,0.0,,,,,,0.0,,,BQD,1.1,SGD,,20261008_091600,100,C,5.0,,,,,,20261007,0.290,Envictus,0.055,0.9,0.335,,,0.335,MAINBOARD,Envictus,0.335,,,19.643,,,,0.335,0.0,368.5,,,2026-10-08 16:47:05,2026-10-09 00:47:05+0800
0.017,,P,0.017,,stocks,,0,0.0,,,,,,0.0,,,L23,201.8,SGD,,20261008_091600,100,K,608.0,,,,,,20261007,0.016,Enviro-Hub,0.0,822.0,0.017,,,0.017,MAINBOARD,Enviro-Hub,0.017,,,0.0,,,,0.018,0.0,3430.6,,,2026-10-08 16:47:05,2026-10-09 00:47:05+0800
0.058,,P,0.058,,stocks,,0,0.0,,,,,,0.0,,,5RC,0.0,SGD,,20261008_091600,100,F,80.0,,,,,,20260902,0.033,ES,0.0,42.4,0.0,,,0.0,CATALIST,ES,0.0,,,0.0,,,,0.054,0.0,0.0,,,2026-10-08 16:47:05,2026-10-09 00:47:05+0800
2.05,,P,2.03,,reits,,0,0.0,,,,,,0.0,,,9A4U,2040.5,SGD,,20261008_091600,100,L,130.8,,,,,,,2.020,ESR REIT,-0.02,3.0,2.08,,,2.03,MAINBOARD,ESR REIT,2.05,X,,-0.976,,,,2.030,0.0,4191059.0,,,2026-10-08 16:47:05,2026-10-09 00:47:05+0800
0.012,,P,0.012,,stocks,,0,0.0,,,,,,0.0,,,1C0,918.0,SGD,,20261008_091600,100,K,749.8,,,,,,20261007,0.012,ETC Singapore,0.0,236.7,0.012,,,0.012,CATALIST,ETC Singapore,0.012,,,0.0,,,,0.013,0.0,11016.0,,,2026-10-08 16:47:05,2026-10-09 00:47:05+0800
0.029,,P,0.027,,stocks,,0,0.0,,,,,,0.0,,,5G1,1831.3,SGD,,20261008_091600,100,G,0.9,,,,,,20261007,0.027,EuroSports Gbl,-0.002,341.2,0.027,,,0.026,CATALIST,EuroSports Gbl,0.027,,,-6.897,,,,0.028,0.0,48486.1,,,2026-10-08 16:47:05,2026-10-09 00:47:05+0800
0.79,,P,0.775,,stocks,,0,0.0,,,,,,0.0,,,ZKX,425.0,SGD,,20261008_091600,100,F,4.7,,,,,,20261007,0.775,Ever Glory,-0.015,20.2,0.795,,,0.77,MAINBOARD,Ever Glory,0.79,,,-1.899,,,,0.780,0.0,331674.0,,,2026-10-08 16:47:05,2026-10-09 00:47:05+0800
0.12,,P,0.12,,stocks,,0,0.0,,,,,,0.0,,,1H2,0.0,SGD,,20261008_091600,100,L,10.0,,,,,,20260512,0.096,EVO,0.0,0.0,0.0,,,0.0,CATALIST,EVO,0.0,,,0.0,,,,,0.0,0.0,,,2026-10-08 16:47:05,2026-10-09 00:47:05+0800
0.011,,P,0.011,,stocks,,0,0.0,,,,,,0.0,,,5DN,0.0,SGD,,20261008_091600,100,B,0.0,,,,,,20170315,,Ezra,0.0,0.0,0.0,SUSP,,0.0,MAINBOARD,Ezra,0.0,,,0.0,,,,,0.0,0.0,,,2026-10-08 16:47:05,2026-10-09 00:47:05+0800
1.35,,P,1.37,,stocks,,0,0.0,,,,,,0.0,,,F99,6.0,SGD,,20261008_091600,100,C,3.0,,,,,,20261007,1.350,F & N,0.02,18.7,1.37,,,1.35,MAINBOARD,F & N,1.35,,,1.481,,,,1.370,0.0,8140.0,,,2026-10-08 16:47:05,2026-10-09 00:47:05+0800
0.117,,P,0.117,,stocks,,0,0.0,,,,,,0.0,,,5TJ,0.0,SGD,,20261008_091600,100,C,0.2,,,,,,20261006,0.104,Far East,0.0,0.2,0.0,,,0.0,CATALIST,Far East,0.0,,,0.0,,,,0.118,0.0,0.0,,,2026-10-08 16:47:05,2026-10-09 00:47:05+0800
0.51,,P,0.505,,businesstrusts,,0,0.0,,,,,,0.0,,,Q5T,1048.1,SGD,,20261008_091600,100,L,755.4,,,,,,,0.505,Far East HTrust,-0.005,62.5,0.52,,,0.505,MAINBOARD,Far East HTrust,0.515,X,,-0.98,,,,0.510,0.0,534262.0,,,2026-10-08 16:47:05,2026-10-09 00:47:05+0800
1.03,,P,1.0,,stocks,,0,0.0,,,,,,0.0,,,O10,131.8,SGD,,20261008_091600,100,L,8.0,,,,,,20261007,1.000,Far East Orchard,-0.03,1.0,1.05,,,0.99,MAINBOARD,Far East Orchard,1.03,,,-2.913,,,,1.040,0.0,132325.0,,,2026-10-08 16:47:05,2026-10-09 00:47:05+0800
0.295,,P,0.295,,stocks,,0,0.0,,,,,,0.0,,,BDU,0.0,SGD,,20261008_091600,100,B,30.0,,,,,,20261007,0.240,Federal Int,0.0,10.0,0.0,,,0.0,MAINBOARD,Federal Int,0.0,,,0.0,,,,0.290,0.0,0.0,,,2026-10-08 16:47:05,2026-10-09 00:47:05+0800
0.025,,P,0.024,,stocks,,0,0.0,,,,,,0.0,,,5F4,101.5,SGD,,20261008_091600,100,F,185.9,,,,,,20261005,0.022,Figtree,-0.001,90.0,0.024,,,0.024,CATALIST,Figtree,0.024,,,-4.0,,,,0.030,0.0,2436.0,,,2026-10-08 16:47:05,2026-10-09 00:47:05+0800
0.198,,P,0.194,,reits,,0,0.0,,,,,,0.0,,,AW9U,2525.5,SGD,,20261008_091600,100,L,82.3,,,,,,,0.194,First Reit,-0.004,294.5,0.199,,,0.194,MAINBOARD,First Reit,0.198,X,,-2.02,,,,0.195,0.0,496775.6,,,2026-10-08 16:47:05,2026-10-09 00:47:05+0800
4.57,,P,4.29,,stocks,,0,0.0,,,,,,0.0,,,EB5,3593.7,SGD,,20261008_091600,100,G,23.2,,,,,,20261007,4.280,First Resources,-0.28,0.7,4.48,,,4.08,MAINBOARD,First Resources,4.48,,,-6.127,,,,4.300,0.0,15343432.0,,,2026-10-08 16:47:05,2026-10-09 00:47:05+0800
0.945,,P,0.945,,stocks,,0,0.0,,,,,,0.0,,,ADN,0.9,SGD,,20261008_091600,100,L,2.3,,,,,,20261007,0.945,First Sponsor,0.0,0.3,0.945,,,0.945,MAINBOARD,First Sponsor,0.945,,,0.0,,,,0.995,0.0,850.5,,,2026-10-08 16:47:05,2026-10-09 00:47:05+0800
0.0,,P,0.0,,stocks,,0,0.0,,,,,,0.0,,,ZNIR,0.0,SGD,,20261008_091600,100,L,0.0,,,,,,,,First Sponsor Gp R,0.0,0.0,0.0,,,0.0,MAINBOARD,First Sponsor Gp R,0.0,,,0.0,,,,,0.0,0.0,,,2026-10-08 16:47:05,2026-10-09 00:47:05+0800
0.0,,P,0.0,,others,,0,0.0,6.0,,,,,0.0,,,ZNIR,0.0,SGD,,20261007_230043,100,L,0.0,,,,,,,,First Sponsor Gp R,0.0,0.0,0.0,,,0.0,MAINBOARD,First Sponsor Gp R,0.0,X,,0.0,,,,,0.0,0.0,,,2026-10-08 16:47:05,2026-10-09 00:47:05+0800
0.0,,P,0.0,,stocks,,0,0.0,,,,,,0.0,,,SJJR,0.0,SGD,,20261008_091600,1,L,0.0,,,,,,,,First Sponsor Gp R1,0.0,0.0,0.0,,,0.0,MAINBOARD,First Sponsor Gp R1,0.0,,,0.0,,,,,0.0,0.0,,,2026-10-08 16:47:05,2026-10-09 00:47:05+0800
0.0,,P,0.0,,others,,0,0.0,6.0,,,,,0.0,,,SJJR,0.0,SGD,,20261007_230043,1,L,0.0,,,,,,,,First Sponsor Gp R1,0.0,0.0,0.0,,,0.0,MAINBOARD,First Sponsor Gp R1,0.0,X,,0.0,,,,,0.0,0.0,,,2026-10-08 16:47:05,2026-10-09 00:47:05+0800
0.044,,P,0.044,,companywarrants,,0,0.0,8.0,,,,,0.0,,,RAYW,0.0,SGD,,20261008_091600,100,,50.0,,,,,,,0.006,First Sponsor W290321,0.0,24.9,0.0,,,0.0,MAINBOARD,First Sponsor W290321,0.0,X,,0.0,,,,0.044,0.0,0.0,0.0,,2026-10-08 16:47:05,2026-10-09 00:47:05+0800
1.07,107.0,P,1.07,,retailbonds,,0,0.0,2.0,,,,,0.0,,,91DB,0.0,SGD,,20261007_230043,100,,1.0,,,,105.711,,,1.060,FirstSponsor4.85%PCCS#,0.0,0.0,0.0,,,0.0,MAINBOARD,FirstSponsor4.85%PCCS#,0.0,X,,0.0,1.289,,,,0.0,0.0,0.0,1791388800000.0,2026-10-08 16:47:05,2026-10-09 00:47:05+0800
0.007,,P,0.007,,stocks,,0,0.0,,,,,,0.0,,,F10,0.0,SGD,,20261008_091600,100,G,5405.0,,,,,,20261007,0.005,FJ Benjamin,0.0,488.8,0.0,,,0.0,CATALIST,FJ Benjamin,0.0,,,0.0,,,,0.007,0.0,0.0,,,2026-10-08 16:47:05,2026-10-09 00:47:05+0800
1.91,,P,1.86,,stocks,,0,0.0,,,,,,0.0,,,F03,1175.7,SGD,,20261008_091600,100,C,37.0,,,,,,20261007,1.860,Food Empire,-0.05,12.2,1.92,,,1.86,MAINBOARD,Food Empire,1.91,,,-2.618,,,,1.870,0.0,2209119.0,,,2026-10-08 16:47:05,2026-10-09 00:47:05+0800
0.175,,P,0.175,,stocks,,0,0.0,,,,,,0.0,,,KYB,0.0,SGD,,20261008_091600,100,K,5.6,,,,,,20261005,0.095,FoodInnovators,0.0,43.4,0.0,,,0.0,CATALIST,FoodInnovators,0.0,,,0.0,,,,0.175,0.0,0.0,,,2026-10-08 16:47:05,2026-10-09 00:47:05+0800
0.235,,P,0.235,,stocks,,0,0.0,,,,,,0.0,,,OAJ,0.0,SGD,,20261008_091600,100,B,37.0,,,,,,20261006,0.215,FortressMinerals,0.0,23.2,0.0,,,0.0,CATALIST,FortressMinerals,0.0,,,0.0,,,,0.235,0.0,0.0,,,2026-10-08 16:47:05,2026-10-09 00:47:05+0800
0.585,,P,0.575,,stocks,,0,0.0,,,,,,0.0,,,FHH,855.7,SGD,,20261008_091600,100,Q,12.8,,,,,,20261007,0.570,FoundationHealth,-0.01,71.8,0.59,,,0.57,MAINBOARD,FoundationHealth,0.58,,,-1.709,,,,0.575,0.0,494762.5,,,2026-10-08 16:47:05,2026-10-09 00:47:05+0800
1.012,101.2,P,1.012,,retailbonds,,0,0.0,2.0,,,,,0.0,,,EHZB,29.0,SGD,,20261008_072147,1000,,1.0,,,,100.88,,,1.012,FPTrea 4.49%270916XB#,0.0,3.0,1.012,,,1.012,MAINBOARD,FPTrea 4.49%270916XB#,1.012,X,,0.0,0.32,,,1.025,0.0,29348.0,0.0,1791388800000.0,2026-10-08 16:47:05,2026-10-09 00:47:05+0800
2.1,,P,2.08,,reits,,0,0.0,,,,,,0.0,,,J69U,8674.5,SGD,,20261008_091600,100,L,1469.4,,,,,,,2.070,Frasers Cpt Tr,-0.02,218.1,2.12,,,2.07,MAINBOARD,Frasers Cpt Tr,2.1,X,,-0.952,,,,2.080,0.0,18135894.0,,,2026-10-08 16:47:05,2026-10-09 00:47:05+0800
0.875,,P,0.875,,reits,,0,0.0,,,,,,0.0,,,BUOU,18298.5,SGD,,20261008_091600,100,L,3396.1,,,,,,,0.870,Frasers L&C Tr,0.0,1794.0,0.89,,,0.87,MAINBOARD,Frasers L&C Tr,0.875,X,,0.0,,,,0.875,0.0,16068510.0,,,2026-10-08 16:47:05,2026-10-09 00:47:05+0800
0.965,,P,0.955,,stocks,,0,0.0,,,,,,0.0,,,TQ5,476.9,SGD,,20261008_091600,100,L,31.3,,,,,,20261007,0.950,Frasers Property,-0.01,10.4,0.965,,,0.945,MAINBOARD,Frasers Property,0.965,,,-1.036,,,,0.955,0.0,454357.0,,,2026-10-08 16:47:05,2026-10-09 00:47:05+0800
2.62,,P,2.51,,stocks,,0,0.0,,,,,,0.0,,,E28,6040.1,SGD,,20261008_091600,100,M,319.9,,,,,,20261007,2.500,Frencken,-0.11,8.2,2.63,,,2.51,MAINBOARD,Frencken,2.6,,,-4.198,,,,2.520,0.0,15476107.0,,,2026-10-08 16:47:05,2026-10-09 00:47:05+0800
0.034,,P,0.033,,businesstrusts,,0,0.0,,,,,,0.0,,,D8DU,44.0,SGD,,20261008_091600,100,H,533.0,,,,,,,0.033,FSL Trust,-0.001,220.0,0.034,,,0.033,MAINBOARD,FSL Trust,0.034,X,,-2.941,,,,0.035,0.0,1472.0,,,2026-10-08 16:47:05,2026-10-09 00:47:05+0800
0.067,,P,0.064,,stocks,,0,0.0,,,,,,0.0,,,F13,1845.9,SGD,,20261008_091600,100,C,1.2,,,,,,20261007,0.064,Fu Yu,-0.003,138.0,0.065,,,0.061,MAINBOARD,Fu Yu,0.065,,,-4.478,,,,0.065,0.0,117096.1,,,2026-10-08 16:47:05,2026-10-09 00:47:05+0800
0.62,,P,0.62,,stocks,,0,0.0,,,,,,0.0,,,508,0.0,SGD,,20261008_091600,100,C,10.2,,,,,,20261007,0.540,Fuji Offset,0.0,1.3,0.0,,,0.0,CATALIST,Fuji Offset,0.0,,,0.0,,,,0.620,0.0,0.0,,,2026-10-08 16:47:05,2026-10-09 00:47:05+0800
0.48,,P,0.45,,stocks,,0,0.0,,,,,,0.0,,,AWK,90.8,SGD,,20261008_091600,100,C,0.1,,,,,,20261006,0.450,Fuxing China,-0.03,17.0,0.45,,,0.45,MAINBOARD,Fuxing China,0.45,,,-6.25,,,,0.530,0.0,40860.0,,,2026-10-08 16:47:05,2026-10-09 00:47:05+0800
0.032,,P,0.032,,stocks,,0,0.0,,,,,,0.0,,,QS9,3285.5,SGD,,20261008_091600,100,K,801.0,,,,,,20261007,0.031,G Invacom,0.0,634.9,0.033,,,0.031,MAINBOARD,G Invacom,0.032,,,0.0,,,,0.032,0.0,105097.3,,,2026-10-08 16:47:05,2026-10-09 00:47:05+0800
0.039,,P,0.039,0.0,dlcertificates,0.0,0,0.0,25.0,2027-08-27,,,,0.0,,,WIAW,0.0,SGD,,20261008_091600,100,,0.0,0.0,,@,,,,,Galaxy 5xLongSG270827,0.0,0.0,0.0,,,0.0,MAINBOARD,Galaxy 5xLongSG270827,0.0,,,0.0,,,,,0.044,0.0,5.0,,2026-10-08 16:47:05,2026-10-09 00:47:05+0800
0.043,,P,0.044,0.0,dlcertificates,0.0,0,0.0,25.0,2027-06-30,,,,0.0,,,YCQW,2205.8,SGD,,20261008_091600,100,,0.0,0.0,,@,,,,,Galaxy 5xLongUB270630,0.001,0.0,0.044,,,0.043,MAINBOARD,Galaxy 5xLongUB270630,0.043,,,2.326,,,,,0.043,96422.6,5.0,,2026-10-08 16:47:05,2026-10-09 00:47:05+0800
1.47,,P,1.47,0.0,dlcertificates,0.0,0,0.0,26.0,2028-02-02,,,,0.0,,,OVYW,0.0,SGD,,20261008_091600,100,,0.0,0.0,,@,,,,,Galaxy 5xShortSG280202,0.0,0.0,0.0,,,0.0,MAINBOARD,Galaxy 5xShortSG280202,0.0,,,0.0,,,,,1.477,0.0,5.0,,2026-10-08 16:47:05,2026-10-09 00:47:05+0800
0.325,,P,0.325,0.0,dlcertificates,0.0,0,0.0,26.0,2027-08-31,,,,0.0,,,VLUW,0.0,SGD,,20261008_091600,100,,0.0,0.0,,@,,,,,Galaxy 5xShortUB270831,0.0,0.0,0.0,,,0.0,MAINBOARD,Galaxy 5xShortUB270831,0.0,,,0.0,,,,,0.294,0.0,5.0,,2026-10-08 16:47:05,2026-10-09 00:47:05+0800
0.055,,P,0.055,,stocks,,0,0.0,,,,,,0.0,,,5IG,498.4,SGD,,20261008_091600,100,D,4.4,,,,,,20261006,0.050,Gallant Venture,0.0,10.0,0.055,,,0.05,MAINBOARD,Gallant Venture,0.054,,,0.0,,,,0.055,0.0,25076.4,,,2026-10-08 16:47:05,2026-10-09 00:47:05+0800
0.14,,P,0.144,0.0,dlcertificates,0.0,0,0.0,25.0,2027-09-14,,,,0.0,,,GODW,18.9,SGD,,20261008_091600,100,,0.0,0.0,,@,,,,,Ganfeng 3xLongSG270914,0.01,0.0,0.144,,,0.144,MAINBOARD,Ganfeng 3xLongSG270914,0.144,,,7.463,,,,,0.134,2721.6,3.0,,2026-10-08 16:47:05,2026-10-09 00:47:05+0800
0.006,,P,0.006,0.0,dlcertificates,0.0,0,0.0,25.0,2028-03-16,,,,0.0,,,NUMW,0.0,SGD,,20261008_091600,100,,1646.5,0.0,,@,,,,0.001,Ganfeng 5xLongSG280316,0.0,0.0,0.0,,,0.0,MAINBOARD,Ganfeng 5xLongSG280316,0.0,,,0.0,,,,,0.001,0.0,5.0,,2026-10-08 16:47:05,2026-10-09 00:47:05+0800
0.002,,P,0.002,0.0,dlcertificates,0.0,0,0.0,25.0,2027-08-31,,,,0.0,,,LLXW,0.0,SGD,,20261008_091600,100,,60.0,0.0,,@,,,,0.001,Ganfeng 5xLongUB270831,0.0,0.0,0.0,,,0.0,MAINBOARD,Ganfeng 5xLongUB270831,0.0,,,0.0,,,,,0.001,0.0,5.0,,2026-10-08 16:47:05,2026-10-09 00:47:05+0800
0.003,,P,0.003,,stocks,,0,0.0,,,,,,0.0,,,41T,1.0,SGD,,20261008_091600,100,B,10857.0,,,,,,20261007,0.002,GCCP,0.0,3671.3,0.003,,,0.003,CATALIST,GCCP,0.003,,,0.0,,,,0.003,0.0,3.0,,,2026-10-08 16:47:05,2026-10-09 00:47:05+0800
0.0,,P,0.0,,adrs,,0,0.0,13.0,,,,,0.0,,,BYS,0.0,USD,,20261007_230043,50000,C,0.0,,,,,,,,GDR UPL US$,0.0,0.0,0.0,,,0.0,MAINBOARD,GDR UPL US$,0.0,X,,0.0,,,,,0.0,0.0,0.0,,2026-10-08 16:47:05,2026-10-09 00:47:05+0800
0.053,,P,0.055,,stocks,,0,0.0,,,,,,0.0,,,5VP,322.0,SGD,,20261008_091600,100,C,106.0,,,,,,20261007,0.051,GDS Global,0.002,6.0,0.055,,,0.055,CATALIST,GDS Global,0.055,,,3.774,,,,0.055,0.0,17710.0,,,2026-10-08 16:47:05,2026-10-09 00:47:05+0800
0.036,,P,0.035,0.0,dlcertificates,0.0,0,0.0,25.0,2027-09-07,,,,0.0,,,EONW,5.0,SGD,,20261008_091600,100,,0.0,0.0,,@,,,,,Geely 5xLongSG270907,0.0,45.0,0.035,,,0.035,MAINBOARD,Geely 5xLongSG270907,0.035,,,0.0,,,,0.066,0.035,175.0,5.0,,2026-10-08 16:47:05,2026-10-09 00:47:05+0800
0.036,,P,0.03,0.0,dlcertificates,0.0,0,0.0,25.0,2027-06-30,,,,0.0,,,WMWW,201.0,SGD,,20261008_091600,100,,2.0,0.0,,@,,,,0.029,Geely 5xLongUB270630,-0.003,0.0,0.03,,,0.03,MAINBOARD,Geely 5xLongUB270630,0.03,,,-9.091,,,,,0.033,6030.0,5.0,,2026-10-08 16:47:05,2026-10-09 00:47:05+0800
0.131,,P,0.131,0.0,dlcertificates,0.0,0,0.0,26.0,2027-08-27,,,,0.0,,,YSHW,0.0,SGD,,20261008_091600,100,,0.0,0.0,,@,,,,,Geely 5xShortSG270827,0.0,0.0,0.0,,,0.0,MAINBOARD,Geely 5xShortSG270827,0.0,,,0.0,,,,,0.116,0.0,5.0,,2026-10-08 16:47:05,2026-10-09 00:47:05+0800
1.01,,P,1.01,0.0,dlcertificates,0.0,0,0.0,26.0,2028-04-13,,,,0.0,,,XFAW,0.0,SGD,,20261008_091600,100,,0.0,0.0,,@,,,,,Geely 5xShortSG280413,0.0,0.0,0.0,,,0.0,MAINBOARD,Geely 5xShortSG280413,0.0,,,0.0,,,,,1.553,0.0,5.0,,2026-10-08 16:47:05,2026-10-09 00:47:05+0800
0.037,,P,0.037,0.0,dlcertificates,0.0,0,0.0,26.0,2027-06-30,,,,0.0,,,UDYW,500.2,SGD,,20261008_091600,100,,0.0,0.0,,@,,,,,Geely 5xShortUB270630,0.004,0.0,0.037,,,0.037,MAINBOARD,Geely 5xShortUB270630,0.037,,,12.121,,,,,0.033,18507.4,5.0,,2026-10-08 16:47:05,2026-10-09 00:47:05+0800
0.76,,P,0.765,0.0,dlcertificates,0.0,0,0.0,26.0,2028-07-31,,,,0.0,,,SIMW,1.0,SGD,,20261008_091600,100,,0.0,0.0,,@,,,,,Geely 5xShortUB280731,0.078,0.0,0.765,,,0.765,MAINBOARD,Geely 5xShortUB280731,0.765,,,11.354,,,,,0.687,765.0,5.0,,2026-10-08 16:47:05,2026-10-09 00:47:05+0800
1.22,,P,1.18,,adrs,,0,0.0,13.0,,,,,0.0,,,HGMD,346.3,SGD,,20261008_090443,100,C,10.1,,,,,,,1.180,Geely Auto HK SDR 2to1,-0.04,2.9,1.21,,,1.18,GLOBAL_QUOTE,Geely Auto HK SDR 2to1,1.21,X,,-3.279,,,,1.230,0.0,415509.0,0.0,,2026-10-08 16:47:05,2026-10-09 00:47:05+0800
0.021,,P,0.021,,structuredwarrants,,0,0.0,16.0,2026-11-03,,,,22.0,,,IMOW,0.0,SGD,,20261008_091600,100,,0.0,,,@,,,,,Geely MB eCW261103,0.0,0.0,0.0,,,0.0,MAINBOARD,Geely MB eCW261103,0.0,,5:1,0.0,,,,,0.0,0.0,0.0,,2026-10-08 16:47:05,2026-10-09 00:47:05+0800
0.069,,P,0.071,0.0,dlcertificates,0.0,0,0.0,25.0,2026-12-17,,,,0.0,,,PFTW,297.7,SGD,,20261008_091600,100,,0.0,0.0,,@,,,,,Genting 5xLongSG261217,0.001,0.0,0.071,,,0.071,MAINBOARD,Genting 5xLongSG261217,0.071,,,1.429,,,,,0.07,21136.7,5.0,,2026-10-08 16:47:05,2026-10-09 00:47:05+0800
0.0,,P,0.0,0.0,dlcertificates,0.0,0,0.0,25.0,2029-03-06,,,,0.0,,,ERWW,0.0,SGD,,20261008_091600,100,,0.0,0.0,,@,,,,,Genting 5xLongSG290306,0.0,0.0,0.0,,,0.0,MAINBOARD,Genting 5xLongSG290306,0.0,,,0.0,,,,,0.983,0.0,5.0,,2026-10-08 16:47:05,2026-10-09 00:47:05+0800
0.115,,P,0.108,0.0,dlcertificates,0.0,0,0.0,25.0,2027-06-30,,,,0.0,,,ZCAW,184.6,SGD,,20261008_091600,100,,0.0,0.0,,@,,,,,Genting 5xLongUB270630,-0.004,0.0,0.108,,,0.108,MAINBOARD,Genting 5xLongUB270630,0.108,,,-3.571,,,,,0.112,19936.8,5.0,,2026-10-08 16:47:05,2026-10-09 00:47:05+0800
0.62,,P,0.615,,stocks,,0,0.0,,,,,,0.0,,,G13,14658.5,SGD,,20261008_091600,100,I,12884.7,,,,,,20261007,0.610,Genting Sing,-0.005,3464.5,0.625,,,0.61,MAINBOARD,Genting Sing,0.625,,,-0.806,,,,0.615,0.0,9027780.0,,,2026-10-08 16:47:05,2026-10-09 00:47:05+0800
0.58,,P,0.54,,stocks,,0,0.0,,,,,,0.0,,,RE4,30514.9,SGD,,20261008_091600,100,B,2841.3,,,,,,20261007,0.535,Geo Energy Res,-0.04,147.1,0.575,,,0.535,MAINBOARD,Geo Energy Res,0.575,,,-6.897,,,,0.540,0.0,16880342.0,,,2026-10-08 16:47:05,2026-10-09 00:47:05+0800
0.06,,P,0.06,,stocks,,0,0.0,,,,,,0.0,,,XJB,0.0,SGD,,20261008_091600,100,J,10.0,,,,,,20261006,0.051,GHY Culture,0.0,7.0,0.0,,,0.0,MAINBOARD,GHY Culture,0.0,,,0.0,,,,0.067,0.0,0.0,,,2026-10-08 16:47:05,2026-10-09 00:47:05+0800
2.04,,P,2.04,0.0,dlcertificates,0.0,0,0.0,25.0,2028-03-13,,,,0.0,,,VWMW,0.0,SGD,,20261008_091600,100,,0.0,0.0,,@,,,,,GigaDev 3xLongSG280313,0.0,0.0,0.0,,,0.0,MAINBOARD,GigaDev 3xLongSG280313,0.0,,,0.0,,,,,1.739,0.0,3.0,,2026-10-08 16:47:05,2026-10-09 00:47:05+0800
0.062,,P,0.062,,stocks,,0,0.0,,,,,,0.0,,,595,60.9,SGD,,20261008_091600,100,H,2.0,,,,,,20261007,0.066,GKE,0.0,279.9,0.062,,,0.061,CATALIST,GKE,0.061,,,0.0,,,XD,0.067,0.0,3715.9,,,2026-10-08 16:47:05,2026-10-09 00:47:05+0800
483.88,,P,485.0,,etfs,,0,0.0,9.0,,,,,0.0,,,GSD,3.247,SGD,,20261008_091600,1,,1.0,,,,,,,484.600,GLD SG$,1.12,0.006,486.2,,,483.0,MAINBOARD,GLD SG$,483.6,,,0.231,,,,485.200,485.0,1574544.61,0.0,,2026-10-08 16:47:05,2026-10-09 00:47:05+0800
1.7,,P,1.67,0.0,dlcertificates,0.0,0,0.0,25.0,2028-06-09,,,,0.0,,,GLDW,11.1,SGD,,20261008_091600,100,,0.0,0.0,,@,,,,,GLD US 5xLongSG280609,-0.049,0.4,1.685,,,1.665,MAINBOARD,GLD US 5xLongSG280609,1.665,,,-2.85,,,,2.280,1.719,18597.0,5.0,,2026-10-08 16:47:05,2026-10-09 00:47:05+0800
1.87,,P,1.87,0.0,dlcertificates,0.0,0,0.0,26.0,2028-06-09,,,,0.0,,,GOSW,0.0,SGD,,20261008_091600,100,,0.0,0.0,,@,,,,,GLD US 5xShortSG280609,0.0,0.0,0.0,,,0.0,MAINBOARD,GLD US 5xShortSG280609,0.0,,,0.0,,,,,1.744,0.0,5.0,,2026-10-08 16:47:05,2026-10-09 00:47:05+0800
378.0,,P,378.14,,etfs,,0,0.0,9.0,,,,,0.0,,,O87,7.384,USD,,20261008_091600,1,,2.5,,,,,,,378.100,GLD US$,0.14,2.5,379.8,,,377.4,MAINBOARD,GLD US$,378.0,,,0.037,,,,378.900,378.14,2793267.06,0.0,,2026-10-08 16:47:05,2026-10-09 00:47:05+0800
0.0,,P,0.0,0.0,dlcertificates,0.0,0,0.0,25.0,2027-06-18,,,,0.0,,,FOIW,0.0,SGD,,20261008_091600,100,,0.0,0.0,,@,,,,,GLDHK 5xLongUB270618,0.0,0.0,0.0,,,0.0,MAINBOARD,GLDHK 5xLongUB270618,0.0,,,0.0,,,,,0.798,0.0,5.0,,2026-10-08 16:47:05,2026-10-09 00:47:05+0800
0.128,,P,0.128,,stocks,,0,0.0,,,,,,0.0,,,B73,634.5,SGD,,20261008_091600,100,,149.3,,,,,,20261007,0.127,Global Inv,0.0,295.5,0.128,,,0.127,MAINBOARD,Global Inv,0.128,,,0.0,,,,0.128,0.0,80969.0,,,2026-10-08 16:47:05,2026-10-09 00:47:05+0800
0.128,,P,0.128,,others,,0,0.0,10.0,,,,,0.0,,,B73,634.5,SGD,,20261008_090021,100,,149.3,,,,,,,0.127,Global Inv,0.0,295.5,0.128,,,0.127,MAINBOARD,Global Inv,0.128,X,,0.0,,,,0.128,0.0,80969.0,,,2026-10-08 16:47:05,2026-10-09 00:47:05+0800
1.13,,P,1.13,,stocks,,0,0.0,,,,,,0.0,,,AYN,0.0,SGD,,20261008_091600,100,C,0.1,,,,,,20261005,1.090,Global Testing,0.0,0.6,0.0,,,0.0,MAINBOARD,Global Testing,0.0,,,0.0,,,,1.130,0.0,0.0,,,2026-10-08 16:47:05,2026-10-09 00:47:05+0800
0.325,,P,0.315,,stocks,,0,0.0,,,,,,0.0,,,E5H,36210.2,SGD,,20261008_091600,100,A,2906.3,,,,,,20261007,0.315,Golden Agri-Res,-0.01,14245.3,0.325,,,0.305,MAINBOARD,Golden Agri-Res,0.325,,,-3.077,,,,0.320,0.0,11401872.0,,,2026-10-08 16:47:05,2026-10-09 00:47:05+0800
0.114,,P,0.114,,stocks,,0,0.0,,,,,,0.0,,,5PC,0.0,SGD,,20261008_091600,100,L,101.0,,,,,,20261006,0.101,Goodland,0.0,60.0,0.0,,,0.0,MAINBOARD,Goodland,0.0,,,0.0,,,,0.114,0.0,0.0,,,2026-10-08 16:47:05,2026-10-09 00:47:05+0800
0.147,,P,0.147,,stocks,,0,0.0,,,,,,0.0,,,GEH,0.0,SGD,,20261008_091600,100,R,0.2,,,,,,20261007,0.147,Goodwill,0.0,18.0,0.0,,,0.0,CATALIST,Goodwill,0.0,,,0.0,,,,0.150,0.0,0.0,,,2026-10-08 16:47:05,2026-10-09 00:47:05+0800
0.58,,P,0.58,,stocks,,0,0.0,,,,,,0.0,,,G20,13.0,SGD,,20261008_091600,100,C,2.0,,,,,,20261007,0.565,GP Industries,0.0,35.0,0.58,,,0.58,MAINBOARD,GP Industries,0.58,,,0.0,,,,0.585,0.0,7540.0,,,2026-10-08 16:47:05,2026-10-09 00:47:05+0800
1.96,,P,1.94,,adrs,,0,0.0,13.0,,,,,0.0,,,UGBD,139.69,SGD,,20261008_090000,10,H,5.18,,,,,,,1.930,Grab US SDR 2to1,-0.02,15.02,1.97,,,1.94,GLOBAL_QUOTE,Grab US SDR 2to1,1.96,X,,-1.02,,,,1.950,0.0,273028.1,0.0,,2026-10-08 16:47:05,2026-10-09 00:47:05+0800
0.73,,P,0.73,,stocks,,0,0.0,,,,,,0.0,,,G50,60.1,SGD,,20261008_091600,100,C,40.0,,,,,,20261007,0.730,Grand Banks,0.0,14.6,0.73,,,0.73,MAINBOARD,Grand Banks,0.73,,,0.0,,,CD,0.740,0.0,43873.0,,,2026-10-08 16:47:05,2026-10-09 00:47:05+0800
0.091,,P,0.087,,stocks,,0,0.0,,,,,,0.0,,,S3N,1127.3,SGD,,20261008_091600,100,L,160.8,,,,,,20261007,0.087,GRC,-0.004,38.7,0.09,,,0.087,MAINBOARD,GRC,0.09,,,-4.396,,,,0.088,0.0,100159.9,,,2026-10-08 16:47:05,2026-10-09 00:47:05+0800
19.48,,P,18.61,,stocks,,0,0.0,,,,,,0.0,,,G07,163.68,SGD,,20261008_091600,10,K,0.43,,,,,,20261007,18.610,Great Eastern,-0.87,1.6,19.67,,,18.5,MAINBOARD,Great Eastern,19.44,,,-4.466,,,,18.620,0.0,3067315.3,,,2026-10-08 16:47:05,2026-10-09 00:47:05+0800
0.026,,P,0.024,,stocks,,0,0.0,,,,,,0.0,,,Y06,556.2,SGD,,20261008_091600,100,M,93.8,,,,,,20261007,0.024,Green Build,-0.002,399.0,0.025,,,0.024,MAINBOARD,Green Build,0.025,,,-7.692,,,,0.026,0.0,13548.8,,,2026-10-08 16:47:05,2026-10-09 00:47:05+0800
0.051,,P,0.05,,stocks,,0,0.0,,,,,,0.0,,,BLU,4.4,SGD,,20261008_091600,100,K,0.5,,,,,,20261006,0.045,GRP,-0.001,60.9,0.05,,,0.044,MAINBOARD,GRP,0.044,,,-1.961,,,,0.050,0.0,194.8,,,2026-10-08 16:47:05,2026-10-09 00:47:05+0800
0.2,,P,0.21,,stocks,,0,0.0,,,,,,0.0,,,BDX,1810.4,SGD,,20261008_091600,100,L,152.9,,,,,,20261007,0.210,GSH,0.01,143.0,0.21,,,0.195,MAINBOARD,GSH,0.195,,,5.0,,,,0.215,0.0,378350.0,,,2026-10-08 16:47:05,2026-10-09 00:47:05+0800
0.013,,P,0.012,,stocks,,0,0.0,,,,,,0.0,,,41F,4201.6,SGD,,20261008_091600,100,B,2340.1,,,,,,20261007,0.012,GSS Energy,-0.001,2672.0,0.013,,,0.012,CATALIST,GSS Energy,0.013,,,-7.692,,,,0.013,0.0,50819.2,,,2026-10-08 16:47:05,2026-10-09 00:47:05+0800
2.32,,P,2.32,,adrs,,0,0.0,13.0,,,,,0.0,,,TGUD,0.0,SGD,,20261008_085930,100,D,0.0,,,,,,,,Gulf Dev TH SDR 1to1,0.0,0.0,0.0,,,0.0,GLOBAL_QUOTE,Gulf Dev TH SDR 1to1,0.0,X,,0.0,,,,,0.0,0.0,0.0,,2026-10-08 16:47:05,2026-10-09 00:47:05+0800
2.23,,P,2.23,,stocks,,0,0.0,,,,,,0.0,,,F17,659.0,SGD,,20261008_091600,100,L,6.3,,,,,,20261007,2.230,GuocoLand,0.0,40.9,2.24,,,2.22,MAINBOARD,GuocoLand,2.23,,,0.0,,,CD,2.240,0.0,1469407.0,,,2026-10-08 16:47:05,2026-10-09 00:47:05+0800
0.01,,P,0.01,,stocks,,0,0.0,,,,,,0.0,,,5AI,11104.9,SGD,,20261008_091600,100,G,3.8,,,,,,20261007,0.009,H2G Green,0.0,10064.3,0.01,,,0.009,CATALIST,H2G Green,0.01,,,0.0,,,,0.010,0.0,100949.0,,,2026-10-08 16:47:05,2026-10-09 00:47:05+0800
0.006,,P,0.006,,companywarrants,,0,0.0,8.0,,,,,0.0,,,VLVW,0.0,SGD,,20261008_091600,100,,1950.2,,,,,,,0.005,H2G Green W271211,0.0,1150.0,0.0,,,0.0,CATALIST,H2G Green W271211,0.0,X,,0.0,,,,0.006,0.0,0.0,0.0,,2026-10-08 16:47:05,2026-10-09 00:47:05+0800
0.63,,P,0.63,,stocks,,0,0.0,,,,,,0.0,,,5VS,128.6,SGD,,20261008_091600,100,G,1571.5,,,,,,20261005,0.630,Hafary,0.0,21.9,0.635,,,0.63,MAINBOARD,Hafary,0.63,,,0.0,,,,0.635,0.0,81161.0,,,2026-10-08 16:47:05,2026-10-09 00:47:05+0800
0.41,,P,0.41,,stocks,,0,0.0,,,,,,0.0,,,5VJ,0.0,SGD,,20261008_091600,100,C,0.0,,,,,,20230421,,Halcyon Agri,0.0,0.0,0.0,SUSP,,0.0,MAINBOARD,Halcyon Agri,0.0,,,0.0,,,,,0.0,0.0,,,2026-10-08 16:47:05,2026-10-09 00:47:05+0800
13.0,,P,12.7,,stocks,,0,0.0,,,,,,0.0,,,H02,431.57,SGD,,20261008_091600,10,C,8.58,,,,,,20261007,12.700,Haw Par,-0.3,0.06,13.03,,,12.7,MAINBOARD,Haw Par,13.0,,,-2.308,,,,12.730,0.0,5515374.0,,,2026-10-08 16:47:05,2026-10-09 00:47:05+0800
0.365,,P,0.365,,stocks,,0,0.0,,,,,,0.0,,,1B1,0.0,SGD,,20261008_091600,100,Q,6.0,,,,,,20261007,0.355,HC Surgical,0.0,7.0,0.0,,,0.0,CATALIST,HC Surgical,0.0,,,0.0,,,CD,0.365,0.0,0.0,,,2026-10-08 16:47:05,2026-10-09 00:47:05+0800
0.13,,P,0.13,,stocks,,0,0.0,,,,,,0.0,,,40B,10.6,SGD,,20261008_091600,100,M,12.6,,,,,,20261007,0.062,HealthBank,0.0,4.4,0.13,,,0.13,CATALIST,HealthBank,0.13,,,0.0,,,,0.130,0.0,1378.0,,,2026-10-08 16:47:05,2026-10-09 00:47:05+0800
0.032,,P,0.032,,stocks,,0,0.0,,,,,,0.0,,,5OR,0.0,SGD,,20261008_091600,100,C,271.0,,,,,,20261007,0.032,Heatec Jietong,0.0,100.0,0.0,,,0.0,CATALIST,Heatec Jietong,0.0,,,0.0,,,,0.050,0.0,0.0,,,2026-10-08 16:47:05,2026-10-09 00:47:05+0800
0.205,,P,0.205,,stocks,,0,0.0,,,,,,0.0,,,5DP,20.0,SGD,,20261008_091600,100,L,40.6,,,,,,20261006,0.200,Heeton,0.0,30.0,0.205,,,0.205,MAINBOARD,Heeton,0.205,,,0.0,,,,0.210,0.0,4100.0,,,2026-10-08 16:47:05,2026-10-09 00:47:05+0800
0.24,,S,0.24,,stocks,,0,0.0,,,,Developed,None,0.0,,HKEX,HLS,0.0,SGD,,20261008_091600,100,I,5.7,,,,,,20260820,0.087,Helens,0.0,0.0,0.0,,,0.0,MAINBOARD,Helens,0.0,,,0.0,,,,,0.0,0.0,,,2026-10-08 16:47:05,2026-10-09 00:47:05+0800
0.15,,P,0.15,,stocks,,0,0.0,,,,,,0.0,,,5PD,0.0,SGD,,20261008_091600,100,H,0.0,,,,,,20250821,,Hengyang Petro,0.0,0.0,0.0,SUSP,,0.0,CATALIST,Hengyang Petro,0.0,,,0.0,,,,,0.0,0.0,,,2026-10-08 16:47:05,2026-10-09 00:47:05+0800
0.125,,P,0.125,,stocks,,0,0.0,,,,,,0.0,,,8A1,0.0,SGD,,20261008_091600,100,C,1.2,,,,,,20261007,0.120,Heptamax,0.0,50.0,0.0,,,0.0,MAINBOARD,Heptamax,0.0,,,0.0,,,,0.150,0.0,0.0,,,2026-10-08 16:47:05,2026-10-09 00:47:05+0800
0.42,,P,0.415,,stocks,,0,0.0,,,,,,0.0,,,BTG,46.8,SGD,,20261008_091600,100,G,5.0,,,,,,20261007,0.420,HG Metal,-0.005,16.8,0.415,,,0.41,MAINBOARD,HG Metal,0.41,,,-1.19,,,,0.450,0.0,19421.0,,,2026-10-08 16:47:05,2026-10-09 00:47:05+0800
0.016,,P,0.015,,stocks,,0,0.0,,,,,,0.0,,,5GZ,3799.8,SGD,,20261008_091600,100,C,9489.0,,,,,,20261007,0.014,HGH,-0.001,1.2,0.015,,,0.015,CATALIST,HGH,0.015,,,-6.25,,,,0.015,0.0,56997.0,,,2026-10-08 16:47:05,2026-10-09 00:47:05+0800
0.56,,P,0.56,,stocks,,0,0.0,,,,,,0.0,,,5JK,0.2,SGD,,20261008_091600,100,L,10.0,,,,,,20261005,0.555,Hiap Hoe,0.0,10.4,0.56,,,0.56,MAINBOARD,Hiap Hoe,0.56,,,0.0,,,,0.600,0.0,112.0,,,2026-10-08 16:47:05,2026-10-09 00:47:05+0800
0.017,,P,0.015,,stocks,,0,0.0,,,,,,0.0,,,1L2,46317.6,SGD,,20261008_091600,100,K,17664.8,,,,,,20261007,0.015,Hiap Seng Ind,-0.002,11511.1,0.017,,,0.015,MAINBOARD,Hiap Seng Ind,0.016,,,-11.765,,,,0.016,0.0,729643.8,,,2026-10-08 16:47:05,2026-10-09 00:47:05+0800
0.095,,P,0.095,,stocks,,0,0.0,,,,,,0.0,,,5PO,0.0,SGD,,20261008_091600,100,N,0.2,,,,,,20260918,0.091,Hiap Tong,0.0,5.1,0.0,,,0.0,CATALIST,Hiap Tong,0.0,,,0.0,,,,0.095,0.0,0.0,,,2026-10-08 16:47:05,2026-10-09 00:47:05+0800
0.0,,P,0.0,0.0,dlcertificates,0.0,0,0.0,25.0,2029-03-06,,,,0.0,,,IGZW,0.0,SGD,,20261008_091600,100,,0.0,0.0,,@,,,,,HK Land 5xLongSG290306,0.0,0.0,0.0,,,0.0,MAINBOARD,HK Land 5xLongSG290306,0.0,,,0.0,,,,,1.136,0.0,5.0,,2026-10-08 16:47:05,2026-10-09 00:47:05+0800
0.245,,P,0.25,0.0,dlcertificates,0.0,0,0.0,25.0,2027-02-16,,,,0.0,,,ENTW,24.0,SGD,,20261008_091600,100,,0.0,0.0,,@,,,,,HKEx 5xLongSG270216,-0.005,8.8,0.255,,,0.25,MAINBOARD,HKEx 5xLongSG270216,0.255,,,-1.961,,,,0.360,0.255,6095.0,5.0,,2026-10-08 16:47:05,2026-10-09 00:47:05+0800
0.4,,P,0.4,0.0,dlcertificates,0.0,0,0.0,25.0,2027-06-30,,,,0.0,,,UZHW,0.0,SGD,,20261008_091600,100,,0.0,0.0,,@,,,,,HKEx 5xLongUB270630,0.0,0.0,0.0,,,0.0,MAINBOARD,HKEx 5xLongUB270630,0.0,,,0.0,,,,,0.394,0.0,5.0,,2026-10-08 16:47:05,2026-10-09 00:47:05+0800
0.695,,P,0.695,0.0,dlcertificates,0.0,0,0.0,26.0,2028-01-20,,,,0.0,,,9LTW,0.0,SGD,,20261008_091600,100,,0.0,0.0,,@,,,,,HKEx 5xShortSG280120,0.0,0.0,0.0,,,0.0,MAINBOARD,HKEx 5xShortSG280120,0.0,,,0.0,,,,,0.678,0.0,5.0,,2026-10-08 16:47:05,2026-10-09 00:47:05+0800
0.35,,P,0.34,,stocks,,0,0.0,,,,,,0.0,,,AVX,35.1,SGD,,20261008_091600,100,I,0.1,,,,,,20261006,0.305,HL Global Ent,-0.01,13.7,0.34,,,0.3,MAINBOARD,HL Global Ent,0.31,,,-2.857,,,,0.345,0.0,10909.0,,,2026-10-08 16:47:05,2026-10-09 00:47:05+0800
1.91,,P,1.91,,stocks,,0,0.0,,,,,,0.0,,,H13,80.3,SGD,,20261008_091600,100,L,54.2,,,,,,20261007,1.910,Ho Bee Land,0.0,2.9,1.92,,,1.91,MAINBOARD,Ho Bee Land,1.91,,,0.0,,,,1.920,0.0,153573.0,,,2026-10-08 16:47:05,2026-10-09 00:47:05+0800
0.26,,P,0.265,,stocks,,0,0.0,,,,,,0.0,,,J2T,71.3,SGD,,20261008_091600,100,F,34.4,,,,,,20261007,0.260,Hock Lian Seng,0.005,49.7,0.265,,,0.26,MAINBOARD,Hock Lian Seng,0.26,,,1.923,,,,0.270,0.0,18638.0,,,2026-10-08 16:47:05,2026-10-09 00:47:05+0800
0.001,,P,0.001,,stocks,,0,0.0,,,,,,0.0,,,H20,0.1,SGD,,20261008_091600,100,G,0.0,,,,,,20261006,,Hoe Leong,0.0,65983.6,0.001,,,0.001,MAINBOARD,Hoe Leong,0.001,,,0.0,,,,0.001,0.0,0.1,,,2026-10-08 16:47:05,2026-10-09 00:47:05+0800
0.945,,P,0.94,,stocks,,0,0.0,,,,,,0.0,,,H30,1168.7,SGD,,20261008_091600,100,L,13.7,,,,,,20261007,0.940,Hong Fok,-0.005,13.3,0.95,,,0.93,MAINBOARD,Hong Fok,0.94,,,-0.529,,,,0.945,0.0,1103074.5,,,2026-10-08 16:47:05,2026-10-09 00:47:05+0800
0.067,,P,0.064,,stocks,,0,0.0,,,,,,0.0,,,CTO,823.7,SGD,,20261008_091600,100,L,38.5,,,,,,20261007,0.062,Hong Lai Huat,-0.003,314.0,0.067,,,0.062,MAINBOARD,Hong Lai Huat,0.067,,,-4.478,,,,0.064,0.0,53800.1,,,2026-10-08 16:47:05,2026-10-09 00:47:05+0800
2.71,,P,2.58,,stocks,,0,0.0,,,,,,0.0,,,H22,4158.2,SGD,,20261008_091600,100,C,46.6,,,,,,20261007,2.580,Hong Leong Asia,-0.13,44.6,2.68,,,2.58,MAINBOARD,Hong Leong Asia,2.68,,,-4.797,,,,2.590,0.0,10832264.0,,,2026-10-08 16:47:05,2026-10-09 00:47:05+0800
2.44,,P,2.42,,stocks,,0,0.0,,,,,,0.0,,,S41,91.7,SGD,,20261008_091600,100,K,7.2,,,,,,20261007,2.410,Hong Leong Fin,-0.02,7.9,2.44,,,2.4,MAINBOARD,Hong Leong Fin,2.44,,,-0.82,,,,2.420,0.0,222104.0,,,2026-10-08 16:47:05,2026-10-09 00:47:05+0800
8.28,,S,8.06,,stocks,,0,0.0,,,,Developed,None#,0.0,,LSE,H78,2540.5,USD,,20261008_091600,100,L,6.6,,,,,,20261007,8.050,HongkongLand USD,-0.22,14.6,8.39,,,8.05,MAINBOARD,HongkongLand USD,8.39,,,-2.657,,,,8.060,0.0,20760168.0,,,2026-10-08 16:47:05,2026-10-09 00:47:05+0800
1.27,,P,1.24,,stocks,,0,0.0,,,,,,0.0,,,BBP,4.0,SGD,,20261008_091600,100,F,12.6,,,,,,20261007,1.200,Hor Kew,-0.03,2.7,1.24,,,1.23,MAINBOARD,Hor Kew,1.24,,,-2.362,,,,1.240,0.0,4958.0,,,2026-10-08 16:47:05,2026-10-09 00:47:05+0800
0.65,,P,0.645,,adrs,,0,0.0,13.0,,,,,0.0,,,HHZD,985.2,SGD,,20261008_090000,100,C,0.0,,,,,,,,HorizonRobo HK SDR1to1,-0.005,0.5,0.665,,,0.64,GLOBAL_QUOTE,HorizonRobo HK SDR1to1,0.66,X,,-0.769,,,,0.670,0.0,639985.0,0.0,,2026-10-08 16:47:05,2026-10-09 00:47:05+0800
0.061,,P,0.061,,stocks,,0,0.0,,,,,,0.0,,,5EV,0.5,SGD,,20261008_091600,100,G,71.5,,,,,,20261006,0.061,Hosen,0.0,0.5,0.061,,,0.061,CATALIST,Hosen,0.061,,,0.0,,,,0.062,0.0,30.5,,,2026-10-08 16:47:05,2026-10-09 00:47:05+0800
0.69,,P,0.71,,stocks,,0,0.0,,,,,,0.0,,,H18,15.4,SGD,,20261008_091600,100,I,0.2,,,,,,20261007,0.690,Hotel Grand,0.02,25.3,0.71,,,0.69,MAINBOARD,Hotel Grand,0.705,,,2.899,,,,0.710,0.0,10782.5,,,2026-10-08 16:47:05,2026-10-09 00:47:05+0800
2.04,,P,2.03,,stocks,,0,0.0,,,,,,0.0,,,H12,1.0,SGD,,20261008_091600,100,I,0.2,,,,,,20261005,1.980,Hotel Royal,-0.01,1.0,2.03,,,2.03,MAINBOARD,Hotel Royal,2.03,,,-0.49,,,,2.030,0.0,2030.0,,,2026-10-08 16:47:05,2026-10-09 00:47:05+0800
1.5,,P,1.53,,stocks,,0,0.0,,,,,,0.0,,,BLS,70.8,SGD,,20261008_091600,100,K,3.0,,,,,,20261007,1.510,Hotung Inv,0.03,3.0,1.55,,,1.5,MAINBOARD,Hotung Inv,1.55,,,2.0,,,,1.540,0.0,108659.0,,,2026-10-08 16:47:05,2026-10-09 00:47:05+0800
0.275,,P,0.27,,businesstrusts,,0,0.0,,,,,,0.0,,,P7VU,523.3,SGD,,20261008_091600,100,H,2523.0,,,,,,,0.265,HPH Trust SGD,-0.005,11.4,0.275,,,0.265,MAINBOARD,HPH Trust SGD,0.27,X,,-1.818,,,,0.270,0.0,141246.5,,,2026-10-08 16:47:05,2026-10-09 00:47:05+0800
0.22,,P,0.215,,businesstrusts,,0,0.0,,,,,,0.0,,,NS8U,7036.7,USD,,20261008_091600,100,H,6308.0,,,,,,,0.210,HPH Trust USD,-0.005,7944.4,0.22,,,0.21,MAINBOARD,HPH Trust USD,0.215,X,,-2.273,,,,0.215,0.0,1507011.0,,,2026-10-08 16:47:05,2026-10-09 00:47:05+0800
4.55,,P,4.55,,stocks,,0,0.0,,,,,,0.0,,,H15,54.9,SGD,,20261008_091600,100,I,5.0,,,,,,20261007,4.520,HPL,0.0,0.2,4.55,,,4.53,MAINBOARD,HPL,4.54,,,0.0,,,,4.610,0.0,248965.0,,,2026-10-08 16:47:05,2026-10-09 00:47:05+0800
0.695,,P,0.69,,stocks,,0,0.0,,,,,,0.0,,,CHZ,729.5,SGD,,20261008_091600,100,N,81.5,,,,,,20261007,0.690,HRnetGroup,-0.005,72.0,0.7,,,0.69,MAINBOARD,HRnetGroup,0.7,,,-0.719,,,,0.695,0.0,504191.5,,,2026-10-08 16:47:05,2026-10-09 00:47:05+0800
0.006,,P,0.005,,stocks,,0,0.0,,,,,,0.0,,,504,1154.7,SGD,,20261008_091600,100,C,2899.3,,,,,,20261007,0.005,HS Optimus,-0.001,62837.2,0.006,,,0.005,CATALIST,HS Optimus,0.006,,,-16.667,,,,0.006,0.0,6372.7,,,2026-10-08 16:47:05,2026-10-09 00:47:05+0800
4.21,,P,3.38,0.0,dlcertificates,0.0,0,0.0,25.0,2027-07-30,,,,0.0,,,XPJW,0.5,SGD,,20261008_091600,100,,0.0,0.0,,@,,,,,HSBC 5xLongUB270730,-0.588,0.0,3.38,,,3.38,MAINBOARD,HSBC 5xLongUB270730,3.38,,,-14.819,,,,,3.968,1690.0,5.0,,2026-10-08 16:47:05,2026-10-09 00:47:05+0800
0.033,,P,0.033,0.0,dlcertificates,0.0,0,0.0,26.0,2027-07-30,,,,0.0,,,47KW,0.0,SGD,,20261008_091600,100,,0.0,0.0,,@,,,,,HSBC 5xShortUB270730,0.0,0.0,0.0,,,0.0,MAINBOARD,HSBC 5xShortUB270730,0.0,,,0.0,,,,,0.023,0.0,5.0,,2026-10-08 16:47:05,2026-10-09 00:47:05+0800
4.9,,P,4.67,,adrs,,0,0.0,13.0,,,,,0.0,,,HSHD,312.9,SGD,,20261008_090352,100,K,4.2,,,,,,,4.670,HSBC HK SDR 5to1,-0.23,0.1,4.89,,,4.65,GLOBAL_QUOTE,HSBC HK SDR 5to1,4.89,X,,-4.694,,,,4.690,0.0,1473608.0,0.0,,2026-10-08 16:47:05,2026-10-09 00:47:05+0800
0.167,,P,0.157,0.0,dlcertificates,0.0,0,0.0,25.0,2027-11-16,,,,0.0,,,VSQW,680.0,SGD,,20261008_091600,100,,0.0,0.0,,@,,,,,HSCEI 7xLongSG271116,-0.005,0.0,0.171,,,0.157,MAINBOARD,HSCEI 7xLongSG271116,0.159,,,-3.086,,,,,0.162,112980.0,7.0,,2026-10-08 16:47:05,2026-10-09 00:47:05+0800
0.42,,P,0.42,0.0,dlcertificates,0.0,0,0.0,25.0,2027-04-30,,,,0.0,,,SSLW,0.0,SGD,,20261008_091600,100,,0.0,0.0,,@,,,,,HSCEI 7xLongUB270430,0.0,0.0,0.0,,,0.0,MAINBOARD,HSCEI 7xLongUB270430,0.0,,,0.0,,,,,0.285,0.0,7.0,,2026-10-08 16:47:05,2026-10-09 00:47:05+0800
0.04,,P,0.04,0.0,dlcertificates,0.0,0,0.0,26.0,2026-11-05,,,,0.0,,,48QW,0.0,SGD,,20261008_091600,100,,0.0,0.0,,@,,,,,HSCEI 7xShortSG261105,0.0,0.0,0.0,,,0.0,MAINBOARD,HSCEI 7xShortSG261105,0.0,,,0.0,,,,,0.022,0.0,7.0,,2026-10-08 16:47:05,2026-10-09 00:47:05+0800
1.32,,P,1.4,0.0,dlcertificates,0.0,0,0.0,26.0,2028-04-06,,,,0.0,,,CVSW,40.0,SGD,,20261008_091600,100,,0.0,0.0,,@,,,,,HSCEI 7xShortSG280406,0.106,0.0,1.4,,,1.285,MAINBOARD,HSCEI 7xShortSG280406,1.285,,,8.192,,,,,1.294,53700.0,7.0,,2026-10-08 16:47:05,2026-10-09 00:47:05+0800
0.385,,P,0.385,0.0,dlcertificates,0.0,0,0.0,26.0,2027-06-30,,,,0.0,,,TBGW,0.0,SGD,,20261008_091600,100,,0.0,0.0,,@,,,,,HSCEI 7xShortUB270630,0.0,0.0,0.0,,,0.0,MAINBOARD,HSCEI 7xShortUB270630,0.0,,,0.0,,,,,0.361,0.0,7.0,,2026-10-08 16:47:05,2026-10-09 00:47:05+0800
0.172,,P,0.172,,structuredwarrants,,0,0.0,16.0,2026-12-30,,,,21000.0,,,IREW,0.0,SGD,,20261008_091600,100,,0.0,,,@,,,,,HSI 21000MBeCW261230,0.0,0.0,0.0,,,0.0,MAINBOARD,HSI 21000MBeCW261230,0.0,,3500:1,0.0,,,,,0.0,0.0,0.0,,2026-10-08 16:47:05,2026-10-09 00:47:05+0800
0.0,,P,0.06,,structuredwarrants,,0,0.0,17.0,2026-12-30,,,,21400.0,,,9XBW,10400.2,SGD,,20261008_091600,100,,0.0,,,@,,,,,HSI 21400MBePW261230,0.0,0.0,0.062,,,0.052,MAINBOARD,HSI 21400MBePW261230,0.052,,1200:1,0.0,,,,,0.0,594811.6,0.0,,2026-10-08 16:47:05,2026-10-09 00:47:05+0800
0.039,,P,0.047,,structuredwarrants,,0,0.0,17.0,2026-11-27,,,,21800.0,,,UTAW,27576.0,SGD,,20261008_091600,100,,50.0,,,@,,,,0.020,HSI 21800MBePW261127,0.008,0.0,0.048,,,0.039,MAINBOARD,HSI 21800MBePW261127,0.044,,1200:1,20.513,,,,,0.0,1222775.7,0.0,,2026-10-08 16:47:05,2026-10-09 00:47:05+0800
0.018,,P,0.023,,structuredwarrants,,0,0.0,17.0,2026-10-29,,,,22200.0,,,WHYW,4600.0,SGD,,20261008_091600,100,,0.0,,,@,,,,,HSI 22200MBePW261029,0.005,0.0,0.025,,,0.018,MAINBOARD,HSI 22200MBePW261029,0.021,,1200:1,27.778,,,,,0.0,101100.0,0.0,,2026-10-08 16:47:05,2026-10-09 00:47:05+0800
0.019,,P,0.024,,structuredwarrants,,0,0.0,17.0,2026-11-27,,,,22400.0,,,9XSW,2.4,SGD,,20261008_091600,100,,100.0,,,@,,,,0.010,HSI 22400MBePW261127,0.005,0.0,0.024,,,0.024,MAINBOARD,HSI 22400MBePW261127,0.024,,3500:1,26.316,,,,,0.0,57.6,0.0,,2026-10-08 16:47:05,2026-10-09 00:47:05+0800
0.061,,P,0.072,,structuredwarrants,,0,0.0,17.0,2026-11-27,,,,22600.0,,,ZH5W,5881.0,SGD,,20261008_091600,100,,10.0,,,@,,,,0.065,HSI 22600MBePW261127,0.011,30.0,0.075,,,0.06,MAINBOARD,HSI 22600MBePW261127,0.064,,1200:1,18.033,,,,0.083,0.0,380493.0,0.0,,2026-10-08 16:47:05,2026-10-09 00:47:05+0800
0.036,,P,0.047,,structuredwarrants,,0,0.0,17.0,2026-10-29,,,,23000.0,,,JTDW,12357.5,SGD,,20261008_091600,100,,0.0,,,@,,,,,HSI 23000MBePW261029,0.011,0.0,0.047,,,0.034,MAINBOARD,HSI 23000MBePW261029,0.04,,1200:1,30.556,,,,,0.0,477378.0,0.0,,2026-10-08 16:47:05,2026-10-09 00:47:05+0800
0.093,,P,0.092,,structuredwarrants,,0,0.0,17.0,2026-11-27,,,,23400.0,,,VADW,200.0,SGD,,20261008_091600,100,,20.0,,,@,,,,0.050,HSI 23400MBePW261127,-0.001,0.0,0.094,,,0.092,MAINBOARD,HSI 23400MBePW261127,0.094,,1200:1,-1.075,,,,,0.0,18600.0,0.0,,2026-10-08 16:47:05,2026-10-09 00:47:05+0800
0.039,,P,0.029,,structuredwarrants,,0,0.0,16.0,2026-10-29,,,,23800.0,,,HSEW,9726.9,SGD,,20261008_091600,100,,0.0,,,@,,,,,HSI 23800MBeCW261029,-0.01,150.0,0.038,,,0.029,MAINBOARD,HSI 23800MBeCW261029,0.034,,3500:1,-25.641,,,,0.030,0.0,323688.9,0.0,,2026-10-08 16:47:05,2026-10-09 00:47:05+0800
0.07,,P,0.088,,structuredwarrants,,0,0.0,17.0,2026-10-29,,,,23800.0,,,NPJW,350.0,SGD,,20261008_091600,100,,0.0,,,@,,,,,HSI 23800MBePW261029,0.018,10.0,0.09,,,0.084,MAINBOARD,HSI 23800MBePW261029,0.084,,1200:1,25.714,,,,0.090,0.0,30200.0,0.0,,2026-10-08 16:47:05,2026-10-09 00:47:05+0800
0.101,,P,0.097,,structuredwarrants,,0,0.0,16.0,2027-03-30,,,,24200.0,,,XADW,200.0,SGD,,20261008_091600,100,,35.0,,,@,,,,0.030,HSI 24200MBeCW270330,-0.004,0.0,0.097,,,0.097,MAINBOARD,HSI 24200MBeCW270330,0.097,,3500:1,-3.96,,,,,0.0,19400.0,0.0,,2026-10-08 16:47:05,2026-10-09 00:47:05+0800
0.086,,P,0.09,,structuredwarrants,,0,0.0,17.0,2026-12-30,,,,25000.0,,,YABW,743.2,SGD,,20261008_091600,100,,0.0,,,@,,,,,HSI 25000MBePW261230,0.004,0.0,0.091,,,0.088,MAINBOARD,HSI 25000MBePW261230,0.091,,3500:1,4.651,,,,,0.0,66521.4,0.0,,2026-10-08 16:47:05,2026-10-09 00:47:05+0800
0.0,,P,0.0,,structuredwarrants,,0,0.0,16.0,2026-12-30,,,,25600.0,,,LFJW,0.0,SGD,,20261008_091600,100,,0.0,,,@,,,,,HSI 25600MBeCW261230,0.0,0.0,0.0,,,0.0,MAINBOARD,HSI 25600MBeCW261230,0.0,,1200:1,0.0,,,,,0.0,0.0,0.0,,2026-10-08 16:47:05,2026-10-09 00:47:05+0800
0.009,,P,0.004,,structuredwarrants,,0,0.0,16.0,2026-10-29,,,,26400.0,,,XGDW,1885.0,SGD,,20261008_091600,100,,0.0,,,@,,,,,HSI 26400MBeCW261029,-0.005,0.0,0.005,,,0.004,MAINBOARD,HSI 26400MBeCW261029,0.005,,1200:1,-55.556,,,,,0.0,9375.0,0.0,,2026-10-08 16:47:05,2026-10-09 00:47:05+0800
0.0,,P,0.057,,structuredwarrants,,0,0.0,16.0,2026-12-30,,,,26400.0,,,UCUW,2300.0,SGD,,20261008_091600,100,,0.0,,,@,,,,,HSI 26400MBeCW261230,0.0,0.0,0.07,,,0.057,MAINBOARD,HSI 26400MBeCW261230,0.069,,1200:1,0.0,,,,,0.0,145250.0,0.0,,2026-10-08 16:47:05,2026-10-09 00:47:05+0800
0.031,,P,0.022,,structuredwarrants,,0,0.0,16.0,2026-11-27,,,,26800.0,,,JEBW,10372.0,SGD,,20261008_091600,100,,120.0,,,@,,,,0.021,HSI 26800MBeCW261127,-0.009,61.4,0.03,,,0.021,MAINBOARD,HSI 26800MBeCW261127,0.026,,1200:1,-29.032,,,,0.026,0.0,273475.0,0.0,,2026-10-08 16:47:05,2026-10-09 00:47:05+0800
0.0,,P,0.0,,structuredwarrants,,0,0.0,17.0,2027-03-30,,,,26800.0,,,URNW,0.0,SGD,,20261008_091600,100,,30.0,,,@,,,,0.035,HSI 26800MBePW270330,0.0,0.0,0.0,,,0.0,MAINBOARD,HSI 26800MBePW270330,0.0,,3500:1,0.0,,,,,0.0,0.0,0.0,,2026-10-08 16:47:05,2026-10-09 00:47:05+0800
0.003,,P,0.003,,structuredwarrants,,0,0.0,16.0,2026-10-29,,,,27200.0,,,WGHW,0.0,SGD,,20261008_091600,100,,0.0,,,@,,,,,HSI 27200MBeCW261029,0.0,155.8,0.0,,,0.0,MAINBOARD,HSI 27200MBeCW261029,0.0,,1200:1,0.0,,,,0.033,0.0,0.0,0.0,,2026-10-08 16:47:05,2026-10-09 00:47:05+0800
0.0,,P,0.045,,structuredwarrants,,0,0.0,16.0,2026-12-30,,,,27200.0,,,LVQW,14608.2,SGD,,20261008_091600,100,,0.0,,,@,,,,,HSI 27200MBeCW261230,0.0,0.0,0.05,,,0.042,MAINBOARD,HSI 27200MBeCW261230,0.049,,1200:1,0.0,,,,,0.0,694570.0,0.0,,2026-10-08 16:47:05,2026-10-09 00:47:05+0800
0.019,,P,0.013,,structuredwarrants,,0,0.0,16.0,2026-11-27,,,,27600.0,,,HNUW,990.0,SGD,,20261008_091600,100,,85.0,,,@,,,,0.012,HSI 27600MBeCW261127,-0.006,50.0,0.016,,,0.013,MAINBOARD,HSI 27600MBeCW261127,0.016,,1200:1,-31.579,,,,0.025,0.0,13780.0,0.0,,2026-10-08 16:47:05,2026-10-09 00:47:05+0800
0.004,,P,0.004,,structuredwarrants,,0,0.0,16.0,2026-10-29,,,,28000.0,,,9QDW,0.0,SGD,,20261008_091600,100,,0.0,,,@,,,,,HSI 28000MBeCW261029,0.0,1000.0,0.0,,,0.0,MAINBOARD,HSI 28000MBeCW261029,0.0,,1200:1,0.0,,,,0.004,0.0,0.0,0.0,,2026-10-08 16:47:05,2026-10-09 00:47:05+0800
0.156,,P,0.156,,structuredwarrants,,0,0.0,17.0,2026-10-29,,,,28200.0,,,PUHW,0.0,SGD,,20261008_091600,100,,0.0,,,@,,,,,HSI 28200MBePW261029,0.0,0.0,0.0,,,0.0,MAINBOARD,HSI 28200MBePW261029,0.0,,3500:1,0.0,,,,,0.0,0.0,0.0,,2026-10-08 16:47:05,2026-10-09 00:47:05+0800
0.013,,P,0.013,,structuredwarrants,,0,0.0,16.0,2026-11-27,,,,28400.0,,,VX3W,0.0,SGD,,20261008_091600,100,,0.0,,,@,,,,,HSI 28400MBeCW261127,0.0,0.0,0.0,,,0.0,MAINBOARD,HSI 28400MBeCW261127,0.0,,1200:1,0.0,,,,,0.0,0.0,0.0,,2026-10-08 16:47:05,2026-10-09 00:47:05+0800
0.009,,P,0.009,,structuredwarrants,,0,0.0,16.0,2026-10-29,,,,29600.0,,,PEKW,0.0,SGD,,20261008_091600,100,,0.0,,,@,,,,,HSI 29600MBeCW261029,0.0,0.0,0.0,,,0.0,MAINBOARD,HSI 29600MBeCW261029,0.0,,1200:1,0.0,,,,,0.0,0.0,0.0,,2026-10-08 16:47:05,2026-10-09 00:47:05+0800
0.01,,P,0.01,,structuredwarrants,,0,0.0,16.0,2026-11-27,,,,30000.0,,,XVVW,0.0,SGD,,20261008_091600,100,,0.0,,,@,,,,,HSI 30000MBeCW261127,0.0,0.0,0.0,,,0.0,MAINBOARD,HSI 30000MBeCW261127,0.0,,3500:1,0.0,,,,,0.0,0.0,0.0,,2026-10-08 16:47:05,2026-10-09 00:47:05+0800
1.08,,P,1.035,0.0,dlcertificates,0.0,0,0.0,25.0,2028-03-09,,,,0.0,,,B00W,702.6,SGD,,20261008_091600,100,,0.0,0.0,,@,,,,,HSI 3xLongSG280309,-0.038,80.0,1.075,,,1.035,MAINBOARD,HSI 3xLongSG280309,1.065,,,-3.541,,,,1.135,1.073,747802.0,3.0,,2026-10-08 16:47:05,2026-10-09 00:47:05+0800
0.625,,P,0.625,0.0,dlcertificates,0.0,0,0.0,26.0,2028-03-09,,,,0.0,,,VXRW,0.0,SGD,,20261008_091600,100,,0.0,0.0,,@,,,,,HSI 3xShortSG280309,0.0,0.0,0.0,,,0.0,MAINBOARD,HSI 3xShortSG280309,0.0,,,0.0,,,,,0.679,0.0,3.0,,2026-10-08 16:47:05,2026-10-09 00:47:05+0800
0.755,,P,0.75,0.0,dlcertificates,0.0,0,0.0,25.0,2026-10-29,,,,0.0,,,CVMW,280.0,SGD,,20261008_091600,100,,0.0,0.0,,@,,,,,HSI 5xLongSG261029,-0.001,0.0,0.755,,,0.725,MAINBOARD,HSI 5xLongSG261029,0.725,,,-0.133,,,,,0.751,208200.0,5.0,,2026-10-08 16:47:05,2026-10-09 00:47:05+0800
0.79,,P,0.75,0.0,dlcertificates,0.0,0,0.0,25.0,2028-05-24,,,,0.0,,,RBKW,280.1,SGD,,20261008_091600,100,,0.0,0.0,,@,,,,,HSI 5xLongSG280524,-0.027,0.0,0.785,,,0.75,MAINBOARD,HSI 5xLongSG280524,0.765,,,-3.475,,,,,0.777,217313.5,5.0,,2026-10-08 16:47:05,2026-10-09 00:47:05+0800
1.59,,P,1.59,0.0,dlcertificates,0.0,0,0.0,25.0,2027-08-31,,,,0.0,,,PGBW,0.0,SGD,,20261008_091600,100,,0.0,0.0,,@,,,,,HSI 5xLongUB270831,0.0,0.0,0.0,,,0.0,MAINBOARD,HSI 5xLongUB270831,0.0,,,0.0,,,,,1.627,0.0,5.0,,2026-10-08 16:47:05,2026-10-09 00:47:05+0800
0.01,,P,0.01,0.0,dlcertificates,0.0,0,0.0,26.0,2026-10-29,,,,0.0,,,CZRW,0.0,SGD,,20261008_091600,100,,0.0,0.0,,@,,,,,HSI 5xShortSG261029,0.0,0.0,0.0,,,0.0,MAINBOARD,HSI 5xShortSG261029,0.0,,,0.0,,,,,0.011,0.0,5.0,,2026-10-08 16:47:05,2026-10-09 00:47:05+0800
0.24,,P,0.24,0.0,dlcertificates,0.0,0,0.0,26.0,2028-03-30,,,,0.0,,,WIEW,0.0,SGD,,20261008_091600,100,,0.0,0.0,,@,,,,,HSI 5xShortSG280330,0.0,0.0,0.0,,,0.0,MAINBOARD,HSI 5xShortSG280330,0.0,,,0.0,,,,,0.26,0.0,5.0,,2026-10-08 16:47:05,2026-10-09 00:47:05+0800
0.71,,P,0.71,0.0,dlcertificates,0.0,0,0.0,26.0,2027-02-26,,,,0.0,,,LOAW,0.0,SGD,,20261008_091600,100,,0.0,0.0,,@,,,,,HSI 5xShortUB270226,0.0,0.0,0.0,,,0.0,MAINBOARD,HSI 5xShortUB270226,0.0,,,0.0,,,,,0.434,0.0,5.0,,2026-10-08 16:47:05,2026-10-09 00:47:05+0800
0.585,,P,0.53,0.0,dlcertificates,0.0,0,0.0,25.0,2027-06-23,,,,0.0,,,ZOGW,464.3,SGD,,20261008_091600,100,,0.0,0.0,,@,,,,,HSI 7xLongSG270623,-0.05,15.0,0.59,,,0.52,MAINBOARD,HSI 7xLongSG270623,0.555,,,-8.621,,,,0.590,0.58,262966.5,7.0,,2026-10-08 16:47:05,2026-10-09 00:47:05+0800
0.21,,P,0.188,0.0,dlcertificates,0.0,0,0.0,25.0,2027-11-16,,,,0.0,,,TNUW,365.0,SGD,,20261008_091600,100,,3.0,0.0,,@,,,,0.180,HSI 7xLongSG271116,-0.017,5.0,0.205,,,0.185,MAINBOARD,HSI 7xLongSG271116,0.205,,,-8.293,,0.195,,0.210,0.205,70835.0,7.0,,2026-10-08 16:47:05,2026-10-09 00:47:05+0800
0.315,,P,0.315,0.0,dlcertificates,0.0,0,0.0,25.0,2027-02-26,,,,0.0,,,XH2W,0.0,SGD,,20261008_091600,100,,0.0,0.0,,@,,,,,HSI 7xLongUB270226,0.0,0.0,0.0,,,0.0,MAINBOARD,HSI 7xLongUB270226,0.0,,,0.0,,,,,0.236,0.0,7.0,,2026-10-08 16:47:05,2026-10-09 00:47:05+0800
0.46,,P,0.4,0.0,dlcertificates,0.0,0,0.0,25.0,2028-03-31,,,,0.0,,,50SW,16.0,SGD,,20261008_091600,100,,0.0,0.0,,@,,,,,HSI 7xLongUB280331,-0.043,0.0,0.445,,,0.4,MAINBOARD,HSI 7xLongUB280331,0.445,,,-9.707,,,,,0.443,6780.0,7.0,,2026-10-08 16:47:05,2026-10-09 00:47:05+0800
0.014,,P,0.014,0.0,dlcertificates,0.0,0,0.0,26.0,2026-11-05,,,,0.0,,,VHXW,0.0,SGD,,20261008_091600,100,,0.0,0.0,,@,,,,,HSI 7xShortSG261105,0.0,0.0,0.0,,,0.0,MAINBOARD,HSI 7xShortSG261105,0.0,,,0.0,,,,,0.015,0.0,7.0,,2026-10-08 16:47:05,2026-10-09 00:47:05+0800
0.091,,P,0.1,0.0,dlcertificates,0.0,0,0.0,26.0,2027-03-09,,,,0.0,,,EUCW,2321.5,SGD,,20261008_091600,100,,0.0,0.0,,@,,,,,HSI 7xShortSG270309,0.011,0.0,0.1,,,0.09,MAINBOARD,HSI 7xShortSG270309,0.093,,,12.36,,,,,0.089,217919.5,7.0,,2026-10-08 16:47:05,2026-10-09 00:47:05+0800
0.35,,P,0.35,0.0,dlcertificates,0.0,0,0.0,26.0,2027-07-29,,,,0.0,,,LZJW,0.0,SGD,,20261008_091600,100,,0.0,0.0,,@,,,,,HSI 7xShortSG270729,0.0,0.0,0.0,,,0.0,MAINBOARD,HSI 7xShortSG270729,0.0,,,0.0,,,,,0.327,0.0,7.0,,2026-10-08 16:47:05,2026-10-09 00:47:05+0800
1.09,,P,1.205,0.0,dlcertificates,0.0,0,0.0,26.0,2028-02-02,,,,0.0,,,X3FW,50.0,SGD,,20261008_091600,100,,0.0,0.0,,@,,,,,HSI 7xShortSG280202,0.128,0.0,1.205,,,1.1,MAINBOARD,HSI 7xShortSG280202,1.12,,,11.885,,,,,1.077,57453.5,7.0,,2026-10-08 16:47:05,2026-10-09 00:47:05+0800
0.197,,P,0.197,0.0,dlcertificates,0.0,0,0.0,26.0,2027-06-30,,,,0.0,,,YNVW,0.0,SGD,,20261008_091600,100,,0.0,0.0,,@,,,,,HSI 7xShortUB270630,0.0,0.0,0.0,,,0.0,MAINBOARD,HSI 7xShortUB270630,0.0,,,0.0,,,,,0.24,0.0,7.0,,2026-10-08 16:47:05,2026-10-09 00:47:05+0800
0.695,,P,0.695,0.0,dlcertificates,0.0,0,0.0,26.0,2028-02-29,,,,0.0,,,SDWW,0.0,SGD,,20261008_091600,100,,0.0,0.0,,@,,,,,HSI 7xShortUB280229,0.0,0.0,0.0,,,0.0,MAINBOARD,HSI 7xShortUB280229,0.0,,,0.0,,,,,0.811,0.0,7.0,,2026-10-08 16:47:05,2026-10-09 00:47:05+0800
0.91,,P,0.995,0.0,dlcertificates,0.0,0,0.0,26.0,2028-03-31,,,,0.0,,,UTOW,32.0,SGD,,20261008_091600,100,,0.0,0.0,,@,,,,,HSI 7xShortUB280331,0.105,0.0,0.995,,,0.905,MAINBOARD,HSI 7xShortUB280331,0.92,,,11.798,,,,,0.89,30340.0,7.0,,2026-10-08 16:47:05,2026-10-09 00:47:05+0800
0.24,,P,0.24,0.0,dlcertificates,0.0,0,0.0,25.0,2028-03-09,,,,0.0,,,ECJW,0.0,SGD,,20261008_091600,100,,0.0,0.0,,@,,,,,HSTECH 3xLongSG280309,0.0,0.0,0.0,,,0.0,MAINBOARD,HSTECH 3xLongSG280309,0.0,,,0.0,,,,,0.241,0.0,3.0,,2026-10-08 16:47:05,2026-10-09 00:47:05+0800
1.41,,P,1.52,0.0,dlcertificates,0.0,0,0.0,26.0,2028-03-09,,,,0.0,,,Y9GW,80.0,SGD,,20261008_091600,100,,0.0,0.0,,@,,,,,HSTECH 3xShortSG280309,0.126,0.0,1.52,,,1.405,MAINBOARD,HSTECH 3xShortSG280309,1.415,,,9.039,,,,,1.394,114900.0,3.0,,2026-10-08 16:47:05,2026-10-09 00:47:05+0800
0.033,,P,0.033,0.0,dlcertificates,0.0,0,0.0,25.0,2026-10-29,,,,0.0,,,CWUW,0.0,SGD,,20261008_091600,100,,0.0,0.0,,@,,,,,HSTECH 5xLongSG261029,0.0,0.0,0.0,,,0.0,MAINBOARD,HSTECH 5xLongSG261029,0.0,,,0.0,,,,,0.024,0.0,5.0,,2026-10-08 16:47:05,2026-10-09 00:47:05+0800
0.255,,P,0.255,0.0,dlcertificates,0.0,0,0.0,25.0,2028-04-13,,,,0.0,,,NILW,0.0,SGD,,20261008_091600,100,,0.0,0.0,,@,,,,,HSTECH 5xLongSG280413,0.0,0.0,0.0,,,0.0,MAINBOARD,HSTECH 5xLongSG280413,0.0,,,0.0,,,,,0.265,0.0,5.0,,2026-10-08 16:47:05,2026-10-09 00:47:05+0800
0.235,,P,0.21,0.0,dlcertificates,0.0,0,0.0,25.0,2027-08-31,,,,0.0,,,KIHW,0.4,SGD,,20261008_091600,100,,0.1,0.0,,@,,,,0.205,HSTECH 5xLongUB270831,-0.033,0.0,0.225,,,0.21,MAINBOARD,HSTECH 5xLongUB270831,0.225,,,-13.58,,,,,0.243,87.0,5.0,,2026-10-08 16:47:05,2026-10-09 00:47:05+0800
0.058,,P,0.058,0.0,dlcertificates,0.0,0,0.0,26.0,2026-11-05,,,,0.0,,,YVRW,0.0,SGD,,20261008_091600,100,,0.0,0.0,,@,,,,,HSTECH 5xShortSG261105,0.0,0.0,0.0,,,0.0,MAINBOARD,HSTECH 5xShortSG261105,0.0,,,0.0,,,,,0.061,0.0,5.0,,2026-10-08 16:47:05,2026-10-09 00:47:05+0800
3.22,,P,3.12,0.0,dlcertificates,0.0,0,0.0,26.0,2028-03-30,,,,0.0,,,HKRW,80.0,SGD,,20261008_091600,100,,0.0,0.0,,@,,,,,HSTECH 5xShortSG280330,0.071,0.0,3.2,,,3.12,MAINBOARD,HSTECH 5xShortSG280330,3.2,,,2.329,,,,,3.049,252800.0,5.0,,2026-10-08 16:47:05,2026-10-09 00:47:05+0800
0.705,,P,0.705,0.0,dlcertificates,0.0,0,0.0,26.0,2027-02-26,,,,0.0,,,JGKW,0.0,SGD,,20261008_091600,100,,0.0,0.0,,@,,,,,HSTECH 5xShortUB270226,0.0,0.0,0.0,,,0.0,MAINBOARD,HSTECH 5xShortUB270226,0.0,,,0.0,,,,,0.665,0.0,5.0,,2026-10-08 16:47:05,2026-10-09 00:47:05+0800
0.008,,P,0.008,0.0,dlcertificates,0.0,0,0.0,25.0,2026-11-05,,,,0.0,,,UMCW,0.0,SGD,,20261008_091600,100,,0.0,0.0,,@,,,,,HSTECH 7xLongSG261105,0.0,0.0,0.0,,,0.0,MAINBOARD,HSTECH 7xLongSG261105,0.0,,,0.0,,,,,0.007,0.0,7.0,,2026-10-08 16:47:05,2026-10-09 00:47:05+0800
0.005,,P,0.005,0.0,dlcertificates,0.0,0,0.0,25.0,2026-11-05,,,,0.0,,,WYHW,0.0,SGD,,20261008_091600,100,,0.0,0.0,,@,,,,,HSTECH 7xLongSG261105A,0.0,0.0,0.0,,,0.0,MAINBOARD,HSTECH 7xLongSG261105A,0.0,,,0.0,,,,,0.004,0.0,7.0,,2026-10-08 16:47:05,2026-10-09 00:47:05+0800
0.004,,P,0.004,0.0,dlcertificates,0.0,0,0.0,25.0,2027-03-31,,,,0.0,,,YPCW,0.0,SGD,,20261008_091600,100,,1105.0,0.0,,@,,,,0.003,HSTECH 7xLongSG270331,0.0,1000.0,0.0,,,0.0,MAINBOARD,HSTECH 7xLongSG270331,0.0,,,0.0,,0.004,,0.004,0.002,0.0,7.0,,2026-10-08 16:47:05,2026-10-09 00:47:05+0800
0.036,,P,0.029,0.0,dlcertificates,0.0,0,0.0,25.0,2027-12-16,,,,0.0,,,SYHW,11126.4,SGD,,20261008_091600,100,,20.0,0.0,,@,,,,0.029,HSTECH 7xLongSG271216,-0.007,67.0,0.037,,,0.029,MAINBOARD,HSTECH 7xLongSG271216,0.036,,,-19.444,,0.029,,0.030,0.036,375676.8,7.0,,2026-10-08 16:47:05,2026-10-09 00:47:05+0800
0.177,,P,0.149,0.0,dlcertificates,0.0,0,0.0,25.0,2028-03-16,,,,0.0,,,XRXW,253.5,SGD,,20261008_091600,100,,0.0,0.0,,@,,,,,HSTECH 7xLongSG280316,-0.024,0.0,0.176,,,0.149,MAINBOARD,HSTECH 7xLongSG280316,0.169,,,-13.873,,,,,0.173,43920.9,7.0,,2026-10-08 16:47:05,2026-10-09 00:47:05+0800
0.325,,P,0.26,0.0,dlcertificates,0.0,0,0.0,25.0,2028-06-22,,,,0.0,,,XQ4W,47.9,SGD,,20261008_091600,100,,0.1,0.0,,@,,,,0.255,HSTECH 7xLongSG280622,-0.058,0.0,0.33,,,0.26,MAINBOARD,HSTECH 7xLongSG280622,0.325,,,-18.239,,,,,0.318,15295.5,7.0,,2026-10-08 16:47:05,2026-10-09 00:47:05+0800
0.004,,P,0.004,0.0,dlcertificates,0.0,0,0.0,25.0,2027-02-26,,,,0.0,,,ONRW,0.0,SGD,,20261008_091600,100,,0.0,0.0,,@,,,,,HSTECH 7xLongUB270226,0.0,1000.0,0.0,,,0.0,MAINBOARD,HSTECH 7xLongUB270226,0.0,,,0.0,,,,0.005,0.003,0.0,7.0,,2026-10-08 16:47:05,2026-10-09 00:47:05+0800
0.045,,P,0.038,0.0,dlcertificates,0.0,0,0.0,25.0,2028-02-29,,,,0.0,,,ODUW,10.0,SGD,,20261008_091600,100,,16.1,0.0,,@,,,,0.031,HSTECH 7xLongUB280229,-0.008,0.0,0.038,,,0.038,MAINBOARD,HSTECH 7xLongUB280229,0.038,,,-17.391,,,,,0.046,380.0,7.0,,2026-10-08 16:47:05,2026-10-09 00:47:05+0800
0.005,,P,0.005,0.0,dlcertificates,0.0,0,0.0,26.0,2026-11-05,,,,0.0,,,W8OW,0.0,SGD,,20261008_091600,100,,0.0,0.0,,@,,,,,HSTECH 7xShortSG261105,0.0,0.0,0.0,,,0.0,MAINBOARD,HSTECH 7xShortSG261105,0.0,,,0.0,,,,,0.004,0.0,7.0,,2026-10-08 16:47:05,2026-10-09 00:47:05+0800
0.163,,P,0.196,0.0,dlcertificates,0.0,0,0.0,26.0,2027-03-09,,,,0.0,,,9B2W,6575.3,SGD,,20261008_091600,100,,386.9,0.0,,@,,,,0.191,HSTECH 7xShortSG270309,0.035,326.7,0.196,,,0.162,MAINBOARD,HSTECH 7xShortSG270309,0.167,,,21.739,,0.195,,0.198,0.161,1163439.9,7.0,,2026-10-08 16:47:05,2026-10-09 00:47:05+0800
0.475,,P,0.57,0.0,dlcertificates,0.0,0,0.0,26.0,2027-07-29,,,,0.0,,,FNTW,91.1,SGD,,20261008_091600,100,,0.5,0.0,,@,,,,0.525,HSTECH 7xShortSG270729,0.105,0.0,0.57,,,0.475,MAINBOARD,HSTECH 7xShortSG270729,0.495,,,22.581,,,,,0.465,46963.5,7.0,,2026-10-08 16:47:05,2026-10-09 00:47:05+0800
1.7,,P,1.845,0.0,dlcertificates,0.0,0,0.0,26.0,2028-01-20,,,,0.0,,,XNOW,76.3,SGD,,20261008_091600,100,,0.0,0.0,,@,,,,,HSTECH 7xShortSG280120,0.199,0.0,1.845,,,1.69,MAINBOARD,HSTECH 7xShortSG280120,1.73,,,12.09,,,,,1.646,131083.5,7.0,,2026-10-08 16:47:05,2026-10-09 00:47:05+0800
0.004,,P,0.004,0.0,dlcertificates,0.0,0,0.0,26.0,2026-11-30,,,,0.0,,,XHMW,0.0,SGD,,20261008_091600,100,,0.0,0.0,,@,,,,,HSTECH 7xShortUB261130,0.0,0.0,0.0,,,0.0,MAINBOARD,HSTECH 7xShortUB261130,0.0,,,0.0,,,,,0.005,0.0,7.0,,2026-10-08 16:47:05,2026-10-09 00:47:05+0800
0.51,,P,0.51,0.0,dlcertificates,0.0,0,0.0,26.0,2027-07-30,,,,0.0,,,56LW,0.0,SGD,,20261008_091600,100,,0.0,0.0,,@,,,,,HSTECH 7xShortUB270730,0.0,0.0,0.0,,,0.0,MAINBOARD,HSTECH 7xShortUB270730,0.0,,,0.0,,,,,0.47,0.0,7.0,,2026-10-08 16:47:05,2026-10-09 00:47:05+0800
0.95,,P,0.95,0.0,dlcertificates,0.0,0,0.0,26.0,2028-02-29,,,,0.0,,,1P8W,0.0,SGD,,20261008_091600,100,,0.0,0.0,,@,,,,,HSTECH 7xShortUB280229,0.0,0.0,0.0,,,0.0,MAINBOARD,HSTECH 7xShortUB280229,0.0,,,0.0,,,,,0.965,0.0,7.0,,2026-10-08 16:47:05,2026-10-09 00:47:05+0800
0.0,,P,1.025,0.0,dlcertificates,0.0,0,0.0,25.0,2028-09-11,,,,0.0,,,WG7W,0.4,SGD,,20261008_091600,100,,0.1,0.0,,@,,,,0.960,Hua Hong 3xLongSG280911,-0.354,0.0,1.195,,,1.025,MAINBOARD,Hua Hong 3xLongSG280911,1.195,,,-25.671,,,,,1.379,427.0,3.0,,2026-10-08 16:47:05,2026-10-09 00:47:05+0800
0.52,,P,0.515,,stocks,,0,0.0,,,,,,0.0,,,41B,29.2,SGD,,20261008_091600,100,F,24.6,,,,,,20261007,0.505,Huationg Global,-0.005,3.3,0.525,,,0.505,CATALIST,Huationg Global,0.525,,,-0.962,,,,0.515,0.0,15023.0,,,2026-10-08 16:47:05,2026-10-09 00:47:05+0800
0.21,,P,0.21,,stocks,,0,0.0,,,,,,0.0,,,600,0.0,SGD,,20261008_091600,100,K,0.0,,,,,,20180518,,Hyflux,0.0,0.0,0.0,SUSP,,0.0,MAINBOARD,Hyflux,0.0,,,0.0,,,,,0.0,0.0,,,2026-10-08 16:47:05,2026-10-09 00:47:05+0800
65.37,65.37,P,65.37,,retailpreferenceshares,,0,0.0,5.0,,,,,0.0,,,N2H,0.0,SGD,,20261007_230043,10,,0.0,,,,62.575,,,,Hyflux 6% CPS#,0.0,0.0,0.0,SUSP,,0.0,MAINBOARD,Hyflux 6% CPS#,0.0,X,,0.0,2.795,,,,0.0,0.0,0.0,1791388800000.0,2026-10-08 16:47:05,2026-10-09 00:47:05+0800
0.5,50.0,P,0.5,,retailbonds,,0,0.0,2.0,,,,,0.0,,,BTWZ,0.0,SGD,,20261007_230043,1000,,0.0,,,,47.732,,,,Hyflux 6% PerCapSec#,0.0,0.0,0.0,SUSP,,0.0,MAINBOARD,Hyflux 6% PerCapSec#,0.0,X,,0.0,2.268,,,,0.0,0.0,0.0,1791388800000.0,2026-10-08 16:47:05,2026-10-09 00:47:05+0800
0.37,,P,0.36,,stocks,,0,0.0,,,,,,0.0,,,1J5,280.4,SGD,,20261008_091600,100,G,13.0,,,,,,20261007,0.355,Hyphens Pharma,-0.01,6.0,0.37,,,0.36,CATALIST,Hyphens Pharma,0.37,,,-2.703,,,,0.365,0.0,100951.0,,,2026-10-08 16:47:05,2026-10-09 00:47:05+0800
13.6,,P,13.51,,etfs,,0,0.0,9.0,,,,,0.0,,,CYC,8.0,SGD,,20261008_091600,1,,30.0,,,,,,,13.620,ICBC CSOP CGB ETF S$,-0.09,1.0,13.51,,,13.5,MAINBOARD,ICBC CSOP CGB ETF S$,13.5,,,-0.662,,,,13.640,13.63,108040.0,0.0,,2026-10-08 16:47:05,2026-10-09 00:47:05+0800
11.96,,P,11.96,,etfs,,0,0.0,9.0,,,,,0.0,,,CYX,0.0,USD,,20261008_091600,1,,5.2,,,,,,,11.970,ICBC CSOP CGB ETF US$A,0.0,4.899,0.0,,,0.0,MAINBOARD,ICBC CSOP CGB ETF US$A,0.0,,,0.0,,,,12.030,12.0,0.0,0.0,,2026-10-08 16:47:05,2026-10-09 00:47:05+0800
10.63,,P,10.63,,etfs,,0,0.0,9.0,,,,,0.0,,,CYB,0.0,USD,,20261008_091600,1,,40.0,,,,,,,10.620,ICBC CSOP CGB ETF US$D,0.0,40.0,0.0,,,0.0,MAINBOARD,ICBC CSOP CGB ETF US$D,0.0,,,0.0,,,,10.660,10.63,0.0,0.0,,2026-10-08 16:47:05,2026-10-09 00:47:05+0800
0.955,,P,0.955,,adrs,,0,0.0,13.0,,,,,0.0,,,IICD,0.0,SGD,,20261008_084900,100,C,0.0,,,,,,,,IDFD CBP ID SDR 1to2,0.0,0.0,0.0,,,0.0,GLOBAL_QUOTE,IDFD CBP ID SDR 1to2,0.0,X,,0.0,,,,,0.0,0.0,0.0,,2026-10-08 16:47:05,2026-10-09 00:47:05+0800
8.17,,P,7.95,,stocks,,0,0.0,,,,,,0.0,,,AIY,1279.7,SGD,,20261008_091600,100,J,0.5,,,,,,20261007,7.950,IFAST,-0.22,0.3,8.17,,,7.94,MAINBOARD,IFAST,8.17,,,-2.693,,,,7.960,0.0,10236773.0,,,2026-10-08 16:47:05,2026-10-09 00:47:05+0800
0.015,,P,0.015,,structuredwarrants,,0,0.0,16.0,2026-12-29,,,,11.0,,,FSZW,0.0,SGD,,20261008_091600,100,,0.0,,,@,,,,,iFast MB eCW261229,0.0,0.0,0.0,,,0.0,MAINBOARD,iFast MB eCW261229,0.0,,15:1,0.0,,,,,0.0,0.0,0.0,,2026-10-08 16:47:05,2026-10-09 00:47:05+0800
0.031,,P,0.027,,structuredwarrants,,0,0.0,16.0,2027-02-12,,,,10.0,,,WOKW,252.0,SGD,,20261008_091600,100,,0.0,,,@,,,,,iFast MB eCW270212,-0.004,0.0,0.028,,,0.027,MAINBOARD,iFast MB eCW270212,0.028,,15:1,-12.903,,,,,0.0,7054.0,0.0,,2026-10-08 16:47:05,2026-10-09 00:47:05+0800
0.0,,P,0.0,,etfs,,0,0.0,9.0,,,,,0.0,,,XBG,0.0,SGD,,20261008_091600,1,,0.0,,,,,,,,IFF XT AI S$,0.0,0.0,0.0,PL,,0.0,MAINBOARD,IFF XT AI S$,0.0,,,0.0,,,,,0.0,0.0,0.0,,2026-10-08 16:47:05,2026-10-09 00:47:05+0800
0.0,,P,0.0,,etfs,,0,0.0,9.0,,,,,0.0,,,KOR,0.0,SGD,,20261008_091600,1,,0.0,,,,,,,,IFF XT KR S$,0.0,0.0,0.0,PL,,0.0,MAINBOARD,IFF XT KR S$,0.0,,,0.0,,,,,0.0,0.0,0.0,,2026-10-08 16:47:05,2026-10-09 00:47:05+0800
0.0,,P,0.0,,etfs,,0,0.0,9.0,,,,,0.0,,,JPY,0.0,SGD,,20261008_091600,1,,0.0,,,,,,,,IFF XT NK 225 S$,0.0,0.0,0.0,PL,,0.0,MAINBOARD,IFF XT NK 225 S$,0.0,,,0.0,,,,,0.0,0.0,0.0,,2026-10-08 16:47:05,2026-10-09 00:47:05+0800
0.0,,P,0.0,,etfs,,0,0.0,9.0,,,,,0.0,,,TWD,0.0,SGD,,20261008_091600,1,,0.0,,,,,,,,IFF XT TW S$,0.0,0.0,0.0,PL,,0.0,MAINBOARD,IFF XT TW S$,0.0,,,0.0,,,,,0.0,0.0,0.0,,2026-10-08 16:47:05,2026-10-09 00:47:05+0800
0.16,,P,0.16,,stocks,,0,0.0,,,,,,0.0,,,I49,101.2,SGD,,20261008_091600,100,K,33.0,,,,,,20261006,0.160,IFS Capital,0.0,34.9,0.16,,,0.16,MAINBOARD,IFS Capital,0.16,,,0.0,,,,0.168,0.0,16192.0,,,2026-10-08 16:47:05,2026-10-09 00:47:05+0800
2.45,,S,2.45,,stocks,,0,0.0,,,,Developing,None,0.0,,BM,Q0F,2.4,SGD,,20261008_091600,100,Q,2.0,,,,,,20261007,2.380,IHH,0.0,1.1,2.49,,,2.38,MAINBOARD,IHH,2.49,,,0.0,,,,2.480,0.0,5847.0,,,2026-10-08 16:47:05,2026-10-09 00:47:05+0800
0.002,,P,0.002,,stocks,,0,0.0,,,,,,0.0,,,RDR,0.0,SGD,,20261008_091600,100,N,0.0,,,,,,20220906,,Incredible,0.0,0.0,0.0,SUSP,,0.0,CATALIST,Incredible,0.0,,,0.0,,,,,0.0,0.0,,,2026-10-08 16:47:05,2026-10-09 00:47:05+0800
0.32,,P,0.32,,stocks,,0,0.0,,,,,,0.0,,,5JS,146.0,SGD,,20261008_091600,100,A,3.0,,,,,,20261007,0.320,Indofood Agri,0.0,33.2,0.32,,,0.32,MAINBOARD,Indofood Agri,0.32,,,0.0,,,,0.325,0.0,46720.0,,,2026-10-08 16:47:05,2026-10-09 00:47:05+0800
0.375,,P,0.375,,stocks,,0,0.0,,,,,,0.0,,,ZBA,0.0,SGD,,20261008_091600,100,C,48.5,,,,,,20261005,0.375,Infinity Dev,0.0,20.0,0.0,,,0.0,CATALIST,Infinity Dev,0.0,,,0.0,,,,0.385,0.0,0.0,,,2026-10-08 16:47:05,2026-10-09 00:47:05+0800
0.835,,P,0.825,,stocks,,0,0.0,,,,,,0.0,,,ITS,142.0,SGD,,20261008_091600,100,J,61.6,,,,,,20261007,0.820,Info-Tech,-0.01,0.2,0.845,,,0.825,MAINBOARD,Info-Tech,0.83,,,-1.198,,,,0.830,0.0,118700.5,,,2026-10-08 16:47:05,2026-10-09 00:47:05+0800
0.495,,P,0.45,,stocks,,0,0.0,,,,,,0.0,,,M14,3621.3,SGD,,20261008_091600,100,C,114.0,,,,,,20261007,0.445,InnoTek,-0.045,8.2,0.5,,,0.45,MAINBOARD,InnoTek,0.5,,,-9.091,,,,0.450,0.0,1681816.0,,,2026-10-08 16:47:05,2026-10-09 00:47:05+0800
9.39,,P,9.39,0.0,dlcertificates,0.0,0,0.0,25.0,2028-07-26,,,,0.0,,,9DWW,0.0,SGD,,20261008_091600,100,,0.0,0.0,,@,,,,,Intel 3xLongSG280726,0.0,0.0,0.0,,,0.0,MAINBOARD,Intel 3xLongSG280726,0.0,,,0.0,,,,,7.504,0.0,3.0,,2026-10-08 16:47:05,2026-10-09 00:47:05+0800
1.795,,P,1.795,0.0,dlcertificates,0.0,0,0.0,26.0,2028-07-26,,,,0.0,,,JRYW,0.0,SGD,,20261008_091600,100,,0.0,0.0,,@,,,,,Intel 3xShortSG280726,0.0,0.0,0.0,,,0.0,MAINBOARD,Intel 3xShortSG280726,0.0,,,0.0,,,,,1.839,0.0,3.0,,2026-10-08 16:47:05,2026-10-09 00:47:05+0800
0.036,,P,0.036,,stocks,,0,0.0,,,,,,0.0,,,5GI,0.0,SGD,,20261008_091600,100,B,0.0,,,,,,20250131,,Interra Resource,0.0,0.0,0.0,SUSP,,0.0,MAINBOARD,Interra Resource,0.0,,,0.0,,,,,0.0,0.0,,,2026-10-08 16:47:05,2026-10-09 00:47:05+0800
0.056,,P,0.054,,stocks,,0,0.0,,,,,,0.0,,,KUO,11247.0,SGD,,20261008_091600,100,K,1463.2,,,,,,20261007,0.054,Intl Cement,-0.002,1241.3,0.056,,,0.054,MAINBOARD,Intl Cement,0.056,,,-3.571,,,,0.055,0.0,618201.6,,,2026-10-08 16:47:05,2026-10-09 00:47:05+0800
0.38,,P,0.38,,stocks,,0,0.0,,,,,,0.0,,,I06,2.0,SGD,,20261008_091600,100,G,33.5,,,,,,20261005,0.380,Intraco,0.0,4.0,0.38,,,0.38,MAINBOARD,Intraco,0.38,,,0.0,,,,0.390,0.0,760.0,,,2026-10-08 16:47:05,2026-10-09 00:47:05+0800
0.0,,P,0.0,,others,,0,0.0,10.0,,,,,0.0,,,J0T,0.0,EUR,,20261007_230043,50000,,0.0,,,,,,,,Inv Beve Biz EURO S,0.0,0.0,0.0,,,0.0,MAINBOARD,Inv Beve Biz EURO S,0.0,X,,0.0,,,,,0.0,0.0,,,2026-10-08 16:47:05,2026-10-09 00:47:05+0800
0.125,,P,0.125,,stocks,,0,0.0,,,,,,0.0,,,AZA,0.0,SGD,,20261008_091600,100,L,13.3,,,,,,20261007,0.110,IPC Corp,0.0,0.1,0.0,,,0.0,MAINBOARD,IPC Corp,0.0,,,0.0,,,,0.125,0.0,0.0,,,2026-10-08 16:47:05,2026-10-09 00:47:05+0800
0.026,,P,0.024,,stocks,,0,0.0,,,,,,0.0,,,42N,869.0,SGD,,20261008_091600,100,M,270.0,,,,,,20261007,0.023,IPS Securex,-0.002,100.0,0.025,,,0.023,CATALIST,IPS Securex,0.025,,,-7.692,,,,0.024,0.0,21365.0,,,2026-10-08 16:47:05,2026-10-09 00:47:05+0800
0.128,,P,0.128,,reits,,0,0.0,,,,,,0.0,,,8U7U,0.0,EUR,,20261008_091600,100,L,0.0,,,,,,,,IREIT Global EUR,0.0,0.0,0.0,,,0.0,MAINBOARD,IREIT Global EUR,0.0,X,,0.0,,,,,0.0,0.0,,,2026-10-08 16:47:05,2026-10-09 00:47:05+0800
0.175,,P,0.173,,reits,,0,0.0,,,,,,0.0,,,UD1U,214.8,SGD,,20261008_091600,100,L,12.9,,,,,,,0.171,IREIT Global SGD,-0.002,1.0,0.175,,,0.172,MAINBOARD,IREIT Global SGD,0.175,X,,-1.143,,,,0.173,0.0,37201.2,,,2026-10-08 16:47:05,2026-10-09 00:47:05+0800
12.1,,P,12.05,,etfs,,0,0.0,9.0,,,,,0.0,,,QL2,0.52,SGD,,20261008_091600,1,,0.102,,,,,,,12.050,IS ASIA BND S$D,-0.05,0.012,12.06,,,12.05,MAINBOARD,IS ASIA BND S$D,12.06,,,-0.413,,,,12.080,12.07,6268.2,0.0,,2026-10-08 16:47:05,2026-10-09 00:47:05+0800
9.42,,P,9.41,,etfs,,0,0.0,9.0,,,,,0.0,,,N6M,3.013,USD,,20261008_091600,1,,8.0,,,,,,,9.390,IS ASIA BND US$,-0.01,8.0,9.46,,,9.41,MAINBOARD,IS ASIA BND US$,9.46,,,-0.106,,,,9.450,9.43,28437.98,0.0,,2026-10-08 16:47:05,2026-10-09 00:47:05+0800
8.38,,P,8.36,,etfs,,0,0.0,9.0,,,,,0.0,,,QL3,3.158,SGD,,20261008_091600,1,,2.981,,,,,,,8.360,IS ASIA HYG S$D,-0.02,3.33,8.36,,,8.35,MAINBOARD,IS ASIA HYG S$D,8.35,,,-0.239,,,,8.380,8.37,26389.5,0.0,,2026-10-08 16:47:05,2026-10-09 00:47:05+0800
6.54,,P,6.53,,etfs,,0,0.0,9.0,,,,,0.0,,,O9P,7.796,USD,,20261008_091600,1,,4.5,,,,,,,6.530,IS ASIA HYG US$,-0.01,14.404,6.54,,,6.52,MAINBOARD,IS ASIA HYG US$,6.52,,,-0.153,,,,6.540,6.53,50880.84,0.0,,2026-10-08 16:47:05,2026-10-09 00:47:05+0800
15.05,,P,14.87,,etfs,,0,0.0,9.0,,,,,0.0,,,QK9,3.341,SGD,,20261008_091600,1,,0.003,,,,,,,14.850,IS INDIA CLIMATE S$D,-0.18,12.0,15.09,,,14.87,MAINBOARD,IS INDIA CLIMATE S$D,15.0,,,-1.196,,,,14.890,14.86,50110.52,0.0,,2026-10-08 16:47:05,2026-10-09 00:47:05+0800
11.9,,P,11.59,,etfs,,0,0.0,9.0,,,,,0.0,,,I98,2.43,USD,,20261008_091600,1,,12.0,,,,,,,11.580,IS INDIA CLIMATE US$,-0.31,12.0,11.75,,,11.59,MAINBOARD,IS INDIA CLIMATE US$,11.75,,,-2.605,,,,11.620,11.59,28168.5,0.0,,2026-10-08 16:47:05,2026-10-09 00:47:05+0800
0.635,,P,0.595,,stocks,,0,0.0,,,,,,0.0,,,I07,4148.4,SGD,,20261008_091600,100,M,9.6,,,,,,20261007,0.595,ISDN,-0.04,86.6,0.625,,,0.59,MAINBOARD,ISDN,0.625,,,-6.299,,,,0.600,0.0,2502894.5,,,2026-10-08 16:47:05,2026-10-09 00:47:05+0800
0.31,,P,0.31,,stocks,,0,0.0,,,,,,0.0,,,40T,0.0,SGD,,20261008_091600,100,Q,0.2,,,,,,20260922,0.295,ISEC,0.0,70.0,0.0,,,0.0,CATALIST,ISEC,0.0,,,0.0,,,,0.330,0.0,0.0,,,2026-10-08 16:47:05,2026-10-09 00:47:05+0800
1.997,,P,1.952,,etfs,,0,0.0,9.0,,,,,0.0,,,ICM,16.16,SGD,,20261008_091600,1,,188.888,,,,,,,1.945,ISHARES AXJCLIMATE S$,-0.045,190.557,1.98,,,1.952,MAINBOARD,ISHARES AXJCLIMATE S$,1.98,,,-2.253,,,,1.950,1.948,31676.77,0.0,,2026-10-08 16:47:05,2026-10-09 00:47:05+0800
1.535,,P,1.535,,etfs,,0,0.0,9.0,,,,,0.0,,,ICU,0.0,USD,,20261008_091600,1,,188.888,,,,,,,1.518,ISHARES AXJCLIMATE US$,0.0,188.888,0.0,,,0.0,MAINBOARD,ISHARES AXJCLIMATE US$,0.0,,,0.0,,,,1.522,1.52,0.0,0.0,,2026-10-08 16:47:05,2026-10-09 00:47:05+0800
0.019,,P,0.021,,structuredwarrants,,0,0.0,16.0,2027-04-02,,,,18.0,,,RIIW,100.0,SGD,,20261008_091600,100,,0.0,,,@,,,,,ISharesCNA50 MBeCW270402,0.002,0.0,0.021,,,0.021,MAINBOARD,ISharesCNA50 MBeCW270402,0.021,,5:1,10.526,,,,,0.0,2100.0,0.0,,2026-10-08 16:47:05,2026-10-09 00:47:05+0800
0.041,,P,0.041,,structuredwarrants,,0,0.0,17.0,2027-04-02,,,,15.5,,,WFVW,0.0,SGD,,20261008_091600,100,,0.0,,,@,,,,,ISharesCNA50 MBePW270402,0.0,0.0,0.0,,,0.0,MAINBOARD,ISharesCNA50 MBePW270402,0.0,,5:1,0.0,,,,,0.0,0.0,0.0,,2026-10-08 16:47:05,2026-10-09 00:47:05+0800
0.059,,P,0.055,,stocks,,0,0.0,,,,,,0.0,,,5WF,2813.3,SGD,,20261008_091600,100,F,9.9,,,,,,20261007,0.055,ISOTeam,-0.004,6.4,0.059,,,0.055,CATALIST,ISOTeam,0.059,,,-6.78,,,,0.056,0.0,160935.0,,,2026-10-08 16:47:05,2026-10-09 00:47:05+0800
0.25,,P,0.235,,stocks,,0,0.0,,,,,,0.0,,,NXR,439.0,SGD,,20261008_091600,100,J,10.5,,,,,,20261007,0.230,iWOW Tech,-0.015,8.0,0.25,,,0.235,CATALIST,iWOW Tech,0.25,,,-6.0,,,,0.235,0.0,106717.0,,,2026-10-08 16:47:05,2026-10-09 00:47:05+0800
0.55,,P,0.52,,stocks,,0,0.0,,,,,,0.0,,,42C,21837.1,SGD,,20261008_091600,100,M,684.8,,,,,,20261007,0.515,IX Biopharma,-0.03,1.7,0.555,,,0.515,CATALIST,IX Biopharma,0.55,,,-5.455,,,,0.520,0.0,11531230.0,,,2026-10-08 16:47:05,2026-10-09 00:47:05+0800
0.02,,P,0.02,,stocks,,0,0.0,,,,,,0.0,,,J03,748.0,SGD,,20261008_091600,100,G,1396.7,,,,,,20261007,0.019,Jadason,0.0,178.1,0.02,,,0.02,MAINBOARD,Jadason,0.02,,,0.0,,,,0.020,0.0,14960.0,,,2026-10-08 16:47:05,2026-10-09 00:47:05+0800
0.112,,P,0.112,,stocks,,0,0.0,,,,,,0.0,,,5OI,0.0,SGD,,20261008_091600,100,I,5.0,,,,,,20261006,0.060,Japan Foods,0.0,10.0,0.0,,,0.0,CATALIST,Japan Foods,0.0,,,0.0,,,,0.112,0.0,0.0,,,2026-10-08 16:47:05,2026-10-09 00:47:05+0800
0.0,,P,0.0,0.0,dlcertificates,0.0,0,0.0,25.0,2029-03-06,,,,0.0,,,PPFW,0.0,SGD,,20261008_091600,100,,0.0,0.0,,@,,,,,JardMAT 5xLongSG290306,0.0,0.0,0.0,,,0.0,MAINBOARD,JardMAT 5xLongSG290306,0.0,,,0.0,,,,,0.888,0.0,5.0,,2026-10-08 16:47:05,2026-10-09 00:47:05+0800
0.15,,P,0.15,,stocks,,0,0.0,,,,,,0.0,,,5PF,0.0,SGD,,20261008_091600,100,C,20.0,,,,,,20260911,0.097,Jason Marine,0.0,2.6,0.0,,,0.0,CATALIST,Jason Marine,0.0,,,0.0,,,,0.160,0.0,0.0,,,2026-10-08 16:47:05,2026-10-09 00:47:05+0800
0.265,,P,0.265,,stocks,,0,0.0,,,,,,0.0,,,1J7,0.0,SGD,,20261008_091600,100,A,0.0,,,,,,20261007,,Jawala,0.0,24.2,0.0,,,0.0,CATALIST,Jawala,0.0,,,0.0,,,,0.270,0.0,0.0,,,2026-10-08 16:47:05,2026-10-09 00:47:05+0800
0.76,,P,0.785,,stocks,,0,0.0,,,,,,0.0,,,BEW,9.9,SGD,,20261008_091600,100,C,4.5,,,,,,20261007,0.760,JB Foods,0.025,26.9,0.785,,,0.76,MAINBOARD,JB Foods,0.76,,,3.289,,,,0.785,0.0,7529.0,,,2026-10-08 16:47:05,2026-10-09 00:47:05+0800
0.034,,P,0.034,0.0,dlcertificates,0.0,0,0.0,25.0,2026-10-27,,,,0.0,,,EUZW,0.0,SGD,,20261008_091600,100,,15.0,0.0,,@,,,,0.030,JD 5xLongSG261027,0.0,0.0,0.0,,,0.0,MAINBOARD,JD 5xLongSG261027,0.0,,,0.0,,,,,0.039,0.0,5.0,,2026-10-08 16:47:05,2026-10-09 00:47:05+0800
0.35,,P,0.35,0.0,dlcertificates,0.0,0,0.0,25.0,2028-05-24,,,,0.0,,,YPKW,0.0,SGD,,20261008_091600,100,,0.0,0.0,,@,,,,,JD 5xLongSG280524,0.0,0.5,0.0,,,0.0,MAINBOARD,JD 5xLongSG280524,0.0,,,0.0,,,,0.400,0.371,0.0,5.0,,2026-10-08 16:47:05,2026-10-09 00:47:05+0800
0.295,,P,0.295,0.0,dlcertificates,0.0,0,0.0,25.0,2027-11-26,,,,0.0,,,YDKW,0.0,SGD,,20261008_091600,100,,0.0,0.0,,@,,,,,JD 5xLongUB271126,0.0,0.0,0.0,,,0.0,MAINBOARD,JD 5xLongUB271126,0.0,,,0.0,,,,,0.309,0.0,5.0,,2026-10-08 16:47:05,2026-10-09 00:47:05+0800
0.3,,P,0.265,0.0,dlcertificates,0.0,0,0.0,26.0,2028-01-20,,,,0.0,,,PBDW,6.0,SGD,,20261008_091600,100,,0.0,0.0,,@,,,,,JD 5xShortSG280120,-0.004,0.0,0.265,,,0.265,MAINBOARD,JD 5xShortSG280120,0.265,,,-1.487,,,,,0.269,1590.0,5.0,,2026-10-08 16:47:05,2026-10-09 00:47:05+0800
1.7,,P,1.7,,adrs,,0,0.0,13.0,,,,,0.0,,,HJDD,132.5,SGD,,20261008_091330,100,G,1.9,,,,,,,1.620,JD HK SDR 10to1,0.0,5.0,1.72,,,1.7,GLOBAL_QUOTE,JD HK SDR 10to1,1.72,,,0.0,,,,1.720,0.0,227300.0,0.0,,2026-10-08 16:47:05,2026-10-09 00:47:05+0800
0.535,,P,0.5,,stocks,,0,0.0,,,,,,0.0,,,1J4,743.8,SGD,,20261008_091600,100,C,53.5,,,,,,20261007,0.495,JEP,-0.035,30.0,0.54,,,0.495,CATALIST,JEP,0.54,,,-6.542,,,,0.510,0.0,381513.5,,,2026-10-08 16:47:05,2026-10-09 00:47:05+0800
0.015,,P,0.016,,stocks,,0,0.0,,,,,,0.0,,,C8R,4.2,SGD,,20261008_091600,100,C,3060.7,,,,,,20261006,0.015,Jiutian Chemical,0.001,524.4,0.016,,,0.015,CATALIST,Jiutian Chemical,0.015,,,6.667,,,,0.016,0.0,63.5,,,2026-10-08 16:47:05,2026-10-09 00:47:05+0800
0.021,,P,0.021,,structuredwarrants,,0,0.0,16.0,2026-12-29,,,,75.0,,,NMNW,0.0,SGD,,20261008_091600,100,,0.0,,,@,,,,,JMH MB eCW261229,0.0,0.0,0.0,,,0.0,MAINBOARD,JMH MB eCW261229,0.0,,80:1,0.0,,,,,0.0,0.0,0.0,,2026-10-08 16:47:05,2026-10-09 00:47:05+0800
0.05,,P,0.052,,structuredwarrants,,0,0.0,16.0,2027-02-26,,,,70.0,,,LVSW,250.0,SGD,,20261008_091600,100,,0.0,,,@,,,,,JMH MB eCW270226,0.002,0.0,0.053,,,0.05,MAINBOARD,JMH MB eCW270226,0.05,,100:1,4.0,,,,,0.0,12950.0,0.0,,2026-10-08 16:47:05,2026-10-09 00:47:05+0800
55.92,,S,56.56,,stocks,,0,0.0,,,,Developed,None#,0.0,,LSE,J36,531.47,USD,,20261008_091600,10,M,2.62,,,,,,20261007,56.550,JMH USD,0.64,3.24,57.67,,,55.3,MAINBOARD,JMH USD,56.1,,,1.144,,,,56.560,0.0,30159059.2,,,2026-10-08 16:47:05,2026-10-09 00:47:05+0800
27.03,,P,26.15,,stocks,,0,0.0,,,,,,0.0,,,C07,488.26,SGD,,20261008_091600,10,C,1.79,,,,,,20261007,26.150,JMSEA,-0.88,1.0,26.4,,,25.5,MAINBOARD,JMSEA,26.4,,,-3.256,,,XD;XE,26.190,0.0,12701729.45,,,2026-10-08 16:47:05,2026-10-09 00:47:05+0800
0.002,,P,0.002,,stocks,,0,0.0,,,,,,0.0,,,E9L,0.0,SGD,,20261008_091600,100,G,3400.0,,,,,,20260916,0.002,Joyas Intl,0.0,1145.0,0.0,,,0.0,CATALIST,Joyas Intl,0.0,,,0.0,,,,0.003,0.0,0.0,,,2026-10-08 16:47:05,2026-10-09 00:47:05+0800
0.033,,P,0.026,,stocks,,0,0.0,,,,,,0.0,,,NHD,361.2,SGD,,20261008_091600,100,K,500.0,,,,,,20261007,0.026,Jubilee,-0.007,50.5,0.027,,,0.025,CATALIST,Jubilee,0.027,,,-21.212,,,,0.031,0.0,9360.2,,,2026-10-08 16:47:05,2026-10-09 00:47:05+0800
0.265,,P,0.27,,stocks,,0,0.0,,,,,,0.0,,,42R,47.7,SGD,,20261008_091600,100,I,20.0,,,,,,20261007,0.260,Jumbo,0.005,29.1,0.27,,,0.255,CATALIST,Jumbo,0.265,,,1.887,,,,0.275,0.0,12718.5,,,2026-10-08 16:47:05,2026-10-09 00:47:05+0800
0.48,,P,0.465,,stocks,,0,0.0,,,,,,0.0,,,JCO,506.3,SGD,,20261008_091600,100,N,40.9,,,,,,20261007,0.460,JustCo,-0.015,46.4,0.48,,,0.46,MAINBOARD,JustCo,0.48,,,-3.125,,,,0.470,0.0,238205.0,,,2026-10-08 16:47:05,2026-10-09 00:47:05+0800
0.24,,P,0.26,,stocks,,0,0.0,,,,,,0.0,,,K29,15.3,SGD,,20261008_091600,100,J,3.9,,,,,,20260924,0.235,Karin Tech,0.02,0.1,0.26,,,0.245,MAINBOARD,Karin Tech,0.255,,,8.333,,,CD,0.260,0.0,3970.0,,,2026-10-08 16:47:05,2026-10-09 00:47:05+0800
8.97,,P,8.81,,adrs,,0,0.0,13.0,,,,,0.0,,,TKKD,24.9,SGD,,20261008_090002,100,K,0.0,,,,,,,,Kasikorn BK TH SDR1to1,-0.16,0.2,8.9,,,8.79,GLOBAL_QUOTE,Kasikorn BK TH SDR1to1,8.9,,,-1.784,,,,8.860,0.0,219828.0,0.0,,2026-10-08 16:47:05,2026-10-09 00:47:05+0800
0.051,,P,0.048,,stocks,,0,0.0,,,,,,0.0,,,1A0,4427.1,SGD,,20261008_091600,100,I,0.1,,,,,,20261007,0.047,Katrina,-0.003,7.8,0.057,,,0.045,CATALIST,Katrina,0.053,,,-5.882,,,,0.048,0.0,223984.3,,,2026-10-08 16:47:05,2026-10-09 00:47:05+0800
0.027,,P,0.027,,companywarrants,,0,0.0,8.0,,,,,0.0,,,A95W,0.0,SGD,,20261008_091600,100,,0.2,,,,,,,0.025,Katrina W281008,0.0,1.0,0.0,,,0.0,CATALIST,Katrina W281008,0.0,X,,0.0,,,,0.037,0.0,0.0,0.0,,2026-10-08 16:47:05,2026-10-09 00:47:05+0800
0.61,,P,0.59,,stocks,,0,0.0,,,,,,0.0,,,BNE,139.4,SGD,,20261008_091600,100,A,28.7,,,,,,20261007,0.585,Kencana Agri,-0.02,23.1,0.61,,,0.59,MAINBOARD,Kencana Agri,0.605,,,-3.279,,,,0.595,0.0,83344.5,,,2026-10-08 16:47:05,2026-10-09 00:47:05+0800
0.11,,P,0.11,,stocks,,0,0.0,,,,,,0.0,,,5TT,0.0,SGD,,20261008_091600,100,F,2.0,,,,,,20261002,0.106,Keong Hong,0.0,6.0,0.0,,,0.0,MAINBOARD,Keong Hong,0.0,,,0.0,,,,0.110,0.0,0.0,,,2026-10-08 16:47:05,2026-10-09 00:47:05+0800
0.5,,P,0.495,,businesstrusts,,0,0.0,,,,,,0.0,,,A7RU,18573.6,SGD,,20261008_091600,100,D,7801.6,,,,,,,0.490,Kep Infra Tr,-0.005,5834.9,0.5,,,0.49,MAINBOARD,Kep Infra Tr,0.5,X,,-1.0,,,,0.495,0.0,9163391.5,,,2026-10-08 16:47:05,2026-10-09 00:47:05+0800
11.02,,P,10.49,,stocks,,0,0.0,,,,,,0.0,,,BN4,8803.05,SGD,,20261008_091600,10,C,1.43,,,,,,20261007,10.490,Keppel,-0.53,1.0,10.99,,,10.45,MAINBOARD,Keppel,10.95,,,-4.809,,,,10.500,0.0,93253504.25,,,2026-10-08 16:47:05,2026-10-09 00:47:05+0800
2.34,,P,1.74,0.0,dlcertificates,0.0,0,0.0,25.0,2027-07-06,,,,0.0,,,GSEW,51.7,SGD,,20261008_091600,100,,0.0,0.0,,@,,,,,Keppel 5xLongSG270706,-0.513,0.2,2.18,,,1.74,MAINBOARD,Keppel 5xLongSG270706,2.18,,,-22.77,,,,1.975,2.253,98558.0,5.0,,2026-10-08 16:47:05,2026-10-09 00:47:05+0800
0.295,,P,0.23,0.0,dlcertificates,0.0,0,0.0,25.0,2028-07-25,,,,0.0,,,YPLW,330.9,SGD,,20261008_091600,100,,1.5,0.0,,@,,,,0.220,Keppel 5xLongSG280725,-0.069,30.0,0.285,,,0.225,MAINBOARD,Keppel 5xLongSG280725,0.285,,,-23.077,,0.25,,0.280,0.299,82150.5,5.0,,2026-10-08 16:47:05,2026-10-09 00:47:05+0800
0.965,,P,0.75,0.0,dlcertificates,0.0,0,0.0,25.0,2027-07-30,,,,0.0,,,JCDW,65.6,SGD,,20261008_091600,100,,0.2,0.0,,@,,,,0.700,Keppel 5xLongUB270730,-0.212,4.0,0.84,,,0.75,MAINBOARD,Keppel 5xLongUB270730,0.825,,,-22.037,,0.785,,0.870,0.962,53805.0,5.0,,2026-10-08 16:47:05,2026-10-09 00:47:05+0800
0.021,,P,0.021,0.0,dlcertificates,0.0,0,0.0,26.0,2027-07-06,,,,0.0,,,YKEW,0.0,SGD,,20261008_091600,100,,10.0,0.0,,@,,,,0.015,Keppel 5xShortSG270706,0.0,0.0,0.0,,,0.0,MAINBOARD,Keppel 5xShortSG270706,0.0,,,0.0,,,,,0.02,0.0,5.0,,2026-10-08 16:47:05,2026-10-09 00:47:05+0800
0.335,,P,0.4,0.0,dlcertificates,0.0,0,0.0,26.0,2028-07-25,,,,0.0,,,YCRW,62.0,SGD,,20261008_091600,100,,0.0,0.0,,@,,,,,Keppel 5xShortSG280725,0.075,0.0,0.41,,,0.37,MAINBOARD,Keppel 5xShortSG280725,0.37,,,23.077,,,,,0.325,25200.0,5.0,,2026-10-08 16:47:05,2026-10-09 00:47:05+0800
0.063,,P,0.074,0.0,dlcertificates,0.0,0,0.0,26.0,2027-08-31,,,,0.0,,,JIGW,1272.3,SGD,,20261008_091600,100,,0.0,0.0,,@,,,,,Keppel 5xShortUB270831,0.011,0.0,0.074,,,0.074,MAINBOARD,Keppel 5xShortUB270831,0.074,,,17.46,,,,,0.063,94150.2,5.0,,2026-10-08 16:47:05,2026-10-09 00:47:05+0800
2.15,,P,2.15,,reits,,0,0.0,,,,,,0.0,,,AJBU,16696.4,SGD,,20261008_091600,100,L,361.0,,,,,,,2.140,Keppel DC Reit,0.0,530.1,2.18,,,2.13,MAINBOARD,Keppel DC Reit,2.15,X,,0.0,,,,2.150,0.0,35860989.0,,,2026-10-08 16:47:05,2026-10-09 00:47:05+0800
0.855,,P,0.855,,reits,,0,0.0,,,,,,0.0,,,K71U,11963.9,SGD,,20261008_091600,100,L,1383.3,,,,,,,0.850,Keppel Reit,0.0,2643.8,0.865,,,0.85,MAINBOARD,Keppel Reit,0.855,,,0.0,,,,0.855,0.0,10234582.5,,,2026-10-08 16:47:05,2026-10-09 00:47:05+0800
0.015,,P,0.015,,structuredwarrants,,0,0.0,16.0,2026-10-15,,,,12.2,,,KZDW,0.0,SGD,,20261008_091600,100,,0.0,,,@,,,,,KeppelMBeCW261015,0.0,0.0,0.0,,,0.0,MAINBOARD,KeppelMBeCW261015,0.0,,15:1,0.0,,,,,0.0,0.0,0.0,,2026-10-08 16:47:05,2026-10-09 00:47:05+0800
0.044,,P,0.037,,structuredwarrants,,0,0.0,16.0,2026-12-30,,,,11.25,,,94BW,3.6,SGD,,20261008_091600,100,,0.0,,,@,,,,,KeppelMBeCW261230,-0.007,0.0,0.037,,,0.037,MAINBOARD,KeppelMBeCW261230,0.037,,15:1,-15.909,,,,,0.0,133.2,0.0,,2026-10-08 16:47:05,2026-10-09 00:47:05+0800
0.03,,P,0.021,,structuredwarrants,,0,0.0,16.0,2027-02-26,,,,12.8,,,UWQW,400.0,SGD,,20261008_091600,100,,0.0,,,@,,,,,KeppelMBeCW270226,-0.009,0.0,0.025,,,0.02,MAINBOARD,KeppelMBeCW270226,0.025,,15:1,-30.0,,,,,0.0,8750.0,0.0,,2026-10-08 16:47:05,2026-10-09 00:47:05+0800
0.083,,P,0.083,,stocks,,0,0.0,,,,,,0.0,,,YSV,0.0,SGD,,20261008_091600,100,N,39.9,,,,,,20261007,0.073,Khen Energy,0.0,0.8,0.0,,,0.0,CATALIST,Khen Energy,0.0,,,0.0,,,,0.080,0.0,0.0,,,2026-10-08 16:47:05,2026-10-09 00:47:05+0800
0.965,,P,0.965,,stocks,,0,0.0,,,,,,0.0,,,K03,0.0,SGD,,20261008_091600,100,G,0.1,,,,,,20260925,0.900,Khong Guan,0.0,3.4,0.0,,,0.0,MAINBOARD,Khong Guan,0.0,,,0.0,,,,0.960,0.0,0.0,,,2026-10-08 16:47:05,2026-10-09 00:47:05+0800
0.07,,P,0.072,,stocks,,0,0.0,,,,,,0.0,,,5G2,60.9,SGD,,20261008_091600,100,B,2.1,,,,,,20261007,0.068,Kim Heng,0.002,56.0,0.074,,,0.068,CATALIST,Kim Heng,0.074,,,2.857,,,,0.072,0.0,4145.0,,,2026-10-08 16:47:05,2026-10-09 00:47:05+0800
0.385,,P,0.38,,stocks,,0,0.0,,,,,,0.0,,,1D0,1330.0,SGD,,20261008_091600,100,I,7.0,,,,,,20261007,0.380,Kimly,-0.005,59.0,0.39,,,0.38,CATALIST,Kimly,0.385,,,-1.299,,,,0.385,0.0,508639.0,,,2026-10-08 16:47:05,2026-10-09 00:47:05+0800
0.153,,P,0.153,,stocks,,0,0.0,,,,,,0.0,,,KIN,0.0,SGD,,20261008_091600,100,K,10.0,,,,,,20261007,0.142,KIN,0.0,24.0,0.0,,,0.0,CATALIST,KIN,0.0,,,0.0,,,,0.176,0.0,0.0,,,2026-10-08 16:47:05,2026-10-09 00:47:05+0800
0.042,,P,0.041,,stocks,,0,0.0,,,,,,0.0,,,554,758.0,SGD,,20261008_091600,100,F,456.0,,,,,,20261007,0.041,King Wan,-0.001,100.0,0.042,,,0.041,MAINBOARD,King Wan,0.042,,,-2.381,,,,0.042,0.0,31736.0,,,2026-10-08 16:47:05,2026-10-09 00:47:05+0800
0.535,,P,0.52,,stocks,,0,0.0,,,,,,0.0,,,5MZ,155.6,SGD,,20261008_091600,100,M,11.6,,,,,,20261007,0.520,KingsmenCreative,-0.015,10.0,0.52,,,0.52,MAINBOARD,KingsmenCreative,0.52,,,-2.804,,,,0.530,0.0,80912.0,,,2026-10-08 16:47:05,2026-10-09 00:47:05+0800
0.28,,P,0.28,,stocks,,0,0.0,,,,,,0.0,,,BJZ,0.0,SGD,,20261008_091600,100,C,27.9,,,,,,20261007,0.280,Koda,0.0,2.3,0.0,,,0.0,MAINBOARD,Koda,0.0,,,0.0,,,,0.330,0.0,0.0,,,2026-10-08 16:47:05,2026-10-09 00:47:05+0800
0.215,,P,0.205,,stocks,,0,0.0,,,,,,0.0,,,K75,516.5,SGD,,20261008_091600,100,F,10.5,,,,,,20261007,0.200,Koh Bros,-0.01,59.7,0.21,,,0.2,MAINBOARD,Koh Bros,0.21,,,-4.651,,,,0.205,0.0,104479.0,,,2026-10-08 16:47:05,2026-10-09 00:47:05+0800
0.077,,P,0.075,,stocks,,0,0.0,,,,,,0.0,,,5HV,2977.0,SGD,,20261008_091600,100,C,122.0,,,,,,20261007,0.074,Koh Eco,-0.002,239.4,0.077,,,0.074,CATALIST,Koh Eco,0.077,,,-2.597,,,,0.075,0.0,223910.1,,,2026-10-08 16:47:05,2026-10-09 00:47:05+0800
0.043,,P,0.043,,stocks,,0,0.0,,,,,,0.0,,,5I1,0.0,SGD,,20261008_091600,100,L,50.0,,,,,,20261005,0.025,KOP,0.0,0.2,0.0,,,0.0,CATALIST,KOP,0.0,,,0.0,,,,0.043,0.0,0.0,,,2026-10-08 16:47:05,2026-10-09 00:47:05+0800
0.158,,P,0.154,,reits,,0,0.0,,,,,,0.0,,,CMOU,1074.3,USD,,20261008_091600,100,L,110.1,,,,,,,0.153,KOREReitUSD,-0.004,0.8,0.159,,,0.153,MAINBOARD,KOREReitUSD,0.156,,,-2.532,,,,0.154,0.0,166636.7,,,2026-10-08 16:47:05,2026-10-09 00:47:05+0800
0.161,,P,0.161,,stocks,,0,0.0,,,,,,0.0,,,5VC,0.0,SGD,,20261008_091600,100,F,5.9,,,,,,20261007,0.067,Kori,0.0,50.0,0.0,,,0.0,CATALIST,Kori,0.0,,,0.0,,,,0.156,0.0,0.0,,,2026-10-08 16:47:05,2026-10-09 00:47:05+0800
0.087,,P,0.087,,stocks,,0,0.0,,,,,,0.0,,,5OC,0.0,SGD,,20261008_091600,100,M,24.0,,,,,,20261005,0.058,Koyo Intl,0.0,40.2,0.0,,,0.0,CATALIST,Koyo Intl,0.0,,,0.0,,,,0.087,0.0,0.0,,,2026-10-08 16:47:05,2026-10-09 00:47:05+0800
0.285,,P,0.275,,stocks,,0,0.0,,,,,,0.0,,,ER0,194.2,SGD,,20261008_091600,100,L,2.1,,,,,,20261007,0.270,KSH,-0.01,0.6,0.275,,,0.265,MAINBOARD,KSH,0.275,,,-3.509,,,,0.275,0.0,53147.0,,,2026-10-08 16:47:05,2026-10-09 00:47:05+0800
0.027,,P,0.027,,stocks,,0,0.0,,,,,,0.0,,,XCF,0.0,SGD,,20261008_091600,100,C,80.0,,,,,,20260924,0.022,KTMG,0.0,8.3,0.0,,,0.0,CATALIST,KTMG,0.0,,,0.0,,,,0.027,0.0,0.0,,,2026-10-08 16:47:05,2026-10-09 00:47:05+0800
0.001,,P,0.001,0.0,dlcertificates,0.0,0,0.0,25.0,2026-12-17,,,,0.0,,,VLLW,0.0,SGD,,20261008_091600,100,,0.0,0.0,,@,,,,,Kuaisho 5xLongSG261217,0.0,50.0,0.0,,,0.0,MAINBOARD,Kuaisho 5xLongSG261217,0.0,,,0.0,,,,0.002,0.001,0.0,5.0,,2026-10-08 16:47:05,2026-10-09 00:47:05+0800
0.67,,P,0.67,0.0,dlcertificates,0.0,0,0.0,25.0,2028-02-23,,,,0.0,,,9BCW,0.0,SGD,,20261008_091600,100,,0.0,0.0,,@,,,,,Kuaisho 5xLongSG280223,0.0,0.0,0.0,,,0.0,MAINBOARD,Kuaisho 5xLongSG280223,0.0,,,0.0,,,,,0.662,0.0,5.0,,2026-10-08 16:47:05,2026-10-09 00:47:05+0800
0.015,,P,0.014,0.0,dlcertificates,0.0,0,0.0,25.0,2028-03-16,,,,0.0,,,PONW,100.0,SGD,,20261008_091600,100,,0.0,0.0,,@,,,,,Kuaisho 5xLongSG280316,-0.001,100.0,0.014,,,0.014,MAINBOARD,Kuaisho 5xLongSG280316,0.014,,,-6.667,,,,0.016,0.015,1400.0,5.0,,2026-10-08 16:47:05,2026-10-09 00:47:05+0800
0.009,,P,0.009,0.0,dlcertificates,0.0,0,0.0,25.0,2026-10-30,,,,0.0,,,QECW,0.0,SGD,,20261008_091600,100,,0.0,0.0,,@,,,,,Kuaisho 5xLongUB261030,0.0,0.0,0.0,,,0.0,MAINBOARD,Kuaisho 5xLongUB261030,0.0,,,0.0,,,,,0.001,0.0,5.0,,2026-10-08 16:47:05,2026-10-09 00:47:05+0800
0.016,,P,0.016,0.0,dlcertificates,0.0,0,0.0,25.0,2028-07-31,,,,0.0,,,JIYW,0.0,SGD,,20261008_091600,100,,0.0,0.0,,@,,,,,Kuaisho 5xLongUB280731,0.0,0.0,0.0,,,0.0,MAINBOARD,Kuaisho 5xLongUB280731,0.0,,,0.0,,,,,0.014,0.0,5.0,,2026-10-08 16:47:05,2026-10-09 00:47:05+0800
0.465,,P,0.6,0.0,dlcertificates,0.0,0,0.0,26.0,2027-01-27,,,,0.0,,,HSLW,12.0,SGD,,20261008_091600,100,,0.0,0.0,,@,,,,,Kuaisho 5xShortSG270127,0.104,0.0,0.6,,,0.555,MAINBOARD,Kuaisho 5xShortSG270127,0.555,,,20.968,,,,,0.496,6930.0,5.0,,2026-10-08 16:47:05,2026-10-09 00:47:05+0800
6.29,,P,6.76,0.0,dlcertificates,0.0,0,0.0,26.0,2028-01-20,,,,0.0,,,QPSW,1.1,SGD,,20261008_091600,100,,0.0,0.0,,@,,,,,Kuaisho 5xShortSG280120,0.573,0.0,6.76,,,6.57,MAINBOARD,Kuaisho 5xShortSG280120,6.57,,,9.261,,,,,6.187,7358.0,5.0,,2026-10-08 16:47:05,2026-10-09 00:47:05+0800
0.018,,P,0.015,0.0,dlcertificates,0.0,0,0.0,26.0,2026-10-30,,,,0.0,,,9BMW,250.0,SGD,,20261008_091600,100,,0.0,0.0,,@,,,,,Kuaisho 5xShortUB261030,0.001,0.0,0.015,,,0.015,MAINBOARD,Kuaisho 5xShortUB261030,0.015,,,7.143,,,,,0.014,3750.0,5.0,,2026-10-08 16:47:05,2026-10-09 00:47:05+0800
1.61,,P,1.875,0.0,dlcertificates,0.0,0,0.0,26.0,2027-08-31,,,,0.0,,,NMDW,1.2,SGD,,20261008_091600,100,,0.0,0.0,,@,,,,,Kuaisho 5xShortUB270831,0.216,0.0,1.875,,,1.875,MAINBOARD,Kuaisho 5xShortUB270831,1.875,,,13.02,,,,,1.659,2250.0,5.0,,2026-10-08 16:47:05,2026-10-09 00:47:05+0800
0.965,,P,0.935,,adrs,,0,0.0,13.0,,,,,0.0,,,HKUD,280.4,SGD,,20261008_090000,100,J,1.1,,,,,,,0.930,Kuaishou HK SDR 5to1,-0.03,4.4,0.965,,,0.935,GLOBAL_QUOTE,Kuaishou HK SDR 5to1,0.965,,,-3.109,,,,0.965,0.0,266325.0,0.0,,2026-10-08 16:47:05,2026-10-09 00:47:05+0800
0.008,,P,0.007,,reits,,0,0.0,,,,,,0.0,,,D5IU,3109.0,SGD,,20261008_091600,100,L,112295.8,,,,,,,0.007,Landmark REIT,-0.001,160258.4,0.007,,,0.007,MAINBOARD,Landmark REIT,0.007,,,-12.5,,,,0.008,0.0,21763.0,,,2026-10-08 16:47:05,2026-10-09 00:47:05+0800
1.06,,P,1.06,,adrs,,0,0.0,13.0,,,,,0.0,,,HLPD,0.0,SGD,,20261008_090000,100,C,2.0,,,,,,,1.030,Laopu Gld HK SDR 50to1,0.0,1.5,0.0,,,0.0,GLOBAL_QUOTE,Laopu Gld HK SDR 50to1,0.0,,,0.0,,,CD,1.100,0.0,0.0,0.0,,2026-10-08 16:47:05,2026-10-09 00:47:05+0800
0.002,,P,0.002,,stocks,,0,0.0,,,,,,0.0,,,E6R,0.0,SGD,,20261008_091600,100,K,39354.1,,,,,,20261002,0.001,Le Tree Holdings,0.0,7365.9,0.0,,,0.0,MAINBOARD,Le Tree Holdings,0.0,,,0.0,,,,0.002,0.0,0.0,,,2026-10-08 16:47:05,2026-10-09 00:47:05+0800
0.012,,P,0.011,,stocks,,0,0.0,,,,,,0.0,,,LS9,19868.1,SGD,,20261008_091600,100,M,5434.5,,,,,,20261007,0.011,Leader Env,-0.001,0.3,0.013,,,0.011,MAINBOARD,Leader Env,0.012,,,-8.333,,,,0.012,0.0,250007.6,,,2026-10-08 16:47:05,2026-10-09 00:47:05+0800
0.555,,P,0.545,,reits,,0,0.0,,,,,,0.0,,,JYEU,54271.9,SGD,,20261008_091600,100,L,2693.8,,,,,,,0.545,Lendlease Reit,-0.01,4890.6,0.555,,,0.545,MAINBOARD,Lendlease Reit,0.55,,,-1.802,,,,0.550,0.0,30063431.5,,,2026-10-08 16:47:05,2026-10-09 00:47:05+0800
19.84,,P,19.84,0.0,dlcertificates,0.0,0,0.0,25.0,2026-10-27,,,,0.0,,,TDDW,0.0,SGD,,20261008_091600,100,,0.0,0.0,,@,,,,,Lenovo 5xLongSG261027,0.0,0.0,0.0,,,0.0,MAINBOARD,Lenovo 5xLongSG261027,0.0,,,0.0,,,,,16.69,0.0,5.0,,2026-10-08 16:47:05,2026-10-09 00:47:05+0800
1.145,,P,0.72,0.0,dlcertificates,0.0,0,0.0,25.0,2028-02-23,,,,0.0,,,X2GW,3.5,SGD,,20261008_091600,100,,0.0,0.0,,@,,,,,Lenovo 5xLongSG280223,-0.434,0.0,0.78,,,0.72,MAINBOARD,Lenovo 5xLongSG280223,0.78,,,-37.608,,,,,1.154,2618.5,5.0,,2026-10-08 16:47:05,2026-10-09 00:47:05+0800
8.42,,P,5.0,0.0,dlcertificates,0.0,0,0.0,25.0,2027-06-30,,,,0.0,,,QSTW,6.7,SGD,,20261008_091600,100,,0.2,0.0,,@,,,,5.000,Lenovo 5xLongUB270630,-3.403,1.0,8.13,,,5.0,MAINBOARD,Lenovo 5xLongUB270630,8.13,,,-40.497,,8.4,,11.800,8.403,43206.0,5.0,,2026-10-08 16:47:05,2026-10-09 00:47:05+0800
0.225,,P,0.225,,stocks,,0,0.0,,,,,,0.0,,,LGH,0.5,SGD,,20261008_091600,100,C,100.0,,,,,,20261007,0.200,Leong Guan Hldgs,0.0,16.5,0.225,,,0.225,CATALIST,Leong Guan Hldgs,0.225,,,0.0,,,,0.220,0.0,112.5,,,2026-10-08 16:47:05,2026-10-09 00:47:05+0800
0.073,,P,0.071,,stocks,,0,0.0,,,,,,0.0,,,Q0X,469.3,SGD,,20261008_091600,100,F,87.9,,,,,,20261007,0.070,Ley Choon,-0.002,115.6,0.073,,,0.071,MAINBOARD,Ley Choon,0.073,,,-2.74,,,,0.071,0.0,33743.6,,,2026-10-08 16:47:05,2026-10-09 00:47:05+0800
0.54,,P,0.52,,stocks,,0,0.0,,,,,,0.0,,,41O,327.5,SGD,,20261008_091600,100,L,1.4,,,,,,20261007,0.520,LHN,-0.02,46.1,0.54,,,0.515,MAINBOARD,LHN,0.54,,,-3.704,,,,0.525,0.0,171176.5,,,2026-10-08 16:47:05,2026-10-09 00:47:05+0800
0.705,,P,0.765,,stocks,,0,0.0,,,,,,0.0,,,BEI,11.8,SGD,,20261008_091600,100,C,0.1,,,,,,20261007,0.730,LHT,0.06,2.0,0.78,,,0.765,MAINBOARD,LHT,0.765,,,8.511,,,,0.770,0.0,9198.0,,,2026-10-08 16:47:05,2026-10-09 00:47:05+0800
0.27,,P,0.27,,stocks,,0,0.0,,,,,,0.0,,,BFT,40.0,SGD,,20261008_091600,100,C,65.0,,,,,,20261007,0.270,Lincotrade,0.0,15.0,0.27,,,0.27,CATALIST,Lincotrade,0.27,,,0.0,,,,0.275,0.0,10800.0,,,2026-10-08 16:47:05,2026-10-09 00:47:05+0800
0.245,,P,0.245,,stocks,,0,0.0,,,,,,0.0,,,BAZ,0.0,SGD,,20261008_091600,100,C,0.4,,,,,,20261006,0.245,Lion Asiapac,0.0,47.8,0.0,,,0.0,MAINBOARD,Lion Asiapac,0.0,,,0.0,,,,0.280,0.0,0.0,,,2026-10-08 16:47:05,2026-10-09 00:47:05+0800
5.675,,P,5.686,,etfs,,0,0.0,9.0,,,,,0.0,,,GLS,521.085,SGD,,20261008_091600,1,,15.0,,,,,,,5.678,Lion SG Phy Gold S$,0.011,17.224,5.694,,,5.66,MAINBOARD,Lion SG Phy Gold S$,5.664,,,0.194,,,,5.692,5.686,2957764.405,0.0,,2026-10-08 16:47:05,2026-10-09 00:47:05+0800
4.445,,P,4.424,,etfs,,0,0.0,9.0,,,,,0.0,,,GLU,1.376,USD,,20261008_091600,1,,20.0,,,,,,,4.430,Lion SG Phy Gold US$,-0.021,20.0,4.45,,,4.424,MAINBOARD,Lion SG Phy Gold US$,4.433,,,-0.472,,,,4.442,4.424,6105.382,0.0,,2026-10-08 16:47:05,2026-10-09 00:47:05+0800
5.348,,P,5.348,,etfs,,0,0.0,9.0,,,,,0.0,,,ICH,0.0,CNY,,20261008_091600,1,,0.0,,,,,,,,Lion-CM CSI Div CNY,0.0,0.0,0.0,,,0.0,MAINBOARD,Lion-CM CSI Div CNY,0.0,,,0.0,,,,,5.553,0.0,0.0,,2026-10-08 16:47:05,2026-10-09 00:47:05+0800
1.049,,P,1.057,,etfs,,0,0.0,9.0,,,,,0.0,,,INC,30.0,SGD,,20261008_091600,1,,0.005,,,,,,,1.049,Lion-CM CSI Div S$,0.008,0.1,1.057,,,1.057,MAINBOARD,Lion-CM CSI Div S$,1.057,,,0.763,,,,1.060,1.058,31710.0,0.0,,2026-10-08 16:47:05,2026-10-09 00:47:05+0800
1.138,,P,1.116,,etfs,,0,0.0,9.0,,,,,0.0,,,EAA,2.0,SGD,,20261008_091600,1,,0.5,,,,,,,1.099,Lion-CM EM Asia S$,-0.022,0.419,1.12,,,1.116,MAINBOARD,Lion-CM EM Asia S$,1.12,,,-1.933,,,,1.199,1.116,2233.6,0.0,,2026-10-08 16:47:05,2026-10-09 00:47:05+0800
0.896,,P,0.896,,etfs,,0,0.0,9.0,,,,,0.0,,,EAU,0.0,USD,,20261008_091600,1,,0.0,,,,,,,,Lion-CM EM Asia US$,0.0,0.0,0.0,,,0.0,MAINBOARD,Lion-CM EM Asia US$,0.0,,,0.0,,,,,0.871,0.0,0.0,,2026-10-08 16:47:05,2026-10-09 00:47:05+0800
0.669,,P,0.653,,etfs,,0,0.0,9.0,,,,,0.0,,,HST,2405.813,SGD,,20261008_091600,1,,0.437,,,,,,,0.653,Lion-OCBC Sec HSTECH S$,-0.016,6.65,0.674,,,0.651,MAINBOARD,Lion-OCBC Sec HSTECH S$,0.669,,,-2.392,,,,0.656,0.653,1584607.679,0.0,,2026-10-08 16:47:05,2026-10-09 00:47:05+0800
0.524,,P,0.509,,etfs,,0,0.0,9.0,,,,,0.0,,,HSS,4.467,USD,,20261008_091600,1,,0.1,,,,,,,0.509,Lion-OCBC Sec HSTECH US$,-0.015,12.0,0.515,,,0.509,MAINBOARD,Lion-OCBC Sec HSTECH US$,0.515,,,-2.863,,,,0.517,0.51,2291.967,0.0,,2026-10-08 16:47:05,2026-10-09 00:47:05+0800
1.529,,P,1.498,,etfs,,0,0.0,9.0,,,,,0.0,,,YLD,636.933,SGD,,20261008_091600,1,,1.002,,,,,,,1.497,Lion-OSPL APAC Fin S$,-0.031,79.34,1.529,,,1.492,MAINBOARD,Lion-OSPL APAC Fin S$,1.527,,,-2.027,,,,1.498,1.498,958640.704,0.0,,2026-10-08 16:47:05,2026-10-09 00:47:05+0800
1.206,,P,1.166,,etfs,,0,0.0,9.0,,,,,0.0,,,YLU,1.161,USD,,20261008_091600,1,,0.001,,,,,,,1.164,Lion-OSPL APAC Fin US$,-0.04,90.0,1.193,,,1.166,MAINBOARD,Lion-OSPL APAC Fin US$,1.193,,,-3.317,,,,1.170,1.166,1379.153,0.0,,2026-10-08 16:47:05,2026-10-09 00:47:05+0800
9.186,,P,9.186,,etfs,,0,0.0,9.0,,,,,0.0,,,YYR,0.0,CNY,,20261008_091600,1,,0.0,,,,,,,,Lion-OSPL China L CNY,0.0,0.0,0.0,,,0.0,MAINBOARD,Lion-OSPL China L CNY,0.0,,,0.0,,,,,8.903,0.0,0.0,,2026-10-08 16:47:05,2026-10-09 00:47:05+0800
1.706,,P,1.698,,etfs,,0,0.0,9.0,,,,,0.0,,,YYY,19.704,SGD,,20261008_091600,1,,1.5,,,,,,,1.697,Lion-OSPL China L S$,-0.008,0.729,1.715,,,1.698,MAINBOARD,Lion-OSPL China L S$,1.713,,,-0.469,,,,1.698,1.698,33589.616,0.0,,2026-10-08 16:47:05,2026-10-09 00:47:05+0800
1.415,,P,1.378,,etfs,,0,0.0,9.0,,,,,0.0,,,ESG,254.322,SGD,,20261008_091600,1,,0.05,,,,,,,1.375,Lion-OSPL Low Carbon S$,-0.037,128.08,1.42,,,1.37,MAINBOARD,Lion-OSPL Low Carbon S$,1.415,,,-2.615,,,,1.378,1.378,353750.716,0.0,,2026-10-08 16:47:05,2026-10-09 00:47:05+0800
1.121,,P,1.121,,etfs,,0,0.0,9.0,,,,,0.0,,,ESU,0.0,USD,,20261008_091600,1,,128.8,,,,,,,1.067,Lion-OSPL Low Carbon US$,0.0,128.8,0.0,,,0.0,MAINBOARD,Lion-OSPL Low Carbon US$,0.0,,,0.0,,,,1.075,1.071,0.0,0.0,,2026-10-08 16:47:05,2026-10-09 00:47:05+0800
0.016,,P,0.016,,structuredwarrants,,0,0.0,16.0,2026-12-29,,,,0.88,,,JHFW,0.0,SGD,,20261008_091600,100,,0.0,,,@,,,,,LION-PHILLIP MBeCW261229,0.0,0.0,0.0,,,0.0,MAINBOARD,LION-PHILLIP MBeCW261229,0.0,,1:1,0.0,,,,,0.0,0.0,0.0,,2026-10-08 16:47:05,2026-10-09 00:47:05+0800
0.765,,P,0.759,,etfs,,0,0.0,9.0,,,,,0.0,,,CLR,2849.146,SGD,,20261008_091600,1,,37.108,,,,,,,0.758,LION-PHILLIP S-REIT,-0.006,97.888,0.77,,,0.758,MAINBOARD,LION-PHILLIP S-REIT,0.767,,,-0.784,,,,0.759,0.759,2170546.227,0.0,,2026-10-08 16:47:05,2026-10-09 00:47:05+0800
0.025,,P,0.024,,stocks,,0,0.0,,,,,,0.0,,,PRH,400.1,SGD,,20261008_091600,100,Q,101.0,,,,,,20261007,0.022,Livingstone,-0.001,679.3,0.024,,,0.023,CATALIST,Livingstone,0.023,,,-4.0,,,,0.024,0.0,9202.5,,,2026-10-08 16:47:05,2026-10-09 00:47:05+0800
0.425,,P,0.42,,stocks,,0,0.0,,,,,,0.0,,,LMS,1.1,SGD,,20261008_091600,100,M,1.2,,,,,,20261007,0.415,LMS Compliance,-0.005,13.9,0.42,,,0.42,CATALIST,LMS Compliance,0.42,,,-1.176,,,,0.420,0.0,462.0,,,2026-10-08 16:47:05,2026-10-09 00:47:05+0800
79.97,,S,79.97,,stocks,,0,0.0,,,,Developed,None#,0.0,,SIX,O6Z,0.0,SGD,,20261008_091600,10,C,0.0,,,,,,20111021,,Lonza,0.0,0.0,0.0,,,0.0,MAINBOARD,Lonza,0.0,,,0.0,,,,,0.0,0.0,,,2026-10-08 16:47:05,2026-10-09 00:47:05+0800
0.016,,P,0.016,,stocks,,0,0.0,,,,,,0.0,,,5IE,0.0,SGD,,20261008_091600,100,G,0.0,,,,,,20181129,,Lorenzo Intl,0.0,0.0,0.0,SUSP,,0.0,MAINBOARD,Lorenzo Intl,0.0,,,0.0,,,,,0.0,0.0,,,2026-10-08 16:47:05,2026-10-09 00:47:05+0800
0.084,,P,0.083,,stocks,,0,0.0,,,,,,0.0,,,ENV,455.2,SGD,,20261008_091600,100,K,22.0,,,,,,20261007,0.072,LS 2 Holdings,-0.001,20.0,0.085,,,0.074,CATALIST,LS 2 Holdings,0.084,,,-1.19,,,,0.084,0.0,36468.2,,,2026-10-08 16:47:05,2026-10-09 00:47:05+0800
0.55,,P,0.545,,stocks,,0,0.0,,,,,,0.0,,,L19,225.7,SGD,,20261008_091600,100,F,20.2,,,,,,20261007,0.545,Lum Chang,-0.005,23.4,0.55,,,0.545,MAINBOARD,Lum Chang,0.55,,,-0.909,,,CD,0.550,0.0,123871.0,,,2026-10-08 16:47:05,2026-10-09 00:47:05+0800
0.305,,P,0.3,,stocks,,0,0.0,,,,,,0.0,,,LCC,1150.6,SGD,,20261008_091600,100,K,8.8,,,,,,20261007,0.300,Lum Chang Creat,-0.005,132.5,0.31,,,0.295,MAINBOARD,Lum Chang Creat,0.305,,,-1.639,,,CD,0.305,0.0,345284.5,,,2026-10-08 16:47:05,2026-10-09 00:47:05+0800
0.028,,P,0.028,,stocks,,0,0.0,,,,,,0.0,,,5UA,2.8,SGD,,20261008_091600,100,L,65.7,,,,,,20261001,0.028,Luminor,0.0,31.0,0.028,,,0.028,CATALIST,Luminor,0.028,,,0.0,,,,0.033,0.0,78.4,,,2026-10-08 16:47:05,2026-10-09 00:47:05+0800
0.3,,P,0.3,,stocks,,0,0.0,,,,,,0.0,,,BKK,0.0,SGD,,20261008_091600,100,C,1.1,,,,,,20261001,0.310,Luxking,0.0,13.4,0.0,,,0.0,MAINBOARD,Luxking,0.0,,,0.0,,,,0.340,0.0,0.0,,,2026-10-08 16:47:05,2026-10-09 00:47:05+0800
0.038,,P,0.038,,stocks,,0,0.0,,,,,,0.0,,,1H8,0.0,SGD,,20261008_091600,100,C,2.2,,,,,,20260831,0.027,LY Corp,0.0,0.1,0.0,,,0.0,CATALIST,LY Corp,0.0,,,0.0,,,,0.034,0.0,0.0,,,2026-10-08 16:47:05,2026-10-09 00:47:05+0800
0.034,,P,0.034,,reits,,0,0.0,,,,,,0.0,,,BTOU,575.5,USD,,20261008_091600,100,L,26.7,,,,,,,0.033,ManulifeReit USD,0.0,1206.9,0.034,,,0.032,MAINBOARD,ManulifeReit USD,0.033,,,0.0,,,,0.034,0.0,19041.3,,,2026-10-08 16:47:05,2026-10-09 00:47:05+0800
1.86,,P,1.85,,reits,,0,0.0,,,,,,0.0,,,ME8U,8959.2,SGD,,20261008_091600,100,L,3.2,,,,,,,1.850,Mapletree Ind Tr,-0.01,1401.3,1.89,,,1.84,MAINBOARD,Mapletree Ind Tr,1.86,,,-0.538,,,,1.860,0.0,16724085.0,,,2026-10-08 16:47:05,2026-10-09 00:47:05+0800
1.1,,P,1.1,,reits,,0,0.0,,,,,,0.0,,,M44U,5320.6,SGD,,20261008_091600,100,L,6053.2,,,,,,,1.090,Mapletree Log Tr,0.0,3391.3,1.11,,,1.09,MAINBOARD,Mapletree Log Tr,1.1,,,0.0,,,,1.100,0.0,5837046.0,,,2026-10-08 16:47:05,2026-10-09 00:47:05+0800
1.21,,P,1.2,,reits,,0,0.0,,,,,,0.0,,,N2IU,10659.2,SGD,,20261008_091600,100,L,5359.1,,,,,,,1.190,Mapletree PanAsia Com Tr,-0.01,1273.9,1.22,,,1.19,MAINBOARD,Mapletree PanAsia Com Tr,1.21,,,-0.826,,,,1.200,0.0,12817849.0,,,2026-10-08 16:47:05,2026-10-09 00:47:05+0800
0.126,,P,0.118,,stocks,,0,0.0,,,,,,0.0,,,5LY,24161.5,SGD,,20261008_091600,100,C,596.7,,,,,,20261007,0.118,MarcoPolo Marine,-0.008,0.1,0.125,,,0.117,MAINBOARD,MarcoPolo Marine,0.125,,,-6.349,,,,0.119,0.0,2915196.2,,,2026-10-08 16:47:05,2026-10-09 00:47:05+0800
0.0,,S,0.0,,stocks,,0,0.0,,,,Developed,None,0.0,,TSE,M12,0.0,JPY,,20261008_091600,100,C,0.0,,,,,,,,Maruwa Yen1k,0.0,0.0,0.0,,,0.0,MAINBOARD,Maruwa Yen1k,0.0,,,0.0,,,,,0.0,0.0,,,2026-10-08 16:47:05,2026-10-09 00:47:05+0800
0.027,,P,0.021,,stocks,,0,0.0,,,,,,0.0,,,5OX,2478.4,SGD,,20261008_091600,100,S,47.3,,,,,,20261007,0.020,Mary Chia,-0.006,149.0,0.027,,,0.02,CATALIST,Mary Chia,0.027,,,-22.222,,,,0.021,0.0,54852.9,,,2026-10-08 16:47:05,2026-10-09 00:47:05+0800
0.037,,P,0.036,,stocks,,0,0.0,,,,,,0.0,,,Y3D,738.2,SGD,,20261008_091600,100,J,380.0,,,,,,20261007,0.034,MDR Limited,-0.001,0.2,0.036,,,0.035,MAINBOARD,MDR Limited,0.036,,,-2.703,,,,0.035,0.0,25937.2,,,2026-10-08 16:47:05,2026-10-09 00:47:05+0800
0.005,,P,0.005,,companywarrants,,0,0.0,8.0,,,,,0.0,,,8A3W,0.0,SGD,,20261008_091600,100,,1262.0,,,,,,,0.004,MDR Limited W310520,0.0,4372.0,0.0,,,0.0,MAINBOARD,MDR Limited W310520,0.0,X,,0.0,,,,0.006,0.0,0.0,0.0,,2026-10-08 16:47:05,2026-10-09 00:47:05+0800
0.051,,P,0.047,,stocks,,0,0.0,,,,,,0.0,,,Z4D,11672.5,SGD,,20261008_091600,100,Q,42.9,,,,,,20261007,0.046,MediLifestyle,-0.004,200.0,0.051,,,0.046,CATALIST,MediLifestyle,0.051,,,-7.843,,,,0.047,0.0,564236.2,,,2026-10-08 16:47:05,2026-10-09 00:47:05+0800
0.2,,P,0.2,,stocks,,0,0.0,,,,,,0.0,,,OTX,0.0,SGD,,20261008_091600,100,Q,3.1,,,,,,20261005,0.205,Medinex,0.0,45.0,0.0,,,0.0,CATALIST,Medinex,0.0,,,0.0,,,,0.215,0.0,0.0,,,2026-10-08 16:47:05,2026-10-09 00:47:05+0800
0.118,,P,0.121,,stocks,,0,0.0,,,,,,0.0,,,546,16819.3,SGD,,20261008_091600,100,C,507.3,,,,,,20261007,0.121,Medtecs Intl,0.003,496.7,0.124,,,0.117,CATALIST,Medtecs Intl,0.118,,,2.542,,,,0.122,0.0,2033511.3,,,2026-10-08 16:47:05,2026-10-09 00:47:05+0800
0.45,,P,0.45,,stocks,,0,0.0,,,,,,0.0,,,5DS,0.0,SGD,,20261008_091600,100,G,5.1,,,,,,20261005,0.410,MegaChem,0.0,60.0,0.0,,,0.0,CATALIST,MegaChem,0.0,,,0.0,,,,0.450,0.0,0.0,,,2026-10-08 16:47:05,2026-10-09 00:47:05+0800
0.077,,P,0.077,,stocks,,0,0.0,,,,,,0.0,,,SJY,0.0,SGD,,20261008_091600,100,K,20.0,,,,,,20261006,0.061,MeGroup,0.0,30.0,0.0,,,0.0,CATALIST,MeGroup,0.0,,,0.0,,,,0.089,0.0,0.0,,,2026-10-08 16:47:05,2026-10-09 00:47:05+0800
0.002,,P,0.002,0.0,dlcertificates,0.0,0,0.0,25.0,2026-10-27,,,,0.0,,,UOLW,0.0,SGD,,20261008_091600,100,,0.0,0.0,,@,,,,,Meituan 5xLongSG261027,0.0,100.0,0.0,,,0.0,MAINBOARD,Meituan 5xLongSG261027,0.0,,,0.0,,,,0.003,0.002,0.0,5.0,,2026-10-08 16:47:05,2026-10-09 00:47:05+0800
0.037,,P,0.035,0.0,dlcertificates,0.0,0,0.0,25.0,2028-01-20,,,,0.0,,,PSIW,85.0,SGD,,20261008_091600,100,,100.0,0.0,,@,,,,0.034,Meituan 5xLongSG280120,-0.001,15.0,0.035,,,0.035,MAINBOARD,Meituan 5xLongSG280120,0.035,,,-2.778,,0.038,,0.042,0.036,2975.0,5.0,,2026-10-08 16:47:05,2026-10-09 00:47:05+0800
0.295,,P,0.28,0.0,dlcertificates,0.0,0,0.0,25.0,2028-06-22,,,,0.0,,,93RW,11.7,SGD,,20261008_091600,100,,0.0,0.0,,@,,,,,Meituan 5xLongSG280622,-0.009,5.0,0.28,,,0.28,MAINBOARD,Meituan 5xLongSG280622,0.28,,,-3.114,,,,0.410,0.289,3276.0,5.0,,2026-10-08 16:47:05,2026-10-09 00:47:05+0800
0.024,,P,0.024,0.0,dlcertificates,0.0,0,0.0,25.0,2027-08-31,,,,0.0,,,EOPW,0.0,SGD,,20261008_091600,100,,0.0,0.0,,@,,,,,Meituan 5xLongUB270831,0.0,0.0,0.0,,,0.0,MAINBOARD,Meituan 5xLongUB270831,0.0,,,0.0,,,,,0.017,0.0,5.0,,2026-10-08 16:47:05,2026-10-09 00:47:05+0800
0.225,,P,0.225,0.0,dlcertificates,0.0,0,0.0,26.0,2028-01-20,,,,0.0,,,IJWW,0.0,SGD,,20261008_091600,100,,0.0,0.0,,@,,,,,Meituan 5xShortSG280120,0.0,0.0,0.0,,,0.0,MAINBOARD,Meituan 5xShortSG280120,0.0,,,0.0,,,,,0.219,0.0,5.0,,2026-10-08 16:47:05,2026-10-09 00:47:05+0800
0.525,,P,0.525,0.0,dlcertificates,0.0,0,0.0,26.0,2028-07-31,,,,0.0,,,UZGW,0.0,SGD,,20261008_091600,100,,0.0,0.0,,@,,,,,Meituan 5xShortUB280731,0.0,0.0,0.0,,,0.0,MAINBOARD,Meituan 5xShortUB280731,0.0,,,0.0,,,,,0.525,0.0,5.0,,2026-10-08 16:47:05,2026-10-09 00:47:05+0800
2.29,,P,2.29,,adrs,,0,0.0,13.0,,,,,0.0,,,HMTD,0.0,SGD,,20261008_090000,100,J,3.0,,,,,,,2.250,Meituan HK SDR 5to1,0.0,0.6,0.0,,,0.0,GLOBAL_QUOTE,Meituan HK SDR 5to1,0.0,,,0.0,,,,2.390,0.0,0.0,0.0,,2026-10-08 16:47:05,2026-10-09 00:47:05+0800
0.015,,P,0.015,,structuredwarrants,,0,0.0,16.0,2026-11-03,,,,98.0,,,TWWW,0.0,SGD,,20261008_091600,100,,0.0,,,@,,,,,Meituan MB eCW261103,0.0,0.0,0.0,,,0.0,MAINBOARD,Meituan MB eCW261103,0.0,,25:1,0.0,,,,,0.0,0.0,0.0,,2026-10-08 16:47:05,2026-10-09 00:47:05+0800
0.009,,P,0.008,,stocks,,0,0.0,,,,,,0.0,,,TWL,235.0,SGD,,20261008_091600,100,E,460.8,,,,,,20261007,0.008,Memiontec Hldgs,-0.001,700.0,0.008,,,0.008,CATALIST,Memiontec Hldgs,0.008,,,-11.111,,,,0.009,0.0,1880.0,,,2026-10-08 16:47:05,2026-10-09 00:47:05+0800
0.003,,P,0.003,,companywarrants,,0,0.0,8.0,,,,,0.0,,,57XW,0.0,SGD,,20261008_091600,100,,845.0,,,,,,,0.004,Memiontec W280512,0.0,219.3,0.0,,,0.0,CATALIST,Memiontec W280512,0.0,X,,0.0,,,,0.006,0.0,0.0,0.0,,2026-10-08 16:47:05,2026-10-09 00:47:05+0800
0.089,,P,0.085,,stocks,,0,0.0,,,,,,0.0,,,5NF,1319.0,SGD,,20261008_091600,100,C,100.0,,,,,,20261007,0.084,Mencast,-0.004,46.9,0.088,,,0.083,CATALIST,Mencast,0.088,,,-4.494,,,,0.085,0.0,111889.6,,,2026-10-08 16:47:05,2026-10-09 00:47:05+0800
0.016,,P,0.016,,stocks,,0,0.0,,,,,,0.0,,,5RF,0.0,SGD,,20261008_091600,100,L,0.0,,,,,,20230623,,Mercurius,0.0,0.0,0.0,SUSP,,0.0,CATALIST,Mercurius,0.0,,,0.0,,,,,0.0,0.0,,,2026-10-08 16:47:05,2026-10-09 00:47:05+0800
0.079,,P,0.08,,stocks,,0,0.0,,,,,,0.0,,,DU4,504.4,SGD,,20261008_091600,100,B,25.5,,,,,,20261007,0.079,Mermaid Maritime,0.001,85.8,0.08,,,0.079,MAINBOARD,Mermaid Maritime,0.08,,,1.266,,,,0.080,0.0,40252.0,,,2026-10-08 16:47:05,2026-10-09 00:47:05+0800
2.24,,P,2.24,0.0,dlcertificates,0.0,0,0.0,25.0,2026-12-04,,,,0.0,,,USTW,0.0,USD,,20261008_091600,100,,0.0,0.0,,@,,,,,META 3xLongSG261204US$,0.0,0.0,0.0,,,0.0,MAINBOARD,META 3xLongSG261204US$,0.0,,,0.0,,,,,2.211,0.0,3.0,,2026-10-08 16:47:05,2026-10-09 00:47:05+0800
0.335,,P,0.335,0.0,dlcertificates,0.0,0,0.0,26.0,2026-12-04,,,,0.0,,,USUW,0.0,USD,,20261008_091600,100,,0.0,0.0,,@,,,,,META 3xShortSG261204US$,0.0,0.0,0.0,,,0.0,MAINBOARD,META 3xShortSG261204US$,0.0,,,0.0,,,,,0.327,0.0,3.0,,2026-10-08 16:47:05,2026-10-09 00:47:05+0800
8.0,,P,6.87,0.0,dlcertificates,0.0,0,0.0,25.0,2028-07-26,,,,0.0,,,SBWW,1.0,SGD,,20261008_091600,100,,0.0,0.0,,@,,,,,META 5xLongSG280726,-0.788,0.1,6.97,,,6.87,MAINBOARD,META 5xLongSG280726,6.96,,,-10.29,,,,8.700,7.658,6944.0,5.0,,2026-10-08 16:47:05,2026-10-09 00:47:05+0800
0.75,,P,0.75,0.0,dlcertificates,0.0,0,0.0,26.0,2028-07-26,,,,0.0,,,1R9W,0.0,SGD,,20261008_091600,100,,0.0,0.0,,@,,,,,META 5xShortSG280726,0.0,0.0,0.0,,,0.0,MAINBOARD,META 5xShortSG280726,0.0,,,0.0,,,,,0.669,0.0,5.0,,2026-10-08 16:47:05,2026-10-09 00:47:05+0800
0.003,,P,0.003,,stocks,,0,0.0,,,,,,0.0,,,5DX,0.0,SGD,,20261008_091600,100,C,9481.8,,,,,,20261006,0.003,Meta Health,0.0,120.7,0.0,,,0.0,CATALIST,Meta Health,0.0,,,0.0,,,,0.004,0.0,0.0,,,2026-10-08 16:47:05,2026-10-09 00:47:05+0800
0.345,,P,0.32,,stocks,,0,0.0,,,,,,0.0,,,9MT,248.0,SGD,,20261008_091600,100,C,2.4,,,,,,20261007,0.315,METAOPTICS LTD,-0.025,69.7,0.345,,,0.32,CATALIST,METAOPTICS LTD,0.345,,,-7.246,,,,0.320,0.0,81577.5,,,2026-10-08 16:47:05,2026-10-09 00:47:05+0800
0.042,,P,0.043,,stocks,,0,0.0,,,,,,0.0,,,V3M,2.4,SGD,,20261008_091600,100,N,1.6,,,,,,20261007,0.036,Metech Intl,0.001,0.5,0.043,,,0.036,CATALIST,Metech Intl,0.036,,,2.381,,,,0.042,0.0,100.4,,,2026-10-08 16:47:05,2026-10-09 00:47:05+0800
0.032,,P,0.028,,stocks,,0,0.0,,,,,,0.0,,,L02,34.1,SGD,,20261008_091600,100,N,35.1,,,,,,20261007,0.028,Metis Energy,-0.004,2.3,0.032,,,0.028,MAINBOARD,Metis Energy,0.028,,,-12.5,,,,0.032,0.0,955.6,,,2026-10-08 16:47:05,2026-10-09 00:47:05+0800
0.355,,P,0.345,,stocks,,0,0.0,,,,,,0.0,,,M01,58.4,SGD,,20261008_091600,100,N,9.4,,,,,,20261007,0.345,Metro,-0.01,50.0,0.355,,,0.345,MAINBOARD,Metro,0.355,,,-2.817,,,,0.360,0.0,20302.5,,,2026-10-08 16:47:05,2026-10-09 00:47:05+0800
0.22,,P,0.21,,stocks,,0,0.0,,,,,,0.0,,,WYO,344.8,SGD,,20261008_091600,100,L,0.3,,,,,,20261007,0.210,Metrocon,-0.01,19.8,0.22,,,0.2,CATALIST,Metrocon,0.22,,,-4.545,,,,0.215,0.0,72074.0,,,2026-10-08 16:47:05,2026-10-09 00:47:05+0800
0.24,,P,0.24,,stocks,,0,0.0,,,,,,0.0,,,MV4,343.0,SGD,,20261008_091600,100,C,61.0,,,,,,20261007,0.235,Mewah Intl,0.0,147.2,0.24,,,0.24,MAINBOARD,Mewah Intl,0.24,,,0.0,,,,0.240,0.0,82320.0,,,2026-10-08 16:47:05,2026-10-09 00:47:05+0800
0.026,,P,0.026,,stocks,,0,0.0,,,,,,0.0,,,M11,0.0,SGD,,20261008_091600,100,C,67.0,,,,,,20261006,0.026,MFG Integration,0.0,5.0,0.0,,,0.0,MAINBOARD,MFG Integration,0.0,,,0.0,,,,0.035,0.0,0.0,,,2026-10-08 16:47:05,2026-10-09 00:47:05+0800
2.68,,P,2.64,,stocks,,0,0.0,,,,,,0.0,,,5DD,91.8,SGD,,20261008_091600,100,C,10.4,,,,,,20261007,2.620,Micro-Mechanics,-0.04,6.6,2.69,,,2.62,MAINBOARD,Micro-Mechanics,2.69,,,-1.493,,,CD,2.640,0.0,242042.0,,,2026-10-08 16:47:05,2026-10-09 00:47:05+0800
4.12,,P,4.66,0.0,dlcertificates,0.0,0,0.0,25.0,2028-06-22,,,,0.0,,,VV9W,0.3,SGD,,20261008_091600,100,,0.0,0.0,,@,,,,,Micron 3xLongSG280622,0.582,0.6,4.66,,,4.66,MAINBOARD,Micron 3xLongSG280622,4.66,,,14.272,,,,4.680,4.078,1398.0,3.0,,2026-10-08 16:47:05,2026-10-09 00:47:05+0800
12.78,,P,13.91,0.0,dlcertificates,0.0,0,0.0,25.0,2028-09-13,,,,0.0,,,44BW,0.9,SGD,,20261008_091600,100,,0.3,0.0,,@,,,,13.200,Micron 3xLongSG280913,1.08,2.5,14.65,,,13.91,MAINBOARD,Micron 3xLongSG280913,14.64,,,8.418,,13.7,,14.200,12.83,13046.0,3.0,,2026-10-08 16:47:05,2026-10-09 00:47:05+0800
1.31,,P,1.31,0.0,dlcertificates,0.0,0,0.0,26.0,2028-06-22,,,,0.0,,,1J9W,0.0,SGD,,20261008_091600,100,,0.0,0.0,,@,,,,,Micron 3xShortSG280622,0.0,0.0,0.0,,,0.0,MAINBOARD,Micron 3xShortSG280622,0.0,,,0.0,,,,,1.239,0.0,3.0,,2026-10-08 16:47:05,2026-10-09 00:47:05+0800
0.013,,P,0.013,0.0,dlcertificates,0.0,0,0.0,26.0,2028-09-13,,,,0.0,,,RLGW,0.0,SGD,,20261008_091600,100,,0.0,0.0,,@,,,,,Micron 3xShortSG280913,0.0,0.0,0.0,,,0.0,MAINBOARD,Micron 3xShortSG280913,0.0,,,0.0,,,,,0.014,0.0,3.0,,2026-10-08 16:47:05,2026-10-09 00:47:05+0800
3.88,,P,4.9,0.0,dlcertificates,0.0,0,0.0,25.0,2028-09-15,,,,0.0,,,OLUW,2.0,SGD,,20261008_091600,100,,0.0,0.0,,@,,,,,Micron 5xLongSG280915,0.88,0.9,4.9,,,4.9,MAINBOARD,Micron 5xLongSG280915,4.9,,,21.891,,,,5.070,4.02,9800.0,5.0,,2026-10-08 16:47:05,2026-10-09 00:47:05+0800
0.111,,P,0.111,,stocks,,0,0.0,,,,,,0.0,,,CNE,0.0,SGD,,20261008_091600,100,M,0.4,,,,,,20260928,0.104,MindChamps,0.0,98.0,0.0,,,0.0,MAINBOARD,MindChamps,0.0,,,0.0,,,,0.109,0.0,0.0,,,2026-10-08 16:47:05,2026-10-09 00:47:05+0800
0.0,,P,1.255,0.0,dlcertificates,0.0,0,0.0,25.0,2028-03-13,,,,0.0,,,SQIW,2.0,SGD,,20261008_091600,100,,0.0,0.0,,@,,,,,Minimax 3xLongSG280313,-0.461,0.0,1.255,,,1.255,MAINBOARD,Minimax 3xLongSG280313,1.255,,,-26.865,,,,,1.716,2510.0,3.0,,2026-10-08 16:47:05,2026-10-09 00:47:05+0800
0.005,,P,0.005,,stocks,,0,0.0,,,,,,0.0,,,M03,200.0,SGD,,20261008_091600,100,C,8965.9,,,,,,20261005,0.004,Miyoshi,0.0,25.0,0.005,,,0.005,CATALIST,Miyoshi,0.005,,,0.0,,,,0.005,0.0,1000.0,,,2026-10-08 16:47:05,2026-10-09 00:47:05+0800
0.003,,P,0.003,,stocks,,0,0.0,,,,,,0.0,,,1B0,0.0,SGD,,20261008_091600,100,J,0.0,,,,,,20251110,,MM2 Asia,0.0,0.0,0.0,SUSP,,0.0,MAINBOARD,MM2 Asia,0.0,,,0.0,,,,,0.0,0.0,,,2026-10-08 16:47:05,2026-10-09 00:47:05+0800
0.565,,P,0.525,,stocks,,0,0.0,,,,,,0.0,,,5WJ,736.7,SGD,,20261008_091600,100,K,54.3,,,,,,20261007,0.525,MoneyMax Fin,-0.04,11.0,0.56,,,0.52,MAINBOARD,MoneyMax Fin,0.56,,,-7.08,,,,0.540,0.0,391641.0,,,2026-10-08 16:47:05,2026-10-09 00:47:05+0800
0.095,,P,0.094,,stocks,,0,0.0,,,,,,0.0,,,1V3,100.0,SGD,,20261008_091600,100,M,0.1,,,,,,20261007,0.094,Mooreast,-0.001,30.0,0.095,,,0.094,CATALIST,Mooreast,0.095,,,-1.053,,,,0.095,0.0,9470.0,,,2026-10-08 16:47:05,2026-10-09 00:47:05+0800
0.535,,P,0.525,,stocks,,0,0.0,,,,,,0.0,,,NPW,71.2,SGD,,20261008_091600,100,C,2.0,,,,,,20261006,0.520,MSC,-0.01,9.5,0.53,,,0.525,MAINBOARD,MSC,0.525,,,-1.869,,,,0.530,0.0,37381.0,,,2026-10-08 16:47:05,2026-10-09 00:47:05+0800
3.17,,P,3.17,0.0,dlcertificates,0.0,0,0.0,25.0,2026-12-04,,,,0.0,,,USWW,0.0,USD,,20261008_091600,100,,0.0,0.0,,@,,,,,MSFT 3xLongSG261204US$,0.0,0.0,0.0,,,0.0,MAINBOARD,MSFT 3xLongSG261204US$,0.0,,,0.0,,,,,3.402,0.0,3.0,,2026-10-08 16:47:05,2026-10-09 00:47:05+0800
1.13,,P,1.13,0.0,dlcertificates,0.0,0,0.0,26.0,2026-12-04,,,,0.0,,,USXW,0.0,USD,,20261008_091600,100,,0.0,0.0,,@,,,,,MSFT 3xShortSG261204US$,0.0,0.0,0.0,,,0.0,MAINBOARD,MSFT 3xShortSG261204US$,0.0,,,0.0,,,,,0.827,0.0,3.0,,2026-10-08 16:47:05,2026-10-09 00:47:05+0800
4.54,,P,4.52,0.0,dlcertificates,0.0,0,0.0,25.0,2028-07-26,,,,0.0,,,45GW,1.5,SGD,,20261008_091600,100,,0.0,0.0,,@,,,,,MSFT 5xLongSG280726,0.11,0.0,4.52,,,4.52,MAINBOARD,MSFT 5xLongSG280726,4.52,,,2.494,,,,,4.41,6780.0,5.0,,2026-10-08 16:47:05,2026-10-09 00:47:05+0800
4.83,,P,4.83,0.0,dlcertificates,0.0,0,0.0,26.0,2028-07-26,,,,0.0,,,ZDLW,0.0,SGD,,20261008_091600,100,,0.0,0.0,,@,,,,,MSFT 5xShortSG280726,0.0,0.0,0.0,,,0.0,MAINBOARD,MSFT 5xShortSG280726,0.0,,,0.0,,,,,2.608,0.0,5.0,,2026-10-08 16:47:05,2026-10-09 00:47:05+0800
0.168,,P,0.168,,stocks,,0,0.0,,,,,,0.0,,,51O,0.0,SGD,,20261008_091600,100,C,7.0,,,,,,20260925,0.168,MSMIntl,0.0,56.0,0.0,,,0.0,CATALIST,MSMIntl,0.0,,,0.0,,,,0.270,0.0,0.0,,,2026-10-08 16:47:05,2026-10-09 00:47:05+0800
0.19,,P,0.195,,stocks,,0,0.0,,,,,,0.0,,,M05,30.0,SGD,,20261008_091600,100,K,37.4,,,,,,20261007,0.190,MTQ,0.005,23.0,0.195,,,0.195,MAINBOARD,MTQ,0.195,,,2.632,,,,0.195,0.0,5850.0,,,2026-10-08 16:47:05,2026-10-09 00:47:05+0800
2.3,,P,2.24,,stocks,,0,0.0,,,,,,0.0,,,AWZ,65.2,SGD,,20261008_091600,100,J,0.1,,,,,,20261007,2.230,Multi-Chem,-0.06,32.0,2.28,,,2.14,MAINBOARD,Multi-Chem,2.28,,,-2.609,,,,2.240,0.0,143356.0,,,2026-10-08 16:47:05,2026-10-09 00:47:05+0800
0.026,,P,0.022,,stocks,,0,0.0,,,,,,0.0,,,MF6,1359.1,SGD,,20261008_091600,100,C,18.0,,,,,,20261006,0.023,Mun Siong Engg,-0.004,20.5,0.029,,,0.022,MAINBOARD,Mun Siong Engg,0.026,,,-15.385,,,,0.028,0.0,32833.3,,,2026-10-08 16:47:05,2026-10-09 00:47:05+0800
0.051,,P,0.051,,stocks,,0,0.0,,,,,,0.0,,,F86,2.2,SGD,,20261008_091600,100,K,87.6,,,,,,20261006,0.051,MYP,0.0,0.5,0.051,,,0.051,MAINBOARD,MYP,0.051,,,0.0,,,,0.063,0.0,112.2,,,2026-10-08 16:47:05,2026-10-09 00:47:05+0800
99.579,99.579,P,99.579,,sgsbonds,,0,0.0,2.0,,,,,0.0,,,IRRS,0.0,SGD,,20261007_230043,10,,0.18,,,,99.022,,,99.826,N521100V 261101,0.0,0.0,0.0,,,0.0,GLOBAL_QUOTE,N521100V 261101,0.0,X,,0.0,0.557,,,,0.0,0.0,0.0,1791388800000.0,2026-10-08 16:47:05,2026-10-09 00:47:05+0800
100.5,100.5,P,100.5,,sgsbonds,,0,0.0,2.0,,,,,0.0,,,EJUS,0.0,SGD,,20261007_230043,10,,0.5,,,,100.174,,,99.500,N522100N 270901,0.0,0.0,0.0,,,0.0,GLOBAL_QUOTE,N522100N 270901,0.0,X,,0.0,0.326,,,,0.0,0.0,0.0,1791388800000.0,2026-10-08 16:47:05,2026-10-09 00:47:05+0800
100.0,100.0,P,100.0,,sgsbonds,,0,0.0,2.0,,,,,0.0,,,SHVS,0.0,SGD,,20261007_230043,10,,0.5,,,,99.438,,,99.000,N523100W 280801,0.0,0.0,0.0,,,0.0,GLOBAL_QUOTE,N523100W 280801,0.0,X,,0.0,0.562,,,,0.0,0.0,0.0,1791388800000.0,2026-10-08 16:47:05,2026-10-09 00:47:05+0800
103.0,103.0,P,103.0,,sgsbonds,,0,0.0,2.0,,,,,0.0,,,FYFS,0.0,SGD,,20261007_230043,10,,1.0,,,,102.909,,,97.000,N524100X 290401,0.0,0.0,0.0,,,0.0,GLOBAL_QUOTE,N524100X 290401,0.0,X,,0.0,0.091,,,,0.0,0.0,0.0,1791388800000.0,2026-10-08 16:47:05,2026-10-09 00:47:05+0800
92.0,92.0,P,92.0,,sgsbonds,,0,0.0,2.0,,,,,0.0,,,GEXS,0.0,SGD,,20261008_064754,10,,0.6,,,,91.924,,,93.000,N525100T 300401,0.0,0.0,0.0,,,0.0,GLOBAL_QUOTE,N525100T 300401,0.0,X,,0.0,0.076,,,,0.0,0.0,0.0,1791388800000.0,2026-10-08 16:47:05,2026-10-09 00:47:05+0800
108.5,108.5,P,108.5,,sgsbonds,,0,0.0,2.0,,,,,0.0,,,PH1S,0.0,SGD,,20261007_230043,10,,0.6,,,,108.417,,,95.000,NA12100N 420401,0.0,0.25,0.0,,,0.0,GLOBAL_QUOTE,NA12100N 420401,0.0,X,,0.0,0.083,,,107.500,0.0,0.0,0.0,1791388800000.0,2026-10-08 16:47:05,2026-10-09 00:47:05+0800
97.1,97.1,P,97.1,,sgsbonds,,0,0.0,2.0,,,,,0.0,,,BJGS,0.0,SGD,,20261007_230043,10,,1.0,,,,96.789,,,98.100,NA16100H 460301,0.0,0.0,0.0,,,0.0,GLOBAL_QUOTE,NA16100H 460301,0.0,X,,0.0,0.311,,,,0.0,0.0,0.0,1791388800000.0,2026-10-08 16:47:05,2026-10-09 00:47:05+0800
83.0,83.0,P,83.0,,sgsbonds,,0,0.0,2.0,,,,,0.0,,,ZL8S,0.0,SGD,,20261007_230043,10,,0.6,,,,82.788,,,84.000,NA20100F 500301,0.0,0.0,0.0,,,0.0,GLOBAL_QUOTE,NA20100F 500301,0.0,X,,0.0,0.212,,,,0.0,0.0,0.0,1791388800000.0,2026-10-08 16:47:05,2026-10-09 00:47:05+0800
80.0,80.0,P,80.0,,sgsbonds,,0,0.0,2.0,,,,,0.0,,,ZFGS,0.0,SGD,,20261007_230043,10,,0.6,,,,79.943,,,81.000,NA21200W 511001,0.0,0.0,0.0,,,0.0,GLOBAL_QUOTE,NA21200W 511001,0.0,X,,0.0,0.057,,,,0.0,0.0,0.0,1791388800000.0,2026-10-08 16:47:05,2026-10-09 00:47:05+0800
122.001,122.001,P,122.001,,retailbonds,,0,0.0,2.0,,,,,0.0,,,9W8B,0.0,SGD,,20261007_230043,10,,1.0,,,,120.82,,,98.000,NA24300E 540601,0.0,0.0,0.0,,,0.0,MAINBOARD,NA24300E 540601,0.0,X,,0.0,1.181,,,,0.0,0.0,0.0,1791388800000.0,2026-10-08 16:47:05,2026-10-09 00:47:05+0800
0.555,,P,0.565,,stocks,,0,0.0,,,,,,0.0,,,G0I,23.6,SGD,,20261008_091600,100,C,10.0,,,,,,20261007,0.565,Nam Lee Metal,0.01,68.0,0.57,,,0.565,MAINBOARD,Nam Lee Metal,0.565,,,1.802,,,,0.570,0.0,13336.0,,,2026-10-08 16:47:05,2026-10-09 00:47:05+0800
0.88,,P,0.865,,stocks,,0,0.0,,,,,,0.0,,,1MZ,429.0,SGD,,20261008_091600,100,C,13.4,,,,,,20261007,0.865,NamCheong,-0.015,9.3,0.89,,,0.86,MAINBOARD,NamCheong,0.885,,,-1.705,,,,0.870,0.0,375115.5,,,2026-10-08 16:47:05,2026-10-09 00:47:05+0800
0.855,,P,0.83,,stocks,,0,0.0,,,,,,0.0,,,MZH,2728.1,SGD,,20261008_091600,100,C,24.7,,,,,,20261007,0.825,Nanofilm,-0.025,93.2,0.855,,,0.815,MAINBOARD,Nanofilm,0.855,,,-2.924,,,,0.830,0.0,2266131.5,,,2026-10-08 16:47:05,2026-10-09 00:47:05+0800
0.022,,P,0.022,,stocks,,0,0.0,,,,,,0.0,,,M15,0.0,SGD,,20261008_091600,100,G,0.0,,,,,,20250715,,Nanyang NewDev,0.0,0.0,0.0,SUSP,,0.0,CATALIST,Nanyang NewDev,0.0,,,0.0,,,,,0.0,0.0,,,2026-10-08 16:47:05,2026-10-09 00:47:05+0800
0.0,,P,0.0,,structuredwarrants,,0,0.0,17.0,2026-12-18,,,,27000.0,,,ERFW,0.0,SGD,,20261008_091600,100,,0.0,,,@,,,,,NASDAQ 27000MBePW261218,0.0,0.0,0.0,,,0.0,MAINBOARD,NASDAQ 27000MBePW261218,0.0,,20000:1,0.0,,,,,0.0,0.0,0.0,,2026-10-08 16:47:05,2026-10-09 00:47:05+0800
0.0,,P,0.0,,structuredwarrants,,0,0.0,17.0,2027-03-19,,,,29000.0,,,RJNW,0.0,SGD,,20261008_091600,100,,0.0,,,@,,,,,NASDAQ 29000MBePW270319,0.0,0.0,0.0,,,0.0,MAINBOARD,NASDAQ 29000MBePW270319,0.0,,20000:1,0.0,,,,,0.0,0.0,0.0,,2026-10-08 16:47:05,2026-10-09 00:47:05+0800
0.0,,P,0.0,,structuredwarrants,,0,0.0,16.0,2026-12-18,,,,32000.0,,,KRIW,0.0,SGD,,20261008_091600,100,,0.0,,,@,,,,,NASDAQ 32000MBeCW261218,0.0,0.0,0.0,,,0.0,MAINBOARD,NASDAQ 32000MBeCW261218,0.0,,20000:1,0.0,,,,,0.0,0.0,0.0,,2026-10-08 16:47:05,2026-10-09 00:47:05+0800
0.0,,P,0.0,,structuredwarrants,,0,0.0,16.0,2027-03-19,,,,33000.0,,,IKIW,0.0,SGD,,20261008_091600,100,,0.0,,,@,,,,,NASDAQ 33000MBeCW270319,0.0,0.0,0.0,,,0.0,MAINBOARD,NASDAQ 33000MBeCW270319,0.0,,20000:1,0.0,,,,,0.0,0.0,0.0,,2026-10-08 16:47:05,2026-10-09 00:47:05+0800
7.6,,P,7.6,0.0,dlcertificates,0.0,0,0.0,25.0,2028-03-09,,,,0.0,,,UTNW,0.0,SGD,,20261008_091600,100,,0.0,0.0,,@,,,,,Nasdaq 3xLongSG280309,0.0,0.0,0.0,,,0.0,MAINBOARD,Nasdaq 3xLongSG280309,0.0,,,0.0,,,,,8.903,0.0,3.0,,2026-10-08 16:47:05,2026-10-09 00:47:05+0800
1.59,,P,1.59,0.0,dlcertificates,0.0,0,0.0,26.0,2028-03-09,,,,0.0,,,LKVW,0.0,SGD,,20261008_091600,100,,0.0,0.0,,@,,,,,Nasdaq 3xShortSG280309,0.0,0.0,0.0,,,0.0,MAINBOARD,Nasdaq 3xShortSG280309,0.0,,,0.0,,,,,1.473,0.0,3.0,,2026-10-08 16:47:05,2026-10-09 00:47:05+0800
3.0,,P,3.0,0.0,dlcertificates,0.0,0,0.0,25.0,2028-03-30,,,,0.0,,,RWJW,0.2,SGD,,20261008_091600,100,,0.0,0.0,,@,,,,,Nasdaq 5xLongSG280330,0.033,0.0,3.0,,,3.0,MAINBOARD,Nasdaq 5xLongSG280330,3.0,,,1.112,,,,,2.967,600.0,5.0,,2026-10-08 16:47:05,2026-10-09 00:47:05+0800
7.15,,P,7.15,0.0,dlcertificates,0.0,0,0.0,25.0,2027-11-22,,,,0.0,,,PPKW,0.0,SGD,,20261008_091600,100,,0.0,0.0,,@,,,,,Nasdaq 5xLongUB271122,0.0,0.0,0.0,,,0.0,MAINBOARD,Nasdaq 5xLongUB271122,0.0,,,0.0,,,,,6.059,0.0,5.0,,2026-10-08 16:47:05,2026-10-09 00:47:05+0800
0.435,,P,0.435,0.0,dlcertificates,0.0,0,0.0,26.0,2028-04-06,,,,0.0,,,KAGW,0.0,SGD,,20261008_091600,100,,0.0,0.0,,@,,,,,Nasdaq 5xShortSG280406,0.0,0.0,0.0,,,0.0,MAINBOARD,Nasdaq 5xShortSG280406,0.0,,,0.0,,,,,0.425,0.0,5.0,,2026-10-08 16:47:05,2026-10-09 00:47:05+0800
0.22,,P,0.22,0.0,dlcertificates,0.0,0,0.0,26.0,2027-09-20,,,,0.0,,,YUYW,0.0,SGD,,20261008_091600,100,,1.0,0.0,,@,,,,0.200,Nasdaq 5xShortUB270920,0.0,0.0,0.0,,,0.0,MAINBOARD,Nasdaq 5xShortUB270920,0.0,,,0.0,,,,,0.211,0.0,5.0,,2026-10-08 16:47:05,2026-10-09 00:47:05+0800
1.275,,P,1.295,0.0,dlcertificates,0.0,0,0.0,26.0,2028-09-18,,,,0.0,,,GJIW,30.0,SGD,,20261008_091600,100,,0.0,0.0,,@,,,,,Nasdaq 5xShortUB280918,0.056,0.0,1.3,,,1.295,MAINBOARD,Nasdaq 5xShortUB280918,1.3,,,4.52,,,,,1.239,38950.0,5.0,,2026-10-08 16:47:05,2026-10-09 00:47:05+0800
3.23,,P,3.12,0.0,dlcertificates,0.0,0,0.0,25.0,2028-03-30,,,,0.0,,,MFVW,25.8,SGD,,20261008_091600,100,,0.5,0.0,,@,,,,2.230,Nasdaq 7xLongSG280330,-0.075,0.0,3.24,,,3.12,MAINBOARD,Nasdaq 7xLongSG280330,3.22,,,-2.347,,,,,3.195,83036.0,7.0,,2026-10-08 16:47:05,2026-10-09 00:47:05+0800
2.35,,P,2.35,0.0,dlcertificates,0.0,0,0.0,25.0,2027-11-22,,,,0.0,,,EDEW,0.0,SGD,,20261008_091600,100,,0.0,0.0,,@,,,,,Nasdaq 7xLongUB271122,0.0,0.0,0.0,,,0.0,MAINBOARD,Nasdaq 7xLongUB271122,0.0,,,0.0,,,,,3.953,0.0,7.0,,2026-10-08 16:47:05,2026-10-09 00:47:05+0800
0.001,,P,0.001,0.0,dlcertificates,0.0,0,0.0,26.0,2026-10-29,,,,0.0,,,CXXW,0.0,SGD,,20261008_091600,100,,0.0,0.0,,@,,,,,Nasdaq 7xShortSG261029,0.0,0.0,0.0,,,0.0,MAINBOARD,Nasdaq 7xShortSG261029,0.0,,,0.0,,,,,0.001,0.0,7.0,,2026-10-08 16:47:05,2026-10-09 00:47:05+0800
0.032,,P,0.033,0.0,dlcertificates,0.0,0,0.0,26.0,2027-05-19,,,,0.0,,,FFIW,473.0,SGD,,20261008_091600,100,,0.0,0.0,,@,,,,,Nasdaq 7xShortSG270519,0.003,0.0,0.033,,,0.032,MAINBOARD,Nasdaq 7xShortSG270519,0.032,,,10.0,,,,,0.03,15574.0,7.0,,2026-10-08 16:47:05,2026-10-09 00:47:05+0800
0.181,,P,0.177,0.0,dlcertificates,0.0,0,0.0,26.0,2028-06-16,,,,0.0,,,W5BW,35.2,SGD,,20261008_091600,100,,1.0,0.0,,@,,,,0.150,Nasdaq 7xShortSG280616,0.005,0.0,0.178,,,0.177,MAINBOARD,Nasdaq 7xShortSG280616,0.178,,,2.907,,,,,0.172,6265.4,7.0,,2026-10-08 16:47:05,2026-10-09 00:47:05+0800
0.066,,P,0.068,0.0,dlcertificates,0.0,0,0.0,26.0,2027-09-20,,,,0.0,,,EAQW,804.1,SGD,,20261008_091600,100,,0.0,0.0,,@,,,,,Nasdaq 7xShortUB270920,0.004,0.0,0.068,,,0.065,MAINBOARD,Nasdaq 7xShortUB270920,0.065,,,6.25,,,,,0.064,53778.8,7.0,,2026-10-08 16:47:05,2026-10-09 00:47:05+0800
0.165,,P,0.173,0.0,dlcertificates,0.0,0,0.0,26.0,2028-03-20,,,,0.0,,,FNBW,210.0,SGD,,20261008_091600,100,,0.0,0.0,,@,,,,,Nasdaq 7xShortUB280320,0.011,0.0,0.173,,,0.17,MAINBOARD,Nasdaq 7xShortUB280320,0.17,,,6.79,,,,,0.162,36300.0,7.0,,2026-10-08 16:47:05,2026-10-09 00:47:05+0800
0.055,,P,0.055,,stocks,,0,0.0,,,,,,0.0,,,5IF,0.0,SGD,,20261008_091600,100,D,9.0,,,,,,20261006,0.051,Natural Cool,0.0,48.8,0.0,,,0.0,CATALIST,Natural Cool,0.0,,,0.0,,,,0.064,0.0,0.0,,,2026-10-08 16:47:05,2026-10-09 00:47:05+0800
108.1,108.1,P,108.1,,retailbonds,,0,0.0,2.0,,,,,0.0,,,MOFB,0.0,SGD,,20261007_230043,10,,1.0,,,,107.627,,,100.000,NC22300W 720801,0.0,0.04,0.0,,,0.0,MAINBOARD,NC22300W 720801,0.0,X,,0.0,0.473,,,109.100,0.0,0.0,0.0,1791388800000.0,2026-10-08 16:47:05,2026-10-09 00:47:05+0800
0.17,,P,0.17,,stocks,,0,0.0,,,,,,0.0,,,N01,113.5,SGD,,20261008_091600,100,J,186.5,,,,,,20261007,0.170,NeraTel,0.0,16.0,0.172,,,0.17,MAINBOARD,NeraTel,0.172,,,0.0,,,,0.174,0.0,19295.3,,,2026-10-08 16:47:05,2026-10-09 00:47:05+0800
0.013,,P,0.013,,stocks,,0,0.0,,,,,,0.0,,,5QY,0.0,SGD,,20261008_091600,100,K,300.0,,,,,,20260930,0.012,Net Pac Hldgs,0.0,60.0,0.0,,,0.0,CATALIST,Net Pac Hldgs,0.0,,,0.0,,,,0.016,0.0,0.0,,,2026-10-08 16:47:05,2026-10-09 00:47:05+0800
0.146,,P,0.156,0.0,dlcertificates,0.0,0,0.0,25.0,2027-11-16,,,,0.0,,,MUSW,0.5,SGD,,20261008_091600,100,,0.0,0.0,,@,,,,,NetEase 5xLongSG271116,0.01,0.0,0.156,,,0.156,MAINBOARD,NetEase 5xLongSG271116,0.156,,,6.849,,,,,0.146,78.0,5.0,,2026-10-08 16:47:05,2026-10-09 00:47:05+0800
0.645,,P,0.63,0.0,dlcertificates,0.0,0,0.0,25.0,2028-07-31,,,,0.0,,,TYFW,33.0,SGD,,20261008_091600,100,,0.0,0.0,,@,,,,,NetEase 5xLongUB280731,0.0,5.0,0.66,,,0.62,MAINBOARD,NetEase 5xLongUB280731,0.66,,,0.0,,,,0.660,0.63,21115.0,5.0,,2026-10-08 16:47:05,2026-10-09 00:47:05+0800
0.014,,P,0.014,0.0,dlcertificates,0.0,0,0.0,26.0,2026-10-27,,,,0.0,,,SJRW,0.0,SGD,,20261008_091600,100,,0.0,0.0,,@,,,,,NetEase 5xShortSG261027,0.0,0.0,0.0,,,0.0,MAINBOARD,NetEase 5xShortSG261027,0.0,,,0.0,,,,,0.009,0.0,5.0,,2026-10-08 16:47:05,2026-10-09 00:47:05+0800
0.28,,P,0.28,0.0,dlcertificates,0.0,0,0.0,26.0,2027-11-16,,,,0.0,,,ONWW,0.0,SGD,,20261008_091600,100,,0.2,0.0,,@,,,,0.210,NetEase 5xShortSG271116,0.0,0.1,0.0,,,0.0,MAINBOARD,NetEase 5xShortSG271116,0.0,,,0.0,,0.237,,0.265,0.237,0.0,5.0,,2026-10-08 16:47:05,2026-10-09 00:47:05+0800
0.075,,P,0.075,0.0,dlcertificates,0.0,0,0.0,26.0,2027-07-30,,,,0.0,,,LGTW,0.0,SGD,,20261008_091600,100,,0.0,0.0,,@,,,,,NetEase 5xShortUB270730,0.0,0.0,0.0,,,0.0,MAINBOARD,NetEase 5xShortUB270730,0.0,,,0.0,,,,,0.072,0.0,5.0,,2026-10-08 16:47:05,2026-10-09 00:47:05+0800
1.81,,P,1.81,0.0,dlcertificates,0.0,0,0.0,25.0,2028-07-25,,,,0.0,,,9E7W,0.0,SGD,,20261008_091600,100,,0.0,0.0,,@,,,,,Netflix 3xLongSG280725,0.0,0.0,0.0,,,0.0,MAINBOARD,Netflix 3xLongSG280725,0.0,,,0.0,,,,,1.747,0.0,3.0,,2026-10-08 16:47:05,2026-10-09 00:47:05+0800
3.73,,P,3.73,0.0,dlcertificates,0.0,0,0.0,26.0,2028-07-25,,,,0.0,,,WWRW,0.0,SGD,,20261008_091600,100,,0.0,0.0,,@,,,,,Netflix 3xShortSG280725,0.0,0.0,0.0,,,0.0,MAINBOARD,Netflix 3xShortSG280725,0.0,,,0.0,,,,,4.169,0.0,3.0,,2026-10-08 16:47:05,2026-10-09 00:47:05+0800
0.955,,P,0.95,,businesstrusts,,0,0.0,,,,,,0.0,,,CJLU,7376.1,SGD,,20261008_091600,100,J,4893.5,,,,,,,0.950,NetLink NBN Tr,-0.005,1086.3,0.96,,,0.95,MAINBOARD,NetLink NBN Tr,0.955,X,,-0.524,,,,0.955,0.0,7041705.5,,,2026-10-08 16:47:05,2026-10-09 00:47:05+0800
0.205,,P,0.205,,stocks,,0,0.0,,,,,,0.0,,,N08,0.0,SGD,,20261008_091600,100,N,0.2,,,,,,20261001,0.195,New Toyo,0.0,7.5,0.0,,,0.0,MAINBOARD,New Toyo,0.0,,,0.0,,,,0.198,0.0,0.0,,,2026-10-08 16:47:05,2026-10-09 00:47:05+0800
0.003,,P,0.003,,stocks,,0,0.0,,,,,,0.0,,,5FX,0.1,SGD,,20261008_091600,100,C,20449.0,,,,,,20260924,0.002,New Wave,0.0,2.9,0.003,,,0.003,CATALIST,New Wave,0.003,,,0.0,,,,0.003,0.0,0.3,,,2026-10-08 16:47:05,2026-10-09 00:47:05+0800
0.004,,P,0.004,0.0,dlcertificates,0.0,0,0.0,25.0,2027-10-21,,,,0.0,,,QHTW,0.0,SGD,,20261008_091600,100,,0.0,0.0,,@,,,,,NIO 5xLongSG271021,0.0,0.0,0.0,,,0.0,MAINBOARD,NIO 5xLongSG271021,0.0,,,0.0,,,,,0.003,0.0,5.0,,2026-10-08 16:47:05,2026-10-09 00:47:05+0800
0.078,,P,0.08,0.0,dlcertificates,0.0,0,0.0,25.0,2028-06-22,,,,0.0,,,56WW,3.0,SGD,,20261008_091600,100,,0.0,0.0,,@,,,,,NIO 5xLongSG280622,0.002,0.0,0.08,,,0.08,MAINBOARD,NIO 5xLongSG280622,0.08,,,2.564,,,,,0.078,240.0,5.0,,2026-10-08 16:47:05,2026-10-09 00:47:05+0800
3.46,,S,3.48,,stocks,,0,0.0,,,,Developed,None,0.0,,NYSE,NIO,50.13,USD,,20261008_091600,10,C,3.25,,,DC,,,20261007,3.480,NIO Inc. USD OV,0.02,2.02,3.6,,,3.48,MAINBOARD,NIO Inc. USD OV,3.6,,,0.578,,,,3.490,0.0,175894.1,,,2026-10-08 16:47:05,2026-10-09 00:47:05+0800
0.016,,P,0.016,,structuredwarrants,,0,0.0,16.0,2027-01-20,,,,8.0,,,HXQW,0.0,SGD,,20261008_091600,100,,0.0,,,@,,,,,NIO MBeCW270120,0.0,0.0,0.0,,,0.0,MAINBOARD,NIO MBeCW270120,0.0,,20:1,0.0,,,,,0.0,0.0,0.0,,2026-10-08 16:47:05,2026-10-09 00:47:05+0800
0.029,,P,0.029,,stocks,,0,0.0,,,,,,0.0,,,N32,53.9,SGD,,20261008_091600,100,C,200.0,,,,,,20261007,0.028,Nippecraft,0.0,15.0,0.029,,,0.029,CATALIST,Nippecraft,0.029,,,0.0,,,,0.035,0.0,1563.1,,,2026-10-08 16:47:05,2026-10-09 00:47:05+0800
0.0,,P,0.0,,structuredwarrants,,0,0.0,17.0,2026-12-11,,,,50000.0,,,ROJW,0.0,SGD,,20261008_091600,100,,0.0,,,@,,,,,NKY 50000MBePW261211,0.0,0.0,0.0,,,0.0,MAINBOARD,NKY 50000MBePW261211,0.0,,200:1,0.0,,,,,0.0,0.0,0.0,,2026-10-08 16:47:05,2026-10-09 00:47:05+0800
0.067,,P,0.067,,structuredwarrants,,0,0.0,17.0,2026-12-11,,,,57000.0,,,RAGW,0.0,SGD,,20261008_091600,100,,0.0,,,@,,,,,NKY 57000MBePW261211,0.0,0.0,0.0,,,0.0,MAINBOARD,NKY 57000MBePW261211,0.0,,200:1,0.0,,,,,0.0,0.0,0.0,,2026-10-08 16:47:05,2026-10-09 00:47:05+0800
0.0,,P,0.0,,structuredwarrants,,0,0.0,17.0,2027-03-12,,,,57000.0,,,VT9W,0.0,SGD,,20261008_091600,100,,0.0,,,@,,,,,NKY 57000MBePW270312,0.0,0.0,0.0,,,0.0,MAINBOARD,NKY 57000MBePW270312,0.0,,200:1,0.0,,,,,0.0,0.0,0.0,,2026-10-08 16:47:05,2026-10-09 00:47:05+0800
0.0,,P,0.0,,structuredwarrants,,0,0.0,17.0,2027-03-12,,,,63000.0,,,47HW,0.0,SGD,,20261008_091600,100,,0.0,,,@,,,,,NKY 63000MBePW270312,0.0,0.0,0.0,,,0.0,MAINBOARD,NKY 63000MBePW270312,0.0,,200:1,0.0,,,,,0.0,0.0,0.0,,2026-10-08 16:47:05,2026-10-09 00:47:05+0800
0.086,,P,0.097,,structuredwarrants,,0,0.0,17.0,2026-12-11,,,,64000.0,,,WZTW,852.7,SGD,,20261008_091600,100,,25.0,,,@,,,,0.096,NKY 64000MBePW261211,0.011,0.0,0.1,,,0.089,MAINBOARD,NKY 64000MBePW261211,0.091,,200:1,12.791,,,,,0.0,80769.6,0.0,,2026-10-08 16:47:05,2026-10-09 00:47:05+0800
0.0,,P,0.0,,structuredwarrants,,0,0.0,16.0,2027-03-12,,,,66000.0,,,51KW,0.0,SGD,,20261008_091600,100,,0.0,,,@,,,,,NKY 66000MBeCW270312,0.0,0.0,0.0,,,0.0,MAINBOARD,NKY 66000MBeCW270312,0.0,,200:1,0.0,,,,,0.0,0.0,0.0,,2026-10-08 16:47:05,2026-10-09 00:47:05+0800
0.26,,P,0.26,,structuredwarrants,,0,0.0,16.0,2026-12-11,,,,67000.0,,,FSQW,0.0,SGD,,20261008_091600,100,,0.0,,,@,,,,,NKY 67000MBeCW261211,0.0,0.0,0.0,,,0.0,MAINBOARD,NKY 67000MBeCW261211,0.0,,200:1,0.0,,,,,0.0,0.0,0.0,,2026-10-08 16:47:05,2026-10-09 00:47:05+0800
0.0,,P,0.0,,structuredwarrants,,0,0.0,17.0,2027-03-12,,,,69000.0,,,8Y0W,0.0,SGD,,20261008_091600,100,,0.0,,,@,,,,,NKY 69000MBePW270312,0.0,0.0,0.0,,,0.0,MAINBOARD,NKY 69000MBePW270312,0.0,,200:1,0.0,,,,,0.0,0.0,0.0,,2026-10-08 16:47:05,2026-10-09 00:47:05+0800
0.25,,P,0.25,,structuredwarrants,,0,0.0,17.0,2026-12-11,,,,71000.0,,,KVPW,0.0,SGD,,20261008_091600,100,,0.0,,,@,,,,,NKY 71000MBePW261211,0.0,0.0,0.0,,,0.0,MAINBOARD,NKY 71000MBePW261211,0.0,,200:1,0.0,,,,,0.0,0.0,0.0,,2026-10-08 16:47:05,2026-10-09 00:47:05+0800
0.0,,P,0.0,,structuredwarrants,,0,0.0,16.0,2027-03-12,,,,72000.0,,,HXOW,0.0,SGD,,20261008_091600,100,,0.0,,,@,,,,,NKY 72000MBeCW270312,0.0,0.0,0.0,,,0.0,MAINBOARD,NKY 72000MBeCW270312,0.0,,200:1,0.0,,,,,0.0,0.0,0.0,,2026-10-08 16:47:05,2026-10-09 00:47:05+0800
0.064,,P,0.102,,structuredwarrants,,0,0.0,16.0,2026-12-11,,,,74000.0,,,JKHW,65.0,SGD,,20261008_091600,100,,0.0,,,@,,,,,NKY 74000MBeCW261211,0.038,0.0,0.104,,,0.101,MAINBOARD,NKY 74000MBeCW261211,0.104,,200:1,59.375,,,,,0.0,6695.0,0.0,,2026-10-08 16:47:05,2026-10-09 00:47:05+0800
0.0,,P,0.0,,structuredwarrants,,0,0.0,16.0,2027-03-12,,,,78000.0,,,QZQW,0.0,SGD,,20261008_091600,100,,0.0,,,@,,,,,NKY 78000MBeCW270312,0.0,0.0,0.0,,,0.0,MAINBOARD,NKY 78000MBeCW270312,0.0,,200:1,0.0,,,,,0.0,0.0,0.0,,2026-10-08 16:47:05,2026-10-09 00:47:05+0800
0.055,,P,0.04,,structuredwarrants,,0,0.0,16.0,2026-12-11,,,,81000.0,,,ZY2W,10.0,SGD,,20261008_091600,100,,10.0,,,@,,,,0.036,NKY 81000MBeCW261211,-0.015,0.0,0.04,,,0.04,MAINBOARD,NKY 81000MBeCW261211,0.04,,200:1,-27.273,,,,,0.0,400.0,0.0,,2026-10-08 16:47:05,2026-10-09 00:47:05+0800
0.018,,P,0.018,,structuredwarrants,,0,0.0,16.0,2026-12-11,,,,88000.0,,,JSNW,0.0,SGD,,20261008_091600,100,,0.0,,,@,,,,,NKY 88000MBeCW261211,0.0,0.0,0.0,,,0.0,MAINBOARD,NKY 88000MBeCW261211,0.0,,200:1,0.0,,,,,0.0,0.0,0.0,,2026-10-08 16:47:05,2026-10-09 00:47:05+0800
0.19,,P,0.19,,stocks,,0,0.0,,,,,,0.0,,,543,0.0,SGD,,20261008_091600,100,G,50.0,,,,,,20260925,0.172,Noel Gifts Intl,0.0,20.0,0.0,,,0.0,MAINBOARD,Noel Gifts Intl,0.0,,,0.0,,,,0.189,0.0,0.0,,,2026-10-08 16:47:05,2026-10-09 00:47:05+0800
1.99,,S,1.99,,stocks,,0,0.0,,,,Developed,None,0.0,,TSE,N33,0.0,JPY,,20261008_091600,100,K,0.0,,,,,,19941007,,Nomura Yen1k,0.0,0.0,0.0,,,0.0,MAINBOARD,Nomura Yen1k,0.0,,,0.0,,,,,0.0,0.0,,,2026-10-08 16:47:05,2026-10-09 00:47:05+0800
0.058,,P,0.058,,stocks,,0,0.0,,,,,,0.0,,,SEJ,0.0,SGD,,20261008_091600,100,J,1.7,,,,,,20261006,0.047,NoonTalk Media,0.0,24.0,0.0,,,0.0,CATALIST,NoonTalk Media,0.0,,,0.0,,,,0.058,0.0,0.0,,,2026-10-08 16:47:05,2026-10-09 00:47:05+0800
0.535,,P,0.535,,stocks,,0,0.0,,,,,,0.0,,,MR7,47.0,SGD,,20261008_091600,100,M,135.8,,,,,,20261007,0.530,Nordic,0.0,11.1,0.535,,,0.535,MAINBOARD,Nordic,0.535,,,0.0,,,,0.535,0.0,25145.0,,,2026-10-08 16:47:05,2026-10-09 00:47:05+0800
0.92,,P,0.885,,stocks,,0,0.0,,,,,,0.0,,,N02,12.1,SGD,,20261008_091600,100,F,1.0,,,,,,20260930,0.885,NSL,-0.035,5.6,0.885,,,0.87,MAINBOARD,NSL,0.88,,,-3.804,,,,0.920,0.0,10693.0,,,2026-10-08 16:47:05,2026-10-09 00:47:05+0800
0.94,,P,0.935,,reits,,0,0.0,,,,,,0.0,,,NTDU,14283.9,USD,,20261008_091600,100,L,433.2,,,,,,,0.930,NTT DC REIT USD,-0.005,228.7,0.945,,,0.93,MAINBOARD,NTT DC REIT USD,0.94,,,-0.532,,,,0.935,0.0,13414558.5,,,2026-10-08 16:47:05,2026-10-09 00:47:05+0800
0.085,,P,0.085,,stocks,,0,0.0,,,,,,0.0,,,AZT,0.0,SGD,,20261008_091600,100,C,0.0,,,,,,20220404,,NutryFarm,0.0,0.0,0.0,SUSP,,0.0,MAINBOARD,NutryFarm,0.0,,,0.0,,,,,0.0,0.0,,,2026-10-08 16:47:05,2026-10-09 00:47:05+0800
5.74,,P,6.41,0.0,dlcertificates,0.0,0,0.0,25.0,2026-12-04,,,,0.0,,,NVTW,0.3,USD,,20261008_091600,100,,0.0,0.0,,@,,,,,NVDA 3xLongSG261204US$,-0.11,0.0,6.41,,,6.41,MAINBOARD,NVDA 3xLongSG261204US$,6.41,,,-1.687,,,,,6.52,1923.0,3.0,,2026-10-08 16:47:05,2026-10-09 00:47:05+0800
6.03,,P,6.03,0.0,dlcertificates,0.0,0,0.0,25.0,2028-11-23,,,,0.0,,,ZKPW,0.0,SGD,,20261008_091600,100,,0.5,0.0,,@,,,,4.500,NVDA 3xLongSG281123,0.0,0.0,0.0,,,0.0,MAINBOARD,NVDA 3xLongSG281123,0.0,,,0.0,,,,,5.952,0.0,3.0,,2026-10-08 16:47:05,2026-10-09 00:47:05+0800
0.146,,P,0.108,0.0,dlcertificates,0.0,0,0.0,26.0,2026-12-04,,,,0.0,,,NVUW,187.0,USD,,20261008_091600,100,,0.0,0.0,,@,,,,,NVDA 3xShortSG261204US$,0.005,0.0,0.108,,,0.108,MAINBOARD,NVDA 3xShortSG261204US$,0.108,,,4.854,,,,,0.103,20196.0,3.0,,2026-10-08 16:47:05,2026-10-09 00:47:05+0800
2.45,,P,2.45,0.0,dlcertificates,0.0,0,0.0,26.0,2028-11-23,,,,0.0,,,KODW,0.0,SGD,,20261008_091600,100,,0.0,0.0,,@,,,,,NVDA 3xShortSG281123,0.0,0.0,0.0,,,0.0,MAINBOARD,NVDA 3xShortSG281123,0.0,,,0.0,,,,,2.297,0.0,3.0,,2026-10-08 16:47:05,2026-10-09 00:47:05+0800
6.31,,P,6.31,0.0,dlcertificates,0.0,0,0.0,25.0,2028-07-26,,,,0.0,,,KJHW,0.0,SGD,,20261008_091600,100,,0.0,0.0,,@,,,,,NVDA 5xLongSG280726,0.0,0.0,0.0,,,0.0,MAINBOARD,NVDA 5xLongSG280726,0.0,,,0.0,,,,,6.137,0.0,5.0,,2026-10-08 16:47:05,2026-10-09 00:47:05+0800
2.06,,P,2.14,0.0,dlcertificates,0.0,0,0.0,26.0,2028-07-26,,,,0.0,,,VU6W,0.3,SGD,,20261008_091600,100,,0.0,0.0,,@,,,,,NVDA 5xShortSG280726,0.091,0.0,2.14,,,2.14,MAINBOARD,NVDA 5xShortSG280726,2.14,,,4.441,,,,,2.049,642.0,5.0,,2026-10-08 16:47:05,2026-10-09 00:47:05+0800
99.201,99.201,P,99.201,,sgsbonds,,0,0.0,2.0,,,,,0.0,,,CMGS,0.0,SGD,,20261007_230043,10,,0.5,,,,98.031,,,99.201,NX18100A 280501,0.0,0.0,0.0,,,0.0,GLOBAL_QUOTE,NX18100A 280501,0.0,X,,0.0,1.17,,,,0.0,0.0,0.0,1791388800000.0,2026-10-08 16:47:05,2026-10-09 00:47:05+0800
96.0,96.0,P,96.0,,sgsbonds,,0,0.0,2.0,,,,,0.0,,,RXYS,0.0,SGD,,20261007_230043,10,,0.5,,,,95.545,,,88.000,NX21100N 310701,0.0,0.0,0.0,,,0.0,GLOBAL_QUOTE,NX21100N 310701,0.0,X,,0.0,0.455,,,,0.0,0.0,0.0,1791388800000.0,2026-10-08 16:47:05,2026-10-09 00:47:05+0800
102.5,102.5,P,102.5,,sgsbonds,,0,0.0,2.0,,,,,0.0,,,EAPS,0.0,SGD,,20261007_230043,10,,0.6,,,,101.986,,,94.000,NX22100W 320801,0.0,0.01,0.0,,,0.0,GLOBAL_QUOTE,NX22100W 320801,0.0,X,,0.0,0.514,,,103.000,0.0,0.0,0.0,1791388800000.0,2026-10-08 16:47:05,2026-10-09 00:47:05+0800
109.0,109.0,P,109.0,,sgsbonds,,0,0.0,2.0,,,,,0.0,,,STTS,0.0,SGD,,20261007_230043,10,,0.5,,,,107.496,,,99.000,NX24100T 340501,0.0,0.16,0.0,,,0.0,GLOBAL_QUOTE,NX24100T 340501,0.0,X,,0.0,1.504,,,110.000,0.0,0.0,0.0,1791388800000.0,2026-10-08 16:47:05,2026-10-09 00:47:05+0800
100.0,100.0,P,100.0,,sgsbonds,,0,0.0,2.0,,,,,0.0,,,R87S,0.0,SGD,,20261007_230043,10,,0.5,,,,99.689,,,100.000,NX25100H 350301,0.0,0.0,0.0,,,0.0,GLOBAL_QUOTE,NX25100H 350301,0.0,X,,0.0,0.311,,,,0.0,0.0,0.0,1791388800000.0,2026-10-08 16:47:05,2026-10-09 00:47:05+0800
99.201,99.201,P,99.201,,sgsbonds,,0,0.0,2.0,,,,,0.0,,,T8FS,0.0,SGD,,20261007_230043,10,,0.5,,,,98.396,,,99.203,NY14100E 290701,0.0,0.0,0.0,,,0.0,GLOBAL_QUOTE,NY14100E 290701,0.0,X,,0.0,0.805,,,,0.0,0.0,0.0,1791388800000.0,2026-10-08 16:47:05,2026-10-09 00:47:05+0800
100.0,100.0,P,100.0,,sgsbonds,,0,0.0,2.0,,,,,0.0,,,EUTS,0.0,SGD,,20261007_230043,10,,0.5,,,,99.37,,,89.000,NY25200N 400701,0.0,0.0,0.0,,,0.0,GLOBAL_QUOTE,NY25200N 400701,0.0,X,,0.0,0.63,,,,0.0,0.0,0.0,1791388800000.0,2026-10-08 16:47:05,2026-10-09 00:47:05+0800
100.011,100.011,P,100.011,,sgsbonds,,0,0.0,2.0,,,,,0.0,,,7QQS,0.0,SGD,,20261007_230043,10,,1.0,,,,99.615,,,100.011,NZ07100S 270301,0.0,0.0,0.0,,,0.0,GLOBAL_QUOTE,NZ07100S 270301,0.0,X,,0.0,0.396,,,,0.0,0.0,0.0,1791388800000.0,2026-10-08 16:47:05,2026-10-09 00:47:05+0800
98.334,98.334,P,98.334,,sgsbonds,,0,0.0,2.0,,,,,0.0,,,OL9S,0.0,SGD,,20261007_230043,10,,0.5,,,,98.008,,,98.334,NZ10100F 300901,0.0,0.0,0.0,,,0.0,GLOBAL_QUOTE,NZ10100F 300901,0.0,X,,0.0,0.326,,,,0.0,0.0,0.0,1791388800000.0,2026-10-08 16:47:05,2026-10-09 00:47:05+0800
106.88,106.88,P,106.88,,sgsbonds,,0,0.0,2.0,,,,,0.0,,,R1NS,0.0,SGD,,20261008_062621,10,,0.6,,,,106.498,,,102.000,NZ13100V 330901,0.0,0.5,0.0,,,0.0,GLOBAL_QUOTE,NZ13100V 330901,0.0,X,,0.0,0.382,,,106.180,0.0,0.0,0.0,1791388800000.0,2026-10-08 16:47:05,2026-10-09 00:47:05+0800
88.001,88.001,P,88.001,,sgsbonds,,0,0.0,2.0,,,,,0.0,,,BJIS,0.0,SGD,,20261007_230043,10,,0.6,,,,87.561,,,89.001,NZ16100X 360801,0.0,0.0,0.0,,,0.0,GLOBAL_QUOTE,NZ16100X 360801,0.0,X,,0.0,0.44,,,,0.0,0.0,0.0,1791388800000.0,2026-10-08 16:47:05,2026-10-09 00:47:05+0800
98.8,98.8,P,98.8,,sgsbonds,,0,0.0,2.0,,,,,0.0,,,8YLS,0.0,SGD,,20261007_230043,10,,0.5,,,,98.135,,,90.000,NZ19100S 390701,0.0,0.0,0.0,,,0.0,GLOBAL_QUOTE,NZ19100S 390701,0.0,,,0.0,0.665,,,,0.0,0.0,0.0,1791388800000.0,2026-10-08 16:47:05,2026-10-09 00:47:05+0800
0.0,0.0,P,0.0,,retailbonds,,0,0.0,2.0,,,,,0.0,,,ZFOB,0.0,SGD,,20261008_083856,10,,0.5,,,,0.0,,,93.000,NZ26300E 460801,0.0,0.0,0.0,,,0.0,MAINBOARD,NZ26300E 460801,0.0,X,,0.0,0.452,,,,0.0,0.0,0.0,1791388800000.0,2026-10-08 16:47:05,2026-10-09 00:47:05+0800
8.97,,P,7.39,0.0,dlcertificates,0.0,0,0.0,25.0,2026-12-17,,,,0.0,,,TUAW,15.5,SGD,,20261008_091600,100,,0.0,0.0,,@,,,,,OCBC 5xLongSG261217,-1.312,20.0,7.39,,,7.22,MAINBOARD,OCBC 5xLongSG261217,7.35,,,-15.077,,,,13.500,8.702,112288.0,5.0,,2026-10-08 16:47:05,2026-10-09 00:47:05+0800
2.7,,P,2.11,0.0,dlcertificates,0.0,0,0.0,25.0,2028-02-23,,,,0.0,,,9RWW,131.2,SGD,,20261008_091600,100,,1.0,0.0,,@,,,,2.080,OCBC 5xLongSG280223,-0.469,2.0,2.58,,,2.07,MAINBOARD,OCBC 5xLongSG280223,2.58,,,-18.185,,2.095,,2.110,2.579,288371.0,5.0,,2026-10-08 16:47:05,2026-10-09 00:47:05+0800
0.006,,P,0.006,0.0,dlcertificates,0.0,0,0.0,26.0,2026-12-17,,,,0.0,,,MPOW,0.0,SGD,,20261008_091600,100,,0.0,0.0,,@,,,,,OCBC 5xShortSG261217,0.0,28.5,0.0,,,0.0,MAINBOARD,OCBC 5xShortSG261217,0.0,,,0.0,,,,0.009,0.006,0.0,5.0,,2026-10-08 16:47:05,2026-10-09 00:47:05+0800
0.124,,P,0.151,0.0,dlcertificates,0.0,0,0.0,26.0,2028-11-23,,,,0.0,,,9DAW,734.3,SGD,,20261008_091600,100,,5.0,0.0,,@,,,,0.080,OCBC 5xShortSG281123,0.03,0.1,0.151,,,0.14,MAINBOARD,OCBC 5xShortSG281123,0.14,,,24.793,,0.116,,0.152,0.121,107177.6,5.0,,2026-10-08 16:47:05,2026-10-09 00:47:05+0800
30.3,,P,29.0,,stocks,,0,0.0,,,,,,0.0,,,O39,25304.96,SGD,,20261008_091600,10,K,17.67,,,,,,20261007,29.000,OCBC Bank,-1.3,1.36,30.1,,,28.86,MAINBOARD,OCBC Bank,30.03,,,-4.29,,,,29.010,0.0,737263666.6,,,2026-10-08 16:47:05,2026-10-09 00:47:05+0800
0.191,,P,0.151,,structuredwarrants,,0,0.0,16.0,2026-12-30,,,,26.0,,,99HW,145.0,SGD,,20261008_091600,100,,30.0,,,@,,,,0.148,OCBC Bk MB eCW261230,-0.04,0.0,0.153,,,0.146,MAINBOARD,OCBC Bk MB eCW261230,0.15,,25:1,-20.942,,,,,0.0,21410.0,0.0,,2026-10-08 16:47:05,2026-10-09 00:47:05+0800
0.034,,P,0.021,,structuredwarrants,,0,0.0,16.0,2027-02-25,,,,34.0,,,OHBW,17528.6,SGD,,20261008_091600,100,,10.0,,,@,,,,0.020,OCBC Bk MB eCW270225,-0.013,2000.0,0.028,,,0.02,MAINBOARD,OCBC Bk MB eCW270225,0.028,,25:1,-38.235,,,,0.023,0.0,386148.2,0.0,,2026-10-08 16:47:05,2026-10-09 00:47:05+0800
0.078,,P,0.053,,structuredwarrants,,0,0.0,16.0,2027-02-26,,,,31.0,,,JXRW,3035.0,SGD,,20261008_091600,100,,15.0,,,@,,,,0.051,OCBC Bk MB eCW270226,-0.025,50.0,0.062,,,0.051,MAINBOARD,OCBC Bk MB eCW270226,0.062,,25:1,-32.051,,,,0.072,0.0,167305.0,0.0,,2026-10-08 16:47:05,2026-10-09 00:47:05+0800
0.065,,P,0.05,,structuredwarrants,,0,0.0,16.0,2027-09-30,,,,37.0,,,SOIW,171.5,SGD,,20261008_091600,100,,0.0,,,@,,,,,OCBC Bk MB eCW270930,-0.015,0.0,0.052,,,0.048,MAINBOARD,OCBC Bk MB eCW270930,0.052,,25:1,-23.077,,,,,0.0,8499.0,0.0,,2026-10-08 16:47:05,2026-10-09 00:47:05+0800
0.015,,P,0.001,,structuredwarrants,,0,0.0,17.0,2026-12-29,,,,22.0,,,8E3W,450.0,SGD,,20261008_091600,100,,0.0,,,@,,,,,OCBC Bk MB ePW261229,-0.014,0.0,0.001,,,0.001,MAINBOARD,OCBC Bk MB ePW261229,0.001,,25:1,-93.333,,,,,0.0,450.0,0.0,,2026-10-08 16:47:05,2026-10-09 00:47:05+0800
0.06,,P,0.082,,structuredwarrants,,0,0.0,17.0,2027-02-25,,,,29.0,,,OGMW,142.3,SGD,,20261008_091600,100,,0.0,,,@,,,,,OCBC Bk MB ePW270225,0.022,0.0,0.082,,,0.065,MAINBOARD,OCBC Bk MB ePW270225,0.065,,25:1,36.667,,,,,0.0,10738.6,0.0,,2026-10-08 16:47:05,2026-10-09 00:47:05+0800
0.025,,P,0.032,,structuredwarrants,,0,0.0,17.0,2027-02-26,,,,26.0,,,92WW,616.2,SGD,,20261008_091600,100,,0.0,,,@,,,,,OCBC Bk MB ePW270226,0.007,0.0,0.033,,,0.027,MAINBOARD,OCBC Bk MB ePW270226,0.027,,25:1,28.0,,,,,0.0,18843.4,0.0,,2026-10-08 16:47:05,2026-10-09 00:47:05+0800
0.133,,P,0.133,,structuredwarrants,,0,0.0,17.0,2027-09-30,,,,28.0,,,JBXW,0.0,SGD,,20261008_091600,100,,0.0,,,@,,,,,OCBC Bk MB ePW270930,0.0,0.0,0.0,,,0.0,MAINBOARD,OCBC Bk MB ePW270930,0.0,,25:1,0.0,,,,,0.0,0.0,0.0,,2026-10-08 16:47:05,2026-10-09 00:47:05+0800
0.034,,P,0.034,,stocks,,0,0.0,,,,,,0.0,,,1B6,0.0,SGD,,20261008_091600,100,K,30.0,,,,,,20261007,0.028,Ocean Sky Intl,0.0,60.0,0.0,,,0.0,CATALIST,Ocean Sky Intl,0.0,,,0.0,,,,0.037,0.0,0.0,,,2026-10-08 16:47:05,2026-10-09 00:47:05+0800
0.007,,P,0.007,,stocks,,0,0.0,,,,,,0.0,,,V2Y,0.0,SGD,,20261008_091600,100,K,0.0,,,,,,20250924,,OceanScape Intl,0.0,0.0,0.0,SUSP,,0.0,CATALIST,OceanScape Intl,0.0,,,0.0,,,,,0.0,0.0,,,2026-10-08 16:47:05,2026-10-09 00:47:05+0800
0.002,,P,0.002,,stocks,,0,0.0,,,,,,0.0,,,579,2123.0,SGD,,20261008_091600,100,A,35869.9,,,,,,20261007,0.002,Oceanus,0.0,127601.3,0.002,,,0.002,MAINBOARD,Oceanus,0.002,,,0.0,,,,0.003,0.0,4246.0,,,2026-10-08 16:47:05,2026-10-09 00:47:05+0800
0.044,,P,0.043,,stocks,,0,0.0,,,,,,0.0,,,43A,2.2,SGD,,20261008_091600,100,K,0.1,,,,,,20261007,0.042,OCTOPUS,-0.001,608.6,0.045,,,0.043,CATALIST,OCTOPUS,0.045,,,-2.273,,,,0.043,0.0,98.7,,,2026-10-08 16:47:05,2026-10-09 00:47:05+0800
1.25,,P,1.19,,stocks,,0,0.0,,,,,,0.0,,,HQU,693.9,SGD,,20261008_091600,100,C,29.8,,,,,,20261007,1.190,Oiltek,-0.06,27.9,1.25,,,1.19,MAINBOARD,Oiltek,1.25,,,-4.8,,,,1.200,0.0,840068.0,,,2026-10-08 16:47:05,2026-10-09 00:47:05+0800
0.02,,P,0.02,,stocks,,0,0.0,,,,,,0.0,,,KUX,0.0,SGD,,20261008_091600,100,C,50.0,,,,,,20260930,0.018,OIO,0.0,41.1,0.0,,,0.0,CATALIST,OIO,0.0,,,0.0,,,,0.025,0.0,0.0,,,2026-10-08 16:47:05,2026-10-09 00:47:05+0800
0.68,,P,0.66,,stocks,,0,0.0,,,,,,0.0,,,5CF,756.3,SGD,,20261008_091600,100,F,64.7,,,,,,20261007,0.660,OKP,-0.02,9.8,0.685,,,0.66,MAINBOARD,OKP,0.68,,,-2.941,,,,0.665,0.0,506120.5,,,2026-10-08 16:47:05,2026-10-09 00:47:05+0800
0.965,,P,0.935,,stocks,,0,0.0,,,,,,0.0,,,VC2,3777.7,SGD,,20261008_091600,100,G,0.1,,,,,,20261007,0.935,Olam Group,-0.03,280.2,0.965,,,0.93,MAINBOARD,Olam Group,0.965,,,-3.109,,,,0.940,0.0,3549092.5,,,2026-10-08 16:47:05,2026-10-09 00:47:05+0800
1.18,,P,1.17,,stocks,,0,0.0,,,,,,0.0,,,5ML,18.9,SGD,,20261008_091600,100,I,2.0,,,,,,20261007,1.170,Old Chang Kee,-0.01,1.0,1.19,,,1.17,CATALIST,Old Chang Kee,1.17,,,-0.847,,,,1.190,0.0,22231.0,,,2026-10-08 16:47:05,2026-10-09 00:47:05+0800
0.3,,P,0.3,,stocks,,0,0.0,,,,,,0.0,,,5SY,0.0,SGD,,20261008_091600,100,K,0.9,,,,,,20260911,0.130,OneApex,0.0,1.5,0.0,,,0.0,CATALIST,OneApex,0.0,,,0.0,,,,0.390,0.0,0.0,,,2026-10-08 16:47:05,2026-10-09 00:47:05+0800
0.169,,P,0.165,,stocks,,0,0.0,,,,,,0.0,,,O08,30.0,SGD,,20261008_091600,100,G,5.0,,,,,,20261006,0.164,Ossia Intl,-0.004,15.0,0.166,,,0.165,MAINBOARD,Ossia Intl,0.166,,,-2.367,,,,0.189,0.0,4960.0,,,2026-10-08 16:47:05,2026-10-09 00:47:05+0800
0.166,,P,0.166,,stocks,,0,0.0,,,,,,0.0,,,OTS,0.0,SGD,,20261008_091600,100,C,80.1,,,,,,20261006,0.163,OTS Holdings,0.0,36.8,0.0,,,0.0,CATALIST,OTS Holdings,0.0,,,0.0,,,,0.168,0.0,0.0,,,2026-10-08 16:47:05,2026-10-09 00:47:05+0800
0.895,,P,0.89,,stocks,,0,0.0,,,,,,0.0,,,LJ3,69.6,SGD,,20261008_091600,100,I,3.9,,,,,,20261007,0.885,OUE,-0.005,4.4,0.895,,,0.88,MAINBOARD,OUE,0.895,,,-0.559,,,,0.890,0.0,61992.0,,,2026-10-08 16:47:05,2026-10-09 00:47:05+0800
0.049,,P,0.048,,stocks,,0,0.0,,,,,,0.0,,,5WA,3732.0,SGD,,20261008_091600,100,Q,21600.0,,,,,,20261007,0.048,OUE Healthcare,-0.001,12037.1,0.049,,,0.048,CATALIST,OUE Healthcare,0.048,,,-2.041,,,,0.049,0.0,179678.5,,,2026-10-08 16:47:05,2026-10-09 00:47:05+0800
0.345,,P,0.34,,reits,,0,0.0,,,,,,0.0,,,TS0U,1491.2,SGD,,20261008_091600,100,L,4101.0,,,,,,,0.340,OUEREIT,-0.005,318.3,0.35,,,0.34,MAINBOARD,OUEREIT,0.345,,,-1.449,,,,0.345,0.0,512938.5,,,2026-10-08 16:47:05,2026-10-09 00:47:05+0800
0.039,,P,0.039,,stocks,,0,0.0,,,,,,0.0,,,AJ2,0.0,SGD,,20261008_091600,100,G,14.8,,,,,,20261007,0.038,Ouhua Energy,0.0,5.2,0.0,,,0.0,MAINBOARD,Ouhua Energy,0.0,,,0.0,,,,0.042,0.0,0.0,,,2026-10-08 16:47:05,2026-10-09 00:47:05+0800
0.138,,P,0.138,,stocks,,0,0.0,,,,,,0.0,,,RQ1,0.0,SGD,,20261008_091600,100,P,10.9,,,,,,20261006,0.135,Overseas Edu,0.0,1.0,0.0,,,0.0,MAINBOARD,Overseas Edu,0.0,,,0.0,,,,0.138,0.0,0.0,,,2026-10-08 16:47:05,2026-10-09 00:47:05+0800
0.071,,P,0.071,,stocks,,0,0.0,,,,,,0.0,,,5UX,900.3,SGD,,20261008_091600,100,L,309.8,,,,,,20261007,0.070,Oxley,0.0,292.7,0.071,,,0.07,MAINBOARD,Oxley,0.071,,,0.0,,,,0.071,0.0,63371.1,,,2026-10-08 16:47:05,2026-10-09 00:47:05+0800
0.028,,P,0.028,,stocks,,0,0.0,,,,,,0.0,,,TVV,0.0,SGD,,20261008_091600,100,J,100.0,,,,,,20261006,0.023,OxPay Financial,0.0,80.7,0.0,,,0.0,CATALIST,OxPay Financial,0.0,,,0.0,,,,0.028,0.0,0.0,,,2026-10-08 16:47:05,2026-10-09 00:47:05+0800
2.967,,P,2.714,,liprod,,0,0.0,9.0,,,,,0.0,,,LSS,30.2,SGD,,20261008_091600,1,,0.0,,,Y@,,,,,P-Nova Long MSSG2X S$,-0.253,0.0,2.799,,,2.714,MAINBOARD,P-Nova Long MSSG2X S$,2.799,X,,-8.527,,,,,2.701,81979.8,2.0,,2026-10-08 16:47:05,2026-10-09 00:47:05+0800
1.765,,P,1.765,,liprod,,0,0.0,9.0,,,,,0.0,,,LSU,0.0,USD,,20261008_091600,1,,0.0,,,Y@,,,,,P-Nova Long MSSG2X US$,0.0,0.0,0.0,,,0.0,MAINBOARD,P-Nova Long MSSG2X US$,0.0,X,,0.0,,,,,2.11,0.0,2.0,,2026-10-08 16:47:05,2026-10-09 00:47:05+0800
0.81,,P,0.81,,liprod,,0,0.0,9.0,,,,,0.0,,,SSS,0.0,SGD,,20261008_091600,1,,0.0,,,Y@,,,,,P-Nova Short MSSG-1X S$,0.0,0.0,0.0,,,0.0,MAINBOARD,P-Nova Short MSSG-1X S$,0.0,X,,0.0,,,,,0.851,0.0,1.0,,2026-10-08 16:47:05,2026-10-09 00:47:05+0800
0.636,,P,0.636,,liprod,,0,0.0,9.0,,,,,0.0,,,SSU,0.0,USD,,20261008_091600,1,,0.0,,,Y@,,,,,P-Nova Short MSSG-1X US$,0.0,0.0,0.0,,,0.0,MAINBOARD,P-Nova Short MSSG-1X US$,0.0,X,,0.0,,,,,0.663,0.0,1.0,,2026-10-08 16:47:05,2026-10-09 00:47:05+0800
0.022,,P,0.022,,stocks,,0,0.0,,,,,,0.0,,,P11,0.0,SGD,,20261008_091600,100,C,0.0,,,,,,20151125,,Pacific Andes,0.0,0.0,0.0,SUSP,,0.0,MAINBOARD,Pacific Andes,0.0,,,0.0,,,,,0.0,0.0,,,2026-10-08 16:47:05,2026-10-09 00:47:05+0800
0.465,,P,0.455,,stocks,,0,0.0,,,,,,0.0,,,P15,468.3,SGD,,20261008_091600,100,K,38.1,,,,,,20261007,0.455,Pacific Century,-0.01,52.4,0.465,,,0.455,MAINBOARD,Pacific Century,0.465,,,-2.151,,,,0.465,0.0,214664.0,,,2026-10-08 16:47:05,2026-10-09 00:47:05+0800
0.03,,P,0.03,,companywarrants,,0,0.0,8.0,,,,,0.0,,,IZGW,0.0,SGD,,20261008_091600,100,,6.0,,,,,,,0.019,Pacific RadianceW270919,0.0,2.1,0.0,,,0.0,MAINBOARD,Pacific RadianceW270919,0.0,X,,0.0,,,,0.055,0.0,0.0,0.0,,2026-10-08 16:47:05,2026-10-09 00:47:05+0800
0.05,,P,0.05,,stocks,,0,0.0,,,,,,0.0,,,RXS,297.3,SGD,,20261008_091600,100,B,56.8,,,,,,20261006,0.048,PacificRadiance,0.0,189.7,0.05,,,0.048,MAINBOARD,PacificRadiance,0.048,,,0.0,,,,0.050,0.0,14274.8,,,2026-10-08 16:47:05,2026-10-09 00:47:05+0800
3.39,,P,3.39,0.0,dlcertificates,0.0,0,0.0,25.0,2028-09-13,,,,0.0,,,W1AW,0.0,SGD,,20261008_091600,100,,0.0,0.0,,@,,,,,Palantir 3xLongSG280913,0.0,0.0,0.0,,,0.0,MAINBOARD,Palantir 3xLongSG280913,0.0,,,0.0,,,,,4.51,0.0,3.0,,2026-10-08 16:47:05,2026-10-09 00:47:05+0800
0.51,,P,0.51,0.0,dlcertificates,0.0,0,0.0,26.0,2028-09-13,,,,0.0,,,9L2W,0.0,SGD,,20261008_091600,100,,0.0,0.0,,@,,,,,Palantir 3xShortSG280913,0.0,0.0,0.0,,,0.0,MAINBOARD,Palantir 3xShortSG280913,0.0,,,0.0,,,,,0.507,0.0,3.0,,2026-10-08 16:47:05,2026-10-09 00:47:05+0800
0.033,,P,0.035,,stocks,,0,0.0,,,,,,0.0,,,P36,29.9,SGD,,20261008_091600,100,L,50.4,,,,,,20261002,0.030,Pan Hong,0.002,49.9,0.035,,,0.031,MAINBOARD,Pan Hong,0.034,,,6.061,,,,0.035,0.0,1008.3,,,2026-10-08 16:47:05,2026-10-09 00:47:05+0800
1.72,,P,1.62,,stocks,,0,0.0,,,,,,0.0,,,P52,1494.2,SGD,,20261008_091600,100,C,5.5,,,,,,20261007,1.610,PanUnited,-0.1,9.8,1.72,,,1.57,MAINBOARD,PanUnited,1.72,,,-5.814,,,,1.620,0.0,2430226.0,,,2026-10-08 16:47:05,2026-10-09 00:47:05+0800
0.098,,P,0.096,,stocks,,0,0.0,,,,,,0.0,,,O9E,580.4,SGD,,20261008_091600,100,K,40.0,,,,,,20261007,0.095,Parkson Retail,-0.002,6.2,0.097,,,0.095,MAINBOARD,Parkson Retail,0.097,,,-2.041,,,,0.096,0.0,55735.5,,,2026-10-08 16:47:05,2026-10-09 00:47:05+0800
4.02,,P,3.97,,reits,,0,0.0,,,,,,0.0,,,C2PU,1142.4,SGD,,20261008_091600,100,L,7.1,,,,,,,3.970,ParkwayLife Reit,-0.05,3.9,4.03,,,3.97,MAINBOARD,ParkwayLife Reit,4.02,,,-1.244,,,,3.980,0.0,4556915.0,,,2026-10-08 16:47:05,2026-10-09 00:47:05+0800
0.075,,P,0.075,,stocks,,0,0.0,,,,,,0.0,,,UUK,0.0,SGD,,20261008_091600,100,G,10.0,,,,,,20260723,0.045,Pasture Holdings,0.0,0.0,0.0,,,0.0,CATALIST,Pasture Holdings,0.0,,,0.0,,,,,0.0,0.0,,,2026-10-08 16:47:05,2026-10-09 00:47:05+0800
0.017,,P,0.017,,stocks,,0,0.0,,,,,,0.0,,,596,0.1,SGD,,20261008_091600,100,I,282.9,,,,,,20261007,0.017,Pavillon,0.0,100.0,0.017,,,0.017,MAINBOARD,Pavillon,0.017,,,0.0,,,,0.022,0.0,1.7,,,2026-10-08 16:47:05,2026-10-09 00:47:05+0800
3.48,,P,3.49,,stocks,,0,0.0,,,,,,0.0,,,PCT,3479.1,SGD,,20261008_091600,100,K,10.4,,,,,,20261007,3.480,PC Partner,0.01,87.3,3.63,,,3.42,MAINBOARD,PC Partner,3.5,,,0.287,,,,3.490,0.0,12271893.0,,,2026-10-08 16:47:05,2026-10-09 00:47:05+0800
1.78,,P,1.78,,stocks,,0,0.0,,,,,,0.0,,,BTM,0.5,SGD,,20261008_091600,100,C,8.0,,,,,,20261005,1.640,Penguin Intl,0.0,0.5,1.78,,,1.78,MAINBOARD,Penguin Intl,1.78,,,0.0,,,,1.780,0.0,890.0,,,2026-10-08 16:47:05,2026-10-09 00:47:05+0800
2.79,,P,2.79,0.0,dlcertificates,0.0,0,0.0,25.0,2027-04-27,,,,0.0,,,OGIW,0.0,SGD,,20261008_091600,100,,0.0,0.0,,@,,,,,PetroCH 5xLongSG270427,0.0,0.0,0.0,,,0.0,MAINBOARD,PetroCH 5xLongSG270427,0.0,,,0.0,,,,,2.907,0.0,5.0,,2026-10-08 16:47:05,2026-10-09 00:47:05+0800
0.37,,P,0.37,0.0,dlcertificates,0.0,0,0.0,25.0,2028-02-23,,,,0.0,,,KFCW,0.0,SGD,,20261008_091600,100,,0.0,0.0,,@,,,,,PetroCH 5xLongSG280223,0.0,0.0,0.0,,,0.0,MAINBOARD,PetroCH 5xLongSG280223,0.0,,,0.0,,,,,0.345,0.0,5.0,,2026-10-08 16:47:05,2026-10-09 00:47:05+0800
0.083,,P,0.083,0.0,dlcertificates,0.0,0,0.0,25.0,2028-07-31,,,,0.0,,,VWKW,0.0,SGD,,20261008_091600,100,,0.0,0.0,,@,,,,,PetroCH 5xLongUB280731,0.0,0.0,0.0,,,0.0,MAINBOARD,PetroCH 5xLongUB280731,0.0,,,0.0,,,,,0.081,0.0,5.0,,2026-10-08 16:47:05,2026-10-09 00:47:05+0800
0.008,,P,0.008,0.0,dlcertificates,0.0,0,0.0,26.0,2027-03-31,,,,0.0,,,SZLW,0.0,SGD,,20261008_091600,100,,0.0,0.0,,@,,,,,PetroCH 5xShortSG270331,0.0,0.0,0.0,,,0.0,MAINBOARD,PetroCH 5xShortSG270331,0.0,,,0.0,,,,,0.003,0.0,5.0,,2026-10-08 16:47:05,2026-10-09 00:47:05+0800
0.2,,P,0.191,0.0,dlcertificates,0.0,0,0.0,26.0,2028-02-02,,,,0.0,,,YODW,25.0,SGD,,20261008_091600,100,,0.0,0.0,,@,,,,,PetroCH 5xShortSG280202,-0.016,0.0,0.191,,,0.191,MAINBOARD,PetroCH 5xShortSG280202,0.191,,,-7.729,,,,,0.207,4775.0,5.0,,2026-10-08 16:47:05,2026-10-09 00:47:05+0800
0.3,,P,0.3,0.0,dlcertificates,0.0,0,0.0,26.0,2028-07-31,,,,0.0,,,UY7W,0.0,SGD,,20261008_091600,100,,0.0,0.0,,@,,,,,PetroCH 5xShortUB280731,0.0,0.0,0.0,,,0.0,MAINBOARD,PetroCH 5xShortUB280731,0.0,,,0.0,,,,,0.301,0.0,5.0,,2026-10-08 16:47:05,2026-10-09 00:47:05+0800
0.017,,P,0.017,,structuredwarrants,,0,0.0,16.0,2027-01-05,,,,11.7,,,PLMW,0.0,SGD,,20261008_091600,100,,0.0,,,@,,,,,PetroCH MBeCW270105,0.0,0.0,0.0,,,0.0,MAINBOARD,PetroCH MBeCW270105,0.0,,5:1,0.0,,,,,0.0,0.0,0.0,,2026-10-08 16:47:05,2026-10-09 00:47:05+0800
0.027,,P,0.029,,structuredwarrants,,0,0.0,16.0,2027-03-02,,,,10.2,,,FQDW,1500.0,SGD,,20261008_091600,100,,0.0,,,@,,,,,PetroCH MBeCW270302,0.002,0.0,0.03,,,0.027,MAINBOARD,PetroCH MBeCW270302,0.027,,5:1,7.407,,,,,0.0,43699.9,0.0,,2026-10-08 16:47:05,2026-10-09 00:47:05+0800
3.11,,P,3.17,,adrs,,0,0.0,13.0,,,,,0.0,,,HPCD,17.0,SGD,,20261008_090000,100,R,2.0,,,,,,,3.030,PetroCN HK SDR 1to2,0.06,0.5,3.19,,,3.17,GLOBAL_QUOTE,PetroCN HK SDR 1to2,3.19,,,1.929,,,,3.190,0.0,54220.0,0.0,,2026-10-08 16:47:05,2026-10-09 00:47:05+0800
0.095,,P,0.095,,stocks,,0,0.0,,,,,,0.0,,,BFK,0.0,SGD,,20261008_091600,100,C,10.0,,,,,,20260930,0.078,Pharmesis Intl,0.0,0.5,0.0,,,0.0,MAINBOARD,Pharmesis Intl,0.0,,,0.0,,,,0.155,0.0,0.0,,,2026-10-08 16:47:05,2026-10-09 00:47:05+0800
1.034,,P,1.034,,etfs,,0,0.0,9.0,,,,,0.0,,,BYJ,0.0,SGD,,20261008_091600,1,,0.6,,,,,,,1.025,PHIL AP DIV REIT S$D,0.0,80.0,0.0,,,0.0,MAINBOARD,PHIL AP DIV REIT S$D,0.0,,,0.0,,,,1.034,1.029,0.0,0.0,,2026-10-08 16:47:05,2026-10-09 00:47:05+0800
0.805,,P,0.805,,etfs,,0,0.0,9.0,,,,,0.0,,,BYI,0.0,USD,,20261008_091600,1,,0.03,,,,,,,0.800,PHIL AP DIV REIT US$,0.0,80.0,0.0,,,0.0,MAINBOARD,PHIL AP DIV REIT US$,0.0,,,0.0,,,,0.807,0.803,0.0,0.0,,2026-10-08 16:47:05,2026-10-09 00:47:05+0800
1.606,,P,1.556,,etfs,,0,0.0,9.0,,,,,0.0,,,OVQ,88.738,SGD,,20261008_091600,1,,0.2,,,,,,,1.555,PHIL SING INC,-0.05,0.434,1.6,,,1.556,MAINBOARD,PHIL SING INC,1.6,,,-3.113,,,,1.558,1.556,140994.112,0.0,,2026-10-08 16:47:05,2026-10-09 00:47:05+0800
1.258,,P,1.258,,etfs,,0,0.0,9.0,,,,,0.0,,,OVS,0.0,USD,,20261008_091600,1,,0.0,,,,,,,,PHIL SING INC USD,0.0,0.0,0.0,,,0.0,MAINBOARD,PHIL SING INC USD,0.0,,,0.0,,,,,1.221,0.0,0.0,,2026-10-08 16:47:05,2026-10-09 00:47:05+0800
1.451,,P,1.401,,etfs,,0,0.0,9.0,,,,,0.0,,,MCN,0.058,SGD,,20261008_091600,1,,0.059,,,,,,,1.388,PHIL-CU MS CHINA A50 S$,-0.05,10.0,1.408,,,1.401,MAINBOARD,PHIL-CU MS CHINA A50 S$,1.408,,,-3.446,,,,1.430,1.405,81.461,0.0,,2026-10-08 16:47:05,2026-10-09 00:47:05+0800
1.121,,P,1.121,,etfs,,0,0.0,9.0,,,,,0.0,,,MCS,0.0,USD,,20261008_091600,1,,0.4,,,,,,,1.068,PHIL-CU MS CHINA A50 US$,0.0,0.0,0.0,,,0.0,MAINBOARD,PHIL-CU MS CHINA A50 US$,0.0,,,0.0,,,,,1.097,0.0,0.0,,2026-10-08 16:47:05,2026-10-09 00:47:05+0800
103.398,,P,103.41,,etfs,,0,0.0,9.0,,,,,0.0,,,MMS,1.652,SGD,,20261008_091600,1,,0.221,,,,,,,103.398,PHILLIP MM S$,0.012,0.766,103.44,,,103.398,MAINBOARD,PHILLIP MM S$,103.398,,,0.012,,,,103.425,103.41,170844.03,0.0,,2026-10-08 16:47:05,2026-10-09 00:47:05+0800
80.9,,P,80.9,,etfs,,0,0.0,9.0,,,,,0.0,,,MMT,0.0,USD,,20261008_091600,1,,0.0,,,,,,,,PHILLIP MM US$D,0.0,0.0,0.0,,,0.0,MAINBOARD,PHILLIP MM US$D,0.0,,,0.0,,,,,80.69,0.0,0.0,,2026-10-08 16:47:05,2026-10-09 00:47:05+0800
4.2,,P,4.19,,adrs,,0,0.0,13.0,,,,,0.0,,,HPAD,10.0,SGD,,20261008_090000,100,K,1.8,,,,,,,4.190,Ping An Ins HK SDR2to1,-0.01,0.0,4.24,,,4.19,GLOBAL_QUOTE,Ping An Ins HK SDR2to1,4.23,,,-0.238,,,,,0.0,42225.0,0.0,,2026-10-08 16:47:05,2026-10-09 00:47:05+0800
0.145,,P,0.13,0.0,dlcertificates,0.0,0,0.0,25.0,2028-02-23,,,,0.0,,,ZBLW,0.2,SGD,,20261008_091600,100,,0.0,0.0,,@,,,,,PingAn 5xLongSG280223,0.003,0.0,0.13,,,0.13,MAINBOARD,PingAn 5xLongSG280223,0.13,,,2.362,,,,,0.127,26.0,5.0,,2026-10-08 16:47:05,2026-10-09 00:47:05+0800
0.36,,P,0.36,0.0,dlcertificates,0.0,0,0.0,25.0,2028-03-30,,,,0.0,,,RCDW,22.0,SGD,,20261008_091600,100,,18.0,0.0,,@,,,,0.360,PingAn 5xLongSG280330,0.005,8.0,0.375,,,0.36,MAINBOARD,PingAn 5xLongSG280330,0.375,,,1.408,,0.43,,0.500,0.355,8220.0,5.0,,2026-10-08 16:47:05,2026-10-09 00:47:05+0800
0.275,,P,0.28,0.0,dlcertificates,0.0,0,0.0,25.0,2027-06-30,,,,0.0,,,XUNW,14.5,SGD,,20261008_091600,100,,0.0,0.0,,@,,,,,PingAn 5xLongUB270630,0.007,0.0,0.28,,,0.28,MAINBOARD,PingAn 5xLongUB270630,0.28,,,2.564,,,,,0.273,4060.0,5.0,,2026-10-08 16:47:05,2026-10-09 00:47:05+0800
1.245,,P,1.245,0.0,dlcertificates,0.0,0,0.0,26.0,2028-02-02,,,,0.0,,,LMWW,0.0,SGD,,20261008_091600,100,,0.0,0.0,,@,,,,,PingAn 5xShortSG280202,0.0,0.0,0.0,,,0.0,MAINBOARD,PingAn 5xShortSG280202,0.0,,,0.0,,,,,1.523,0.0,5.0,,2026-10-08 16:47:05,2026-10-09 00:47:05+0800
0.049,,P,0.049,0.0,dlcertificates,0.0,0,0.0,26.0,2027-06-30,,,,0.0,,,LIQW,0.0,SGD,,20261008_091600,100,,0.0,0.0,,@,,,,,PingAn 5xShortUB270630,0.0,0.0,0.0,,,0.0,MAINBOARD,PingAn 5xShortUB270630,0.0,,,0.0,,,,,0.059,0.0,5.0,,2026-10-08 16:47:05,2026-10-09 00:47:05+0800
0.014,,P,0.014,,structuredwarrants,,0,0.0,16.0,2027-01-05,,,,68.0,,,VJEW,0.0,SGD,,20261008_091600,100,,0.0,,,@,,,,,PingAn MB eCW270105,0.0,0.0,0.0,,,0.0,MAINBOARD,PingAn MB eCW270105,0.0,,25:1,0.0,,,,,0.0,0.0,0.0,,2026-10-08 16:47:05,2026-10-09 00:47:05+0800
0.375,,P,0.375,,stocks,,0,0.0,,,,,,0.0,,,BDA,1.0,SGD,,20261008_091600,100,G,1.0,,,,,,20261007,0.375,PNE Industries,0.0,8.5,0.375,,,0.375,MAINBOARD,PNE Industries,0.375,,,0.0,,,,0.395,0.0,375.0,,,2026-10-08 16:47:05,2026-10-09 00:47:05+0800
0.001,,P,0.001,,stocks,,0,0.0,,,,,,0.0,,,5BI,0.0,SGD,,20261008_091600,100,C,0.0,,,,,,20260811,,Polaris,0.0,36.1,0.0,,,0.0,CATALIST,Polaris,0.0,,,0.0,,,,0.001,0.0,0.0,,,2026-10-08 16:47:05,2026-10-09 00:47:05+0800
0.104,,P,0.104,,stocks,,0,0.0,,,,,,0.0,,,9VW,0.8,SGD,,20261008_091600,100,K,10.6,,,,,,20261006,0.104,Polaris E&M,0.0,42.9,0.104,,,0.104,CATALIST,Polaris E&M,0.104,,,0.0,,,,0.120,0.0,83.2,,,2026-10-08 16:47:05,2026-10-09 00:47:05+0800
0.028,,P,0.027,,stocks,,0,0.0,,,,,,0.0,,,5AE,3010.0,SGD,,20261008_091600,100,L,158.7,,,,,,20261007,0.026,Pollux Prop,-0.001,984.8,0.028,,,0.026,CATALIST,Pollux Prop,0.028,,,-3.571,,,,0.027,0.0,81409.6,,,2026-10-08 16:47:05,2026-10-09 00:47:05+0800
1.24,,P,1.23,,adrs,,0,0.0,13.0,,,,,0.0,,,HPPD,176.3,SGD,,20261008_090902,100,C,1.2,,,,,,,1.210,POP MART HK SDR 20to1,-0.01,1.0,1.25,,,1.23,GLOBAL_QUOTE,POP MART HK SDR 20to1,1.25,,,-0.806,,,,1.240,0.0,218123.0,0.0,,2026-10-08 16:47:05,2026-10-09 00:47:05+0800
0.002,,P,0.002,0.0,dlcertificates,0.0,0,0.0,25.0,2027-07-06,,,,0.0,,,IAUW,0.0,SGD,,20261008_091600,100,,99.0,0.0,,@,,,,0.001,Popmart 5xLongSG270706,0.0,50.0,0.0,,,0.0,MAINBOARD,Popmart 5xLongSG270706,0.0,,,0.0,,0.002,,0.003,0.001,0.0,5.0,,2026-10-08 16:47:05,2026-10-09 00:47:05+0800
0.017,,P,0.017,0.0,dlcertificates,0.0,0,0.0,25.0,2027-12-16,,,,0.0,,,FNYW,0.0,SGD,,20261008_091600,100,,0.0,0.0,,@,,,,,Popmart 5xLongSG271216,0.0,0.0,0.0,,,0.0,MAINBOARD,Popmart 5xLongSG271216,0.0,,,0.0,,,,,0.017,0.0,5.0,,2026-10-08 16:47:05,2026-10-09 00:47:05+0800
0.375,,P,0.4,0.0,dlcertificates,0.0,0,0.0,25.0,2028-03-16,,,,0.0,,,EIKW,8.0,SGD,,20261008_091600,100,,0.0,0.0,,@,,,,,Popmart 5xLongSG280316,0.038,0.0,0.4,,,0.4,MAINBOARD,Popmart 5xLongSG280316,0.4,,,10.497,,,,,0.362,3200.0,5.0,,2026-10-08 16:47:05,2026-10-09 00:47:05+0800
0.001,,P,0.001,0.0,dlcertificates,0.0,0,0.0,25.0,2027-07-30,,,,0.0,,,QBNW,0.0,SGD,,20261008_091600,100,,0.0,0.0,,@,,,,,Popmart 5xLongUB270730,0.0,49.9,0.0,,,0.0,MAINBOARD,Popmart 5xLongUB270730,0.0,,,0.0,,,,0.002,0.001,0.0,5.0,,2026-10-08 16:47:05,2026-10-09 00:47:05+0800
0.39,,P,0.395,0.0,dlcertificates,0.0,0,0.0,25.0,2028-07-31,,,,0.0,,,5K3W,100.2,SGD,,20261008_091600,100,,0.0,0.0,,@,,,,,Popmart 5xLongUB280731,0.018,0.0,0.395,,,0.38,MAINBOARD,Popmart 5xLongUB280731,0.38,,,4.775,,,,,0.377,38077.5,5.0,,2026-10-08 16:47:05,2026-10-09 00:47:05+0800
0.06,,P,0.06,0.0,dlcertificates,0.0,0,0.0,26.0,2027-07-06,,,,0.0,,,ZBTW,255.3,SGD,,20261008_091600,100,,2.6,0.0,,@,,,,0.056,Popmart 5xShortSG270706,0.0,1.3,0.063,,,0.058,MAINBOARD,Popmart 5xShortSG270706,0.058,,,0.0,,0.06,,0.064,0.06,15319.3,5.0,,2026-10-08 16:47:05,2026-10-09 00:47:05+0800
1.385,,P,1.315,0.0,dlcertificates,0.0,0,0.0,26.0,2028-02-02,,,,0.0,,,KSPW,1.0,SGD,,20261008_091600,100,,0.0,0.0,,@,,,,,Popmart 5xShortSG280202,-0.077,0.0,1.315,,,1.315,MAINBOARD,Popmart 5xShortSG280202,1.315,,,-5.532,,,,,1.392,1315.0,5.0,,2026-10-08 16:47:05,2026-10-09 00:47:05+0800
0.085,,P,0.085,0.0,dlcertificates,0.0,0,0.0,26.0,2027-07-30,,,,0.0,,,IPPW,0.0,SGD,,20261008_091600,100,,0.0,0.0,,@,,,,,Popmart 5xShortUB270730,0.0,0.0,0.0,,,0.0,MAINBOARD,Popmart 5xShortUB270730,0.0,,,0.0,,,,,0.091,0.0,5.0,,2026-10-08 16:47:05,2026-10-09 00:47:05+0800
2.89,,P,2.82,,stocks,,0,0.0,,,,,,0.0,,,BCY,7.0,SGD,,20261008_091600,100,L,1.0,,,,,,20261007,2.820,Powermatic Data,-0.07,0.3,2.82,,,2.8,MAINBOARD,Powermatic Data,2.8,,,-2.422,,,,2.890,0.0,19680.0,,,2026-10-08 16:47:05,2026-10-09 00:47:05+0800
0.115,,P,0.114,,reits,,0,0.0,,,,,,0.0,,,OXMU,1093.1,USD,,20261008_091600,100,L,53.2,,,,,,,0.114,Prime US ReitUSD,-0.001,147.4,0.116,,,0.114,MAINBOARD,Prime US ReitUSD,0.116,,,-0.87,,,,0.115,0.0,125056.9,,,2026-10-08 16:47:05,2026-10-09 00:47:05+0800
0.028,,P,0.026,,stocks,,0,0.0,,,,,,0.0,,,583,248.9,SGD,,20261008_091600,100,F,51.1,,,,,,20261007,0.026,Progen,-0.002,48.9,0.027,,,0.026,CATALIST,Progen,0.027,,,-7.143,,,,0.027,0.0,6671.4,,,2026-10-08 16:47:05,2026-10-09 00:47:05+0800
1.76,,P,1.75,,stocks,,0,0.0,,,,,,0.0,,,OYY,424.5,SGD,,20261008_091600,100,L,74.2,,,,,,20261007,1.740,PropNex,-0.01,11.2,1.76,,,1.74,MAINBOARD,PropNex,1.76,,,-0.568,,,,1.750,0.0,743847.0,,,2026-10-08 16:47:05,2026-10-09 00:47:05+0800
0.025,,P,0.021,,stocks,,0,0.0,,,,,,0.0,,,5HH,1815.9,SGD,,20261008_091600,100,C,76.1,,,,,,20261007,0.021,ProsperaGlobal,-0.004,68.5,0.025,,,0.02,CATALIST,ProsperaGlobal,0.024,,,-16.0,,,,0.023,0.0,39799.4,,,2026-10-08 16:47:05,2026-10-09 00:47:05+0800
0.075,,P,0.075,,stocks,,0,0.0,,,,,,0.0,,,PPC,0.0,SGD,,20261008_091600,100,I,99.9,,,,,,20261001,0.048,ProsperCap,0.0,29.5,0.0,,,0.0,CATALIST,ProsperCap,0.0,,,0.0,,,,0.085,0.0,0.0,,,2026-10-08 16:47:05,2026-10-09 00:47:05+0800
13.4,,S,13.0,,stocks,,0,0.0,,,,Developed,None,0.0,,LSE,K6S,0.93,USD,,20261008_091600,10,K,0.02,,,,,,20261007,13.010,Prudential USD,-0.4,0.01,13.0,,,13.0,MAINBOARD,Prudential USD,13.0,,,-2.985,,,,13.690,0.0,12090.0,,,2026-10-08 16:47:05,2026-10-09 00:47:05+0800
0.42,,P,0.41,,stocks,,0,0.0,,,,,,0.0,,,DM0,39.0,SGD,,20261008_091600,100,G,2.9,,,,,,20261007,0.410,PSC Corporation,-0.01,43.0,0.415,,,0.41,MAINBOARD,PSC Corporation,0.41,,,-2.381,,,XD,0.415,0.0,16023.5,,,2026-10-08 16:47:05,2026-10-09 00:47:05+0800
5.57,,P,5.68,,adrs,,0,0.0,13.0,,,,,0.0,,,TPED,0.7,SGD,,20261008_085930,100,B,2.0,,,,,,,5.300,PTTEP TH SDR 1to1,0.11,0.1,5.68,,,5.62,GLOBAL_QUOTE,PTTEP TH SDR 1to1,5.62,,,1.975,,,,6.000,0.0,3966.0,0.0,,2026-10-08 16:47:05,2026-10-09 00:47:05+0800
0.5,,P,0.525,,stocks,,0,0.0,,,,,,0.0,,,QC7,5677.4,SGD,,20261008_091600,100,Q,262.1,,,,,,20261007,0.525,Q&M Dental,0.025,64.2,0.53,,,0.495,MAINBOARD,Q&M Dental,0.505,,,5.0,,,,0.530,0.0,2962803.5,,,2026-10-08 16:47:05,2026-10-09 00:47:05+0800
0.945,,P,0.935,,stocks,,0,0.0,,,,,,0.0,,,Q01,53.2,SGD,,20261008_091600,100,C,37.0,,,,,,20261007,0.935,QAF,-0.01,2.0,0.945,,,0.935,MAINBOARD,QAF,0.945,,,-1.058,,,,0.940,0.0,49922.5,,,2026-10-08 16:47:05,2026-10-09 00:47:05+0800
0.115,,P,0.101,,stocks,,0,0.0,,,,,,0.0,,,BCV,5.0,SGD,,20261008_091600,100,A,0.5,,,,,,20261006,0.102,Qian Hu,-0.014,0.5,0.115,,,0.101,MAINBOARD,Qian Hu,0.115,,,-12.174,,,,0.120,0.0,517.9,,,2026-10-08 16:47:05,2026-10-09 00:47:05+0800
0.001,,P,0.001,,stocks,,0,0.0,,,,,,0.0,,,V8Y,0.0,SGD,,20261008_091600,100,K,0.0,,,,,,20261006,,Quantum Health,0.0,22222.0,0.0,,,0.0,CATALIST,Quantum Health,0.0,,,0.0,,,,0.001,0.0,0.0,,,2026-10-08 16:47:05,2026-10-09 00:47:05+0800
0.085,,P,0.083,,stocks,,0,0.0,,,,,,0.0,,,NR7,4154.6,SGD,,20261008_091600,100,P,185.8,,,,,,20261007,0.082,Raffles Edu,-0.002,1.4,0.085,,,0.082,MAINBOARD,Raffles Edu,0.085,,,-2.353,,,,0.083,0.0,348056.6,,,2026-10-08 16:47:05,2026-10-09 00:47:05+0800
0.035,,P,0.035,,stocks,,0,0.0,,,,,,0.0,,,LUY,0.0,SGD,,20261008_091600,100,C,0.0,,,,,,20230630,,Raffles Infrastructure,0.0,0.0,0.0,SUSP,,0.0,MAINBOARD,Raffles Infrastructure,0.0,,,0.0,,,,,0.0,0.0,,,2026-10-08 16:47:05,2026-10-09 00:47:05+0800
0.825,,P,0.82,,stocks,,0,0.0,,,,,,0.0,,,BSL,2292.7,SGD,,20261008_091600,100,Q,230.3,,,,,,20261007,0.820,Raffles Medical,-0.005,134.8,0.83,,,0.82,MAINBOARD,Raffles Medical,0.825,,,-0.606,,,,0.825,0.0,1884136.0,,,2026-10-08 16:47:05,2026-10-09 00:47:05+0800
1.617,161.7,P,1.617,,retailbonds,,0,0.0,2.0,,,,,0.0,,,W5UB,0.0,SGD,,20261007_230043,100,,2.0,,,,161.388,,,1.210,RafflesEd 6%cb270923,0.0,1.0,0.0,,,0.0,MAINBOARD,RafflesEd 6%cb270923,0.0,X,,0.0,0.312,,,1.647,0.0,0.0,0.0,1791388800000.0,2026-10-08 16:47:05,2026-10-09 00:47:05+0800
0.2,,P,0.199,,stocks,,0,0.0,,,,,,0.0,,,NEX,132.0,SGD,,20261008_091600,100,F,29.4,,,,,,20261007,0.198,Reclaims Global,-0.001,140.0,0.2,,,0.198,CATALIST,Reclaims Global,0.199,,,-0.5,,,,0.205,0.0,26295.5,,,2026-10-08 16:47:05,2026-10-09 00:47:05+0800
0.115,,P,0.115,,stocks,,0,0.0,,,,,,0.0,,,UV1,0.0,SGD,,20261008_091600,100,F,0.0,,,,,,20210329,,Regal Intl,0.0,0.0,0.0,SUSP,,0.0,MAINBOARD,Regal Intl,0.0,,,0.0,,,,,0.0,0.0,,,2026-10-08 16:47:05,2026-10-09 00:47:05+0800
0.001,,P,0.001,,stocks,,0,0.0,,,,,,0.0,,,I11,0.0,SGD,,20261008_091600,100,K,0.0,,,,,,20261007,,Renaissance United,0.0,330.4,0.0,,,0.0,MAINBOARD,Renaissance United,0.0,,,0.0,,,,0.001,0.0,0.0,,,2026-10-08 16:47:05,2026-10-09 00:47:05+0800
0.245,,P,0.24,,stocks,,0,0.0,,,,,,0.0,,,V7R,5.2,SGD,,20261008_091600,100,H,33.1,,,,,,20261005,0.225,ResourcesGbl,-0.005,18.5,0.24,,,0.23,CATALIST,ResourcesGbl,0.23,,,-2.041,,,,0.240,0.0,1229.0,,,2026-10-08 16:47:05,2026-10-09 00:47:05+0800
0.055,,P,0.057,,stocks,,0,0.0,,,,,,0.0,,,5WH,3238.8,SGD,,20261008_091600,100,B,85.5,,,,,,20261007,0.056,Rex Intl,0.002,355.7,0.057,,,0.054,MAINBOARD,Rex Intl,0.056,,,3.636,,,,0.057,0.0,180207.6,,,2026-10-08 16:47:05,2026-10-09 00:47:05+0800
0.157,,P,0.162,,stocks,,0,0.0,,,,,,0.0,,,T13,3013.0,SGD,,20261008_091600,100,B,94.4,,,,,,20261007,0.161,RH PetroGas,0.005,3.6,0.163,,,0.156,MAINBOARD,RH PetroGas,0.157,,,3.185,,,,0.162,0.0,481962.0,,,2026-10-08 16:47:05,2026-10-09 00:47:05+0800
0.083,,P,0.083,,stocks,,0,0.0,,,,,,0.0,,,1U8,0.0,SGD,,20261008_091600,100,L,30.0,,,,,,20260930,0.053,RichCapital,0.0,93.0,0.0,,,0.0,CATALIST,RichCapital,0.0,,,0.0,,,,0.083,0.0,0.0,,,2026-10-08 16:47:05,2026-10-09 00:47:05+0800
0.77,,P,0.775,,stocks,,0,0.0,,,,,,0.0,,,AP4,2788.2,SGD,,20261008_091600,100,C,20.6,,,,,,20261007,0.765,Riverstone,0.005,126.6,0.775,,,0.75,MAINBOARD,Riverstone,0.77,,,0.649,,,,0.775,0.0,2131816.0,,,2026-10-08 16:47:05,2026-10-09 00:47:05+0800
0.046,,P,0.046,,structuredwarrants,,0,0.0,17.0,2026-12-18,,,,6900.0,,,Y8AW,0.0,SGD,,20261008_091600,100,,200.0,,,@,,,,0.035,S&P 6900MBePW261218,0.0,0.0,0.0,,,0.0,MAINBOARD,S&P 6900MBePW261218,0.0,,4000:1,0.0,,,,,0.0,0.0,0.0,,2026-10-08 16:47:05,2026-10-09 00:47:05+0800
0.0,,P,0.0,,structuredwarrants,,0,0.0,17.0,2027-03-19,,,,7350.0,,,9C9W,0.0,SGD,,20261008_091600,100,,0.0,,,@,,,,,S&P 7350MBePW270319,0.0,0.0,0.0,,,0.0,MAINBOARD,S&P 7350MBePW270319,0.0,,4000:1,0.0,,,,,0.0,0.0,0.0,,2026-10-08 16:47:05,2026-10-09 00:47:05+0800
3.27,,P,3.31,0.0,dlcertificates,0.0,0,0.0,25.0,2028-06-16,,,,0.0,,,SWTW,3.3,SGD,,20261008_091600,100,,0.0,0.0,,@,,,,,S&P 7xLongSG280616,0.016,0.0,3.31,,,3.3,MAINBOARD,S&P 7xLongSG280616,3.3,,,0.486,,,,,3.294,10900.0,7.0,,2026-10-08 16:47:05,2026-10-09 00:47:05+0800
0.515,,P,0.5,0.0,dlcertificates,0.0,0,0.0,26.0,2028-04-06,,,,0.0,,,UAHW,3.0,SGD,,20261008_091600,100,,0.0,0.0,,@,,,,,S&P 7xShortSG280406,0.031,0.0,0.5,,,0.5,MAINBOARD,S&P 7xShortSG280406,0.5,,,6.61,,,,,0.469,1500.0,7.0,,2026-10-08 16:47:05,2026-10-09 00:47:05+0800
0.116,,P,0.116,,structuredwarrants,,0,0.0,16.0,2026-12-18,,,,8000.0,,,W2DW,0.0,SGD,,20261008_091600,100,,0.0,,,@,,,,,S&P 8000MBeCW261218,0.0,0.0,0.0,,,0.0,MAINBOARD,S&P 8000MBeCW261218,0.0,,4000:1,0.0,,,,,0.0,0.0,0.0,,2026-10-08 16:47:05,2026-10-09 00:47:05+0800
0.0,,P,0.0,,structuredwarrants,,0,0.0,16.0,2027-03-19,,,,8100.0,,,JIFW,0.0,SGD,,20261008_091600,100,,0.0,,,@,,,,,S&P 8100MBeCW270319,0.0,0.0,0.0,,,0.0,MAINBOARD,S&P 8100MBeCW270319,0.0,,4000:1,0.0,,,,,0.0,0.0,0.0,,2026-10-08 16:47:05,2026-10-09 00:47:05+0800
0.075,,P,0.075,,stocks,,0,0.0,,,,,,0.0,,,5DO,0.0,SGD,,20261008_091600,100,I,35.0,,,,,,20260924,0.072,Sakae,0.0,2.0,0.0,,,0.0,MAINBOARD,Sakae,0.0,,,0.0,,,,0.074,0.0,0.0,,,2026-10-08 16:47:05,2026-10-09 00:47:05+0800
0.003,,P,0.003,,stocks,,0,0.0,,,,,,0.0,,,FQ7,110.2,SGD,,20261008_091600,100,K,74912.0,,,,,,20261007,0.002,Salt Investments,0.0,526858.9,0.003,,,0.003,MAINBOARD,Salt Investments,0.003,,,0.0,,,,0.003,0.0,330.6,,,2026-10-08 16:47:05,2026-10-09 00:47:05+0800
0.027,,P,0.028,,stocks,,0,0.0,,,,,,0.0,,,9G2,103.1,SGD,,20261008_091600,100,Q,1046.0,,,,,,20261007,0.026,SAM Holdings,0.001,279.2,0.028,,,0.026,CATALIST,SAM Holdings,0.026,,,3.704,,,,0.028,0.0,2680.8,,,2026-10-08 16:47:05,2026-10-09 00:47:05+0800
0.002,,P,0.002,,companywarrants,,0,0.0,8.0,,,,,0.0,,,Y3QW,35.0,SGD,,20261008_091600,100,,4428.9,,,,,,,0.002,SAM Holdings W310623,0.0,2860.0,0.002,,,0.002,CATALIST,SAM Holdings W310623,0.002,X,,0.0,,,,0.003,0.0,70.0,0.0,,2026-10-08 16:47:05,2026-10-09 00:47:05+0800
0.9,,P,0.89,,stocks,,0,0.0,,,,,,0.0,,,S56,703.1,SGD,,20261008_091600,100,H,4.9,,,,,,20261007,0.890,SamuderaShipping,-0.01,6.9,0.905,,,0.885,MAINBOARD,SamuderaShipping,0.905,,,-1.111,,,,0.900,0.0,627866.0,,,2026-10-08 16:47:05,2026-10-09 00:47:05+0800
0.131,,P,0.131,,stocks,,0,0.0,,,,,,0.0,,,Y8E,0.0,SGD,,20261008_091600,100,K,119.9,,,,,,20261007,0.101,Samurai 2K,0.0,6.9,0.0,,,0.0,CATALIST,Samurai 2K,0.0,,,0.0,,,,0.135,0.0,0.0,,,2026-10-08 16:47:05,2026-10-09 00:47:05+0800
5.45,,P,5.87,0.0,dlcertificates,0.0,0,0.0,25.0,2028-07-26,,,,0.0,,,ZIPW,6.9,SGD,,20261008_091600,100,,0.0,0.0,,@,,,,,Sandisk 3xLongSG280726,0.255,0.0,6.22,,,5.87,MAINBOARD,Sandisk 3xLongSG280726,6.2,,,4.541,,,,,5.615,42429.0,3.0,,2026-10-08 16:47:05,2026-10-09 00:47:05+0800
2.59,,P,2.59,0.0,dlcertificates,0.0,0,0.0,26.0,2028-07-26,,,,0.0,,,NNSW,0.0,SGD,,20261008_091600,100,,0.0,0.0,,@,,,,,Sandisk 3xShortSG280726,0.0,0.0,0.0,,,0.0,MAINBOARD,Sandisk 3xShortSG280726,0.0,,,0.0,,,,,2.461,0.0,3.0,,2026-10-08 16:47:05,2026-10-09 00:47:05+0800
0.025,,P,0.025,0.0,dlcertificates,0.0,0,0.0,25.0,2027-03-31,,,,0.0,,,WL5W,0.0,SGD,,20261008_091600,100,,0.0,0.0,,@,,,,,Sands 5xLongSG270331,0.0,0.0,0.0,,,0.0,MAINBOARD,Sands 5xLongSG270331,0.0,,,0.0,,,,,0.012,0.0,5.0,,2026-10-08 16:47:05,2026-10-09 00:47:05+0800
0.0,,P,0.0,0.0,dlcertificates,0.0,0,0.0,25.0,2028-02-23,,,,0.0,,,ZAAW,0.0,SGD,,20261008_091600,100,,0.0,0.0,,@,,,,,Sands 5xLongSG280223,0.0,0.0,0.0,,,0.0,MAINBOARD,Sands 5xLongSG280223,0.0,,,0.0,,,,,0.486,0.0,5.0,,2026-10-08 16:47:05,2026-10-09 00:47:05+0800
0.013,,P,0.013,0.0,dlcertificates,0.0,0,0.0,25.0,2027-06-30,,,,0.0,,,VCMW,0.0,SGD,,20261008_091600,100,,0.0,0.0,,@,,,,,Sands 5xLongUB270630,0.0,0.0,0.0,,,0.0,MAINBOARD,Sands 5xLongUB270630,0.0,,,0.0,,,,,0.008,0.0,5.0,,2026-10-08 16:47:05,2026-10-09 00:47:05+0800
0.043,,P,0.043,0.0,dlcertificates,0.0,0,0.0,26.0,2027-03-31,,,,0.0,,,QQOW,0.0,SGD,,20261008_091600,100,,0.0,0.0,,@,,,,,Sands 5xShortSG270331,0.0,0.0,0.0,,,0.0,MAINBOARD,Sands 5xShortSG270331,0.0,,,0.0,,,,,0.089,0.0,5.0,,2026-10-08 16:47:05,2026-10-09 00:47:05+0800
1.805,,P,1.805,0.0,dlcertificates,0.0,0,0.0,26.0,2028-02-02,,,,0.0,,,FTEW,0.0,SGD,,20261008_091600,100,,0.0,0.0,,@,,,,,Sands 5xShortSG280202,0.0,0.0,0.0,,,0.0,MAINBOARD,Sands 5xShortSG280202,0.0,,,0.0,,,,,2.339,0.0,5.0,,2026-10-08 16:47:05,2026-10-09 00:47:05+0800
0.33,,P,0.33,0.0,dlcertificates,0.0,0,0.0,26.0,2027-06-30,,,,0.0,,,XP0W,0.0,SGD,,20261008_091600,100,,0.0,0.0,,@,,,,,Sands 5xShortUB270630,0.0,0.0,0.0,,,0.0,MAINBOARD,Sands 5xShortUB270630,0.0,,,0.0,,,,,0.405,0.0,5.0,,2026-10-08 16:47:05,2026-10-09 00:47:05+0800
0.096,,P,0.094,,stocks,,0,0.0,,,,,,0.0,,,1E3,1338.2,SGD,,20261008_091600,100,E,217.5,,,,,,20261007,0.093,Sanli Env,-0.002,207.5,0.096,,,0.093,CATALIST,Sanli Env,0.096,,,-2.083,,,,0.095,0.0,125978.1,,,2026-10-08 16:47:05,2026-10-09 00:47:05+0800
0.029,,P,0.029,,stocks,,0,0.0,,,,,,0.0,,,580,0.0,SGD,,20261008_091600,100,C,30.0,,,,,,20261005,0.028,Santak,0.0,44.0,0.0,,,0.0,CATALIST,Santak,0.0,,,0.0,,,,0.049,0.0,0.0,,,2026-10-08 16:47:05,2026-10-09 00:47:05+0800
0.039,,P,0.034,,stocks,,0,0.0,,,,,,0.0,,,BRD,2.5,SGD,,20261008_091600,100,M,79.5,,,,,,20261007,0.034,Sapphire,-0.005,1.1,0.034,,,0.034,MAINBOARD,Sapphire,0.034,,,-12.821,,,,0.039,0.0,85.0,,,2026-10-08 16:47:05,2026-10-09 00:47:05+0800
0.168,,P,0.167,,stocks,,0,0.0,,,,,,0.0,,,U77,26.2,SGD,,20261008_091600,100,C,0.8,,,,,,20261007,0.159,Sarine Tech,-0.001,15.0,0.17,,,0.159,MAINBOARD,Sarine Tech,0.169,,,-0.595,,,,0.167,0.0,4411.8,,,2026-10-08 16:47:05,2026-10-09 00:47:05+0800
0.63,,P,0.625,,reits,,0,0.0,,,,,,0.0,,,CRPU,2633.9,SGD,,20261008_091600,100,L,537.6,,,,,,,0.625,Sasseur Reit,-0.005,307.7,0.635,,,0.625,MAINBOARD,Sasseur Reit,0.635,,,-0.794,,,,0.630,0.0,1656486.0,,,2026-10-08 16:47:05,2026-10-09 00:47:05+0800
3.77,,P,3.72,,stocks,,0,0.0,,,,,,0.0,,,S58,4340.4,SGD,,20261008_091600,100,C,40.7,,,,,,20261007,3.710,SATS,-0.05,9.3,3.77,,,3.7,MAINBOARD,SATS,3.76,,,-1.326,,,,3.720,0.0,16151394.0,,,2026-10-08 16:47:05,2026-10-09 00:47:05+0800
0.245,,P,0.225,0.0,dlcertificates,0.0,0,0.0,25.0,2028-02-23,,,,0.0,,,UOOW,175.7,SGD,,20261008_091600,100,,1.0,0.0,,@,,,,0.220,SATS 5xLongSG280223,-0.018,0.2,0.235,,,0.22,MAINBOARD,SATS 5xLongSG280223,0.235,,,-7.407,,0.268,,0.315,0.243,40316.5,5.0,,2026-10-08 16:47:05,2026-10-09 00:47:05+0800
0.48,,P,0.455,0.0,dlcertificates,0.0,0,0.0,25.0,2027-06-30,,,,0.0,,,QAYW,82.9,SGD,,20261008_091600,100,,0.0,0.0,,@,,,,,SATS 5xLongUB270630,-0.016,0.0,0.46,,,0.45,MAINBOARD,SATS 5xLongUB270630,0.46,,,-3.397,,,,,0.471,37909.0,5.0,,2026-10-08 16:47:05,2026-10-09 00:47:05+0800
0.002,,P,0.002,,structuredwarrants,,0,0.0,16.0,2026-12-29,,,,5.0,,,RRGW,0.0,SGD,,20261008_091600,100,,20.0,,,@,,,,0.002,SATS MB eCW261229,0.0,0.0,0.0,,,0.0,MAINBOARD,SATS MB eCW261229,0.0,,15:1,0.0,,,,,0.0,0.0,0.0,,2026-10-08 16:47:05,2026-10-09 00:47:05+0800
0.014,,P,0.014,,structuredwarrants,,0,0.0,16.0,2027-02-12,,,,4.65,,,DRYW,0.0,SGD,,20261008_091600,100,,0.0,,,@,,,,,SATS MB eCW270212,0.0,0.0,0.0,,,0.0,MAINBOARD,SATS MB eCW270212,0.0,,15:1,0.0,,,,,0.0,0.0,0.0,,2026-10-08 16:47:05,2026-10-09 00:47:05+0800
3.71,,P,3.63,,stocks,,0,0.0,,,,,,0.0,,,S61,212.3,SGD,,20261008_091600,100,H,14.8,,,,,,20261007,3.630,SBS Transit,-0.08,4.5,3.71,,,3.63,MAINBOARD,SBS Transit,3.71,,,-2.156,,,,3.670,0.0,777985.0,,,2026-10-08 16:47:05,2026-10-09 00:47:05+0800
0.08,,P,0.08,,stocks,,0,0.0,,,,,,0.0,,,5TI,0.0,SGD,,20261008_091600,100,G,0.0,,,,,,20210707,,SDAI,0.0,0.0,0.0,SUSP,,0.0,CATALIST,SDAI,0.0,,,0.0,,,,,0.0,0.0,,,2026-10-08 16:47:05,2026-10-09 00:47:05+0800
2.47,,P,2.37,,adrs,,0,0.0,13.0,,,,,0.0,,,UGGD,219.35,SGD,,20261008_090000,10,G,1.5,,,,,,,2.330,Sea US SDR 50to1,-0.1,0.0,2.42,,,2.36,GLOBAL_QUOTE,Sea US SDR 50to1,2.42,,,-4.049,,,,,0.0,521372.9,0.0,,2026-10-08 16:47:05,2026-10-09 00:47:05+0800
0.085,,P,0.078,0.0,dlcertificates,0.0,0,0.0,25.0,2028-02-23,,,,0.0,,,RDCW,91.9,SGD,,20261008_091600,100,,5.0,0.0,,@,,,,0.073,Seatrium 5xLongSG280223,-0.009,5.0,0.081,,,0.077,MAINBOARD,Seatrium 5xLongSG280223,0.081,,,-10.345,,0.086,,0.100,0.087,7276.3,5.0,,2026-10-08 16:47:05,2026-10-09 00:47:05+0800
2.01,,P,1.96,,stocks,,0,0.0,,,,,,0.0,,,5E2,17928.2,SGD,,20261008_091600,100,C,43.2,,,,,,20261007,1.960,Seatrium Ltd,-0.05,434.8,2.01,,,1.96,MAINBOARD,Seatrium Ltd,2.01,,,-2.488,,,,1.970,0.0,35358737.0,,,2026-10-08 16:47:05,2026-10-09 00:47:05+0800
0.01,,P,0.01,,structuredwarrants,,0,0.0,16.0,2026-12-30,,,,2.5,,,UGWW,0.0,SGD,,20261008_091600,100,,0.0,,,@,,,,,Seatrium MB eCW261230,0.0,10.0,0.0,,,0.0,MAINBOARD,Seatrium MB eCW261230,0.0,,12:1,0.0,,,,0.020,0.0,0.0,0.0,,2026-10-08 16:47:05,2026-10-09 00:47:05+0800
0.064,,P,0.064,,stocks,,0,0.0,,,,,,0.0,,,43B,0.0,SGD,,20261008_091600,100,H,70.0,,,,,,20261007,0.061,Secura,0.0,50.0,0.0,,,0.0,CATALIST,Secura,0.0,,,0.0,,,,0.066,0.0,0.0,,,2026-10-08 16:47:05,2026-10-09 00:47:05+0800
0.096,,P,0.088,0.0,dlcertificates,0.0,0,0.0,25.0,2027-06-23,,,,0.0,,,UZMW,1383.0,SGD,,20261008_091600,100,,11.5,0.0,,@,,,,0.088,Sembcorp 5xLongSG270623,-0.008,5.0,0.092,,,0.088,MAINBOARD,Sembcorp 5xLongSG270623,0.092,,,-8.333,,0.089,,0.091,0.096,122746.9,5.0,,2026-10-08 16:47:05,2026-10-09 00:47:05+0800
0.196,,P,0.172,0.0,dlcertificates,0.0,0,0.0,25.0,2028-07-31,,,,0.0,,,V1XW,400.0,SGD,,20261008_091600,100,,0.5,0.0,,@,,,,0.172,Sembcorp 5xLongUB280731,-0.016,20.0,0.172,,,0.172,MAINBOARD,Sembcorp 5xLongUB280731,0.172,,,-8.511,,0.211,,0.250,0.188,68800.0,5.0,,2026-10-08 16:47:05,2026-10-09 00:47:05+0800
0.12,,P,0.13,0.0,dlcertificates,0.0,0,0.0,26.0,2027-03-31,,,,0.0,,,X7GW,2042.2,SGD,,20261008_091600,100,,1.0,0.0,,@,,,,0.120,Sembcorp 5xShortSG270331,0.012,0.0,0.13,,,0.124,MAINBOARD,Sembcorp 5xShortSG270331,0.124,,,10.169,,,,,0.118,260039.8,5.0,,2026-10-08 16:47:05,2026-10-09 00:47:05+0800
0.385,,P,0.385,0.0,dlcertificates,0.0,0,0.0,26.0,2028-07-31,,,,0.0,,,XGFW,212.3,SGD,,20261008_091600,100,,0.0,0.0,,@,,,,,Sembcorp 5xShortUB280731,0.008,0.0,0.385,,,0.385,MAINBOARD,Sembcorp 5xShortUB280731,0.385,,,2.122,,,,,0.377,81735.5,5.0,,2026-10-08 16:47:05,2026-10-09 00:47:05+0800
5.91,,P,5.82,,stocks,,0,0.0,,,,,,0.0,,,U96,3701.5,SGD,,20261008_091600,100,D,58.1,,,,,,20261007,5.810,Sembcorp Ind,-0.09,38.5,5.93,,,5.79,MAINBOARD,Sembcorp Ind,5.91,,,-1.523,,,,5.820,0.0,21583730.0,,,2026-10-08 16:47:05,2026-10-09 00:47:05+0800
0.01,,P,0.01,,structuredwarrants,,0,0.0,16.0,2026-12-29,,,,6.85,,,EHMW,0.0,SGD,,20261008_091600,100,,0.0,,,@,,,,,SembInd MBeCW261229,0.0,0.0,0.0,,,0.0,MAINBOARD,SembInd MBeCW261229,0.0,,15:1,0.0,,,,,0.0,0.0,0.0,,2026-10-08 16:47:05,2026-10-09 00:47:05+0800
0.053,,P,0.053,,structuredwarrants,,0,0.0,16.0,2027-02-25,,,,6.0,,,KYRW,0.0,SGD,,20261008_091600,100,,0.0,,,@,,,,,SembInd MBeCW270225,0.0,0.0,0.0,,,0.0,MAINBOARD,SembInd MBeCW270225,0.0,,15:1,0.0,,,,,0.0,0.0,0.0,,2026-10-08 16:47:05,2026-10-09 00:47:05+0800
0.123,,P,0.123,,stocks,,0,0.0,,,,,,0.0,,,XHV,0.0,SGD,,20261008_091600,100,M,0.1,,,,,,20261001,0.096,Serial Achieva,0.0,1.0,0.0,,,0.0,CATALIST,Serial Achieva,0.0,,,0.0,,,,0.125,0.0,0.0,,,2026-10-08 16:47:05,2026-10-09 00:47:05+0800
0.063,,P,0.06,,stocks,,0,0.0,,,,,,0.0,,,S69,185.0,SGD,,20261008_091600,100,G,1.0,,,,,,20261007,0.061,Serial System,-0.003,42.3,0.061,,,0.06,MAINBOARD,Serial System,0.061,,,-4.762,,,,0.065,0.0,11200.0,,,2026-10-08 16:47:05,2026-10-09 00:47:05+0800
0.026,,P,0.026,,stocks,,0,0.0,,,,,,0.0,,,5EW,0.0,SGD,,20261008_091600,100,G,30.0,,,,,,20261006,0.016,Sevens Atelier,0.0,5.0,0.0,,,0.0,CATALIST,Sevens Atelier,0.0,,,0.0,,,,0.025,0.0,0.0,,,2026-10-08 16:47:05,2026-10-09 00:47:05+0800
21.29,,P,20.64,,stocks,,0,0.0,,,,,,0.0,,,S68,5138.43,SGD,,20261008_091600,10,K,15.35,,,,,,20261007,20.640,SGX,-0.65,6.69,21.46,,,20.57,MAINBOARD,SGX,21.46,,,-3.053,,,CD,20.660,0.0,106433198.08,,,2026-10-08 16:47:05,2026-10-09 00:47:05+0800
1.64,,P,1.4,0.0,dlcertificates,0.0,0,0.0,25.0,2028-05-16,,,,0.0,,,JLFW,77.3,SGD,,20261008_091600,100,,10.0,0.0,,@,,,,1.375,SGX 5xLongSG280516,-0.206,10.0,1.605,,,1.34,MAINBOARD,SGX 5xLongSG280516,1.605,,,-12.827,,1.402,,1.430,1.606,107718.5,5.0,,2026-10-08 16:47:05,2026-10-09 00:47:05+0800
0.008,,P,0.008,0.0,dlcertificates,0.0,0,0.0,26.0,2026-12-17,,,,0.0,,,5YDW,0.0,SGD,,20261008_091600,100,,0.0,0.0,,@,,,,,SGX 5xShortSG261217,0.0,0.0,0.0,,,0.0,MAINBOARD,SGX 5xShortSG261217,0.0,,,0.0,,,,,0.006,0.0,5.0,,2026-10-08 16:47:05,2026-10-09 00:47:05+0800
0.163,,P,0.175,0.0,dlcertificates,0.0,0,0.0,26.0,2028-07-25,,,,0.0,,,8I3W,50.0,SGD,,20261008_091600,100,,2.0,0.0,,@,,,,0.165,SGX 5xShortSG280725,0.024,0.0,0.177,,,0.175,MAINBOARD,SGX 5xShortSG280725,0.177,,,15.894,,,,,0.151,8810.0,5.0,,2026-10-08 16:47:05,2026-10-09 00:47:05+0800
0.009,,P,0.009,,structuredwarrants,,0,0.0,16.0,2026-12-30,,,,26.0,,,XNIW,0.0,SGD,,20261008_091600,100,,0.0,,,@,,,,,SGX MB eCW261230,0.0,0.0,0.0,,,0.0,MAINBOARD,SGX MB eCW261230,0.0,,25:1,0.0,,,,,0.0,0.0,0.0,,2026-10-08 16:47:05,2026-10-09 00:47:05+0800
0.042,,P,0.034,,structuredwarrants,,0,0.0,16.0,2027-02-25,,,,23.5,,,SLGW,285.0,SGD,,20261008_091600,100,,100.0,,,@,,,,0.033,SGX MB eCW270225,-0.008,0.0,0.035,,,0.033,MAINBOARD,SGX MB eCW270225,0.035,,25:1,-19.048,,,,,0.0,9675.0,0.0,,2026-10-08 16:47:05,2026-10-09 00:47:05+0800
0.013,,P,0.013,,structuredwarrants,,0,0.0,16.0,2027-02-26,,,,28.0,,,MYBW,0.0,SGD,,20261008_091600,100,,0.0,,,@,,,,,SGX MB eCW270226,0.0,0.0,0.0,,,0.0,MAINBOARD,SGX MB eCW270226,0.0,,25:1,0.0,,,,,0.0,0.0,0.0,,2026-10-08 16:47:05,2026-10-09 00:47:05+0800
0.039,,P,0.039,,stocks,,0,0.0,,,,,,0.0,,,SES,0.0,SGD,,20261008_091600,100,C,15.0,,,,,,20261006,0.028,Shanaya,0.0,60.0,0.0,,,0.0,CATALIST,Shanaya,0.0,,,0.0,,,,0.036,0.0,0.0,,,2026-10-08 16:47:05,2026-10-09 00:47:05+0800
0.035,,P,0.035,,stocks,,0,0.0,,,,,,0.0,,,AWM,0.0,SGD,,20261008_091600,100,C,30.0,,,,,,20260821,0.030,Shanghai Turbo,0.0,2.0,0.0,,,0.0,MAINBOARD,Shanghai Turbo,0.0,,,0.0,,,,0.035,0.0,0.0,,,2026-10-08 16:47:05,2026-10-09 00:47:05+0800
3.89,,S,3.99,,stocks,,0,0.0,,,,Developed,None,0.0,,SEHK,S07,2.2,HKD,,20261008_091600,100,I,15.0,,,,,,20261002,3.730,Shangri-La HKD,0.1,0.1,3.99,,,3.73,MAINBOARD,Shangri-La HKD,3.73,,,2.571,,,,3.980,0.0,8726.0,,,2026-10-08 16:47:05,2026-10-09 00:47:05+0800
0.158,,P,0.158,,stocks,,0,0.0,,,,,,0.0,,,SGR,0.0,SGD,,20261008_091600,100,N,10.0,,,,,,20261007,0.135,Sheffield Green,0.0,7.0,0.0,,,0.0,CATALIST,Sheffield Green,0.0,,,0.0,,,,0.157,0.0,0.0,,,2026-10-08 16:47:05,2026-10-09 00:47:05+0800
0.002,,P,0.002,,stocks,,0,0.0,,,,,,0.0,,,A78,0.0,SGD,,20261008_091600,100,B,0.0,,,,,,20230320,,Shen Yao,0.0,0.0,0.0,SUSP,,0.0,CATALIST,Shen Yao,0.0,,,0.0,,,,,0.0,0.0,,,2026-10-08 16:47:05,2026-10-09 00:47:05+0800
3.16,,P,3.09,,stocks,,0,0.0,,,,,,0.0,,,OV8,4658.4,SGD,,20261008_091600,100,G,288.5,,,,,,20261007,3.080,Sheng Siong,-0.07,126.3,3.16,,,3.08,MAINBOARD,Sheng Siong,3.16,,,-2.215,,,,3.090,0.0,14441836.0,,,2026-10-08 16:47:05,2026-10-09 00:47:05+0800
0.025,,S,0.025,,stocks,,0,0.0,,,,Developed,None,0.0,,SEHK,P74,0.0,SGD,,20261008_091600,100,C,100.0,,,,,,20260910,0.020,ShengrongHldg,0.0,0.0,0.0,,,0.0,MAINBOARD,ShengrongHldg,0.0,,,0.0,,,,,0.0,0.0,,,2026-10-08 16:47:05,2026-10-09 00:47:05+0800
0.011,,P,0.011,,structuredwarrants,,0,0.0,16.0,2026-12-29,,,,3.6,,,PGDW,0.0,SGD,,20261008_091600,100,,0.0,,,@,,,,,ShengSiong MBeCW261229,0.0,0.0,0.0,,,0.0,MAINBOARD,ShengSiong MBeCW261229,0.0,,12:1,0.0,,,,,0.0,0.0,0.0,,2026-10-08 16:47:05,2026-10-09 00:47:05+0800
0.066,,P,0.066,,stocks,,0,0.0,,,,,,0.0,,,BKV,0.0,SGD,,20261008_091600,100,C,20.0,,,,,,20261001,0.066,Shenshan,0.0,25.0,0.0,,,0.0,CATALIST,Shenshan,0.0,,,0.0,,,,0.073,0.0,0.0,,,2026-10-08 16:47:05,2026-10-09 00:47:05+0800
0.065,,P,0.065,,stocks,,0,0.0,,,,,,0.0,,,1F0,0.0,SGD,,20261008_091600,100,M,22.0,,,,,,20260902,0.055,Shopper360,0.0,476.9,0.0,,,0.0,CATALIST,Shopper360,0.0,,,0.0,,,,0.065,0.0,0.0,,,2026-10-08 16:47:05,2026-10-09 00:47:05+0800
0.112,,P,0.112,,stocks,,0,0.0,,,,,,0.0,,,566,0.0,SGD,,20261008_091600,100,C,5.0,,,,,,20261007,0.110,SHS,0.0,111.9,0.0,,,0.0,MAINBOARD,SHS,0.0,,,0.0,,,,0.120,0.0,0.0,,,2026-10-08 16:47:05,2026-10-09 00:47:05+0800
6.68,,P,6.57,,stocks,,0,0.0,,,,,,0.0,,,C6L,6991.7,SGD,,20261008_091600,100,H,3.3,,,,,,20261007,6.570,SIA,-0.11,59.3,6.69,,,6.57,MAINBOARD,SIA,6.68,,,-1.647,,,,6.580,0.0,46160560.0,,,2026-10-08 16:47:05,2026-10-09 00:47:05+0800
0.685,,P,0.63,0.0,dlcertificates,0.0,0,0.0,25.0,2028-05-16,,,,0.0,,,FHOW,104.4,SGD,,20261008_091600,100,,5.0,0.0,,@,,,,0.620,SIA 5xLongSG280516,-0.041,15.0,0.64,,,0.63,MAINBOARD,SIA 5xLongSG280516,0.64,,,-6.11,,0.64,,0.660,0.671,66319.0,5.0,,2026-10-08 16:47:05,2026-10-09 00:47:05+0800
0.25,,P,0.25,0.0,dlcertificates,0.0,0,0.0,25.0,2026-10-30,,,,0.0,,,Z1DW,0.0,SGD,,20261008_091600,100,,0.0,0.0,,@,,,,,SIA 5xLongUB261030,0.0,0.0,0.0,,,0.0,MAINBOARD,SIA 5xLongUB261030,0.0,,,0.0,,,,,0.257,0.0,5.0,,2026-10-08 16:47:05,2026-10-09 00:47:05+0800
0.187,,P,0.187,0.0,dlcertificates,0.0,0,0.0,26.0,2027-04-27,,,,0.0,,,ZDBW,0.0,SGD,,20261008_091600,100,,0.0,0.0,,@,,,,,SIA 5xShortSG270427,0.0,0.0,0.0,,,0.0,MAINBOARD,SIA 5xShortSG270427,0.0,,,0.0,,,,,0.187,0.0,5.0,,2026-10-08 16:47:05,2026-10-09 00:47:05+0800
3.16,,P,3.05,,stocks,,0,0.0,,,,,,0.0,,,S59,1415.1,SGD,,20261008_091600,100,C,42.9,,,,,,20261007,3.050,SIA Engineering,-0.11,12.7,3.16,,,3.04,MAINBOARD,SIA Engineering,3.15,,,-3.481,,,,3.060,0.0,4366028.0,,,2026-10-08 16:47:05,2026-10-09 00:47:05+0800
0.006,,P,0.006,,structuredwarrants,,0,0.0,16.0,2026-12-29,,,,7.726,,,NVPW,0.0,SGD,,20261008_091600,100,,0.0,,,@,,,,,SIA MB eCW261229,0.0,0.0,0.0,,,0.0,MAINBOARD,SIA MB eCW261229,0.0,,14857:1000,0.0,,,,,0.0,0.0,0.0,,2026-10-08 16:47:05,2026-10-09 00:47:05+0800
0.019,,P,0.017,,structuredwarrants,,0,0.0,16.0,2027-02-22,,,,7.4,,,X4QW,250.0,SGD,,20261008_091600,100,,0.0,,,@,,,,,SIA MB eCW270222,-0.002,0.0,0.017,,,0.017,MAINBOARD,SIA MB eCW270222,0.017,,15:1,-10.526,,,,,0.0,4250.0,0.0,,2026-10-08 16:47:05,2026-10-09 00:47:05+0800
0.925,,P,0.985,,adrs,,0,0.0,13.0,,,,,0.0,,,TSCD,3.9,SGD,,20261008_085931,100,G,0.1,,,,,,,0.900,SiamCement TH SDR10to1,0.06,0.1,0.995,,,0.985,GLOBAL_QUOTE,SiamCement TH SDR10to1,0.99,,,6.486,,,,1.110,0.0,3861.0,0.0,,2026-10-08 16:47:05,2026-10-09 00:47:05+0800
0.154,,P,0.154,,stocks,,0,0.0,,,,,,0.0,,,BHK,135.4,SGD,,20261008_091600,100,E,25.0,,,,,,20261007,0.152,SIIC Environment,0.0,108.3,0.155,,,0.154,MAINBOARD,SIIC Environment,0.154,,,0.0,,,,0.154,0.0,20906.0,,,2026-10-08 16:47:05,2026-10-09 00:47:05+0800
0.41,,P,0.43,,stocks,,0,0.0,,,,,,0.0,,,URR,2.2,SGD,,20261008_091600,100,R,0.2,,,,,,20261007,0.410,Sim Leisure,0.02,97.5,0.43,,,0.43,CATALIST,Sim Leisure,0.43,,,4.878,,,,0.430,0.0,946.0,,,2026-10-08 16:47:05,2026-10-09 00:47:05+0800
2.3,,P,1.66,0.0,dlcertificates,0.0,0,0.0,25.0,2028-12-18,,,,0.0,,,5U8W,9.4,SGD,,20261008_091600,100,,0.0,0.0,,@,,,,,SiMSCI 7xLongSG281218,-0.877,1.0,1.87,,,1.66,MAINBOARD,SiMSCI 7xLongSG281218,1.87,,,-34.568,,,,3.300,2.537,16958.0,7.0,,2026-10-08 16:47:05,2026-10-09 00:47:05+0800
0.001,,P,0.001,0.0,dlcertificates,0.0,0,0.0,26.0,2026-10-29,,,,0.0,,,CYZW,0.0,SGD,,20261008_091600,100,,0.0,0.0,,@,,,,,SiMSCI 7xShortSG261029,0.0,0.0,0.0,,,0.0,MAINBOARD,SiMSCI 7xShortSG261029,0.0,,,0.0,,,,,0.001,0.0,7.0,,2026-10-08 16:47:05,2026-10-09 00:47:05+0800
0.08,,P,0.102,0.0,dlcertificates,0.0,0,0.0,26.0,2028-01-28,,,,0.0,,,RXTW,490.4,SGD,,20261008_091600,100,,0.0,0.0,,@,,,,,SiMSCI 7xShortSG280128,0.032,0.0,0.102,,,0.086,MAINBOARD,SiMSCI 7xShortSG280128,0.086,,,45.714,,,,,0.07,46980.8,7.0,,2026-10-08 16:47:05,2026-10-09 00:47:05+0800
0.54,,P,0.54,,stocks,,0,0.0,,,,,,0.0,,,BKA,0.0,SGD,,20261008_091600,100,N,5.0,,,,,,20260930,0.500,Sin Heng Mach,0.0,22.0,0.0,,,0.0,MAINBOARD,Sin Heng Mach,0.0,,,0.0,,,,0.690,0.0,0.0,,,2026-10-08 16:47:05,2026-10-09 00:47:05+0800
1.53,,P,1.5,,stocks,,0,0.0,,,,,,0.0,,,S35,159.3,SGD,,20261008_091600,100,K,30.1,,,,,,20261007,1.500,Sing Inv & Fin,-0.03,2.6,1.52,,,1.5,MAINBOARD,Sing Inv & Fin,1.52,,,-1.961,,,,1.510,0.0,239901.0,,,2026-10-08 16:47:05,2026-10-09 00:47:05+0800
0.065,,P,0.065,,stocks,,0,0.0,,,,,,0.0,,,FRQ,0.0,SGD,,20261008_091600,100,Q,201.0,,,,,,20260907,0.035,Sing Paincare,0.0,0.1,0.0,,,0.0,CATALIST,Sing Paincare,0.0,,,0.0,,,,0.065,0.0,0.0,,,2026-10-08 16:47:05,2026-10-09 00:47:05+0800
0.059,,P,0.059,,stocks,,0,0.0,,,,,,0.0,,,5WG,0.0,SGD,,20261008_091600,100,C,0.0,,,,,,20210729,,SingaporeKitchen,0.0,0.0,0.0,SUSP,,0.0,CATALIST,SingaporeKitchen,0.0,,,0.0,,,,,0.0,0.0,,,2026-10-08 16:47:05,2026-10-09 00:47:05+0800
3.01,,P,2.98,,stocks,,0,0.0,,,,,,0.0,,,U06,116.2,SGD,,20261008_091600,100,L,1.3,,,,,,20261007,2.970,SingaporeLandGrp,-0.03,2.0,3.03,,,2.95,MAINBOARD,SingaporeLandGrp,3.02,,,-0.997,,,,3.000,0.0,346170.0,,,2026-10-08 16:47:05,2026-10-09 00:47:05+0800
0.4,,P,0.385,,stocks,,0,0.0,,,,,,0.0,,,5IC,582.6,SGD,,20261008_091600,100,F,121.3,,,,,,20261007,0.385,SingHoldings,-0.015,20.0,0.395,,,0.385,MAINBOARD,SingHoldings,0.395,,,-3.75,,,,0.390,0.0,227029.0,,,2026-10-08 16:47:05,2026-10-09 00:47:05+0800
5.2,,P,5.2,,others,,0,0.0,11.0,,,,,0.0,,,S45U,0.0,SGD,,20261008_053211,100,K,1.0,,,,,,,5.000,SingIndexFund,0.0,0.3,0.0,,,0.0,MAINBOARD,SingIndexFund,0.0,X,,0.0,,,,5.240,0.0,0.0,,,2026-10-08 16:47:05,2026-10-09 00:47:05+0800
0.295,,P,0.29,,stocks,,0,0.0,,,,,,0.0,,,S08,4063.7,SGD,,20261008_091600,100,H,4453.8,,,,,,20261007,0.285,SingPost,-0.005,1820.8,0.295,,,0.285,MAINBOARD,SingPost,0.295,,,-1.695,,,,0.290,0.0,1178463.5,,,2026-10-08 16:47:05,2026-10-09 00:47:05+0800
0.28,,P,0.28,,stocks,,0,0.0,,,,,,0.0,,,S19,301.1,SGD,,20261008_091600,100,N,100.0,,,,,,20261007,0.275,SingShipping,0.0,8.1,0.28,,,0.275,MAINBOARD,SingShipping,0.28,,,0.0,,,,0.280,0.0,84257.5,,,2026-10-08 16:47:05,2026-10-09 00:47:05+0800
4.3,,P,4.24,,stocks,,0,0.0,,,,,,0.0,,,Z74,19583.1,SGD,,20261008_091600,100,J,32.5,,,,,,20261007,4.240,Singtel,-0.06,579.1,4.33,,,4.23,MAINBOARD,Singtel,4.32,,,-1.395,,,,4.250,0.0,83319740.0,,,2026-10-08 16:47:05,2026-10-09 00:47:05+0800
4.28,,P,4.25,,stocks,,0,0.0,,,,,,0.0,,,Z77,131.37,SGD,,20261008_091600,10,J,0.01,,,,,,20261007,4.230,Singtel 10,-0.03,0.92,4.32,,,4.23,MAINBOARD,Singtel 10,4.31,,,-0.701,,,,4.250,0.0,559255.6,,,2026-10-08 16:47:05,2026-10-09 00:47:05+0800
0.265,,P,0.245,0.0,dlcertificates,0.0,0,0.0,25.0,2028-03-07,,,,0.0,,,XNEW,54.0,SGD,,20261008_091600,100,,2.0,0.0,,@,,,,0.235,Singtel 5xLongSG280307,-0.024,30.0,0.28,,,0.245,MAINBOARD,Singtel 5xLongSG280307,0.265,,,-8.922,,0.25,,0.265,0.269,13706.0,5.0,,2026-10-08 16:47:05,2026-10-09 00:47:05+0800
0.196,,P,0.196,0.0,dlcertificates,0.0,0,0.0,25.0,2027-06-30,,,,0.0,,,HMAW,0.0,SGD,,20261008_091600,100,,0.0,0.0,,@,,,,,Singtel 5xLongUB270630,0.0,0.3,0.0,,,0.0,MAINBOARD,Singtel 5xLongUB270630,0.0,,,0.0,,,,0.300,0.217,0.0,5.0,,2026-10-08 16:47:05,2026-10-09 00:47:05+0800
0.017,,P,0.017,0.0,dlcertificates,0.0,0,0.0,26.0,2026-12-17,,,,0.0,,,UVHW,0.0,SGD,,20261008_091600,100,,0.0,0.0,,@,,,,,Singtel 5xShortSG261217,0.0,0.0,0.0,,,0.0,MAINBOARD,Singtel 5xShortSG261217,0.0,,,0.0,,,,,0.017,0.0,5.0,,2026-10-08 16:47:05,2026-10-09 00:47:05+0800
0.35,,P,0.345,0.0,dlcertificates,0.0,0,0.0,26.0,2028-05-16,,,,0.0,,,GLJW,14.4,SGD,,20261008_091600,100,,0.0,0.0,,@,,,,,Singtel 5xShortSG280516,0.014,0.0,0.345,,,0.345,MAINBOARD,Singtel 5xShortSG280516,0.345,,,4.23,,,,,0.331,4968.0,5.0,,2026-10-08 16:47:05,2026-10-09 00:47:05+0800
0.002,,P,0.005,,structuredwarrants,,0,0.0,16.0,2026-10-30,,,,4.9,,,YFQW,10.0,SGD,,20261008_091600,100,,0.0,,,@,,,,,SingtelMBeCW261030,0.003,30.0,0.005,,,0.005,MAINBOARD,SingtelMBeCW261030,0.005,,15:1,150.0,,,,0.015,0.0,50.0,0.0,,2026-10-08 16:47:05,2026-10-09 00:47:05+0800
0.011,,P,0.011,,structuredwarrants,,0,0.0,16.0,2026-12-29,,,,4.8,,,NHYW,0.0,SGD,,20261008_091600,100,,0.0,,,@,,,,,SingtelMBeCW261229,0.0,30.0,0.0,,,0.0,MAINBOARD,SingtelMBeCW261229,0.0,,12:1,0.0,,,,0.011,0.0,0.0,0.0,,2026-10-08 16:47:05,2026-10-09 00:47:05+0800
0.0,,P,0.0,,structuredwarrants,,0,0.0,16.0,2027-02-12,,,,4.5,,,45NW,0.0,SGD,,20261008_091600,100,,0.0,,,@,,,,,SingtelMBeCW270212,0.0,0.0,0.0,,,0.0,MAINBOARD,SingtelMBeCW270212,0.0,,15:1,0.0,,,,,0.0,0.0,0.0,,2026-10-08 16:47:05,2026-10-09 00:47:05+0800
0.02,,P,0.02,,stocks,,0,0.0,,,,,,0.0,,,T4B,0.0,SGD,,20261008_091600,100,C,0.0,,,,,,20201124,,Sino Grandness,0.0,0.0,0.0,SUSP,,0.0,MAINBOARD,Sino Grandness,0.0,,,0.0,,,,,0.0,0.0,,,2026-10-08 16:47:05,2026-10-09 00:47:05+0800
0.013,,P,0.013,,stocks,,0,0.0,,,,,,0.0,,,LYY,0.0,SGD,,20261008_091600,100,J,0.0,,,,,,20250328,,SinoCloud Grp,0.0,0.0,0.0,SUSP,,0.0,CATALIST,SinoCloud Grp,0.0,,,0.0,,,,,0.0,0.0,,,2026-10-08 16:47:05,2026-10-09 00:47:05+0800
0.096,,P,0.096,,stocks,,0,0.0,,,,,,0.0,,,C9Q,0.0,SGD,,20261008_091600,100,C,31.5,,,,,,20261005,0.095,Sinostar Pec,0.0,20.0,0.0,,,0.0,MAINBOARD,Sinostar Pec,0.0,,,0.0,,,,0.100,0.0,0.0,,,2026-10-08 16:47:05,2026-10-09 00:47:05+0800
0.019,,P,0.019,,stocks,,0,0.0,,,,,,0.0,,,5LE,0.0,SGD,,20261008_091600,100,C,100.0,,,,,,20260924,0.017,Sitra,0.0,580.0,0.0,,,0.0,CATALIST,Sitra,0.0,,,0.0,,,,0.020,0.0,0.0,,,2026-10-08 16:47:05,2026-10-09 00:47:05+0800
0.198,,P,0.194,,stocks,,0,0.0,,,,,,0.0,,,XZB,39.0,SGD,,20261008_091600,100,B,1.0,,,,,,20261007,0.189,Skylink,-0.004,65.0,0.194,,,0.189,CATALIST,Skylink,0.19,,,-2.02,,,,0.194,0.0,7427.0,,,2026-10-08 16:47:05,2026-10-09 00:47:05+0800
1.52,,P,1.405,0.0,dlcertificates,0.0,0,0.0,25.0,2028-06-09,,,,0.0,,,SLSW,27.5,SGD,,20261008_091600,100,,0.0,0.0,,@,,,,,SLV 3xLongSG280609,-0.167,0.0,1.495,,,1.405,MAINBOARD,SLV 3xLongSG280609,1.49,,,-10.623,,,,,1.572,39837.5,3.0,,2026-10-08 16:47:05,2026-10-09 00:47:05+0800
2.1,,P,2.1,0.0,dlcertificates,0.0,0,0.0,26.0,2028-06-09,,,,0.0,,,SVSW,0.0,SGD,,20261008_091600,100,,0.0,0.0,,@,,,,,SLV 3xShortSG280609,0.0,0.0,0.0,,,0.0,MAINBOARD,SLV 3xShortSG280609,0.0,,,0.0,,,,,2.016,0.0,3.0,,2026-10-08 16:47:05,2026-10-09 00:47:05+0800
0.007,,P,0.006,0.0,dlcertificates,0.0,0,0.0,25.0,2027-03-16,,,,0.0,,,JSKW,394.0,SGD,,20261008_091600,100,,400.0,0.0,,@,,,,0.003,SMIC 5xLongSG270316,0.0,200.0,0.006,,,0.005,MAINBOARD,SMIC 5xLongSG270316,0.006,,,0.0,,0.005,,0.006,0.006,2058.9,5.0,,2026-10-08 16:47:05,2026-10-09 00:47:05+0800
0.118,,P,0.08,0.0,dlcertificates,0.0,0,0.0,25.0,2028-03-16,,,,0.0,,,WWZW,820.5,SGD,,20261008_091600,100,,0.0,0.0,,@,,,,,SMIC 5xLongSG280316,-0.036,12.8,0.117,,,0.08,MAINBOARD,SMIC 5xLongSG280316,0.117,,,-31.034,,,,0.220,0.116,74410.0,5.0,,2026-10-08 16:47:05,2026-10-09 00:47:05+0800
0.011,,P,0.007,0.0,dlcertificates,0.0,0,0.0,25.0,2027-07-30,,,,0.0,,,9MCW,213.5,SGD,,20261008_091600,100,,90.0,0.0,,@,,,,0.006,SMIC 5xLongUB270730,-0.003,0.0,0.009,,,0.007,MAINBOARD,SMIC 5xLongUB270730,0.009,,,-30.0,,,,,0.01,1579.5,5.0,,2026-10-08 16:47:05,2026-10-09 00:47:05+0800
0.003,,P,0.003,0.0,dlcertificates,0.0,0,0.0,26.0,2026-12-23,,,,0.0,,,RPEW,0.0,SGD,,20261008_091600,100,,0.0,0.0,,@,,,,,SMIC 5xShortSG261223,0.0,0.0,0.0,,,0.0,MAINBOARD,SMIC 5xShortSG261223,0.0,,,0.0,,,,,0.001,0.0,5.0,,2026-10-08 16:47:05,2026-10-09 00:47:05+0800
0.009,,P,0.009,0.0,dlcertificates,0.0,0,0.0,26.0,2027-09-30,,,,0.0,,,ZAXW,0.0,SGD,,20261008_091600,100,,0.0,0.0,,@,,,,,SMIC 5xShortSG270930,0.0,0.0,0.0,,,0.0,MAINBOARD,SMIC 5xShortSG270930,0.0,,,0.0,,,,,0.013,0.0,5.0,,2026-10-08 16:47:05,2026-10-09 00:47:05+0800
0.005,,P,0.004,0.0,dlcertificates,0.0,0,0.0,26.0,2028-03-16,,,,0.0,,,EQLW,1.0,SGD,,20261008_091600,100,,0.0,0.0,,@,,,,,SMIC 5xShortSG280316,0.001,0.0,0.004,,,0.004,MAINBOARD,SMIC 5xShortSG280316,0.004,,,33.333,,,,,0.003,4.0,5.0,,2026-10-08 16:47:05,2026-10-09 00:47:05+0800
0.285,,P,0.38,0.0,dlcertificates,0.0,0,0.0,26.0,2028-05-24,,,,0.0,,,9DFW,10.0,SGD,,20261008_091600,100,,0.0,0.0,,@,,,,,SMIC 5xShortSG280524,0.093,0.0,0.38,,,0.38,MAINBOARD,SMIC 5xShortSG280524,0.38,,,32.404,,,,,0.287,3800.0,5.0,,2026-10-08 16:47:05,2026-10-09 00:47:05+0800
0.008,,P,0.008,0.0,dlcertificates,0.0,0,0.0,26.0,2027-07-30,,,,0.0,,,9DDW,0.0,SGD,,20261008_091600,100,,0.0,0.0,,@,,,,,SMIC 5xShortUB270730,0.0,0.0,0.0,,,0.0,MAINBOARD,SMIC 5xShortUB270730,0.0,,,0.0,,,,,0.001,0.0,5.0,,2026-10-08 16:47:05,2026-10-09 00:47:05+0800
0.007,,P,0.007,0.0,dlcertificates,0.0,0,0.0,26.0,2027-08-31,,,,0.0,,,XNFW,0.0,SGD,,20261008_091600,100,,0.0,0.0,,@,,,,,SMIC 5xShortUB270831,0.0,0.0,0.0,,,0.0,MAINBOARD,SMIC 5xShortUB270831,0.0,,,0.0,,,,,0.005,0.0,5.0,,2026-10-08 16:47:05,2026-10-09 00:47:05+0800
1.98,,P,1.87,,adrs,,0,0.0,13.0,,,,,0.0,,,HSMD,672.1,SGD,,20261008_085854,100,C,1.0,,,,,,,1.870,SMIC HK SDR 5to1,-0.11,0.9,1.98,,,1.86,GLOBAL_QUOTE,SMIC HK SDR 5to1,1.98,,,-5.556,,,,1.900,0.0,1275594.0,0.0,,2026-10-08 16:47:05,2026-10-09 00:47:05+0800
0.015,,P,0.015,,structuredwarrants,,0,0.0,16.0,2027-01-05,,,,90.0,,,QKMW,0.0,SGD,,20261008_091600,100,,0.0,,,@,,,,,SMIC MB eCW270105,0.0,0.0,0.0,,,0.0,MAINBOARD,SMIC MB eCW270105,0.0,,30:1,0.0,,,,,0.0,0.0,0.0,,2026-10-08 16:47:05,2026-10-09 00:47:05+0800
0.027,,P,0.02,,structuredwarrants,,0,0.0,16.0,2027-03-02,,,,72.5,,,WY5W,4650.0,SGD,,20261008_091600,100,,0.0,,,@,,,,,SMIC MB eCW270302,-0.007,0.0,0.027,,,0.02,MAINBOARD,SMIC MB eCW270302,0.027,,30:1,-25.926,,,,,0.0,108450.0,0.0,,2026-10-08 16:47:05,2026-10-09 00:47:05+0800
0.49,,P,0.485,,stocks,,0,0.0,,,,,,0.0,,,ZQM,351.6,SGD,,20261008_091600,100,F,36.0,,,,,,20261007,0.480,SoilbuildConstr,-0.005,18.1,0.505,,,0.475,MAINBOARD,SoilbuildConstr,0.505,,,-1.02,,,,0.485,0.0,170106.5,,,2026-10-08 16:47:05,2026-10-09 00:47:05+0800
0.555,,P,0.525,,stocks,,0,0.0,,,,,,0.0,,,SHE,305.0,SGD,,20261008_091600,100,L,0.2,,,,,,20261007,0.520,Soon Hock,-0.03,7.0,0.555,,,0.515,MAINBOARD,Soon Hock,0.555,,,-5.405,,,,0.530,0.0,160033.0,,,2026-10-08 16:47:05,2026-10-09 00:47:05+0800
0.325,,P,0.325,,stocks,,0,0.0,,,,,,0.0,,,5MD,0.0,SGD,,20261008_091600,100,C,5.0,,,,,,20261005,0.330,Soon Lian,0.0,21.0,0.0,,,0.0,CATALIST,Soon Lian,0.0,,,0.0,,,,0.350,0.0,0.0,,,2026-10-08 16:47:05,2026-10-09 00:47:05+0800
0.04,,P,0.04,,stocks,,0,0.0,,,,,,0.0,,,5KI,6.0,SGD,,20261008_091600,100,N,2.0,,,,,,20261007,0.034,Soup Holdings,0.0,10.0,0.04,,,0.034,MAINBOARD,Soup Holdings,0.034,,,0.0,,,,0.040,0.0,228.0,,,2026-10-08 16:47:05,2026-10-09 00:47:05+0800
0.001,,P,0.001,,stocks,,0,0.0,,,,,,0.0,,,A33,0.0,SGD,,20261008_091600,100,B,0.0,,,,,,20261002,,Southern Arch,0.0,41904.2,0.0,,,0.0,MAINBOARD,Southern Arch,0.0,,,0.0,,,,0.001,0.0,0.0,,,2026-10-08 16:47:05,2026-10-09 00:47:05+0800
0.33,,P,0.33,,stocks,,0,0.0,,,,,,0.0,,,BQP,0.0,SGD,,20261008_091600,100,C,6.0,,,,,,20261001,0.280,Southern Pkg,0.0,5.0,0.0,,,0.0,MAINBOARD,Southern Pkg,0.0,,,0.0,,,,0.330,0.0,0.0,,,2026-10-08 16:47:05,2026-10-09 00:47:05+0800
0.405,,P,0.405,,stocks,,0,0.0,,,,,,0.0,,,QNS,0.0,SGD,,20261008_091600,100,B,16.5,,,,,,20261001,0.380,SouthernAlliance,0.0,40.0,0.0,,,0.0,CATALIST,SouthernAlliance,0.0,,,0.0,,,,0.400,0.0,0.0,,,2026-10-08 16:47:05,2026-10-09 00:47:05+0800
7.18,,P,6.79,0.0,dlcertificates,0.0,0,0.0,25.0,2028-07-07,,,,0.0,,,WK4W,0.1,SGD,,20261008_091600,100,,0.0,0.0,,@,,,,,SpaceX 3xLongSG280707,-0.406,0.0,6.79,,,6.79,MAINBOARD,SpaceX 3xLongSG280707,6.79,,,-5.642,,,,,7.196,679.0,3.0,,2026-10-08 16:47:05,2026-10-09 00:47:05+0800
0.865,,P,0.9,0.0,dlcertificates,0.0,0,0.0,26.0,2028-07-26,,,,0.0,,,YF1W,3.4,SGD,,20261008_091600,100,,0.0,0.0,,@,,,,,SpaceX 3xShortSG280726,0.075,0.0,0.9,,,0.885,MAINBOARD,SpaceX 3xShortSG280726,0.885,,,9.091,,,,,0.825,3054.0,3.0,,2026-10-08 16:47:05,2026-10-09 00:47:05+0800
2.17,,P,2.15,,adrs,,0,0.0,13.0,,,,,0.0,,,UXSD,35.13,SGD,,20261008_090000,10,C,3.0,,,,,,,2.130,SpaceX US SDR 100to1,-0.02,0.1,2.15,,,2.14,GLOBAL_QUOTE,SpaceX US SDR 100to1,2.15,,,-0.922,,,,2.200,0.0,75523.5,0.0,,2026-10-08 16:47:05,2026-10-09 00:47:05+0800
0.044,,P,0.044,,structuredwarrants,,0,0.0,16.0,2027-01-20,,,,450.0,,,EXQW,0.0,SGD,,20261008_091600,100,,0.0,,,@,,,,,SPDR GLD US MBeCW270120,0.0,0.0,0.0,,,0.0,MAINBOARD,SPDR GLD US MBeCW270120,0.0,,500:1,0.0,,,,,0.0,0.0,0.0,,2026-10-08 16:47:05,2026-10-09 00:47:05+0800
0.026,,P,0.026,,structuredwarrants,,0,0.0,17.0,2027-01-20,,,,340.0,,,SQGW,0.0,SGD,,20261008_091600,100,,0.0,,,@,,,,,SPDR GLD US MBePW270120,0.0,0.0,0.0,,,0.0,MAINBOARD,SPDR GLD US MBePW270120,0.0,,500:1,0.0,,,,,0.0,0.0,0.0,,2026-10-08 16:47:05,2026-10-09 00:47:05+0800
0.795,,P,0.79,,stocks,,0,0.0,,,,,,0.0,,,S23,0.5,SGD,,20261008_091600,100,K,0.1,,,,,,20261005,0.780,Spura Finance,-0.005,9.7,0.79,,,0.79,MAINBOARD,Spura Finance,0.79,,,-0.629,,,,0.790,0.0,395.0,,,2026-10-08 16:47:05,2026-10-09 00:47:05+0800
0.84,,S,0.85,,stocks,,0,0.0,,,,Developing,None,0.0,,SET,NC2,13.3,SGD,,20261008_091600,100,C,50.0,,,,,,20261007,0.820,Sri Trang Agro,0.01,24.3,0.85,,,0.835,MAINBOARD,Sri Trang Agro,0.835,,,1.19,,,,0.850,0.0,11288.5,,,2026-10-08 16:47:05,2026-10-09 00:47:05+0800
0.385,,P,0.385,,stocks,,0,0.0,,,,,,0.0,,,STG,0.0,SGD,,20261008_091600,100,C,8.0,,,,,,20260826,0.240,Sri Trang Gloves,0.0,10.0,0.0,,,0.0,MAINBOARD,Sri Trang Gloves,0.0,,,0.0,,,,0.390,0.0,0.0,,,2026-10-08 16:47:05,2026-10-09 00:47:05+0800
509.0,,P,509.5,,etfs,,0,0.0,9.0,,,,,0.0,,,D07,0.02,USD,,20261008_091600,1,,0.02,,,@,,,,507.000,SS SPDR DJIA USD,0.5,2.0,509.5,,,509.5,MAINBOARD,SS SPDR DJIA USD,509.5,,,0.098,,,,510.070,508.65,10190.0,0.0,,2026-10-08 16:47:05,2026-10-09 00:47:05+0800
31.53,,P,31.53,,etfs,,0,0.0,9.0,,,,,0.0,,,KSB,0.0,USD,,20261008_091600,1,,0.0,,,,,,,,SS SPDR JPMSaudiAgBd USD,0.0,0.0,0.0,,,0.0,MAINBOARD,SS SPDR JPMSaudiAgBd USD,0.0,,,0.0,,,,,30.695,0.0,0.0,,2026-10-08 16:47:05,2026-10-09 00:47:05+0800
780.0,,P,775.99,,etfs,,0,0.0,9.0,,,,,0.0,,,S27,0.158,USD,,20261008_091600,1,,0.01,,,@,,,,775.040,SS SPDR S&P500 USD,-4.01,2.0,779.12,,,775.88,MAINBOARD,SS SPDR S&P500 USD,778.81,,,-0.514,,,,775.990,775.49,122760.86,0.0,,2026-10-08 16:47:05,2026-10-09 00:47:05+0800
5.7,,P,5.5,,etfs,,0,0.0,9.0,,,,,0.0,,,ES3,7649.386,SGD,,20261008_091600,1,,5.421,,,,,,,5.500,SS SPDR STI ETF,-0.2,30.2,5.675,,,5.485,MAINBOARD,SS SPDR STI ETF,5.675,,,-3.509,,,,5.503,5.5,42270729.518,0.0,,2026-10-08 16:47:05,2026-10-09 00:47:05+0800
11.03,,P,10.51,,stocks,,0,0.0,,,,,,0.0,,,S63,10656.1,SGD,,20261008_091600,100,M,10.0,,,,,,20261007,10.510,ST Engineering,-0.52,0.1,11.04,,,10.48,MAINBOARD,ST Engineering,11.04,,,-4.714,,,,10.540,0.0,113721193.4,,,2026-10-08 16:47:05,2026-10-09 00:47:05+0800
0.115,,P,0.115,,stocks,,0,0.0,,,,,,0.0,,,DRX,0.0,SGD,,20261008_091600,100,I,5.0,,,,,,20260923,0.086,ST Group Food,0.0,0.1,0.0,,,0.0,CATALIST,ST Group Food,0.0,,,0.0,,,,0.113,0.0,0.0,,,2026-10-08 16:47:05,2026-10-09 00:47:05+0800
0.475,,P,0.47,,stocks,,0,0.0,,,,,,0.0,,,H07,1331.1,SGD,,20261008_091600,100,N,197.7,,,,,,20261007,0.465,Stamford Land,-0.005,200.0,0.47,,,0.465,MAINBOARD,Stamford Land,0.47,,,-1.053,,,,0.470,0.0,625572.0,,,2026-10-08 16:47:05,2026-10-09 00:47:05+0800
0.192,,P,0.192,,stocks,,0,0.0,,,,,,0.0,,,S29,0.0,SGD,,20261008_091600,100,C,95.0,,,,,,20261002,0.191,Stamford Tyres,0.0,90.7,0.0,,,0.0,MAINBOARD,Stamford Tyres,0.0,,,0.0,,,,0.197,0.0,0.0,,,2026-10-08 16:47:05,2026-10-09 00:47:05+0800
0.51,,P,0.505,,reits,,0,0.0,,,,,,0.0,,,P40U,2272.7,SGD,,20261008_091600,100,L,1680.7,,,,,,,0.500,StarhillGbl Reit,-0.005,515.9,0.51,,,0.5,MAINBOARD,StarhillGbl Reit,0.51,,,-0.98,,,,0.505,0.0,1142780.5,,,2026-10-08 16:47:05,2026-10-09 00:47:05+0800
1.12,,P,1.1,,stocks,,0,0.0,,,,,,0.0,,,CC3,1471.3,SGD,,20261008_091600,100,J,8.5,,,,,,20261007,1.100,StarHub,-0.02,625.8,1.12,,,1.09,MAINBOARD,StarHub,1.11,,,-1.786,,,,1.110,0.0,1613029.0,,,2026-10-08 16:47:05,2026-10-09 00:47:05+0800
1.53,,P,1.2,0.0,dlcertificates,0.0,0,0.0,25.0,2027-07-12,,,,0.0,,,UQKW,48.4,SGD,,20261008_091600,100,,1.0,0.0,,@,,,,1.180,STEng 5xLongSG270712,-0.323,0.0,1.48,,,1.2,MAINBOARD,STEng 5xLongSG270712,1.48,,,-21.208,,,,,1.523,62732.0,5.0,,2026-10-08 16:47:05,2026-10-09 00:47:05+0800
0.38,,P,0.31,0.0,dlcertificates,0.0,0,0.0,25.0,2028-02-23,,,,0.0,,,FXNW,328.7,SGD,,20261008_091600,100,,5.4,0.0,,@,,,,0.250,STEng 5xLongSG280223,-0.085,0.3,0.385,,,0.31,MAINBOARD,STEng 5xLongSG280223,0.385,,,-21.519,,0.323,,0.395,0.395,116199.0,5.0,,2026-10-08 16:47:05,2026-10-09 00:47:05+0800
0.043,,P,0.044,0.0,dlcertificates,0.0,0,0.0,26.0,2027-07-12,,,,0.0,,,9SWW,335.7,SGD,,20261008_091600,100,,2.5,0.0,,@,,,,0.047,STEng 5xShortSG270712,0.002,0.0,0.044,,,0.044,MAINBOARD,STEng 5xShortSG270712,0.044,,,4.762,,,,,0.042,14770.8,5.0,,2026-10-08 16:47:05,2026-10-09 00:47:05+0800
0.034,,P,0.024,,structuredwarrants,,0,0.0,16.0,2026-12-29,,,,12.0,,,PXTW,1100.0,SGD,,20261008_091600,100,,0.0,,,@,,,,,STEng MBeCW261229,-0.01,0.0,0.024,,,0.023,MAINBOARD,STEng MBeCW261229,0.023,,15:1,-29.412,,,,,0.0,25950.0,0.0,,2026-10-08 16:47:05,2026-10-09 00:47:05+0800
0.054,,P,0.054,,structuredwarrants,,0,0.0,16.0,2027-02-22,,,,11.5,,,ZHGW,0.0,SGD,,20261008_091600,100,,0.0,,,@,,,,,STEng MBeCW270222,0.0,0.0,0.0,,,0.0,MAINBOARD,STEng MBeCW270222,0.0,,15:1,0.0,,,,,0.0,0.0,0.0,,2026-10-08 16:47:05,2026-10-09 00:47:05+0800
1.5,,P,1.47,,businesstrusts,,0,0.0,,,,,,0.0,,,SET,387.6,EUR,,20261008_091600,100,K,41.7,,,,,,,1.460,Stoneweg EUTrust EUR,-0.03,6.3,1.5,,,1.47,MAINBOARD,Stoneweg EUTrust EUR,1.5,X,,-2.0,,,,1.480,0.0,576774.0,,,2026-10-08 16:47:05,2026-10-09 00:47:05+0800
2.14,,P,2.1,,businesstrusts,,0,0.0,,,,,,0.0,,,SEB,37.0,SGD,,20261008_091600,100,K,10.2,,,,,,,2.100,Stoneweg EUTrust SGD,-0.04,20.7,2.15,,,2.1,MAINBOARD,Stoneweg EUTrust SGD,2.15,X,,-1.869,,,,2.150,0.0,78760.0,,,2026-10-08 16:47:05,2026-10-09 00:47:05+0800
0.295,,P,0.295,,stocks,,0,0.0,,,,,,0.0,,,S85,31.6,SGD,,20261008_091600,100,R,0.1,,,,,,20261007,0.295,Straco,0.0,3.2,0.3,,,0.295,MAINBOARD,Straco,0.3,,,0.0,,,,0.300,0.0,9381.5,,,2026-10-08 16:47:05,2026-10-09 00:47:05+0800
1.51,,P,1.49,,stocks,,0,0.0,,,,,,0.0,,,S20,75.0,SGD,,20261008_091600,100,L,0.7,,,,,,20261007,1.490,Straits Trading,-0.02,16.8,1.5,,,1.48,MAINBOARD,Straits Trading,1.5,,,-1.324,,,,1.500,0.0,111937.0,,,2026-10-08 16:47:05,2026-10-09 00:47:05+0800
0.022,,P,0.022,,stocks,,0,0.0,,,,,,0.0,,,AAJ,11.0,SGD,,20261008_091600,100,K,368.0,,,,,,20261007,0.022,SunMoonFood,0.0,122.4,0.022,,,0.022,MAINBOARD,SunMoonFood,0.022,,,0.0,,,,0.023,0.0,242.0,,,2026-10-08 16:47:05,2026-10-09 00:47:05+0800
0.023,,P,0.023,0.0,dlcertificates,0.0,0,0.0,25.0,2026-10-27,,,,0.0,,,LTYW,0.0,SGD,,20261008_091600,100,,0.0,0.0,,@,,,,,Sunny 5xLongSG261027,0.0,0.0,0.0,,,0.0,MAINBOARD,Sunny 5xLongSG261027,0.0,,,0.0,,,,,0.028,0.0,5.0,,2026-10-08 16:47:05,2026-10-09 00:47:05+0800
0.28,,P,0.176,0.0,dlcertificates,0.0,0,0.0,25.0,2028-03-16,,,,0.0,,,WF0W,199.4,SGD,,20261008_091600,100,,2.0,0.0,,@,,,,0.160,Sunny 5xLongSG280316,-0.103,20.0,0.26,,,0.176,MAINBOARD,Sunny 5xLongSG280316,0.26,,,-36.918,,0.203,,0.245,0.279,38009.0,5.0,,2026-10-08 16:47:05,2026-10-09 00:47:05+0800
0.027,,P,0.027,0.0,dlcertificates,0.0,0,0.0,25.0,2027-06-30,,,,0.0,,,XX8W,0.0,SGD,,20261008_091600,100,,0.0,0.0,,@,,,,,Sunny 5xLongUB270630,0.0,0.0,0.0,,,0.0,MAINBOARD,Sunny 5xLongUB270630,0.0,,,0.0,,,,,0.025,0.0,5.0,,2026-10-08 16:47:05,2026-10-09 00:47:05+0800
0.016,,P,0.016,0.0,dlcertificates,0.0,0,0.0,26.0,2027-01-12,,,,0.0,,,UYNW,0.0,SGD,,20261008_091600,100,,0.0,0.0,,@,,,,,Sunny 5xShortSG270112,0.0,0.0,0.0,,,0.0,MAINBOARD,Sunny 5xShortSG270112,0.0,,,0.0,,,,,0.019,0.0,5.0,,2026-10-08 16:47:05,2026-10-09 00:47:05+0800
0.905,,P,1.15,0.0,dlcertificates,0.0,0,0.0,26.0,2028-06-09,,,,0.0,,,XBSW,3.5,SGD,,20261008_091600,100,,0.0,0.0,,@,,,,,Sunny 5xShortSG280609,0.313,0.0,1.15,,,1.07,MAINBOARD,Sunny 5xShortSG280609,1.07,,,37.395,,,,,0.837,3985.0,5.0,,2026-10-08 16:47:05,2026-10-09 00:47:05+0800
0.019,,P,0.019,0.0,dlcertificates,0.0,0,0.0,26.0,2027-06-30,,,,0.0,,,GVPW,0.0,SGD,,20261008_091600,100,,0.0,0.0,,@,,,,,Sunny 5xShortUB270630,0.0,0.0,0.0,,,0.0,MAINBOARD,Sunny 5xShortUB270630,0.0,,,0.0,,,,,0.008,0.0,5.0,,2026-10-08 16:47:05,2026-10-09 00:47:05+0800
0.565,,P,0.57,,stocks,,0,0.0,,,,,,0.0,,,5GD,1055.4,SGD,,20261008_091600,100,C,129.5,,,,,,20261007,0.560,Sunpower,0.005,198.4,0.57,,,0.545,MAINBOARD,Sunpower,0.565,,,0.885,,,,0.570,0.0,590323.5,,,2026-10-08 16:47:05,2026-10-09 00:47:05+0800
2.2,2.2,P,2.2,,retailbonds,,0,0.0,2.0,,,,,0.0,,,5O6B,0.0,SGD,,20261007_230043,100,,14.0,,,,2.2,,,2.150,Sunpower cb7%300403,0.0,25.7,0.0,,,0.0,MAINBOARD,Sunpower cb7%300403,0.0,X,,0.0,0.0,,,2.500,0.0,0.0,0.0,1791388800000.0,2026-10-08 16:47:05,2026-10-09 00:47:05+0800
0.465,,P,0.465,,stocks,,0,0.0,,,,,,0.0,,,S71,0.0,SGD,,20261008_091600,100,C,10.0,,,,,,20261007,0.445,Sunright,0.0,10.0,0.0,,,0.0,MAINBOARD,Sunright,0.0,,,0.0,,,CD,0.470,0.0,0.0,,,2026-10-08 16:47:05,2026-10-09 00:47:05+0800
0.027,,P,0.027,,stocks,,0,0.0,,,,,,0.0,,,581,0.0,SGD,,20261008_091600,100,G,140.0,,,,,,20260917,0.015,Sunrise Shares,0.0,190.5,0.0,,,0.0,CATALIST,Sunrise Shares,0.0,,,0.0,,,,0.027,0.0,0.0,,,2026-10-08 16:47:05,2026-10-09 00:47:05+0800
0.13,,P,0.13,,stocks,,0,0.0,,,,,,0.0,,,BKZ,0.0,SGD,,20261008_091600,100,C,17.0,,,,,,20260929,0.115,Suntar Eco-City,0.0,5.0,0.0,,,0.0,MAINBOARD,Suntar Eco-City,0.0,,,0.0,,,,0.245,0.0,0.0,,,2026-10-08 16:47:05,2026-10-09 00:47:05+0800
1.34,,P,1.33,,reits,,0,0.0,,,,,,0.0,,,T82U,10747.6,SGD,,20261008_091600,100,L,2883.5,,,,,,,1.320,Suntec Reit,-0.01,519.4,1.36,,,1.32,MAINBOARD,Suntec Reit,1.34,,,-0.746,,,,1.330,0.0,14434527.0,,,2026-10-08 16:47:05,2026-10-09 00:47:05+0800
0.87,,P,0.87,,stocks,,0,0.0,,,,,,0.0,,,BHU,0.0,SGD,,20261008_091600,100,R,25.1,,,,,,20261007,0.855,SUTL Enterprise,0.0,1.0,0.0,,,0.0,MAINBOARD,SUTL Enterprise,0.0,,,0.0,,,,0.900,0.0,0.0,,,2026-10-08 16:47:05,2026-10-09 00:47:05+0800
0.098,,P,0.086,,stocks,,0,0.0,,,,,,0.0,,,PA3,0.5,SGD,,20261008_091600,100,F,0.5,,,,,,20261007,0.086,TA,-0.012,0.4,0.086,,,0.086,MAINBOARD,TA,0.086,,,-12.245,,,,0.097,0.0,43.0,,,2026-10-08 16:47:05,2026-10-09 00:47:05+0800
0.52,,P,0.505,,stocks,,0,0.0,,,,,,0.0,,,500,56.4,SGD,,20261008_091600,100,C,16.0,,,,,,20261006,0.510,Tai Sin Electric,-0.015,9.0,0.52,,,0.505,MAINBOARD,Tai Sin Electric,0.52,,,-2.885,,,CD,0.520,0.0,28724.0,,,2026-10-08 16:47:05,2026-10-09 00:47:05+0800
0.205,,P,0.197,,stocks,,0,0.0,,,,,,0.0,,,42L,818.2,SGD,,20261008_091600,100,G,2.0,,,,,,20261006,0.196,Taka Jewellery,-0.008,20.0,0.198,,,0.197,CATALIST,Taka Jewellery,0.198,,,-3.902,,,,0.197,0.0,161435.2,,,2026-10-08 16:47:05,2026-10-09 00:47:05+0800
0.205,,P,0.2,,stocks,,0,0.0,,,,,,0.0,,,TAP,319.0,SGD,,20261008_091600,100,L,285.0,,,,,,20261006,0.200,TAP,-0.005,318.7,0.205,,,0.2,CATALIST,TAP,0.205,,,-2.439,,,,0.205,0.0,64320.0,,,2026-10-08 16:47:05,2026-10-09 00:47:05+0800
0.92,,P,0.92,,stocks,,0,0.0,,,,,,0.0,,,T12,0.0,SGD,,20261008_091600,100,C,0.5,,,,,,20261006,0.905,Tat Seng Pkg,0.0,10.9,0.0,,,0.0,MAINBOARD,Tat Seng Pkg,0.0,,,0.0,,,,0.975,0.0,0.0,,,2026-10-08 16:47:05,2026-10-09 00:47:05+0800
0.015,,P,0.015,,stocks,,0,0.0,,,,,,0.0,,,VI2,0.0,SGD,,20261008_091600,100,G,1100.0,,,,,,20261007,0.014,TC Auto,0.0,50.7,0.0,,,0.0,CATALIST,TC Auto,0.0,,,0.0,,,,0.015,0.0,0.0,,,2026-10-08 16:47:05,2026-10-09 00:47:05+0800
1.59,,P,1.53,,stocks,,0,0.0,,,,,,0.0,,,T15,46.0,HKD,,20261008_091600,100,G,33.0,,,,,,20261006,1.530,TCIL HK$,-0.06,20.0,1.58,,,1.53,GLOBAL_QUOTE,TCIL HK$,1.58,,,-3.774,,,,1.580,0.0,72080.0,,,2026-10-08 16:47:05,2026-10-09 00:47:05+0800
0.061,,P,0.061,,stocks,,0,0.0,,,,,,0.0,,,5OQ,0.0,SGD,,20261008_091600,100,G,50.0,,,,,,20260814,0.035,Teho Intl,0.0,19.4,0.0,,,0.0,CATALIST,Teho Intl,0.0,,,0.0,,,,0.060,0.0,0.0,,,2026-10-08 16:47:05,2026-10-09 00:47:05+0800
0.205,,P,0.185,,stocks,,0,0.0,,,,,,0.0,,,T41,0.1,SGD,,20261008_091600,100,G,50.7,,,,,,20261007,0.188,TeleChoice Intl,-0.02,88.3,0.185,,,0.185,MAINBOARD,TeleChoice Intl,0.185,,,-9.756,,,,0.230,0.0,18.5,,,2026-10-08 16:47:05,2026-10-09 00:47:05+0800
1.006,100.6,P,1.006,,retailbonds,,0,0.0,2.0,,,,,0.0,,,TEMB,0.0,SGD,,20261008_010341,1000,,10.0,,,,99.905,,,1.004,Temasek 1.8% 261124XB#,0.0,87.0,0.0,,,0.0,MAINBOARD,Temasek 1.8% 261124XB#,0.0,X,,0.0,0.695,,,1.007,0.0,0.0,0.0,1791388800000.0,2026-10-08 16:47:05,2026-10-09 00:47:05+0800
1.525,,P,1.525,0.0,dlcertificates,0.0,0,0.0,25.0,2027-11-25,,,,0.0,,,9NPW,0.0,SGD,,20261008_091600,100,,0.0,0.0,,@,,,,,Tencent 3xLongSG271125,0.0,0.0,0.0,,,0.0,MAINBOARD,Tencent 3xLongSG271125,0.0,,,0.0,,,,,1.511,0.0,3.0,,2026-10-08 16:47:05,2026-10-09 00:47:05+0800
2.95,,P,2.95,0.0,dlcertificates,0.0,0,0.0,26.0,2027-11-25,,,,0.0,,,SPOW,0.0,SGD,,20261008_091600,100,,0.0,0.0,,@,,,,,Tencent 3xShortSG271125,0.0,0.0,0.0,,,0.0,MAINBOARD,Tencent 3xShortSG271125,0.0,,,0.0,,,,,3.153,0.0,3.0,,2026-10-08 16:47:05,2026-10-09 00:47:05+0800
0.022,,P,0.02,0.0,dlcertificates,0.0,0,0.0,25.0,2027-09-30,,,,0.0,,,PSJW,3623.3,SGD,,20261008_091600,100,,20.2,0.0,,@,,,,0.020,Tencent 5xLongSG270930,-0.002,48.0,0.023,,,0.02,MAINBOARD,Tencent 5xLongSG270930,0.023,,,-9.091,,0.021,,0.021,0.022,76750.4,5.0,,2026-10-08 16:47:05,2026-10-09 00:47:05+0800
0.127,,P,0.117,0.0,dlcertificates,0.0,0,0.0,25.0,2028-02-02,,,,0.0,,,YYZW,93.4,SGD,,20261008_091600,100,,4.1,0.0,,@,,,,0.100,Tencent 5xLongSG280202,-0.009,10.0,0.133,,,0.117,MAINBOARD,Tencent 5xLongSG280202,0.133,,,-7.143,,0.113,,0.126,0.126,11292.1,5.0,,2026-10-08 16:47:05,2026-10-09 00:47:05+0800
0.038,,P,0.038,0.0,dlcertificates,0.0,0,0.0,25.0,2027-08-31,,,,0.0,,,8ZJW,0.0,SGD,,20261008_091600,100,,0.0,0.0,,@,,,,,Tencent 5xLongUB270831,0.0,0.0,0.0,,,0.0,MAINBOARD,Tencent 5xLongUB270831,0.0,,,0.0,,,,,0.025,0.0,5.0,,2026-10-08 16:47:05,2026-10-09 00:47:05+0800
0.465,,P,0.465,0.0,dlcertificates,0.0,0,0.0,26.0,2027-08-27,,,,0.0,,,W7XW,0.0,SGD,,20261008_091600,100,,0.0,0.0,,@,,,,,Tencent 5xShortSG270827,0.0,0.0,0.0,,,0.0,MAINBOARD,Tencent 5xShortSG270827,0.0,,,0.0,,,,,0.446,0.0,5.0,,2026-10-08 16:47:05,2026-10-09 00:47:05+0800
0.545,,P,0.545,0.0,dlcertificates,0.0,0,0.0,26.0,2027-08-31,,,,0.0,,,OONW,0.0,SGD,,20261008_091600,100,,0.0,0.0,,@,,,,,Tencent 5xShortUB270831,0.0,0.0,0.0,,,0.0,MAINBOARD,Tencent 5xShortUB270831,0.0,,,0.0,,,,,0.704,0.0,5.0,,2026-10-08 16:47:05,2026-10-09 00:47:05+0800
6.87,,P,6.77,,adrs,,0,0.0,13.0,,,,,0.0,,,HTCD,148.9,SGD,,20261008_090334,100,J,2.3,,,,,,,6.750,Tencent HK SDR 10to1,-0.1,2.0,6.92,,,6.73,GLOBAL_QUOTE,Tencent HK SDR 10to1,6.88,,,-1.456,,,,6.910,0.0,1013661.0,0.0,,2026-10-08 16:47:05,2026-10-09 00:47:05+0800
0.016,,P,0.016,,structuredwarrants,,0,0.0,16.0,2027-01-05,,,,500.0,,,WUHW,0.0,SGD,,20261008_091600,100,,0.0,,,@,,,,,TencentMBeCW270105,0.0,0.0,0.0,,,0.0,MAINBOARD,TencentMBeCW270105,0.0,,120:1,0.0,,,,,0.0,0.0,0.0,,2026-10-08 16:47:05,2026-10-09 00:47:05+0800
0.78,,P,0.755,0.0,dlcertificates,0.0,0,0.0,25.0,2026-12-04,,,,0.0,,,TSTW,14.2,USD,,20261008_091600,100,,0.0,0.0,,@,,,,,TESLA 3xLongSG261204US$,-0.036,0.0,0.77,,,0.755,MAINBOARD,TESLA 3xLongSG261204US$,0.77,,,-4.551,,,,,0.791,10916.0,3.0,,2026-10-08 16:47:05,2026-10-09 00:47:05+0800
2.55,,P,2.58,0.0,dlcertificates,0.0,0,0.0,25.0,2028-11-23,,,,0.0,,,9OPW,0.9,SGD,,20261008_091600,100,,0.0,0.0,,@,,,,,TESLA 3xLongSG281123,-0.075,0.0,2.58,,,2.58,MAINBOARD,TESLA 3xLongSG281123,2.58,,,-2.825,,,,,2.655,2322.0,3.0,,2026-10-08 16:47:05,2026-10-09 00:47:05+0800
0.117,,P,0.099,0.0,dlcertificates,0.0,0,0.0,26.0,2026-12-04,,,,0.0,,,TSUW,50.0,USD,,20261008_091600,100,,15.0,0.0,,@,,,,0.096,TESLA 3xShortSG261204US$,0.004,0.0,0.099,,,0.099,MAINBOARD,TESLA 3xShortSG261204US$,0.099,,,4.211,,,,,0.095,4950.0,3.0,,2026-10-08 16:47:05,2026-10-09 00:47:05+0800
1.695,,P,1.74,0.0,dlcertificates,0.0,0,0.0,26.0,2028-03-30,,,,0.0,,,RLSW,2.2,SGD,,20261008_091600,100,,0.2,0.0,,@,,,,1.735,TESLA 3xShortSG280330,0.07,0.0,1.755,,,1.74,MAINBOARD,TESLA 3xShortSG280330,1.755,,,4.192,,,,,1.67,3858.0,3.0,,2026-10-08 16:47:05,2026-10-09 00:47:05+0800
6.81,,P,6.81,0.0,dlcertificates,0.0,0,0.0,25.0,2028-07-26,,,,0.0,,,HQIW,0.0,SGD,,20261008_091600,100,,0.0,0.0,,@,,,,,TESLA 5xLongSG280726,0.0,0.0,0.0,,,0.0,MAINBOARD,TESLA 5xLongSG280726,0.0,,,0.0,,,,,6.682,0.0,5.0,,2026-10-08 16:47:05,2026-10-09 00:47:05+0800
1.53,,P,1.64,0.0,dlcertificates,0.0,0,0.0,26.0,2028-07-26,,,,0.0,,,PHJW,2.3,SGD,,20261008_091600,100,,0.0,0.0,,@,,,,,TESLA 5xShortSG280726,0.157,0.0,1.64,,,1.64,MAINBOARD,TESLA 5xShortSG280726,1.64,,,10.587,,,,,1.483,3772.0,5.0,,2026-10-08 16:47:05,2026-10-09 00:47:05+0800
0.43,,P,0.43,,stocks,,0,0.0,,,,,,0.0,,,Y92,16452.3,SGD,,20261008_091600,100,C,1199.5,,,,,,20261007,0.425,ThaiBev,0.0,3853.9,0.435,,,0.42,MAINBOARD,ThaiBev,0.435,,,0.0,,,,0.430,0.0,7016717.5,,,2026-10-08 16:47:05,2026-10-09 00:47:05+0800
1.5,,P,1.5,,stocks,,0,0.0,,,,,,0.0,,,AWI,43.0,SGD,,20261008_091600,100,G,5.0,,,,,,20261007,1.500,Thakral,0.0,93.2,1.51,,,1.5,MAINBOARD,Thakral,1.5,,,0.0,,,,1.510,0.0,64535.0,,,2026-10-08 16:47:05,2026-10-09 00:47:05+0800
0.003,,P,0.003,,stocks,,0,0.0,,,,,,0.0,,,E27,0.0,SGD,,20261008_091600,100,K,14345.0,,,,,,20261007,0.002,The Place Hldg,0.0,577.7,0.0,,,0.0,MAINBOARD,The Place Hldg,0.0,,,0.0,,,,0.003,0.0,0.0,,,2026-10-08 16:47:05,2026-10-09 00:47:05+0800
2.82,,P,2.73,,stocks,,0,0.0,,,,,,0.0,,,AGS,230.3,SGD,,20261008_091600,100,G,1.3,,,,,,20261007,2.710,TheHourGlass,-0.09,0.4,2.85,,,2.7,MAINBOARD,TheHourGlass,2.85,,,-3.191,,,,2.730,0.0,636498.0,,,2026-10-08 16:47:05,2026-10-09 00:47:05+0800
0.051,,P,0.049,,stocks,,0,0.0,,,,,,0.0,,,A50,771.2,SGD,,20261008_091600,100,Q,1417.3,,,,,,20261007,0.049,Thomson Medical,-0.002,365.9,0.05,,,0.049,MAINBOARD,Thomson Medical,0.05,,,-3.922,,,,0.050,0.0,38559.6,,,2026-10-08 16:47:05,2026-10-09 00:47:05+0800
0.195,,P,0.195,,stocks,,0,0.0,,,,,,0.0,,,T55,0.0,SGD,,20261008_091600,100,K,15.0,,,,,,20261006,0.195,TIH,0.0,5.5,0.0,,,0.0,MAINBOARD,TIH,0.0,,,0.0,,,,0.205,0.0,0.0,,,2026-10-08 16:47:05,2026-10-09 00:47:05+0800
0.072,,P,0.07,,stocks,,0,0.0,,,,,,0.0,,,BFI,100.0,SGD,,20261008_091600,100,F,10.0,,,,,,20261006,0.070,Tiong Seng,-0.002,0.5,0.071,,,0.07,MAINBOARD,Tiong Seng,0.071,,,-2.778,,,,0.078,0.0,7030.0,,,2026-10-08 16:47:05,2026-10-09 00:47:05+0800
0.91,,P,0.895,,stocks,,0,0.0,,,,,,0.0,,,BQM,189.4,SGD,,20261008_091600,100,H,11.7,,,,,,20261007,0.890,Tiong Woon,-0.015,0.6,0.905,,,0.89,MAINBOARD,Tiong Woon,0.905,,,-1.648,,,,0.900,0.0,169746.0,,,2026-10-08 16:47:05,2026-10-09 00:47:05+0800
2.53,,P,2.52,,stocks,,0,0.0,,,,,,0.0,,,T14,91.0,USD,,20261008_091600,100,F,2.0,,,,,,20261007,2.510,TJ DaRenTang USD,-0.01,0.1,2.53,,,2.5,MAINBOARD,TJ DaRenTang USD,2.51,,,-0.395,,,,2.520,0.0,229107.0,,,2026-10-08 16:47:05,2026-10-09 00:47:05+0800
0.8,,P,0.83,,adrs,,0,0.0,13.0,,,,,0.0,,,ITKD,0.2,SGD,,20261008_084900,100,J,2.0,,,,,,,0.730,TLKM ID SDR 1to5,0.03,0.1,0.83,,,0.83,GLOBAL_QUOTE,TLKM ID SDR 1to5,0.83,,,3.75,,,,0.850,0.0,166.0,0.0,,2026-10-08 16:47:05,2026-10-09 00:47:05+0800
0.113,,P,0.113,,stocks,,0,0.0,,,,,,0.0,,,TKU,203.1,SGD,,20261008_091600,100,J,217.0,,,,,,20261007,0.113,Toku Ltd,0.0,167.2,0.114,,,0.113,CATALIST,Toku Ltd,0.113,,,0.0,,,,0.115,0.0,22954.8,,,2026-10-08 16:47:05,2026-10-09 00:47:05+0800
0.265,,S,0.275,,stocks,,0,0.0,,,,Developing,None,0.0,,BM,BVA,11940.3,SGD,,20261008_091600,100,C,2172.9,,,,,,20261007,0.270,Top Glove,0.01,626.1,0.285,,,0.27,MAINBOARD,Top Glove,0.27,,,3.774,,,CD,0.275,0.0,3284276.5,,,2026-10-08 16:47:05,2026-10-09 00:47:05+0800
0.048,,P,0.05,,companywarrants,,0,0.0,8.0,,,,,0.0,,,ZVUW,6.8,SGD,,20261008_091600,100,,6.0,,,,,,,0.040,Top GloveW300209,0.002,5.5,0.05,,,0.048,MAINBOARD,Top GloveW300209,0.048,X,,4.167,,,,0.050,0.0,338.8,0.0,,2026-10-08 16:47:05,2026-10-09 00:47:05+0800
9.5,,S,9.5,,stocks,,0,0.0,,,,Developed,None,0.0,,TSE,S2D,0.0,SGD,,20261008_091600,100,L,0.0,,,,,,20130726,,Tosei,0.0,0.0,0.0,,,0.0,MAINBOARD,Tosei,0.0,,,0.0,,,,,0.0,0.0,,,2026-10-08 16:47:05,2026-10-09 00:47:05+0800
0.023,,P,0.024,,stocks,,0,0.0,,,,,,0.0,,,42F,7.0,SGD,,20261008_091600,100,J,3422.6,,,,,,20261007,0.023,Totm Tech,0.001,695.1,0.024,,,0.023,CATALIST,Totm Tech,0.023,,,4.348,,,,0.024,0.0,164.5,,,2026-10-08 16:47:05,2026-10-09 00:47:05+0800
0.072,,P,0.07,,stocks,,0,0.0,,,,,,0.0,,,BCZ,63.0,SGD,,20261008_091600,100,G,81.0,,,,,,20261002,0.068,Travelite,-0.002,12.0,0.07,,,0.07,MAINBOARD,Travelite,0.07,,,-2.778,,,,0.070,0.0,4410.0,,,2026-10-08 16:47:05,2026-10-09 00:47:05+0800
0.198,,P,0.185,,stocks,,0,0.0,,,,,,0.0,,,5AB,55.6,SGD,,20261008_091600,100,J,6.0,,,,,,20261007,0.179,Trek 2000 Intl,-0.013,2.0,0.195,,,0.185,MAINBOARD,Trek 2000 Intl,0.195,,,-6.566,,,,0.190,0.0,10296.0,,,2026-10-08 16:47:05,2026-10-09 00:47:05+0800
0.05,,P,0.048,,stocks,,0,0.0,,,,,,0.0,,,42T,399.9,SGD,,20261008_091600,100,M,2.0,,,,,,20261007,0.047,Trendlines,-0.002,63.0,0.048,,,0.047,CATALIST,Trendlines,0.047,,,-4.0,,,,0.048,0.0,18796.3,,,2026-10-08 16:47:05,2026-10-09 00:47:05+0800
0.086,,P,0.081,,stocks,,0,0.0,,,,,,0.0,,,CYW,1694.4,SGD,,20261008_091600,100,C,289.5,,,,,,20261007,0.081,TrickleStar,-0.005,71.7,0.085,,,0.08,CATALIST,TrickleStar,0.084,,,-5.814,,,,0.085,0.0,138029.1,,,2026-10-08 16:47:05,2026-10-09 00:47:05+0800
0.044,,P,0.044,0.0,dlcertificates,0.0,0,0.0,25.0,2028-02-23,,,,0.0,,,9ZXW,0.0,SGD,,20261008_091600,100,,0.0,0.0,,@,,,,,Trip.com 5xLongSG280223,0.0,0.0,0.0,,,0.0,MAINBOARD,Trip.com 5xLongSG280223,0.0,,,0.0,,,,,0.047,0.0,5.0,,2026-10-08 16:47:05,2026-10-09 00:47:05+0800
0.985,,P,0.965,,adrs,,0,0.0,13.0,,,,,0.0,,,HTGD,28.4,SGD,,20261008_090000,100,N,7.3,,,,,,,0.960,Trip.com HK SDR 50to1,-0.02,12.9,0.965,,,0.965,GLOBAL_QUOTE,Trip.com HK SDR 50to1,0.965,,,-2.03,,,,1.060,0.0,27406.0,0.0,,2026-10-08 16:47:05,2026-10-09 00:47:05+0800
0.007,,P,0.006,,stocks,,0,0.0,,,,,,0.0,,,5G9,5188.4,SGD,,20261008_091600,100,F,183.6,,,,,,20261001,0.006,Tritech,-0.001,4568.2,0.006,,,0.006,CATALIST,Tritech,0.006,,,-14.286,,,,0.007,0.0,31130.4,,,2026-10-08 16:47:05,2026-10-09 00:47:05+0800
0.084,,P,0.084,,stocks,,0,0.0,,,,,,0.0,,,RC5,0.0,SGD,,20261008_091600,100,C,0.0,,,,,,20170831,,Triyards,0.0,0.0,0.0,SUSP,,0.0,MAINBOARD,Triyards,0.0,,,0.0,,,,,0.0,0.0,,,2026-10-08 16:47:05,2026-10-09 00:47:05+0800
0.145,,P,0.146,,stocks,,0,0.0,,,,,,0.0,,,KUH,0.8,SGD,,20261008_091600,100,I,35.2,,,,,,20260928,0.146,TSH,0.001,55.0,0.146,,,0.146,CATALIST,TSH,0.146,,,0.69,,,,0.165,0.0,116.8,,,2026-10-08 16:47:05,2026-10-09 00:47:05+0800
0.465,,S,0.365,,stocks,,0,0.0,,,,Developing,None,0.0,,BM,TSH,28.0,SGD,,20261008_091600,100,K,0.3,,,,,,20260908,0.340,TSH Resources,-0.1,0.0,0.365,,,0.365,MAINBOARD,TSH Resources,0.365,,,-21.505,,,,,0.0,10220.0,,,2026-10-08 16:47:05,2026-10-09 00:47:05+0800
0.275,,P,0.26,,stocks,,0,0.0,,,,,,0.0,,,T24,756.2,SGD,,20261008_091600,100,L,139.2,,,,,,20261007,0.260,Tuan Sing,-0.015,100.4,0.275,,,0.255,MAINBOARD,Tuan Sing,0.275,,,-5.455,,,,0.265,0.0,198094.5,,,2026-10-08 16:47:05,2026-10-09 00:47:05+0800
0.058,,P,0.058,,stocks,,0,0.0,,,,,,0.0,,,540,0.0,SGD,,20261008_091600,100,I,4.9,,,,,,20261007,0.059,Tung Lok Rest,0.0,0.1,0.0,,,0.0,CATALIST,Tung Lok Rest,0.0,,,0.0,,,,0.075,0.0,0.0,,,2026-10-08 16:47:05,2026-10-09 00:47:05+0800
0.28,,P,0.28,,stocks,,0,0.0,,,,,,0.0,,,BFU,0.0,SGD,,20261008_091600,100,G,6.4,,,,,,20261007,0.250,Tye Soon,0.0,20.1,0.0,,,0.0,MAINBOARD,Tye Soon,0.0,,,0.0,,,,0.310,0.0,0.0,,,2026-10-08 16:47:05,2026-10-09 00:47:05+0800
1.22,,P,1.14,,adrs,,0,0.0,13.0,,,,,0.0,,,HUUD,1.0,SGD,,20261008_085700,100,C,2.0,,,,,,,1.130,UBTECHRobo HK SDR10to1,-0.08,5.0,1.14,,,1.14,GLOBAL_QUOTE,UBTECHRobo HK SDR10to1,1.14,,,-6.557,,,,1.450,0.0,1140.0,0.0,,2026-10-08 16:47:05,2026-10-09 00:47:05+0800
0.075,,P,0.077,,stocks,,0,0.0,,,,,,0.0,,,8K7,101.4,SGD,,20261008_091600,100,C,4.3,,,,,,20261007,0.073,UGHealthcare,0.002,74.9,0.078,,,0.071,CATALIST,UGHealthcare,0.075,,,2.667,,,,0.077,0.0,7225.8,,,2026-10-08 16:47:05,2026-10-09 00:47:05+0800
0.79,,P,0.785,,reits,,0,0.0,,,,,,0.0,,,UIBU,22007.2,SGD,,20261008_091600,100,K,885.6,,,,,,,0.780,UIBREIT,-0.005,427.7,0.79,,,0.775,MAINBOARD,UIBREIT,0.79,,,-0.633,,,,0.785,0.0,17350660.0,,,2026-10-08 16:47:05,2026-10-09 00:47:05+0800
0.715,,P,0.715,,stocks,,0,0.0,,,,,,0.0,,,UGS,101.4,SGD,,20261008_091600,100,K,5.0,,,,,,20261007,0.710,ULTRAGREEN AI SGD,0.0,5.0,0.73,,,0.705,MAINBOARD,ULTRAGREEN AI SGD,0.71,,,0.0,,,,0.715,0.0,73091.0,,,2026-10-08 16:47:05,2026-10-09 00:47:05+0800
0.56,,P,0.55,,stocks,,0,0.0,,,,,,0.0,,,ULG,2677.3,USD,,20261008_091600,100,K,122.0,,,,,,20261007,0.550,ULTRAGREEN AI USD,-0.01,2.7,0.58,,,0.55,MAINBOARD,ULTRAGREEN AI USD,0.555,,,-1.786,,,,0.560,0.0,1499376.5,,,2026-10-08 16:47:05,2026-10-09 00:47:05+0800
2.88,,P,2.77,,stocks,,0,0.0,,,,,,0.0,,,558,9125.6,SGD,,20261008_091600,100,C,129.8,,,,,,20261007,2.760,UMS,-0.11,33.3,2.9,,,2.72,MAINBOARD,UMS,2.87,,,-3.819,,,CD,2.770,0.0,25615060.0,,,2026-10-08 16:47:05,2026-10-09 00:47:05+0800
0.96,,P,0.96,,stocks,,0,0.0,,,,,,0.0,,,CHJ,0.0,SGD,,20261008_091600,100,K,0.4,,,,,,20261007,0.955,Uni-Asia Grp,0.0,0.7,0.0,,,0.0,MAINBOARD,Uni-Asia Grp,0.0,,,0.0,,,,0.960,0.0,0.0,,,2026-10-08 16:47:05,2026-10-09 00:47:05+0800
0.47,,P,0.46,,stocks,,0,0.0,,,,,,0.0,,,1F2,277.3,SGD,,20261008_091600,100,G,0.1,,,,,,20261007,0.460,Union Gas,-0.01,20.9,0.465,,,0.46,MAINBOARD,Union Gas,0.465,,,-2.128,,,C1;CD,0.465,0.0,128324.5,,,2026-10-08 16:47:05,2026-10-09 00:47:05+0800
0.44,,P,0.44,,stocks,,0,0.0,,,,,,0.0,,,ZB9,0.0,SGD,,20261008_091600,100,G,7.2,,,,,,20260929,0.440,UnionSteel,0.0,0.5,0.0,,,0.0,MAINBOARD,UnionSteel,0.0,,,0.0,,,,0.515,0.0,0.0,,,2026-10-08 16:47:05,2026-10-09 00:47:05+0800
0.043,,P,0.043,,stocks,,0,0.0,,,,,,0.0,,,AZR,0.0,SGD,,20261008_091600,100,I,0.0,,,,,,20210907,,United Food,0.0,0.0,0.0,SUSP,,0.0,MAINBOARD,United Food,0.0,,,0.0,,,,,0.0,0.0,,,2026-10-08 16:47:05,2026-10-09 00:47:05+0800
0.17,,P,0.17,,stocks,,0,0.0,,,,,,0.0,,,BGO,0.0,SGD,,20261008_091600,100,B,0.0,,,,,,20170210,,Universal Res,0.0,0.0,0.0,SUSP,,0.0,MAINBOARD,Universal Res,0.0,,,0.0,,,,,0.0,0.0,,,2026-10-08 16:47:05,2026-10-09 00:47:05+0800
0.024,,P,0.022,,stocks,,0,0.0,,,,,,0.0,,,1D1,100.0,SGD,,20261008_091600,100,R,184.6,,,,,,20261007,0.022,UnUsUaL,-0.002,300.7,0.022,,,0.022,CATALIST,UnUsUaL,0.022,,,-8.333,,,,0.024,0.0,2200.0,,,2026-10-08 16:47:05,2026-10-09 00:47:05+0800
0.53,,S,0.53,,stocks,,0,0.0,,,,Developed,None,0.0,,ASX,EH5,0.0,SGD,,20261008_091600,100,L,7.2,,,,,,20261001,0.530,UOA,0.0,13.4,0.0,,,0.0,MAINBOARD,UOA,0.0,,,0.0,,,CD,0.600,0.0,0.0,,,2026-10-08 16:47:05,2026-10-09 00:47:05+0800
42.44,,P,40.25,,stocks,,0,0.0,,,,,,0.0,,,U11,8778.99,SGD,,20261008_091600,10,K,4.27,,,,,,20261007,40.250,UOB,-2.19,1.0,42.32,,,40.2,MAINBOARD,UOB,42.3,,,-5.16,,,,40.260,0.0,355622795.67,,,2026-10-08 16:47:05,2026-10-09 00:47:05+0800
0.235,,P,0.176,0.0,dlcertificates,0.0,0,0.0,25.0,2026-12-17,,,,0.0,,,W9AW,25.7,SGD,,20261008_091600,100,,5.0,0.0,,@,,,,0.176,UOB 5xLongSG261217,-0.058,3.0,0.199,,,0.176,MAINBOARD,UOB 5xLongSG261217,0.199,,,-24.786,,0.181,,0.187,0.234,4933.1,5.0,,2026-10-08 16:47:05,2026-10-09 00:47:05+0800
1.275,,P,0.905,0.0,dlcertificates,0.0,0,0.0,25.0,2029-02-06,,,,0.0,,,WCBW,7.2,SGD,,20261008_091600,100,,0.9,0.0,,@,,,,0.800,UOB 5xLongSG290206,-0.233,0.5,0.95,,,0.89,MAINBOARD,UOB 5xLongSG290206,0.95,,,-20.475,,0.87,,0.940,1.138,6570.0,5.0,,2026-10-08 16:47:05,2026-10-09 00:47:05+0800
3.54,,P,2.58,0.0,dlcertificates,0.0,0,0.0,25.0,2028-07-31,,,,0.0,,,VMZW,8.5,SGD,,20261008_091600,100,,0.0,0.0,,@,,,,,UOB 5xLongUB280731,-0.879,0.0,3.1,,,2.58,MAINBOARD,UOB 5xLongUB280731,3.1,,,-25.412,,,,,3.459,22356.0,5.0,,2026-10-08 16:47:05,2026-10-09 00:47:05+0800
0.069,,P,0.086,0.0,dlcertificates,0.0,0,0.0,26.0,2026-12-17,,,,0.0,,,9XCW,60.0,SGD,,20261008_091600,100,,0.0,0.0,,@,,,,,UOB 5xShortSG261217,0.018,0.0,0.086,,,0.086,MAINBOARD,UOB 5xShortSG261217,0.086,,,26.471,,,,,0.068,5160.0,5.0,,2026-10-08 16:47:05,2026-10-09 00:47:05+0800
0.745,,P,0.93,0.0,dlcertificates,0.0,0,0.0,26.0,2029-02-06,,,,0.0,,,YYOW,30.2,SGD,,20261008_091600,100,,1.0,0.0,,@,,,,0.920,UOB 5xShortSG290206,0.196,0.0,0.935,,,0.87,MAINBOARD,UOB 5xShortSG290206,0.87,,,26.703,,,,,0.734,27860.0,5.0,,2026-10-08 16:47:05,2026-10-09 00:47:05+0800
0.495,,P,0.6,0.0,dlcertificates,0.0,0,0.0,26.0,2028-07-31,,,,0.0,,,9AQW,2.0,SGD,,20261008_091600,100,,0.0,0.0,,@,,,,,UOB 5xShortUB280731,0.069,0.0,0.6,,,0.6,MAINBOARD,UOB 5xShortUB280731,0.6,,,12.994,,,,,0.531,1200.0,5.0,,2026-10-08 16:47:05,2026-10-09 00:47:05+0800
0.651,,P,0.652,,etfs,,0,0.0,9.0,,,,,0.0,,,GRN,17.005,SGD,,20261008_091600,1,,1.0,,,,,,,0.650,UOB AP GRN REIT S$,0.001,29.995,0.652,,,0.652,MAINBOARD,UOB AP GRN REIT S$,0.652,,,0.154,,,,0.652,0.651,11087.26,0.0,,2026-10-08 16:47:05,2026-10-09 00:47:05+0800
0.525,,P,0.513,,etfs,,0,0.0,9.0,,,,,0.0,,,GRE,58.0,USD,,20261008_091600,1,,0.0,,,,,,,,UOB AP GRN REIT US$,-0.012,0.0,0.513,,,0.513,MAINBOARD,UOB AP GRN REIT US$,0.513,,,-2.286,,,,,0.509,29754.0,0.0,,2026-10-08 16:47:05,2026-10-09 00:47:05+0800
3.68,,P,3.57,,stocks,,0,0.0,,,,,,0.0,,,U10,1811.6,SGD,,20261008_091600,100,K,0.8,,,,,,20261007,3.560,UOB Kay Hian,-0.11,29.5,3.69,,,3.53,MAINBOARD,UOB Kay Hian,3.69,,,-2.989,,,,3.570,0.0,6460397.0,,,2026-10-08 16:47:05,2026-10-09 00:47:05+0800
0.1,,P,0.078,,structuredwarrants,,0,0.0,16.0,2026-12-30,,,,42.5,,,9R4W,100.0,SGD,,20261008_091600,100,,0.0,,,@,,,,,UOB MB eCW261230,-0.022,100.0,0.078,,,0.078,MAINBOARD,UOB MB eCW261230,0.078,,30:1,-22.0,,,,0.120,0.0,7800.0,0.0,,2026-10-08 16:47:05,2026-10-09 00:47:05+0800
0.106,,P,0.106,,structuredwarrants,,0,0.0,16.0,2027-02-25,,,,42.5,,,9R7W,0.0,SGD,,20261008_091600,100,,0.0,,,@,,,,,UOB MB eCW270225,0.0,0.0,0.0,,,0.0,MAINBOARD,UOB MB eCW270225,0.0,,30:1,0.0,,,,,0.0,0.0,0.0,,2026-10-08 16:47:05,2026-10-09 00:47:05+0800
0.049,,P,0.049,,structuredwarrants,,0,0.0,16.0,2027-02-26,,,,47.5,,,YUZW,0.0,SGD,,20261008_091600,100,,0.0,,,@,,,,,UOB MB eCW270226,0.0,260.0,0.0,,,0.0,MAINBOARD,UOB MB eCW270226,0.0,,30:1,0.0,,,,0.052,0.0,0.0,0.0,,2026-10-08 16:47:05,2026-10-09 00:47:05+0800
0.112,,P,0.112,,structuredwarrants,,0,0.0,16.0,2027-09-30,,,,48.0,,,KFUW,0.0,SGD,,20261008_091600,100,,0.0,,,@,,,,,UOB MB eCW270930,0.0,0.0,0.0,,,0.0,MAINBOARD,UOB MB eCW270930,0.0,,30:1,0.0,,,,,0.0,0.0,0.0,,2026-10-08 16:47:05,2026-10-09 00:47:05+0800
0.034,,P,0.034,,structuredwarrants,,0,0.0,17.0,2026-12-30,,,,36.5,,,VKGW,0.0,SGD,,20261008_091600,100,,0.0,,,@,,,,,UOB MB ePW261230,0.0,0.0,0.0,,,0.0,MAINBOARD,UOB MB ePW261230,0.0,,30:1,0.0,,,,,0.0,0.0,0.0,,2026-10-08 16:47:05,2026-10-09 00:47:05+0800
0.083,,P,0.083,,structuredwarrants,,0,0.0,17.0,2027-02-26,,,,41.5,,,YV0W,0.0,SGD,,20261008_091600,100,,0.0,,,@,,,,,UOB MB ePW270226,0.0,0.0,0.0,,,0.0,MAINBOARD,UOB MB ePW270226,0.0,,30:1,0.0,,,,,0.0,0.0,0.0,,2026-10-08 16:47:05,2026-10-09 00:47:05+0800
0.118,,P,0.142,,structuredwarrants,,0,0.0,17.0,2027-09-30,,,,36.5,,,VB4W,500.0,SGD,,20261008_091600,100,,0.0,,,@,,,,,UOB MB ePW270930,0.024,0.0,0.143,,,0.142,MAINBOARD,UOB MB ePW270930,0.143,,30:1,20.339,,,,,0.0,71200.0,0.0,,2026-10-08 16:47:05,2026-10-09 00:47:05+0800
2.36,,P,2.355,,etfs,,0,0.0,9.0,,,,,0.0,,,JK8,0.903,SGD,,20261008_091600,1,,0.2,,,,,,,2.330,UOBAM FTSE CN A50 S$,-0.005,1.5,2.355,,,2.35,MAINBOARD,UOBAM FTSE CN A50 S$,2.354,,,-0.212,,,,2.400,2.355,2122.75,0.0,,2026-10-08 16:47:05,2026-10-09 00:47:05+0800
1.984,,P,1.984,,etfs,,0,0.0,9.0,,,,,0.0,,,VK8,0.0,USD,,20261008_091600,1,,0.0,,,,,,,,UOBAM FTSE CN A50 US$,0.0,0.0,0.0,,,0.0,MAINBOARD,UOBAM FTSE CN A50 US$,0.0,,,0.0,,,,,1.834,0.0,0.0,,2026-10-08 16:47:05,2026-10-09 00:47:05+0800
0.995,,P,0.975,,etfs,,0,0.0,9.0,,,,,0.0,,,UPD,405.148,SGD,,20261008_091600,1,,7.908,,,,,,,0.971,UOBAM PA FT ASEAN DV S$,-0.02,11.64,0.991,,,0.97,MAINBOARD,UOBAM PA FT ASEAN DV S$,0.991,,,-2.01,,,,1.000,0.973,398164.813,0.0,,2026-10-08 16:47:05,2026-10-09 00:47:05+0800
0.81,,P,0.81,,etfs,,0,0.0,9.0,,,,,0.0,,,UPU,0.0,USD,,20261008_091600,1,,0.0,,,,,,,,UOBAM PA FT ASEAN DV US$,0.0,5.0,0.0,,,0.0,MAINBOARD,UOBAM PA FT ASEAN DV US$,0.0,,,0.0,,,,0.859,0.757,0.0,0.0,,2026-10-08 16:47:05,2026-10-09 00:47:05+0800
1.12,,P,1.086,,etfs,,0,0.0,9.0,,,,,0.0,,,CXS,106.459,SGD,,20261008_091600,1,,2.0,,,,,,,1.080,UOBAM PINGAN CHINEXT S$,-0.034,10.0,1.11,,,1.085,MAINBOARD,UOBAM PINGAN CHINEXT S$,1.11,,,-3.036,,,,1.100,1.089,116470.332,0.0,,2026-10-08 16:47:05,2026-10-09 00:47:05+0800
0.864,,P,0.848,,etfs,,0,0.0,9.0,,,,,0.0,,,CXU,70.0,USD,,20261008_091600,1,,0.4,,,,,,,0.802,UOBAM PINGAN CHINEXT US$,-0.016,0.0,0.856,,,0.848,MAINBOARD,UOBAM PINGAN CHINEXT US$,0.855,,,-1.852,,,,,0.85,59740.0,0.0,,2026-10-08 16:47:05,2026-10-09 00:47:05+0800
8.45,,P,8.39,,stocks,,0,0.0,,,,,,0.0,,,U13,4.6,SGD,,20261008_091600,100,K,1.2,,,,,,20261007,8.350,UOI,-0.06,0.5,8.4,,,8.36,MAINBOARD,UOI,8.4,,,-0.71,,,,8.400,0.0,38564.0,,,2026-10-08 16:47:05,2026-10-09 00:47:05+0800
8.06,,P,8.04,,stocks,,0,0.0,,,,,,0.0,,,U14,1159.7,SGD,,20261008_091600,100,L,9.5,,,,,,20261007,8.020,UOL,-0.02,0.1,8.1,,,8.01,MAINBOARD,UOL,8.08,,,-0.248,,,,8.040,0.0,9319521.0,,,2026-10-08 16:47:05,2026-10-09 00:47:05+0800
0.013,,P,0.013,,structuredwarrants,,0,0.0,16.0,2027-02-22,,,,10.0,,,OWZW,0.0,SGD,,20261008_091600,100,,0.0,,,@,,,,,UOL MB eCW270222,0.0,0.0,0.0,,,0.0,MAINBOARD,UOL MB eCW270222,0.0,,15:1,0.0,,,,,0.0,0.0,0.0,,2026-10-08 16:47:05,2026-10-09 00:47:05+0800
0.13,,P,0.13,,stocks,,0,0.0,,,,,,0.0,,,GRQ,0.0,SGD,,20261008_091600,100,A,20.0,,,,,,20260921,0.073,UpHealth Group,0.0,16.0,0.0,,,0.0,CATALIST,UpHealth Group,0.0,,,0.0,,,,0.130,0.0,0.0,,,2026-10-08 16:47:05,2026-10-09 00:47:05+0800
0.042,,P,0.042,,stocks,,0,0.0,,,,,,0.0,,,BRS,0.0,SGD,,20261008_091600,100,G,0.0,,,,,,20240221,,USP Group,0.0,0.0,0.0,SUSP,,0.0,MAINBOARD,USP Group,0.0,,,0.0,,,,,0.0,0.0,,,2026-10-08 16:47:05,2026-10-09 00:47:05+0800
0.45,,P,0.435,,reits,,0,0.0,,,,,,0.0,,,ODBU,591.7,USD,,20261008_091600,100,K,119.4,,,,,,,0.430,UtdHampshReitUSD,-0.015,233.2,0.45,,,0.42,MAINBOARD,UtdHampshReitUSD,0.45,,,-3.333,,,,0.435,0.0,259680.5,,,2026-10-08 16:47:05,2026-10-09 00:47:05+0800
0.04,,P,0.04,,stocks,,0,0.0,,,,,,0.0,,,WPC,35.0,SGD,,20261008_091600,100,K,213.7,,,,,,20261006,0.040,Vallianz,0.0,46.0,0.04,,,0.04,CATALIST,Vallianz,0.04,,,0.0,,,,0.050,0.0,1400.0,,,2026-10-08 16:47:05,2026-10-09 00:47:05+0800
0.925,,P,0.905,,stocks,,0,0.0,,,,,,0.0,,,T6I,71.8,SGD,,20261008_091600,100,K,21.3,,,,,,20261007,0.905,ValueMax,-0.02,19.4,0.925,,,0.905,MAINBOARD,ValueMax,0.925,,,-2.162,,,,0.925,0.0,65552.5,,,2026-10-08 16:47:05,2026-10-09 00:47:05+0800
0.995,,P,0.97,,stocks,,0,0.0,,,,,,0.0,,,BN2,1742.0,SGD,,20261008_091600,100,C,55.8,,,,,,20261007,0.970,Valuetronics,-0.025,74.1,0.995,,,0.955,MAINBOARD,Valuetronics,0.995,,,-2.513,,,,0.985,0.0,1693978.5,,,2026-10-08 16:47:05,2026-10-09 00:47:05+0800
0.002,,P,0.002,,stocks,,0,0.0,,,,,,0.0,,,43E,2250.0,SGD,,20261008_091600,100,C,100368.0,,,,,,20261007,0.001,VCPlus,0.0,4993.2,0.002,,,0.002,CATALIST,VCPlus,0.002,,,0.0,,,,0.002,0.0,4500.0,,,2026-10-08 16:47:05,2026-10-09 00:47:05+0800
16.67,,P,16.3,,stocks,,0,0.0,,,,,,0.0,,,V03,629.91,SGD,,20261008_091600,10,C,0.8,,,,,,20261007,16.290,Venture,-0.37,26.83,16.7,,,16.25,MAINBOARD,Venture,16.7,,,-2.22,,,,16.300,0.0,10330248.0,,,2026-10-08 16:47:05,2026-10-09 00:47:05+0800
0.655,,P,0.59,0.0,dlcertificates,0.0,0,0.0,25.0,2028-04-13,,,,0.0,,,QXCW,84.3,SGD,,20261008_091600,100,,0.0,0.0,,@,,,,,Venture 5xLongSG280413,-0.063,1.9,0.65,,,0.59,MAINBOARD,Venture 5xLongSG280413,0.65,,,-9.648,,,,0.675,0.653,53818.0,5.0,,2026-10-08 16:47:05,2026-10-09 00:47:05+0800
2.3,,P,2.1,0.0,dlcertificates,0.0,0,0.0,25.0,2027-06-30,,,,0.0,,,9YJW,9.0,SGD,,20261008_091600,100,,0.0,0.0,,@,,,,,Venture 5xLongUB270630,-0.194,6.0,2.15,,,2.1,MAINBOARD,Venture 5xLongUB270630,2.15,,,-8.457,,,,2.450,2.294,19200.0,5.0,,2026-10-08 16:47:05,2026-10-09 00:47:05+0800
0.07,,P,0.07,,structuredwarrants,,0,0.0,16.0,2027-02-26,,,,18.5,,,XLPW,0.0,SGD,,20261008_091600,100,,0.0,,,@,,,,,Venture MB eCW270226,0.0,0.0,0.0,,,0.0,MAINBOARD,Venture MB eCW270226,0.0,,15:1,0.0,,,,,0.0,0.0,0.0,,2026-10-08 16:47:05,2026-10-09 00:47:05+0800
0.018,,P,0.018,,stocks,,0,0.0,,,,,,0.0,,,40N,0.0,SGD,,20261008_091600,100,C,50.0,,,,,,20260929,0.014,Versalink,0.0,25.5,0.0,,,0.0,CATALIST,Versalink,0.0,,,0.0,,,,0.045,0.0,0.0,,,2026-10-08 16:47:05,2026-10-09 00:47:05+0800
0.127,,P,0.127,,stocks,,0,0.0,,,,,,0.0,,,BIP,0.0,SGD,,20261008_091600,100,H,50.0,,,,,,20261007,0.118,Vibrant Group,0.0,49.9,0.0,,,0.0,MAINBOARD,Vibrant Group,0.0,,,0.0,,,,0.128,0.0,0.0,,,2026-10-08 16:47:05,2026-10-09 00:47:05+0800
0.05,,P,0.05,,stocks,,0,0.0,,,,,,0.0,,,BJD,0.0,SGD,,20261008_091600,100,C,5.0,,,,,,20261006,0.050,VibroPower,0.0,50.0,0.0,,,0.0,MAINBOARD,VibroPower,0.0,,,0.0,,,,0.054,0.0,0.0,,,2026-10-08 16:47:05,2026-10-09 00:47:05+0800
1.78,,P,1.78,,stocks,,0,0.0,,,,,,0.0,,,WJP,49.2,SGD,,20261008_091600,100,S,2.2,,,,,,20261007,1.770,VICOM Ltd,0.0,30.3,1.8,,,1.77,MAINBOARD,VICOM Ltd,1.79,,,0.0,,,,1.800,0.0,87537.0,,,2026-10-08 16:47:05,2026-10-09 00:47:05+0800
0.066,,P,0.066,,stocks,,0,0.0,,,,,,0.0,,,569,0.0,SGD,,20261008_091600,100,C,9.3,,,,,,20261007,0.066,Vicplas Intl,0.0,3.0,0.0,,,0.0,MAINBOARD,Vicplas Intl,0.0,,,0.0,,,,0.070,0.0,0.0,,,2026-10-08 16:47:05,2026-10-09 00:47:05+0800
0.2,,P,0.2,,stocks,,0,0.0,,,,,,0.0,,,VIN,0.0,SGD,,20261008_091600,100,G,0.9,,,,,,20261007,0.200,Vins Holdings,0.0,11.0,0.0,,,0.0,CATALIST,Vins Holdings,0.0,,,0.0,,,,0.225,0.0,0.0,,,2026-10-08 16:47:05,2026-10-09 00:47:05+0800
0.01,,P,0.01,,stocks,,0,0.0,,,,,,0.0,,,OMK,0.0,SGD,,20261008_091600,100,J,10.0,,,,,,20260812,0.010,Vividthree,0.0,490.0,0.0,,,0.0,CATALIST,Vividthree,0.0,,,0.0,,,,0.015,0.0,0.0,,,2026-10-08 16:47:05,2026-10-09 00:47:05+0800
0.625,,P,0.585,,stocks,,0,0.0,,,,,,0.0,,,E3B,2118.8,SGD,,20261008_091600,100,F,40.4,,,,,,20261007,0.585,Wee Hur,-0.04,39.9,0.625,,,0.585,MAINBOARD,Wee Hur,0.625,,,-6.4,,,,0.590,0.0,1275463.0,,,2026-10-08 16:47:05,2026-10-09 00:47:05+0800
0.0,,P,0.0,,others,,0,0.0,10.0,,,,,0.0,,,BBT,0.0,SGD,,20261007_230043,50000,,0.0,,,,,,,,White Orchid Fund S,0.0,0.0,0.0,,,0.0,MAINBOARD,White Orchid Fund S,0.0,X,,0.0,,,,,0.0,0.0,,,2026-10-08 16:47:05,2026-10-09 00:47:05+0800
0.905,,P,0.905,,stocks,,0,0.0,,,,,,0.0,,,BDR,0.0,SGD,,20261008_091600,100,G,3.5,,,,,,20260910,0.420,Willas-Array,0.0,0.8,0.0,,,0.0,MAINBOARD,Willas-Array,0.0,,,0.0,,,,1.110,0.0,0.0,,,2026-10-08 16:47:05,2026-10-09 00:47:05+0800
0.68,,P,0.615,0.0,dlcertificates,0.0,0,0.0,25.0,2026-12-17,,,,0.0,,,KRMW,403.8,SGD,,20261008_091600,100,,0.0,0.0,,@,,,,,Wilmar 5xLongSG261217,-0.039,0.0,0.625,,,0.59,MAINBOARD,Wilmar 5xLongSG261217,0.605,,,-5.963,,,,,0.654,243835.5,5.0,,2026-10-08 16:47:05,2026-10-09 00:47:05+0800
0.775,,P,0.86,0.0,dlcertificates,0.0,0,0.0,25.0,2029-03-06,,,,0.0,,,X7TW,8.0,SGD,,20261008_091600,100,,0.0,0.0,,@,,,,,Wilmar 5xLongSG290306,-0.04,0.0,0.87,,,0.86,MAINBOARD,Wilmar 5xLongSG290306,0.87,,,-4.444,,,,,0.9,6920.0,5.0,,2026-10-08 16:47:05,2026-10-09 00:47:05+0800
0.785,,P,0.71,0.0,dlcertificates,0.0,0,0.0,25.0,2027-06-30,,,,0.0,,,QDYW,174.9,SGD,,20261008_091600,100,,0.2,0.0,,@,,,,0.670,Wilmar 5xLongUB270630,-0.074,11.0,0.735,,,0.665,MAINBOARD,Wilmar 5xLongUB270630,0.665,,,-9.439,,0.703,,0.735,0.784,120337.0,5.0,,2026-10-08 16:47:05,2026-10-09 00:47:05+0800
0.052,,P,0.056,0.0,dlcertificates,0.0,0,0.0,26.0,2027-06-23,,,,0.0,,,9PXW,4732.4,SGD,,20261008_091600,100,,0.0,0.0,,@,,,,,Wilmar 5xShortSG270623,0.005,0.0,0.06,,,0.056,MAINBOARD,Wilmar 5xShortSG270623,0.06,,,9.804,,,,,0.051,272884.3,5.0,,2026-10-08 16:47:05,2026-10-09 00:47:05+0800
3.6,,P,3.53,,stocks,,0,0.0,,,,,,0.0,,,F34,5809.4,SGD,,20261008_091600,100,C,6.2,,,,,,20261007,3.530,Wilmar Intl,-0.07,9.3,3.58,,,3.47,MAINBOARD,Wilmar Intl,3.56,,,-1.944,,,,3.540,0.0,20528154.0,,,2026-10-08 16:47:05,2026-10-09 00:47:05+0800
0.01,,P,0.01,,structuredwarrants,,0,0.0,16.0,2026-11-30,,,,4.2,,,NWVW,0.0,SGD,,20261008_091600,100,,0.0,,,@,,,,,Wilmar MB eCW261130,0.0,0.0,0.0,,,0.0,MAINBOARD,Wilmar MB eCW261130,0.0,,15:1,0.0,,,,,0.0,0.0,0.0,,2026-10-08 16:47:05,2026-10-09 00:47:05+0800
0.01,,P,0.01,,structuredwarrants,,0,0.0,16.0,2027-02-22,,,,4.0,,,ULOW,0.0,SGD,,20261008_091600,100,,0.0,,,@,,,,,Wilmar MB eCW270222,0.0,0.0,0.0,,,0.0,MAINBOARD,Wilmar MB eCW270222,0.0,,15:1,0.0,,,,,0.0,0.0,0.0,,2026-10-08 16:47:05,2026-10-09 00:47:05+0800
0.025,,P,0.023,,stocks,,0,0.0,,,,,,0.0,,,5F7,6042.2,SGD,,20261008_091600,100,B,687.1,,,,,,20261007,0.022,Wilton Resources,-0.002,1174.9,0.024,,,0.021,CATALIST,Wilton Resources,0.024,,,-8.0,,,,0.023,0.0,132989.1,,,2026-10-08 16:47:05,2026-10-09 00:47:05+0800
1.5,,P,1.45,,stocks,,0,0.0,,,,,,0.0,,,W05,290.5,SGD,,20261008_091600,100,L,0.2,,,,,,20261007,1.450,Wing Tai,-0.05,5.6,1.49,,,1.45,MAINBOARD,Wing Tai,1.49,,,-3.333,,,CD,1.460,0.0,424915.0,,,2026-10-08 16:47:05,2026-10-09 00:47:05+0800
0.2,,P,0.2,,stocks,,0,0.0,,,,,,0.0,,,WKS,0.5,SGD,,20261008_091600,100,J,5.1,,,,,,20261007,0.197,WinkingStudios,0.0,29.7,0.2,,,0.2,CATALIST,WinkingStudios,0.2,,,0.0,,,,0.200,0.0,100.0,,,2026-10-08 16:47:05,2026-10-09 00:47:05+0800
0.2,,P,0.2,,stocks,,0,0.0,,,,,,0.0,,,1A1,0.0,SGD,,20261008_091600,100,M,40.0,,,,,,20261007,0.200,Wong Fong Ind,0.0,28.8,0.0,,,0.0,CATALIST,Wong Fong Ind,0.0,,,0.0,,,,0.215,0.0,0.0,,,2026-10-08 16:47:05,2026-10-09 00:47:05+0800
0.11,,P,0.11,,stocks,,0,0.0,,,,,,0.0,,,B49,0.0,SGD,,20261008_091600,100,C,30.0,,,,,,20260923,0.068,World Precision,0.0,2.0,0.0,,,0.0,MAINBOARD,World Precision,0.0,,,0.0,,,,0.110,0.0,0.0,,,2026-10-08 16:47:05,2026-10-09 00:47:05+0800
0.2,,P,0.2,0.0,dlcertificates,0.0,0,0.0,25.0,2027-11-25,,,,0.0,,,XPKW,0.0,SGD,,20261008_091600,100,,0.0,0.0,,@,,,,,Xiaomi 3xLongSG271125,0.0,0.0,0.0,,,0.0,MAINBOARD,Xiaomi 3xLongSG271125,0.0,,,0.0,,,,,0.207,0.0,3.0,,2026-10-08 16:47:05,2026-10-09 00:47:05+0800
11.36,,P,10.9,0.0,dlcertificates,0.0,0,0.0,26.0,2027-11-25,,,,0.0,,,LQEW,0.4,SGD,,20261008_091600,100,,0.0,0.0,,@,,,,,Xiaomi 3xShortSG271125,-0.124,0.0,10.9,,,10.9,MAINBOARD,Xiaomi 3xShortSG271125,10.9,,,-1.125,,,,,11.024,4360.0,3.0,,2026-10-08 16:47:05,2026-10-09 00:47:05+0800
0.001,,P,0.001,0.0,dlcertificates,0.0,0,0.0,25.0,2027-02-16,,,,0.0,,,HPMW,0.0,SGD,,20261008_091600,100,,0.0,0.0,,@,,,,,Xiaomi 5xLongSG270216,0.0,0.0,0.0,,,0.0,MAINBOARD,Xiaomi 5xLongSG270216,0.0,,,0.0,,,,,0.001,0.0,5.0,,2026-10-08 16:47:05,2026-10-09 00:47:05+0800
0.017,,P,0.016,0.0,dlcertificates,0.0,0,0.0,25.0,2027-11-16,,,,0.0,,,Z4LW,31.0,SGD,,20261008_091600,100,,0.0,0.0,,@,,,,,Xiaomi 5xLongSG271116,0.0,0.0,0.016,,,0.016,MAINBOARD,Xiaomi 5xLongSG271116,0.016,,,0.0,,,,,0.016,496.0,5.0,,2026-10-08 16:47:05,2026-10-09 00:47:05+0800
0.01,,P,0.009,0.0,dlcertificates,0.0,0,0.0,25.0,2027-12-16,,,,0.0,,,NHRW,750.0,SGD,,20261008_091600,100,,6.0,0.0,,@,,,,0.009,Xiaomi 5xLongSG271216,0.0,375.0,0.01,,,0.009,MAINBOARD,Xiaomi 5xLongSG271216,0.01,,,0.0,,0.009,,0.010,0.009,7125.0,5.0,,2026-10-08 16:47:05,2026-10-09 00:47:05+0800
0.45,,P,0.425,0.0,dlcertificates,0.0,0,0.0,25.0,2028-06-22,,,,0.0,,,JPMW,83.0,SGD,,20261008_091600,100,,0.1,0.0,,@,,,,0.425,Xiaomi 5xLongSG280622,-0.012,10.0,0.495,,,0.425,MAINBOARD,Xiaomi 5xLongSG280622,0.49,,,-2.746,,0.453,,0.480,0.437,39400.5,5.0,,2026-10-08 16:47:05,2026-10-09 00:47:05+0800
0.021,,P,0.021,0.0,dlcertificates,0.0,0,0.0,25.0,2027-11-26,,,,0.0,,,MZNW,0.0,SGD,,20261008_091600,100,,0.0,0.0,,@,,,,,Xiaomi 5xLongUB271126,0.0,0.0,0.0,,,0.0,MAINBOARD,Xiaomi 5xLongUB271126,0.0,,,0.0,,,,,0.021,0.0,5.0,,2026-10-08 16:47:05,2026-10-09 00:47:05+0800
2.67,,P,2.67,0.0,dlcertificates,0.0,0,0.0,26.0,2026-12-23,,,,0.0,,,YW5W,0.0,SGD,,20261008_091600,100,,0.0,0.0,,@,,,,,Xiaomi 5xShortSG261223,0.0,0.0,0.0,,,0.0,MAINBOARD,Xiaomi 5xShortSG261223,0.0,,,0.0,,,,,2.708,0.0,5.0,,2026-10-08 16:47:05,2026-10-09 00:47:05+0800
1.94,,P,1.93,,adrs,,0,0.0,13.0,,,,,0.0,,,HXXD,13.2,SGD,,20261008_090804,100,C,0.1,,,,,,,1.930,Xiaomi HK SDR 2to1,-0.01,0.1,2.0,,,1.93,GLOBAL_QUOTE,Xiaomi HK SDR 2to1,1.95,,,-0.515,,,,1.980,0.0,25776.0,0.0,,2026-10-08 16:47:05,2026-10-09 00:47:05+0800
0.02,,P,0.02,,structuredwarrants,,0,0.0,16.0,2026-11-03,,,,36.0,,,SYOW,0.0,SGD,,20261008_091600,100,,0.0,,,@,,,,,XIAOMI MBeCW261103,0.0,3.0,0.0,,,0.0,MAINBOARD,XIAOMI MBeCW261103,0.0,,12:1,0.0,,,,0.020,0.0,0.0,0.0,,2026-10-08 16:47:05,2026-10-09 00:47:05+0800
0.026,,P,0.026,,structuredwarrants,,0,0.0,16.0,2027-01-05,,,,32.0,,,MCEW,0.0,SGD,,20261008_091600,100,,0.0,,,@,,,,,XIAOMI MBeCW270105,0.0,0.0,0.0,,,0.0,MAINBOARD,XIAOMI MBeCW270105,0.0,,10:1,0.0,,,,,0.0,0.0,0.0,,2026-10-08 16:47:05,2026-10-09 00:47:05+0800
0.33,,P,0.31,,stocks,,0,0.0,,,,,,0.0,,,9PQ,89.9,SGD,,20261008_091600,100,G,53.4,,,,,,20261007,0.310,XMH Hldgs,-0.02,5.0,0.32,,,0.31,MAINBOARD,XMH Hldgs,0.32,,,-6.061,,,,0.320,0.0,28627.0,,,2026-10-08 16:47:05,2026-10-09 00:47:05+0800
0.002,,P,0.002,0.0,dlcertificates,0.0,0,0.0,25.0,2027-02-16,,,,0.0,,,VTMW,0.0,SGD,,20261008_091600,100,,0.0,0.0,,@,,,,,XPeng 5xLongSG270216,0.0,0.0,0.0,,,0.0,MAINBOARD,XPeng 5xLongSG270216,0.0,,,0.0,,,,,0.001,0.0,5.0,,2026-10-08 16:47:05,2026-10-09 00:47:05+0800
0.008,,P,0.008,0.0,dlcertificates,0.0,0,0.0,25.0,2027-12-16,,,,0.0,,,YCJW,0.0,SGD,,20261008_091600,100,,0.0,0.0,,@,,,,,XPeng 5xLongSG271216,0.0,0.0,0.0,,,0.0,MAINBOARD,XPeng 5xLongSG271216,0.0,,,0.0,,,,,0.003,0.0,5.0,,2026-10-08 16:47:05,2026-10-09 00:47:05+0800
0.145,,P,0.145,0.0,dlcertificates,0.0,0,0.0,25.0,2028-06-22,,,,0.0,,,56UW,0.0,SGD,,20261008_091600,100,,0.0,0.0,,@,,,,,XPeng 5xLongSG280622,0.0,0.0,0.0,,,0.0,MAINBOARD,XPeng 5xLongSG280622,0.0,,,0.0,,,,,0.093,0.0,5.0,,2026-10-08 16:47:05,2026-10-09 00:47:05+0800
0.001,,P,0.001,0.0,dlcertificates,0.0,0,0.0,25.0,2027-07-30,,,,0.0,,,IZSW,0.0,SGD,,20261008_091600,100,,0.0,0.0,,@,,,,,XPeng 5xLongUB270730,0.0,400.0,0.0,,,0.0,MAINBOARD,XPeng 5xLongUB270730,0.0,,,0.0,,,,0.004,0.001,0.0,5.0,,2026-10-08 16:47:05,2026-10-09 00:47:05+0800
2.6,,P,2.6,0.0,dlcertificates,0.0,0,0.0,26.0,2028-02-02,,,,0.0,,,XFEW,0.0,SGD,,20261008_091600,100,,0.0,0.0,,@,,,,,XPeng 5xShortSG280202,0.0,0.0,0.0,,,0.0,MAINBOARD,XPeng 5xShortSG280202,0.0,,,0.0,,,,,1.903,0.0,5.0,,2026-10-08 16:47:05,2026-10-09 00:47:05+0800
0.915,,P,0.915,0.0,dlcertificates,0.0,0,0.0,26.0,2027-08-31,,,,0.0,,,SARW,0.0,SGD,,20261008_091600,100,,0.0,0.0,,@,,,,,XPeng 5xShortUB270831,0.0,0.0,0.0,,,0.0,MAINBOARD,XPeng 5xShortUB270831,0.0,,,0.0,,,,,0.647,0.0,5.0,,2026-10-08 16:47:05,2026-10-09 00:47:05+0800
3.49,,P,3.49,,etfs,,0,0.0,9.0,,,,,0.0,,,XSG,0.0,SGD,,20261008_091600,1,,65.0,,,,,,,3.290,XT MS SING S$,0.0,65.0,0.0,,,0.0,MAINBOARD,XT MS SING S$,0.0,,,0.0,,,,3.340,3.315,0.0,0.0,,2026-10-08 16:47:05,2026-10-09 00:47:05+0800
2.718,,P,2.616,,etfs,,0,0.0,9.0,,,,,0.0,,,O9A,8.518,USD,,20261008_091600,1,,0.016,,,,,,,2.582,XT MS SING US$,-0.102,50.0,2.668,,,2.616,MAINBOARD,XT MS SING US$,2.668,,,-3.753,,,,2.616,2.604,22335.984,0.0,,2026-10-08 16:47:05,2026-10-09 00:47:05+0800
0.0,,P,0.0,,etfs,,0,0.0,9.0,,,,,0.0,,,XWR,0.0,SGD,,20261008_091600,1,,0.0,,,,,,,,XT MS World SGD,0.0,0.0,0.0,PL,,0.0,MAINBOARD,XT MS World SGD,0.0,,,0.0,,,,,0.0,0.0,0.0,,2026-10-08 16:47:05,2026-10-09 00:47:05+0800
22.41,,P,22.04,,etfs,,0,0.0,9.0,,,,,0.0,,,TID,7.908,SGD,,20261008_091600,1,,0.95,,,,,,,22.000,XT MSCHINA S$,-0.37,0.025,22.47,,,22.04,MAINBOARD,XT MSCHINA S$,22.43,,,-1.651,,,,23.300,22.14,176592.99,0.0,,2026-10-08 16:47:05,2026-10-09 00:47:05+0800
17.52,,P,17.52,,etfs,,0,0.0,9.0,,,,,0.0,,,LG9,0.0,USD,,20261008_091600,1,,0.003,,,,,,,17.080,XT MSCHINA US$,0.0,0.0,0.0,,,0.0,MAINBOARD,XT MSCHINA US$,0.0,,,0.0,,,,,17.28,0.0,0.0,,2026-10-08 16:47:05,2026-10-09 00:47:05+0800
8.36,,P,8.36,,etfs,,0,0.0,9.0,,,,,0.0,,,KJ7,0.0,USD,,20261008_091600,1,,0.01,,,X@,,,,8.120,XT MSINDO US$,0.0,7.0,0.0,,,0.0,MAINBOARD,XT MSINDO US$,0.0,,,0.0,,,,8.160,8.17,0.0,0.0,,2026-10-08 16:47:05,2026-10-09 00:47:05+0800
0.0,,P,0.0,,etfs,,0,0.0,9.0,,,,,0.0,,,XND,0.0,SGD,,20261008_091600,1,,0.0,,,,,,,,XT NASDAQ 100 SGD,0.0,0.0,0.0,PL,,0.0,MAINBOARD,XT NASDAQ 100 SGD,0.0,,,0.0,,,,,0.0,0.0,0.0,,2026-10-08 16:47:05,2026-10-09 00:47:05+0800
0.0,,P,0.0,,etfs,,0,0.0,9.0,,,,,0.0,,,EUS,0.0,SGD,,20261008_091600,1,,0.0,,,,,,,,XT S&P 500 EW SGD,0.0,0.0,0.0,PL,,0.0,MAINBOARD,XT S&P 500 EW SGD,0.0,,,0.0,,,,,0.0,0.0,0.0,,2026-10-08 16:47:05,2026-10-09 00:47:05+0800
0.0,,P,0.0,,etfs,,0,0.0,9.0,,,,,0.0,,,XUS,0.0,SGD,,20261008_091600,1,,0.0,,,,,,,,XT S&P 500 SGD,0.0,0.0,0.0,PL,,0.0,MAINBOARD,XT S&P 500 SGD,0.0,,,0.0,,,,,0.0,0.0,0.0,,2026-10-08 16:47:05,2026-10-09 00:47:05+0800
162.1,,P,162.1,,etfs,,0,0.0,9.0,,,,,0.0,,,KV4,0.0,SGD,,20261008_091600,1,,0.015,,,,,,,162.150,XT SingGovBond SG$,0.0,0.8,0.0,,,0.0,MAINBOARD,XT SingGovBond SG$,0.0,,,0.0,,,,162.560,162.32,0.0,0.0,,2026-10-08 16:47:05,2026-10-09 00:47:05+0800
38.96,,P,38.96,,etfs,,0,0.0,9.0,,,,,0.0,,,HD9,0.0,USD,,20261008_091600,1,,2.5,,,X@,,,,38.060,XT Vietnam US$,0.0,2.5,0.0,,,0.0,MAINBOARD,XT Vietnam US$,0.0,,,0.0,,,,38.410,38.24,0.0,0.0,,2026-10-08 16:47:05,2026-10-09 00:47:05+0800
0.007,,P,0.007,,stocks,,0,0.0,,,,,,0.0,,,1F1,0.0,SGD,,20261008_091600,100,G,4700.0,,,,,,20261006,0.006,Y Ventures,0.0,3910.0,0.0,,,0.0,CATALIST,Y Ventures,0.0,,,0.0,,,,0.008,0.0,0.0,,,2026-10-08 16:47:05,2026-10-09 00:47:05+0800
0.089,,P,0.089,,stocks,,0,0.0,,,,,,0.0,,,BJV,0.0,SGD,,20261008_091600,100,A,0.5,,,,,,20260921,0.080,Yamada Green Res,0.0,1.0,0.0,,,0.0,MAINBOARD,Yamada Green Res,0.0,,,0.0,,,,0.088,0.0,0.0,,,2026-10-08 16:47:05,2026-10-09 00:47:05+0800
0.076,,P,0.076,,structuredwarrants,,0,0.0,16.0,2026-12-30,,,,4.5,,,V3DW,0.0,SGD,,20261008_091600,100,,0.0,,,@,,,,,YangzijiMBeCW261230,0.0,0.0,0.0,,,0.0,MAINBOARD,YangzijiMBeCW261230,0.0,,15:1,0.0,,,,,0.0,0.0,0.0,,2026-10-08 16:47:05,2026-10-09 00:47:05+0800
0.043,,P,0.043,,structuredwarrants,,0,0.0,16.0,2027-02-22,,,,5.8,,,JVVW,0.0,SGD,,20261008_091600,100,,0.0,,,@,,,,,YangzijiMBeCW270222,0.0,0.0,0.0,,,0.0,MAINBOARD,YangzijiMBeCW270222,0.0,,15:1,0.0,,,,,0.0,0.0,0.0,,2026-10-08 16:47:05,2026-10-09 00:47:05+0800
0.505,,P,0.485,,stocks,,0,0.0,,,,,,0.0,,,Z25,2888.2,SGD,,20261008_091600,100,L,179.4,,,,,,20261007,0.485,Yanlord Land,-0.02,14.3,0.51,,,0.485,MAINBOARD,Yanlord Land,0.51,,,-3.96,,,,0.490,0.0,1444289.0,,,2026-10-08 16:47:05,2026-10-09 00:47:05+0800
0.56,,P,0.545,,stocks,,0,0.0,,,,,,0.0,,,Y03,4.3,SGD,,20261008_091600,100,C,3.6,,,,,,20261007,0.545,Yeo Hiap Seng,-0.015,6.1,0.56,,,0.545,MAINBOARD,Yeo Hiap Seng,0.55,,,-2.679,,,,0.560,0.0,2353.5,,,2026-10-08 16:47:05,2026-10-09 00:47:05+0800
0.38,,P,0.38,,stocks,,0,0.0,,,,,,0.0,,,BPF,0.0,SGD,,20261008_091600,100,C,47.5,,,,,,20261007,0.365,YHI Intl,0.0,57.2,0.0,,,0.0,MAINBOARD,YHI Intl,0.0,,,0.0,,,,0.380,0.0,0.0,,,2026-10-08 16:47:05,2026-10-09 00:47:05+0800
0.016,,P,0.017,,stocks,,0,0.0,,,,,,0.0,,,5DM,50.6,SGD,,20261008_091600,100,L,1175.2,,,,,,20261007,0.015,Ying Li Intl,0.001,1008.6,0.017,,,0.015,MAINBOARD,Ying Li Intl,0.015,,,6.25,,,,0.017,0.0,790.2,,,2026-10-08 16:47:05,2026-10-09 00:47:05+0800
0.139,,P,0.139,,stocks,,0,0.0,,,,,,0.0,,,YK9,0.0,SGD,,20261008_091600,100,K,30.0,,,,,,20260917,0.080,YKGI,0.0,24.4,0.0,,,0.0,CATALIST,YKGI,0.0,,,0.0,,,,0.138,0.0,0.0,,,2026-10-08 16:47:05,2026-10-09 00:47:05+0800
0.078,,P,0.078,,stocks,,0,0.0,,,,,,0.0,,,Z59,1152.2,SGD,,20261008_091600,100,L,229.9,,,,,,20261007,0.077,Yoma Strategic,0.0,98.6,0.079,,,0.077,MAINBOARD,Yoma Strategic,0.078,,,0.0,,,,0.078,0.0,89854.7,,,2026-10-08 16:47:05,2026-10-09 00:47:05+0800
0.69,,P,0.69,,stocks,,0,0.0,,,,,,0.0,,,BKX,0.0,SGD,,20261008_091600,100,C,6.0,,,,,,20260923,0.395,Yongmao,0.0,4.0,0.0,,,0.0,MAINBOARD,Yongmao,0.0,,,0.0,,,,0.645,0.0,0.0,,,2026-10-08 16:47:05,2026-10-09 00:47:05+0800
0.083,,S,0.083,,stocks,,0,0.0,,,,Developed,None,0.0,,SEHK,T43,0.0,SGD,,20261008_091600,100,G,50.0,,,,,,20260626,0.083,Yunnan Energy,0.0,0.0,0.0,,,0.0,MAINBOARD,Yunnan Energy,0.0,,,0.0,,,,,0.0,0.0,,,2026-10-08 16:47:05,2026-10-09 00:47:05+0800
1.335,,P,1.1,0.0,dlcertificates,0.0,0,0.0,25.0,2028-04-13,,,,0.0,,,R18W,24.8,SGD,,20261008_091600,100,,6.0,0.0,,@,,,,1.000,YZJ 5xLongSG280413,-0.155,6.0,1.37,,,1.1,MAINBOARD,YZJ 5xLongSG280413,1.36,,,-12.351,,1.125,,1.250,1.255,29422.0,5.0,,2026-10-08 16:47:05,2026-10-09 00:47:05+0800
0.101,,P,0.117,0.0,dlcertificates,0.0,0,0.0,26.0,2028-04-13,,,,0.0,,,STYW,107.0,SGD,,20261008_091600,100,,200.0,0.0,,@,,,,0.113,YZJ 5xShortSG280413,0.017,0.0,0.117,,,0.105,MAINBOARD,YZJ 5xShortSG280413,0.105,,,17.0,,,,,0.1,11914.0,5.0,,2026-10-08 16:47:05,2026-10-09 00:47:05+0800
0.192,,P,0.189,,stocks,,0,0.0,,,,,,0.0,,,YF8,13802.7,SGD,,20261008_091600,100,K,1907.2,,,,,,20261007,0.189,YZJ Fin Hldg,-0.003,918.6,0.192,,,0.189,MAINBOARD,YZJ Fin Hldg,0.192,,,-1.562,,,,0.190,0.0,2629121.1,,,2026-10-08 16:47:05,2026-10-09 00:47:05+0800
0.585,,P,0.58,,stocks,,0,0.0,,,,,,0.0,,,8YZ,5322.2,SGD,,20261008_091600,100,K,393.1,,,,,,20261007,0.575,YZJ Maritime,-0.005,13.6,0.59,,,0.575,MAINBOARD,YZJ Maritime,0.59,,,-0.855,,,,0.580,0.0,3091742.0,,,2026-10-08 16:47:05,2026-10-09 00:47:05+0800
17.94,,P,17.94,,stocks,,0,0.0,,,,,,0.0,,,SO7,0.0,CNY,,20261008_091600,100,C,9.0,,,,,,20251022,18.900,YZJ Shipbldg CNY,0.0,0.0,0.0,,,0.0,MAINBOARD,YZJ Shipbldg CNY,0.0,,,0.0,,,,,0.0,0.0,,,2026-10-08 16:47:05,2026-10-09 00:47:05+0800
5.07,,P,4.94,,stocks,,0,0.0,,,,,,0.0,,,BS6,20342.1,SGD,,20261008_091600,100,C,2.0,,,,,,20261007,4.940,YZJ Shipbldg SGD,-0.13,262.6,5.18,,,4.89,MAINBOARD,YZJ Shipbldg SGD,5.16,,,-2.564,,,,4.950,0.0,101801400.0,,,2026-10-08 16:47:05,2026-10-09 00:47:05+0800
3.06,,P,1.97,0.0,dlcertificates,0.0,0,0.0,25.0,2028-03-13,,,,0.0,,,UWCW,6.3,SGD,,20261008_091600,100,,0.1,0.0,,@,,,,1.880,Z AI 3xLongSG280313,-0.702,0.0,2.5,,,1.97,MAINBOARD,Z AI 3xLongSG280313,2.5,,,-26.272,,,,,2.672,14429.0,3.0,,2026-10-08 16:47:05,2026-10-09 00:47:05+0800
0.685,,P,0.685,,stocks,,0,0.0,,,,,,0.0,,,BWM,54.6,SGD,,20261008_091600,100,E,1454.8,,,,,,20261007,0.680,Zheneng Jinjiang,0.0,169.5,0.685,,,0.68,MAINBOARD,Zheneng Jinjiang,0.685,,,0.0,,,,0.685,0.0,37171.0,,,2026-10-08 16:47:05,2026-10-09 00:47:05+0800
0.42,,P,0.42,,stocks,,0,0.0,,,,,,0.0,,,5SR,0.0,SGD,,20261008_091600,100,L,10.0,,,,,,20260909,0.270,Zhongmin Baihui,0.0,1.0,0.0,,,0.0,MAINBOARD,Zhongmin Baihui,0.0,,,0.0,,,,0.415,0.0,0.0,,,2026-10-08 16:47:05,2026-10-09 00:47:05+0800
0.02,,P,0.02,,stocks,,0,0.0,,,,,,0.0,,,5EG,0.0,SGD,,20261008_091600,100,C,260.0,,,,,,20261007,0.015,Zhongxin Fruit,0.0,60.5,0.0,,,0.0,CATALIST,Zhongxin Fruit,0.0,,,0.0,,,,0.020,0.0,0.0,,,2026-10-08 16:47:05,2026-10-09 00:47:05+0800
0.049,,P,0.049,,stocks,,0,0.0,,,,,,0.0,,,40W,0.0,SGD,,20261008_091600,100,K,30.0,,,,,,20260924,0.040,ZICO Hldgs,0.0,210.0,0.0,,,0.0,CATALIST,ZICO Hldgs,0.0,,,0.0,,,,0.050,0.0,0.0,,,2026-10-08 16:47:05,2026-10-09 00:47:05+0800
0.121,,P,0.121,0.0,dlcertificates,0.0,0,0.0,25.0,2027-10-21,,,,0.0,,,ZSHW,0.0,SGD,,20261008_091600,100,,0.0,0.0,,@,,,,,Zijin 5xLongSG271021,0.0,0.0,0.0,,,0.0,MAINBOARD,Zijin 5xLongSG271021,0.0,,,0.0,,,,,0.114,0.0,5.0,,2026-10-08 16:47:05,2026-10-09 00:47:05+0800
0.052,,P,0.052,0.0,dlcertificates,0.0,0,0.0,25.0,2027-11-26,,,,0.0,,,XB3W,0.0,SGD,,20261008_091600,100,,0.0,0.0,,@,,,,,Zijin 5xLongUB271126,0.0,0.0,0.0,,,0.0,MAINBOARD,Zijin 5xLongUB271126,0.0,,,0.0,,,,,0.023,0.0,5.0,,2026-10-08 16:47:05,2026-10-09 00:47:05+0800
0.017,,P,0.017,0.0,dlcertificates,0.0,0,0.0,26.0,2027-10-21,,,,0.0,,,54XW,0.0,SGD,,20261008_091600,100,,0.0,0.0,,@,,,,,Zijin 5xShortSG271021,0.0,0.0,0.0,,,0.0,MAINBOARD,Zijin 5xShortSG271021,0.0,,,0.0,,,,,0.018,0.0,5.0,,2026-10-08 16:47:05,2026-10-09 00:47:05+0800
2.0,,P,2.0,0.0,dlcertificates,0.0,0,0.0,26.0,2028-02-23,,,,0.0,,,NVEW,0.0,SGD,,20261008_091600,100,,0.0,0.0,,@,,,,,Zijin 5xShortSG280223,0.0,0.0,0.0,,,0.0,MAINBOARD,Zijin 5xShortSG280223,0.0,,,0.0,,,,,1.752,0.0,5.0,,2026-10-08 16:47:05,2026-10-09 00:47:05+0800
0.225,,P,0.225,0.0,dlcertificates,0.0,0,0.0,26.0,2027-11-26,,,,0.0,,,FNNW,0.0,SGD,,20261008_091600,100,,0.0,0.0,,@,,,,,Zijin 5xShortUB271126,0.0,0.0,0.0,,,0.0,MAINBOARD,Zijin 5xShortUB271126,0.0,,,0.0,,,,,0.09,0.0,5.0,,2026-10-08 16:47:05,2026-10-09 00:47:05+0800
2.27,,P,2.33,,adrs,,0,0.0,13.0,,,,,0.0,,,HZGD,162.3,SGD,,20261008_090443,100,B,2.0,,,,,,,2.220,Zijin Gld HK SDR 10to1,0.06,4.0,2.33,,,2.2,GLOBAL_QUOTE,Zijin Gld HK SDR 10to1,2.26,,,2.643,,,,2.330,0.0,366614.0,0.0,,2026-10-08 16:47:05,2026-10-09 00:47:05+0800
0.024,,P,0.024,,stocks,,0,0.0,,,,,,0.0,,,42W,1614.1,SGD,,20261008_091600,100,C,2146.3,,,,,,20261007,0.024,Zixin,0.0,1890.4,0.024,,,0.024,CATALIST,Zixin,0.024,,,0.0,,,,0.025,0.0,38738.4,,,2026-10-08 16:47:05,2026-10-09 00:47:05+0800
