Ticker,Market Cap,P/E,Fwd P/E,PEG,P/S,P/B,P/C,P/FCF,EPS This Y,EPS Next Y,EPS Past 5Y,EPS Next 5Y,Sales Past 5Y,Price,Change,Volume,datetime
NVDA,4457880000000.0,58.85,31.08,1.86,30.02,53.14,83.03,61.86,45.97%,34.69%,91.83%,31.64%,64.24%,182.7,0.010700000000000001,122424997.0,2025-08-08 17:44:52
MSFT,3880410000000.0,38.27,28.58,2.27,13.77,11.3,41.03,54.19,13.63%,17.83%,18.80%,16.89%,14.52%,522.04,0.0023,15490364.0,2025-08-08 17:44:52
AAPL,3403640000000.0,34.87,28.89,4.11,8.33,51.76,61.47,35.39,8.93%,7.97%,15.41%,8.49%,8.51%,229.35,0.0424,111345109.0,2025-08-08 17:44:52
GOOGL,2440610000000.0,21.45,18.97,1.48,6.57,6.72,25.65,36.58,23.63%,6.84%,26.76%,14.49%,16.73%,201.42,0.024900000000000002,39084595.0,2025-08-08 17:44:52
GOOG,2439290000000.0,21.53,19.03,1.49,6.57,6.74,25.64,36.56,23.62%,6.85%,26.76%,14.49%,16.73%,202.09,0.024399999999999998,24174549.0,2025-08-08 17:44:52
AMZN,2374970000000.0,33.98,29.53,1.86,3.54,7.11,24.51,176.17,19.41%,14.20%,36.89%,18.32%,17.86%,222.69,-0.002,31492924.0,2025-08-08 17:44:52
META,1932450000000.0,27.86,25.86,2.21,10.81,9.92,40.91,38.54,17.35%,6.25%,29.99%,12.59%,18.40%,769.3,0.0098,7298935.0,2025-08-08 17:44:52
AVGO,1434420000000.0,114.64,37.08,4.26,25.14,20.61,151.44,63.2,35.78%,24.39%,13.91%,26.89%,17.94%,304.97,0.004,12421187.0,2025-08-08 17:44:52
TSM,1254100000000.0,27.53,21.33,1.12,11.82,9.05,13.91,40.24,45.50%,13.39%,26.75%,24.60%,21.09%,241.83,-0.0033,10532290.0,2025-08-08 17:44:52
TSLA,1063270000000.0,190.9,133.83,14.8,11.47,13.75,28.47,190.35,-29.06%,43.48%,-,12.90%,31.78%,329.65,0.0229,90850941.0,2025-08-08 17:44:52
BRK-B,1008290000000.0,15.95,21.55,23.12,2.72,1.5,2.93,122.59,-6.49%,4.98%,4.43%,0.69%,7.84%,465.4,0.0085,3324255.0,2025-08-08 17:44:52
BRK-A,996980000000.0,15.95,21.56,23.11,2.69,1.5,2.9,121.21,-6.49%,4.98%,4.43%,0.69%,7.84%,698040.12,-0.0028000000000000004,325.0,2025-08-08 17:44:52
WMT,827810000000.0,44.5,35.35,4.76,1.21,9.89,88.91,61.26,4.02%,12.40%,6.82%,9.34%,5.38%,103.73,0.0059,12391000.0,2025-08-08 17:44:52
JPM,794020000000.0,14.82,14.03,2.32,2.85,2.36,,19.82,8.19%,4.43%,12.99%,6.38%,14.80%,288.76,0.0063,6632087.0,2025-08-08 17:44:52
ORCL,702350000000.0,57.6,30.52,3.06,12.24,34.32,62.69,,12.51%,20.77%,7.13%,18.82%,8.00%,250.05,0.0026,8294487.0,2025-08-08 17:44:52
V,648840000000.0,33.25,26.22,2.56,16.68,17.2,28.32,29.38,13.71%,12.40%,13.34%,12.98%,9.35%,336.78,0.0141,6071031.0,2025-08-08 17:44:52
LLY,592950000000.0,41.49,20.72,0.98,11.13,32.42,167.22,121.38,72.32%,34.87%,18.77%,42.40%,15.08%,625.65,-0.023700000000000002,14074568.0,2025-08-08 17:44:52
MA,519190000000.00006,38.74,30.27,2.62,17.16,66.26,52.4,31.8,11.97%,16.07%,11.82%,14.80%,10.77%,574.32,0.0233,2906841.0,2025-08-08 17:44:52
NFLX,514860000000.0,51.63,37.53,2.03,12.42,20.63,61.34,60.57,32.41%,22.94%,36.85%,25.48%,14.04%,1211.64,0.0265,3801744.0,2025-08-08 17:44:52
XOM,455310000000.0,15.14,13.85,2.27,1.39,1.73,28.98,15.63,-14.44%,15.73%,18.47%,6.67%,5.83%,106.8,0.008,14411673.0,2025-08-08 17:44:52
PLTR,441410000000.0,621.34,224.02,15.65,128.3,74.79,73.45,258.33,56.60%,29.99%,-,39.69%,31.01%,186.96,0.026099999999999998,62282153.0,2025-08-08 17:44:52
COST,435040000000.0,55.64,48.87,5.41,1.62,16.04,29.3,59.46,9.19%,11.01%,14.93%,10.29%,10.75%,980.98,0.0036,2185862.0,2025-08-08 17:44:52
JNJ,417440000000.0,18.54,15.3,2.81,4.61,5.32,22.11,22.5,8.60%,4.51%,0.55%,6.60%,1.58%,173.33,0.0105,7685405.0,2025-08-08 17:44:52
HD,385880000000.0,26.31,23.78,4.98,2.37,48.51,281.87,25.4,-1.64%,8.79%,7.79%,5.28%,7.67%,387.85,0.0044,2318857.0,2025-08-08 17:44:52
PG,359580000000.0,23.59,20.65,4.68,4.27,7.02,37.63,25.6,2.34%,6.35%,5.58%,5.04%,3.50%,153.51,0.0001,5725150.0,2025-08-08 17:44:52
ABBV,349870000000.0,94.25,13.9,5.88,6.0,,54.1,19.18,18.80%,18.51%,-14.67%,16.04%,11.11%,198.05,-0.0040999999999999995,4100971.0,2025-08-08 17:44:52
BAC,340790000000.0,13.47,10.78,0.89,1.72,1.24,,15.23,14.38%,16.29%,3.14%,15.14%,11.46%,46.01,0.024300000000000002,30592477.0,2025-08-08 17:44:52
SAP,340200000000.0,48.34,34.89,1.7,8.72,7.07,36.49,49.47,49.82%,18.36%,-1.42%,28.48%,3.69%,292.12,-0.0113,1159690.0,2025-08-08 17:44:52
CVX,317370000000.0,20.01,16.2,3.31,1.69,1.83,73.75,19.22,-21.82%,21.79%,44.50%,6.05%,6.66%,155.01,0.0121,6329986.0,2025-08-08 17:44:52
KO,302720000000.0,24.92,22.04,4.33,6.43,10.59,21.17,,3.57%,7.01%,3.54%,5.75%,4.64%,70.34,-0.0013,9224414.0,2025-08-08 17:44:52
GE,291630000000.0,38.39,40.04,1.96,7.01,15.24,24.59,53.1,27.61%,16.99%,94.19%,19.54%,-16.45%,275.01,0.011000000000000001,3285368.0,2025-08-08 17:44:52
CSCO,284290000000.0,29.42,17.88,5.69,5.11,6.19,16.58,22.2,1.58%,5.97%,-0.54%,5.17%,0.72%,71.79,0.027000000000000003,31363296.0,2025-08-08 17:44:52
ASML,284070000000.0,27.68,24.67,1.32,8.13,13.74,33.38,28.29,38.11%,5.71%,24.74%,20.98%,18.24%,722.32,0.0129,1039353.0,2025-08-08 17:44:52
AMD,280360000000.0,99.44,28.89,3.25,9.47,4.7,47.79,69.35,18.00%,53.09%,26.91%,30.58%,30.81%,172.76,0.0021,68203992.0,2025-08-08 17:44:52
TMUS,275710000000.0,23.1,18.92,1.39,3.28,4.52,26.26,16.7,12.07%,19.58%,19.24%,16.65%,12.59%,244.98,0.0084,4260670.0,2025-08-08 17:44:52
BABA,269029999999.99997,16.16,11.62,1.86,1.95,2.0,4.2,25.05,-2.70%,16.84%,-1.31%,8.69%,13.54%,120.36,-0.005,9739858.0,2025-08-08 17:44:52
PM,264899999999.99997,32.29,20.28,2.72,6.81,,63.43,29.47,14.53%,11.54%,-0.38%,11.86%,4.82%,170.18,0.012,3772707.0,2025-08-08 17:44:52
WFC,249390000000.0,13.35,11.61,1.02,2.02,1.52,,40.47,12.68%,10.83%,5.77%,13.15%,3.68%,77.85,0.0104,14117072.0,2025-08-08 17:44:52
TM,246150000000.0,8.7,9.44,,0.76,0.99,4.33,137.94,-31.03%,16.87%,12.00%,-4.40%,2.78%,188.64,0.0394,506818.0,2025-08-08 17:44:52
ABT,233710000000.0,16.79,23.67,1.63,5.42,4.62,32.09,34.5,10.21%,10.23%,29.98%,10.31%,5.63%,134.28,0.0168,4984782.0,2025-08-08 17:44:52
CRM,229930000000.0,37.62,19.02,2.97,5.96,3.8,13.21,18.18,10.95%,11.75%,112.11%,12.66%,17.25%,240.51,-0.0015,8805159.0,2025-08-08 17:44:52
MS,228560000000.0,16.22,14.89,1.68,2.09,2.32,,11.41,11.27%,8.71%,8.89%,9.64%,14.75%,143.18,0.016,3941554.0,2025-08-08 17:44:52
AZN,228040000000.0,27.59,14.27,2.34,4.03,5.1,32.08,19.84,10.92%,13.16%,34.64%,11.79%,17.28%,73.55,-0.0137,4929069.0,2025-08-08 17:44:52
UNH,227590000000.0,10.87,13.33,,0.54,2.4,,9.01,-38.50%,10.65%,1.60%,-7.98%,10.57%,250.89,0.0254,10112867.0,2025-08-08 17:44:52
IBM,225680000000.0,39.3,20.29,5.45,3.52,8.2,14.53,18.44,7.97%,7.07%,-9.46%,7.21%,-4.05%,242.27,-0.0315,6792617.0,2025-08-08 17:44:52
NVS,221710000000.0,16.92,12.64,2.15,4.14,5.39,31.67,11.41,13.78%,4.03%,13.98%,7.88%,1.15%,116.84,0.0079,1585007.0,2025-08-08 17:44:52
HSBC,221650000000.0,12.68,8.95,2.28,1.55,1.3,,,4.20%,4.35%,33.25%,5.56%,9.50%,63.71,0.0121,1363210.0,2025-08-08 17:44:52
LIN,221520000000.0,33.58,26.29,4.08,6.66,5.75,46.29,43.7,5.98%,9.31%,26.58%,8.23%,3.18%,472.42,0.0064,938994.0,2025-08-08 17:44:52
GS,218340000000.0,15.89,13.63,1.17,1.74,2.01,,3.27,14.57%,13.92%,14.03%,13.54%,18.46%,721.27,0.0021,1275258.0,2025-08-08 17:44:52
MCD,217970000000.0,26.16,22.85,3.67,8.36,,116.19,31.6,5.28%,8.35%,7.66%,7.12%,3.94%,305.45,-0.008,2597430.0,2025-08-08 17:44:52
SHEL,209650000000.0,16.57,10.95,9.98,0.74,1.16,6.41,7.2,-19.38%,7.91%,5.38%,1.66%,-4.24%,71.65,0.0039000000000000003,3839680.0,2025-08-08 17:44:52
INTU,208930000000.0,60.95,32.58,3.74,11.49,10.39,33.84,34.24,18.66%,14.36%,12.08%,16.29%,19.14%,749.0,-0.0166,1670038.0,2025-08-08 17:44:52
RTX,207290000000.0,34.02,23.24,3.69,2.48,3.32,43.35,65.12,4.15%,11.68%,-11.13%,9.21%,12.20%,154.86,-0.0058,3659261.0,2025-08-08 17:44:52
AXP,206980000000.0,20.88,17.2,1.77,2.69,6.41,3.57,18.66,9.39%,12.83%,11.90%,11.78%,9.55%,297.43,0.0092,1777481.0,2025-08-08 17:44:52
BX,206190000000.0,45.59,26.0,2.26,15.4,24.88,80.88,76.57,7.90%,29.77%,3.62%,20.20%,15.69%,168.91,0.0076,2278445.0,2025-08-08 17:44:52
DIS,202140000000.0,17.63,17.34,1.3,2.15,1.85,37.66,17.5,17.57%,10.94%,-16.36%,13.56%,5.54%,112.43,-0.004,9472235.0,2025-08-08 17:44:52
MRK,201550000000.0,12.44,8.38,1.11,3.18,4.12,23.26,13.69,16.57%,8.00%,12.04%,11.21%,6.55%,80.69,0.004,6881050.0,2025-08-08 17:44:52
T,200780000000.0,16.01,12.7,4.93,1.62,1.91,18.99,10.23,-9.59%,8.25%,-4.67%,3.25%,-7.56%,28.08,0.0007000000000000001,23586360.0,2025-08-08 17:44:52
PEP,198800000000.0,26.47,17.12,8.07,2.17,10.8,24.93,28.14,-1.68%,5.74%,5.98%,3.28%,6.46%,145.21,0.009000000000000001,5307489.0,2025-08-08 17:44:52
CAT,195130000000.0,21.18,19.45,4.94,3.09,10.46,35.86,25.21,-15.02%,15.09%,15.48%,4.29%,3.80%,416.52,-0.0014000000000000002,2964811.0,2025-08-08 17:44:52
SHOP,194100000000.0,83.09,83.48,3.55,19.38,16.03,33.35,107.67,13.83%,24.95%,-,23.42%,41.27%,149.61,-0.0097,9562064.0,2025-08-08 17:44:52
HDB,191110000000.0,23.06,19.34,1.7,3.34,3.02,,,8.25%,16.65%,9.33%,13.60%,21.93%,74.72,-0.013300000000000001,1712477.0,2025-08-08 17:44:52
RY,187000000000.0,14.72,12.73,1.45,1.93,2.12,,,12.46%,7.77%,4.62%,10.16%,14.34%,132.6,0.0012,1825724.0,2025-08-08 17:44:52
UBER,186770000000.0,15.2,25.22,151.96,3.95,8.27,21.82,21.87,-35.67%,21.03%,-,0.10%,27.60%,89.56,-0.0336,26168463.0,2025-08-08 17:44:52
VZ,181930000000.0,10.02,8.88,3.05,1.33,1.77,48.13,9.04,2.37%,3.39%,-2.29%,3.29%,0.44%,43.15,0.004699999999999999,13029427.0,2025-08-08 17:44:52
NOW,181480000000.0,109.82,43.55,5.43,15.05,16.56,29.55,47.15,21.35%,18.61%,16.56%,20.23%,25.99%,872.51,-0.0018,1897146.0,2025-08-08 17:44:52
GEV,176700000000.0,155.32,52.47,,4.82,19.91,22.39,65.25,1269.21%,62.85%,-,-,-,649.09,0.005,1885799.0,2025-08-08 17:44:52
SCHW,176390000000.0,26.14,17.84,1.07,6.61,4.37,2.27,8.3,42.72%,17.33%,2.26%,24.44%,17.15%,97.08,0.011399999999999999,5030197.0,2025-08-08 17:44:52
BKNG,175200000000.0,37.6,21.01,2.26,7.0,,9.96,18.96,18.77%,15.77%,9.08%,16.63%,9.52%,5405.91,-0.0048,186015.0,2025-08-08 17:44:52
ANET,174930000000.0,54.73,42.9,2.78,22.0,16.05,19.78,44.0,23.07%,16.13%,27.37%,19.67%,23.77%,139.18,-0.0007000000000000001,9642105.0,2025-08-08 17:44:52
BLK,174210000000.0,27.19,21.51,2.47,7.76,3.54,18.38,43.35,8.88%,10.14%,8.12%,11.00%,7.03%,1124.97,0.0109,426323.0,2025-08-08 17:44:52
TMO,173970000000.0,26.67,18.89,3.71,4.03,3.44,27.21,28.2,2.96%,8.36%,12.52%,7.18%,10.92%,460.72,0.0132,1689877.0,2025-08-08 17:44:52
BA,173250000000.0,,70.21,,2.3,,7.54,,90.36%,266.12%,-74.80%,-,-2.77%,229.12,0.0079,4714691.0,2025-08-08 17:44:52
NVO,171940000000.0,14.07,11.92,0.99,3.78,8.58,57.72,18.12,24.04%,9.24%,21.74%,14.16%,18.15%,51.08,0.047599999999999996,23125499.0,2025-08-08 17:44:52
C,170710000000.0,13.71,9.43,0.53,1.01,0.87,,5.17,27.45%,29.91%,-5.82%,25.75%,10.55%,92.73,0.016399999999999998,10763870.0,2025-08-08 17:44:52
TXN,170210000000.0,34.22,28.09,2.36,10.21,10.38,31.76,113.25,7.68%,19.04%,-0.16%,14.51%,1.69%,187.22,0.006999999999999999,5941163.0,2025-08-08 17:44:52
SPGI,170010000000.0,42.8,28.93,3.87,11.57,5.09,92.05,31.42,9.68%,11.77%,7.51%,11.07%,16.23%,556.87,-0.004,819628.0,2025-08-08 17:44:52
ISRG,168510000000.0,65.6,50.78,4.83,18.43,9.44,31.64,84.5,11.06%,13.56%,10.77%,13.59%,13.27%,470.08,0.0006,1160387.0,2025-08-08 17:44:52
MUFG,166280000000.0,13.57,10.92,1.41,2.07,1.2,,,10.75%,9.82%,22.75%,9.65%,6.09%,14.56,0.0125,2501212.0,2025-08-08 17:44:52
SONY,163580000000.0,21.48,19.89,4.93,1.95,2.84,14.77,8.92,-6.10%,12.71%,7.37%,4.36%,2.32%,27.15,0.043,4945759.0,2025-08-08 17:44:52
QCOM,159220000000.0,14.23,12.2,1.88,3.68,5.88,12.91,13.7,15.60%,2.39%,20.08%,7.56%,9.93%,147.56,0.011399999999999999,5024020.0,2025-08-08 17:44:52
PDD,158680000000.0,12.3,10.03,1.93,2.84,3.49,2.68,,-25.53%,32.75%,-,6.36%,65.84%,114.26,0.0006,4325187.0,2025-08-08 17:44:52
AMGN,155170000000.0,23.58,13.36,5.61,4.46,20.89,19.33,14.63,5.95%,2.62%,-10.10%,4.20%,7.40%,288.23,0.0124,1801041.0,2025-08-08 17:44:52
APP,154240000000.0,67.74,35.63,1.34,29.03,132.36,129.33,54.1,95.68%,44.39%,84.28%,50.56%,36.49%,455.98,0.0426,9468036.0,2025-08-08 17:44:52
BSX,152830000000.0,61.39,30.33,4.02,8.26,6.81,237.68,43.85,18.85%,14.00%,-17.84%,15.27%,9.30%,103.14,0.0017000000000000001,5076115.0,2025-08-08 17:44:52
UL,149710000000.0,25.07,16.58,3.05,2.3,7.17,23.33,22.25,10.81%,6.89%,0.71%,8.23%,2.47%,61.06,-0.0042,2120497.0,2025-08-08 17:44:52
NEE,149110000000.0,25.23,18.19,3.11,5.94,2.94,76.78,39.92,7.13%,8.30%,11.69%,8.11%,6.90%,72.41,-0.0023,5573672.0,2025-08-08 17:44:52
ACN,148990000000.0,19.04,17.33,2.47,2.18,4.88,15.46,14.54,7.74%,7.19%,9.21%,7.70%,8.47%,239.2,-0.0104,3810169.0,2025-08-08 17:44:52
GILD,148540000000.0,25.11,13.91,0.95,5.18,7.76,16.27,15.09,75.00%,6.20%,-38.13%,26.41%,5.17%,119.41,0.0828,10597795.0,2025-08-08 17:44:52
AMAT,148360000000.0,22.5,18.32,2.6,5.28,7.82,21.99,25.31,9.98%,6.08%,24.62%,8.65%,13.22%,184.87,0.009399999999999999,4333868.0,2025-08-08 17:44:52
ARM,146670000000.0,210.9,61.38,10.29,35.59,20.93,50.47,217.29,3.18%,34.16%,18.47%,20.49%,18.57%,138.5,0.0216,3465829.0,2025-08-08 17:44:52
TJX,146560000000.0,30.98,26.42,3.61,2.57,17.24,34.44,38.8,5.38%,10.77%,9.81%,8.57%,6.20%,131.37,-0.0046,4622448.0,2025-08-08 17:44:52
ADBE,144670000000.0,21.81,14.72,1.79,6.4,12.72,25.32,15.33,11.84%,12.47%,15.54%,12.21%,14.10%,341.05,0.008199999999999999,3502711.0,2025-08-08 17:44:52
PGR,144510000000.0,13.88,15.19,2.34,1.75,4.43,,8.77,22.36%,-5.57%,16.48%,5.93%,14.08%,246.51,0.0049,2118468.0,2025-08-08 17:44:52
SYK,144350000000.0,49.96,25.2,4.48,6.06,6.81,58.58,35.87,10.70%,11.03%,7.20%,11.14%,8.71%,377.58,0.0032,972328.0,2025-08-08 17:44:52
DHR,143610000000.0,42.6,23.34,5.18,5.98,2.74,48.57,29.54,3.95%,10.52%,9.03%,8.22%,5.92%,200.56,0.0104,2962773.0,2025-08-08 17:44:52
SPOT,143100000000.0,169.65,53.54,4.2,7.92,18.67,14.61,45.82,0.54%,104.27%,-,40.44%,17.50%,705.89,0.0279,2361160.0,2025-08-08 17:44:52
ETN,141250000000.0,36.5,26.5,3.04,5.43,7.59,241.87,43.13,11.78%,13.43%,12.57%,12.02%,3.07%,362.84,0.0074,2137800.0,2025-08-08 17:44:52
PFE,139750000000.0,13.07,7.89,,2.19,1.58,10.55,11.24,-1.79%,1.97%,-13.25%,-0.03%,9.10%,24.58,0.0144,36344647.0,2025-08-08 17:44:52
SAN,138440000000.0,10.47,8.64,0.69,1.12,1.17,,,25.68%,6.84%,16.52%,15.16%,10.37%,9.31,0.0253,5171532.0,2025-08-08 17:44:52
DE,138220000000.0,24.69,23.36,50.39,3.03,5.69,14.92,31.91,-26.67%,16.29%,20.35%,0.49%,5.62%,510.37,0.0074,883715.0,2025-08-08 17:44:52
HON,137330000000.00002,24.59,18.99,3.21,3.43,8.53,12.86,27.64,6.43%,8.25%,0.69%,7.65%,0.96%,216.31,-0.0012,2673339.0,2025-08-08 17:44:52
LOW,135150000000.0,19.98,18.16,2.98,1.62,,39.49,20.23,2.25%,8.43%,17.37%,6.71%,3.01%,241.15,0.0109,2728784.0,2025-08-08 17:44:52
TTE,135130000000.0,10.96,8.4,7.61,0.72,1.16,5.28,11.83,-11.69%,6.44%,9.63%,1.44%,2.11%,61.33,0.0087,1710731.0,2025-08-08 17:44:52
APH,134280000000.0,43.88,32.26,1.66,7.14,11.67,41.62,47.66,60.04%,12.69%,15.39%,26.36%,13.10%,109.98,0.0132,5051794.0,2025-08-08 17:44:52
BHP,134130000000.0,11.82,13.07,,2.51,2.95,13.61,12.45,-24.76%,-0.27%,-1.75%,-10.86%,4.68%,52.86,0.0144,2175885.0,2025-08-08 17:44:52
COF,133169999999.99998,17.49,10.37,0.8,2.47,1.25,,7.19,23.16%,16.85%,0.96%,21.83%,9.75%,208.23,0.0045000000000000005,2885751.0,2025-08-08 17:44:52
MU,133050000000.00002,21.46,9.67,0.18,3.93,2.62,12.31,70.74,498.94%,57.95%,-33.89%,122.17%,1.42%,118.89,0.06280000000000001,28887806.0,2025-08-08 17:44:52
UNP,131800000000.00002,19.3,17.18,2.38,5.4,8.11,120.03,21.05,6.06%,9.98%,5.75%,8.11%,2.24%,222.24,-0.0019,2344521.0,2025-08-08 17:44:52
LRCX,130150000000.0,24.47,20.19,2.08,7.06,13.09,20.37,24.04,7.21%,13.53%,22.40%,11.79%,12.92%,101.75,0.0262,8756854.0,2025-08-08 17:44:52
TD,128310000000.0,10.71,11.7,1.65,1.4,1.52,,7.26,4.25%,7.90%,-5.91%,6.48%,14.68%,73.25,0.0051,960128.0,2025-08-08 17:44:52
KKR,127070000000.0,68.26,21.29,3.46,7.04,5.08,6.91,16.14,8.80%,31.05%,-1.51%,19.72%,37.21%,142.67,0.0034000000000000002,2163481.0,2025-08-08 17:44:52
UBS,125310000000.0,20.93,13.01,0.58,1.54,1.4,,,43.22%,39.62%,6.24%,36.26%,21.66%,39.54,0.0154,1744665.0,2025-08-08 17:44:52
BTI,125080000000.0,31.92,11.86,7.34,3.78,1.96,18.66,13.2,-0.13%,6.44%,-11.33%,4.35%,0.06%,57.24,0.0097,4371757.0,2025-08-08 17:44:52
ADP,123870000000.0,30.63,25.61,3.27,6.02,20.03,15.79,25.96,9.08%,9.37%,11.86%,9.36%,7.10%,305.81,0.0076,879122.0,2025-08-08 17:44:52
KLAC,120970000000.0,30.1,23.56,3.47,9.96,30.21,26.92,34.46,4.95%,11.18%,31.58%,8.67%,15.94%,914.8,0.003,719320.0,2025-08-08 17:44:52
MELI,119330000000.0,58.12,35.05,1.69,4.95,20.89,10.36,20.59,25.21%,42.28%,-,34.37%,55.35%,2353.7,0.008100000000000001,303218.0,2025-08-08 17:44:52
MDT,119000000000.0,25.68,15.51,4.65,3.55,2.48,13.27,22.95,1.11%,7.86%,0.39%,5.52%,3.01%,92.88,0.018000000000000002,6446708.0,2025-08-08 17:44:52
COP,118550000000.0,12.6,13.73,3.52,2.06,1.79,22.2,17.12,-17.49%,6.39%,4.06%,3.58%,10.99%,93.91,0.0141,8585205.0,2025-08-08 17:44:52
IBN,117320000000.0,19.42,17.43,1.64,3.31,3.05,,,7.38%,14.28%,32.61%,11.87%,10.34%,32.87,0.0009,1804834.0,2025-08-08 17:44:52
CMCSA,116930000000.0,5.23,6.99,1.14,0.94,1.21,12.04,6.01,-0.41%,5.01%,7.90%,4.58%,2.58%,31.67,0.0,16071767.0,2025-08-08 17:44:52
SNY,114700000000.0,11.77,9.53,0.93,2.65,1.4,6.36,10.63,21.14%,9.93%,13.05%,12.60%,1.91%,47.13,-0.0063,2968229.0,2025-08-08 17:44:52
SNPS,114620000000.0,44.61,36.89,3.07,18.45,9.69,8.03,105.6,14.67%,10.92%,33.29%,14.54%,12.76%,619.42,-0.0015,700503.0,2025-08-08 17:44:52
WELL,112230000000.0,138.8,70.77,6.49,12.11,3.11,24.81,70.18,18.28%,27.86%,-7.23%,21.40%,9.32%,168.03,-0.0097,1968136.0,2025-08-08 17:44:52
MSTR,112040000000.0,34.78,,0.63,242.34,2.34,2149.25,,533.03%,-101.38%,-,55.33%,-0.96%,395.13,-0.0171,11160835.0,2025-08-08 17:44:52
PANW,111510000000.0,95.6,45.42,6.85,12.56,15.39,33.67,37.16,15.49%,12.33%,-,13.96%,22.59%,167.06,-0.0062,9820079.0,2025-08-08 17:44:52
ADI,111130000000.0,60.97,25.09,3.41,11.32,3.17,46.77,33.74,17.17%,19.39%,-2.10%,17.88%,9.49%,223.95,0.0037,3077167.0,2025-08-08 17:44:52
DASH,109790000000.0,144.2,66.28,0.85,9.23,12.4,14.17,64.09,736.03%,61.30%,-,168.76%,64.69%,259.19,-0.0435,5340062.0,2025-08-08 17:44:52
NKE,109570000000.0,34.36,30.41,3.59,2.36,8.29,11.97,33.53,-22.94%,46.60%,6.29%,9.56%,4.40%,74.19,-0.0022,6730087.0,2025-08-08 17:44:52
CB,108140000000.0,11.97,10.62,1.66,1.88,1.56,,6.93,-4.07%,18.24%,18.52%,7.19%,10.30%,271.24,0.0072,960911.0,2025-08-08 17:44:52
MO,107830000000.0,12.41,11.48,3.03,5.32,,83.2,12.35,5.82%,3.22%,-,4.09%,0.65%,64.19,0.0101,5429825.0,2025-08-08 17:44:52
STRC,107670000000.0,,,,,,,,-,-,-,-,-,97.5,-0.0009,821611.0,2025-08-08 17:44:52
BUD,107280000000.0,17.67,14.78,1.75,1.83,1.5,14.55,9.21,6.17%,11.89%,-8.79%,10.11%,2.66%,61.99,0.0104,2112287.0,2025-08-08 17:44:52
BBVA,106950000000.0,9.43,8.8,1.57,1.22,1.6,,1.46,5.65%,5.20%,28.33%,5.99%,15.36%,18.59,0.0259,2061259.0,2025-08-08 17:44:52
ICE,106700000000.0,35.78,24.18,2.95,9.14,3.75,44.85,23.93,14.82%,10.63%,6.92%,12.12%,12.43%,186.4,-0.0086,2783622.0,2025-08-08 17:44:52
BN,106700000000.0,150.14,15.1,17.1,1.38,2.34,7.79,,-7.62%,17.16%,-29.74%,8.78%,4.77%,64.71,-0.0029,2025568.0,2025-08-08 17:44:52
CRWD,105800000000.0,,90.58,,25.58,30.64,22.93,103.15,-10.51%,33.24%,34.76%,16.44%,52.37%,424.49,-0.0012,3619523.0,2025-08-08 17:44:52
CEG,105230000000.0,35.05,29.37,2.57,4.15,7.8,51.04,,8.53%,21.52%,28.15%,13.64%,4.50%,335.77,-0.0019,1959058.0,2025-08-08 17:44:52
SBUX,104710000000.0,39.84,34.23,47.43,2.86,,23.24,46.46,-33.35%,22.00%,2.53%,0.84%,6.41%,92.12,0.0121,8030013.0,2025-08-08 17:44:52
SO,104160000000.0,24.45,20.65,3.67,3.67,3.06,82.34,,5.51%,7.29%,-2.34%,6.67%,4.75%,94.69,-0.0069,4148246.0,2025-08-08 17:44:52
ENB,102460000000.0,23.11,20.23,2.87,2.22,2.39,108.72,24.8,10.46%,6.38%,-2.98%,8.05%,0.87%,46.99,-0.0019,2386637.0,2025-08-08 17:44:52
SMFG,102000000000.0,12.96,12.07,1.19,1.62,1.02,,,15.71%,9.96%,4.74%,10.89%,9.52%,15.87,0.018000000000000002,1357263.0,2025-08-08 17:44:52
HOOD,101870000000.0,58.22,63.82,5.14,28.4,12.61,23.97,116.29,-1.13%,16.46%,-,11.32%,60.71%,114.63,0.030600000000000002,41621897.0,2025-08-08 17:44:52
CME,101700000000.0,27.31,24.35,4.37,15.78,3.66,48.31,24.76,8.51%,4.09%,10.36%,6.25%,4.67%,282.21,0.0045000000000000005,1487856.0,2025-08-08 17:44:52
PLD,100450000000.0,28.79,36.48,,11.73,1.86,94.23,23.64,-35.36%,11.76%,10.82%,-6.13%,19.75%,105.68,-0.005699999999999999,1841538.0,2025-08-08 17:44:52
MMC,100130000000.0,24.45,19.7,2.83,3.88,6.35,59.71,21.51,8.93%,7.83%,19.15%,8.65%,7.93%,203.67,0.0018,2219215.0,2025-08-08 17:44:52
LMT,99370000000.0,23.96,14.48,1.95,1.38,18.51,76.85,29.85,0.79%,30.73%,0.32%,12.31%,3.50%,425.63,-0.011899999999999999,1441162.0,2025-08-08 17:44:52
BAM,98790000000.0,41.38,32.63,2.75,40.14,11.64,205.8,,11.32%,16.31%,-,15.03%,-,61.26,0.005600000000000001,2030943.0,2025-08-08 17:44:52
DUK,97450000000.0,20.49,18.66,3.04,3.12,1.95,232.58,,7.31%,6.07%,2.25%,6.75%,3.89%,125.32,-0.0048,2623019.0,2025-08-08 17:44:52
AMT,96700000000.0,74.97,29.14,4.66,9.43,26.04,43.76,25.85,11.62%,31.72%,2.60%,16.10%,5.96%,206.51,-0.0167,1727512.0,2025-08-08 17:44:52
CDNS,95930000000.0,95.26,44.45,6.28,18.85,19.16,33.99,60.52,15.68%,14.68%,1.80%,15.18%,14.72%,352.06,-0.0064,1372788.0,2025-08-08 17:44:52
TT,95700000000.0,34.13,29.26,2.47,4.61,12.23,123.61,34.11,16.54%,12.43%,14.00%,13.79%,8.69%,430.09,0.0046,755548.0,2025-08-08 17:44:52
WM,94700000000.0,34.88,27.57,3.46,3.95,10.29,195.26,43.78,4.97%,12.37%,11.75%,10.08%,7.38%,235.09,0.008,1088373.0,2025-08-08 17:44:52
VRTX,93980000000.0,26.2,17.68,,8.25,5.47,14.7,26.85,4191.64%,15.03%,-,-,21.61%,366.54,-0.0242,3678688.0,2025-08-08 17:44:52
BMY,93530000000.0,18.54,7.63,0.26,1.96,5.36,6.87,6.42,465.20%,-7.33%,-,72.04%,13.06%,45.95,0.013000000000000001,9985205.0,2025-08-08 17:44:52
DELL,93420000000.0,21.94,12.8,1.81,0.97,,11.9,25.59,14.31%,15.53%,1.11%,12.09%,0.76%,137.61,0.0275,5455855.0,2025-08-08 17:44:52
PH,92990000000.0,26.83,22.86,3.32,4.68,6.94,199.12,27.83,6.61%,9.24%,23.89%,8.07%,7.71%,727.74,0.0033,819374.0,2025-08-08 17:44:52
MCO,92440000000.0,43.79,33.03,3.62,12.65,23.4,40.37,38.99,11.33%,12.39%,8.70%,12.11%,7.98%,515.29,0.0024,375079.0,2025-08-08 17:44:52
CTAS,91180000000.0,51.41,42.28,5.01,8.82,19.46,345.42,51.9,10.13%,10.43%,16.77%,10.27%,7.85%,226.27,0.0128,1434876.0,2025-08-08 17:44:52
HCA,89290000000.0,16.03,13.51,1.26,1.23,,85.86,12.25,19.54%,7.58%,16.93%,12.71%,6.58%,381.61,0.0222,1015892.0,2025-08-08 17:44:52
RBLX,89230000000.0,,,,22.18,252.58,33.96,94.74,-15.74%,17.67%,-61.92%,13.40%,47.93%,128.71,-0.0070999999999999995,5701818.0,2025-08-08 17:44:52
BP,88640000000.0,154.62,11.92,69.34,0.47,1.5,2.51,10.29,-19.19%,8.60%,-34.56%,2.23%,-7.43%,34.14,-0.0015,6303451.0,2025-08-08 17:44:52
ORLY,88330000000.0,36.94,31.19,3.5,5.16,,444.74,49.85,8.79%,12.35%,17.85%,10.56%,10.48%,103.33,-0.0014000000000000002,3659536.0,2025-08-08 17:44:52
SHW,87810000000.0,34.97,27.52,4.02,3.8,19.95,325.45,40.75,0.44%,12.43%,13.93%,8.70%,5.23%,352.16,0.0064,1286212.0,2025-08-08 17:44:52
RELX,87800000000.0,35.88,25.32,3.22,7.12,30.24,303.66,24.26,14.59%,10.01%,6.04%,11.13%,3.71%,48.0,-0.0268,1270382.0,2025-08-08 17:44:52
INTC,87320000000.0,,29.11,,1.65,0.89,4.12,,204.52%,404.29%,-,-,-5.90%,19.95,0.0091,75049267.0,2025-08-08 17:44:52
GD,84500000000.0,21.09,18.53,2.0,1.68,3.58,55.48,20.46,11.36%,11.66%,2.61%,10.53%,3.93%,314.13,0.0045000000000000005,1157279.0,2025-08-08 17:44:52
NOC,83210000000.0,21.37,20.18,3.4,2.05,5.38,43.82,63.61,-2.74%,13.50%,16.47%,6.29%,3.93%,581.11,-0.010700000000000001,749316.0,2025-08-08 17:44:52
MCK,83160000000.0,26.68,15.93,1.67,0.22,,31.0,13.85,13.31%,12.08%,39.07%,15.99%,9.22%,668.58,0.008,1298594.0,2025-08-08 17:44:52
CVS,83130000000.0,18.29,9.21,1.28,0.22,1.07,5.85,17.39,15.45%,13.70%,-6.37%,14.33%,7.75%,65.54,0.0308,6411345.0,2025-08-08 17:44:52
RCL,81880000000.0,22.72,16.49,1.07,4.76,8.93,111.4,22.83,32.44%,16.99%,4.10%,21.25%,8.52%,301.44,-0.0269,1892743.0,2025-08-08 17:44:52
NTES,81780000000.0,18.47,14.47,1.81,5.5,4.18,4.13,14.39,17.39%,4.83%,7.50%,10.20%,11.28%,128.62,-0.0176,817033.0,2025-08-08 17:44:52
MMM,81650000000.0,21.32,18.0,2.62,3.32,19.03,19.38,,8.17%,7.84%,-0.67%,8.15%,-5.22%,153.3,0.0103,2333875.0,2025-08-08 17:44:52
BMO,81480000000.0,14.61,11.85,0.96,1.41,1.44,,3.88,20.75%,14.35%,1.38%,15.26%,14.90%,112.84,0.002,478291.0,2025-08-08 17:44:52
APO,81140000000.0,26.79,15.32,1.9,3.14,4.53,5.35,16.54,3.95%,20.02%,14.07%,14.09%,56.17%,141.97,0.0060999999999999995,3008675.0,2025-08-08 17:44:52
TRI,81070000000.0,49.67,41.16,5.27,11.08,6.43,122.09,43.32,2.35%,13.30%,9.44%,9.43%,4.21%,179.96,-0.0088,1329246.0,2025-08-08 17:44:52
SE,80670000000.0,103.8,28.49,2.14,4.5,9.75,7.88,,79.87%,49.73%,-,48.53%,50.49%,147.61,-0.0084,3844983.0,2025-08-08 17:44:52
SCCO,80490000000.0,22.26,21.38,3.05,6.77,8.06,20.07,23.24,13.10%,-3.45%,18.14%,7.30%,9.43%,100.1,0.026600000000000002,1284034.0,2025-08-08 17:44:52
MDLZ,80000000000.0,22.58,18.63,7.73,2.16,3.05,50.41,27.96,-9.86%,9.59%,4.90%,2.92%,7.09%,61.83,-0.0091,6416545.0,2025-08-08 17:44:52
COIN,79790000000.0,30.04,42.25,,9.41,6.58,8.17,28.41,-20.81%,-2.10%,-,-3.95%,65.18%,310.54,-0.0008,9203173.0,2025-08-08 17:44:52
RACE,79100000000.0,45.81,37.6,3.35,10.45,19.03,40.55,38.79,16.60%,15.26%,17.04%,13.68%,11.37%,443.84,-0.0108,480354.0,2025-08-08 17:44:52
AON,79010000000.0,30.68,19.16,2.8,4.69,10.08,56.96,27.13,8.10%,13.40%,14.42%,10.95%,7.48%,366.4,0.0038,1095232.0,2025-08-08 17:44:52
TDG,78310000000.0,46.14,32.04,3.42,9.13,,28.05,41.09,9.06%,17.02%,13.11%,13.50%,8.73%,1389.77,-0.0276,433013.0,2025-08-08 17:44:52
MFG,78230000000.0,13.25,10.16,1.17,1.4,1.07,,,18.10%,8.69%,7.14%,11.35%,10.46%,6.26,0.0195,1508365.0,2025-08-08 17:44:52
RIO,77570000000.0,9.81,10.35,,1.44,1.72,8.31,13.87,-10.71%,-0.03%,7.70%,-2.87%,4.46%,61.86,0.0179,2226602.0,2025-08-08 17:44:52
ECL,77360000000.0,36.49,32.05,2.71,4.92,8.3,40.27,49.15,13.25%,13.04%,6.70%,13.48%,4.62%,272.87,0.0115,833178.0,2025-08-08 17:44:52
GSK,76260000000.0,17.61,7.81,1.84,1.86,3.77,15.38,9.86,9.25%,11.05%,-11.63%,9.58%,-1.42%,37.8,0.0059,3401581.0,2025-08-08 17:44:52
EQIX,75960000000.0,75.99,51.01,3.34,8.49,5.39,16.74,1808.62,73.07%,3.43%,7.25%,22.72%,9.48%,776.2,-0.004,252791.0,2025-08-08 17:44:52
NEM,75770000000.0,12.38,13.0,0.85,3.7,2.38,11.39,14.15,54.87%,-1.57%,-5.57%,14.61%,13.79%,68.98,-0.0013,9062475.0,2025-08-08 17:44:52
MSI,75680000000.0,36.49,28.2,4.35,6.82,38.38,23.61,31.75,7.74%,7.83%,13.31%,8.39%,6.52%,453.41,0.0187,1617467.0,2025-08-08 17:44:52
ABNB,75190000000.0,29.2,25.24,2.73,6.49,9.53,6.61,17.63,2.69%,13.62%,-,10.70%,18.23%,121.02,0.008199999999999999,5782265.0,2025-08-08 17:44:52
ITW,74910000000.0,22.55,22.95,35.24,4.74,23.34,95.07,27.5,-11.09%,7.56%,8.63%,0.64%,2.42%,256.99,0.0008,541078.0,2025-08-08 17:44:52
CVNA,74800000000.0,87.02,54.94,1.4,4.6,27.42,31.22,121.62,163.99%,24.50%,-,62.10%,28.26%,347.56,-0.0285,2815075.0,2025-08-08 17:44:52
PNC,74720000000.0,12.96,10.85,1.05,2.21,1.44,,8.35,12.96%,12.64%,3.84%,12.34%,9.50%,189.74,0.013999999999999999,1020079.0,2025-08-08 17:44:52
EMR,74710000000.0,28.51,20.28,3.15,4.2,3.76,33.67,27.26,9.35%,9.04%,-1.60%,9.05%,-0.98%,132.74,-0.0007000000000000001,2443657.0,2025-08-08 17:44:52
AJG,74210000000.0,43.63,21.44,3.17,5.97,3.22,5.18,37.64,9.39%,22.29%,13.07%,13.76%,10.60%,289.44,-0.0019,1726231.0,2025-08-08 17:44:52
CRH,73520000000.0,22.85,17.55,2.64,2.02,3.29,25.56,33.85,2.39%,10.98%,18.51%,8.65%,4.80%,109.3,0.0223,7478001.0,2025-08-08 17:44:52
RSG,73440000000.0,34.77,31.09,3.77,4.49,6.09,601.94,31.17,6.16%,10.34%,14.26%,9.21%,9.25%,235.21,-0.0018,682426.0,2025-08-08 17:44:52
CI,73380000000.0,15.01,8.33,1.39,0.28,1.82,,18.61,8.47%,11.35%,-2.04%,10.82%,9.71%,274.9,0.0144,1518076.0,2025-08-08 17:44:52
UPS,73300000000.0,12.89,11.81,5.07,0.81,4.67,11.66,20.71,-14.52%,11.23%,5.76%,2.54%,4.22%,86.67,0.0021,6266608.0,2025-08-08 17:44:52
HWM,72870000000.0,52.82,42.17,2.27,9.44,14.64,133.45,71.58,33.84%,19.05%,22.24%,23.27%,0.92%,180.75,-0.0046,1588221.0,2025-08-08 17:44:52
BK,72700000000.0,15.75,13.17,1.13,1.8,1.88,,30.55,21.90%,10.69%,5.14%,13.96%,13.86%,103.09,0.0086,3083139.0,2025-08-08 17:44:52
FI,72430000000.0,22.27,11.24,1.38,3.43,2.87,72.5,13.95,15.66%,16.42%,25.78%,16.15%,14.96%,133.24,0.0040999999999999995,3926786.0,2025-08-08 17:44:52
NET,71300000000.0,,185.07,,37.9,57.5,17.99,402.75,14.19%,29.09%,8.13%,25.19%,42.21%,204.6,-0.0278,1765955.0,2025-08-08 17:44:52
WMB,70690000000.0,29.21,23.81,2.34,6.24,5.7,78.29,39.17,12.05%,13.00%,21.10%,12.49%,5.57%,57.89,0.0,5384621.0,2025-08-08 17:44:52
MAR,70560000000.0,29.32,23.1,2.78,2.75,,105.15,41.95,7.51%,12.17%,17.02%,10.53%,3.66%,259.92,-0.0026,1330698.0,2025-08-08 17:44:52
NGG,70460000000.0,18.51,12.05,0.93,3.01,1.43,7.88,,42.45%,12.45%,13.19%,19.90%,4.89%,71.01,-0.0148,680239.0,2025-08-08 17:44:52
BCS,70280000000.0,6.42,7.36,0.32,1.91,0.82,,,23.77%,21.34%,20.33%,19.85%,12.98%,19.94,0.0096,13363939.0,2025-08-08 17:44:52
USB,69890000000.0,10.74,9.38,0.9,1.66,1.28,,8.39,15.51%,9.23%,-1.86%,11.92%,10.12%,44.86,0.0175,6066680.0,2025-08-08 17:44:52
DB,69840000000.0,11.04,9.5,0.7,1.03,0.92,,,25.36%,12.28%,-,15.77%,11.57%,36.26,0.018000000000000002,2772980.0,2025-08-08 17:44:52
ING,69770000000.0,,9.15,,2.83,1.26,,,10.83%,17.44%,9.28%,14.83%,13.32%,24.44,0.0209,2141379.0,2025-08-08 17:44:52
BNS,69750000000.0,16.32,10.01,1.48,1.31,1.29,,62.07,7.42%,13.20%,-2.89%,11.06%,10.25%,56.0,0.0043,907644.0,2025-08-08 17:44:52
JCI,69070000000.0,31.35,24.17,2.74,2.95,4.36,93.72,23.88,0.10%,18.55%,36.00%,11.44%,-0.86%,105.55,0.011899999999999999,4115866.0,2025-08-08 17:44:52
CP,68870000000.0,23.31,19.0,1.82,6.44,2.03,117.61,38.66,11.02%,14.94%,1.85%,12.83%,12.58%,75.02,-0.0049,2329077.0,2025-08-08 17:44:52
VST,68590000000.0,32.07,22.98,2.66,3.07,29.26,149.75,174.08,-13.29%,45.34%,30.39%,12.05%,10.99%,202.12,-0.0169,4058522.0,2025-08-08 17:44:52
CL,68450000000.0,23.8,21.49,4.27,3.42,97.51,48.48,20.31,2.19%,7.10%,5.01%,5.58%,5.08%,84.69,-0.0002,4067075.0,2025-08-08 17:44:52
EPD,68190000000.0,11.75,10.73,2.55,1.25,2.36,63.79,17.78,1.27%,7.55%,5.15%,4.61%,11.35%,31.44,0.008,5433528.0,2025-08-08 17:44:52
AEM,68120000000.00001,23.06,17.9,1.4,7.05,3.02,43.41,22.22,70.57%,4.97%,13.68%,16.42%,27.13%,135.61,-0.0013,2239300.0,2025-08-08 17:44:52
CM,67870000000.00001,12.75,11.61,1.47,1.49,1.68,,35.65,12.33%,5.68%,4.88%,8.70%,16.97%,72.65,0.0096,1001751.0,2025-08-08 17:44:52
AZO,67500000000.0,27.31,24.15,3.21,3.57,,234.7,33.71,0.76%,13.49%,18.71%,8.52%,9.28%,4035.16,-0.0062,93618.0,2025-08-08 17:44:52
MRVL,66680000000.00001,,21.74,,10.26,5.01,75.27,48.4,77.79%,27.48%,-,40.64%,16.40%,77.34,0.0196,9934954.0,2025-08-08 17:44:52
INFY,66430000000.00001,20.72,18.59,2.77,3.41,5.99,16.25,16.72,5.42%,8.29%,6.77%,7.49%,8.53%,15.99,-0.0019,13909181.0,2025-08-08 17:44:52
ELV,66200000000.0,12.51,9.13,2.84,0.35,1.51,,12.4,-8.40%,6.38%,6.81%,4.41%,11.15%,293.99,0.0371,2404999.0,2025-08-08 17:44:52
AXON,66140000000.0,208.27,105.94,11.55,27.66,24.21,29.49,374.75,13.23%,18.24%,218.25%,18.03%,31.44%,842.5,-0.0327,664482.0,2025-08-08 17:44:52
CSX,66050000000.0,21.77,18.29,4.19,4.67,5.34,168.07,32.93,-8.77%,16.04%,5.12%,5.19%,4.02%,35.43,0.0051,10863156.0,2025-08-08 17:44:52
LYG,65670000000.0,,8.51,,2.05,1.19,,,26.16%,28.72%,12.58%,24.46%,3.36%,4.4,0.0138,6490614.0,2025-08-08 17:44:52
ZTS,65300000000.0,25.35,21.39,2.98,6.96,13.14,45.51,29.43,6.41%,9.36%,11.91%,8.52%,8.14%,147.35,-0.006,1972529.0,2025-08-08 17:44:52
PYPL,64629999999.99999,14.48,11.65,1.19,2.0,3.21,6.46,12.21,12.72%,10.80%,14.03%,12.21%,12.64%,67.65,-0.0084,9653680.0,2025-08-08 17:44:52
APD,64260000000.00001,41.51,22.26,10.03,5.33,4.14,27.65,,-3.46%,8.08%,16.77%,4.14%,6.29%,288.74,0.0006,1372201.0,2025-08-08 17:44:52
SNOW,63970000000.0,,121.96,,16.66,26.56,16.36,84.41,33.40%,41.98%,-25.13%,40.50%,68.78%,191.73,-0.0711,8593885.0,2025-08-08 17:44:52
EOG,63460000000.0,11.31,10.37,3.01,2.78,2.17,12.17,14.03,-14.83%,13.31%,19.03%,3.76%,6.57%,116.28,0.0027,3968988.0,2025-08-08 17:44:52
CNQ,63450000000.0,10.74,13.01,1.21,2.33,2.09,848.79,11.09,2.24%,-6.03%,4.12%,8.87%,8.59%,30.31,-0.0039000000000000003,7039287.0,2025-08-08 17:44:52
CRWV,63230000000.0,,,,,29.6,33.26,,-401.65%,86.19%,-,-,-,129.55,0.07,17044133.0,2025-08-08 17:44:52
MNST,63090000000.0,42.71,30.11,3.44,8.47,9.68,33.14,35.11,17.09%,13.29%,8.01%,12.42%,12.27%,64.69,0.064,12208386.0,2025-08-08 17:44:52
NSC,62830000000.0,18.92,19.86,2.1,5.16,4.25,48.22,31.04,6.23%,12.04%,2.46%,9.03%,1.42%,280.03,-0.0016,1295266.0,2025-08-08 17:44:52
SPG,62200000000.0,23.34,23.83,,10.31,22.34,50.51,17.43,-11.27%,7.42%,2.13%,-0.14%,1.05%,164.93,-0.0085,1109040.0,2025-08-08 17:44:52
ADSK,62190000000.0,62.29,26.25,4.25,9.83,23.77,30.48,38.01,14.03%,14.65%,39.67%,14.65%,13.42%,290.68,-0.0079,1497984.0,2025-08-08 17:44:52
EQNR,62110000000.0,8.11,7.96,811.12,0.58,1.59,2.61,7.9,-10.49%,6.77%,41.31%,0.01%,11.21%,24.5,-0.011699999999999999,5574604.0,2025-08-08 17:44:52
HLT,61690000000.0,40.29,29.04,2.94,5.37,,137.7,27.43,12.59%,12.67%,15.11%,13.71%,3.40%,262.3,0.0053,1957036.0,2025-08-08 17:44:52
ARES,61540000000.0,104.95,29.5,4.31,11.67,9.24,34.13,26.51,27.25%,26.43%,14.31%,24.34%,18.68%,188.43,0.0079,952904.0,2025-08-08 17:44:52
DEO,60820000000.0,25.85,15.21,5.14,2.99,5.91,22.33,22.46,3.52%,5.85%,7.08%,5.03%,6.57%,109.47,0.0043,1049909.0,2025-08-08 17:44:52
AEP,60160000000.0,16.48,17.88,2.6,2.88,2.01,122.63,,4.68%,6.97%,7.56%,6.35%,5.09%,112.5,-0.0108,2706454.0,2025-08-08 17:44:52
FCX,60130000000.0,31.62,15.87,1.36,2.34,3.4,12.74,35.58,22.75%,45.21%,-,23.25%,11.86%,41.87,0.0262,11827462.0,2025-08-08 17:44:52
KMI,59750000000.0,22.06,19.96,2.65,3.75,1.94,303.31,25.69,11.48%,5.10%,4.00%,8.33%,2.75%,26.89,0.0049,15110275.0,2025-08-08 17:44:52
TEL,59680000000.0,41.7,21.32,3.62,3.6,4.83,88.81,20.71,13.45%,10.44%,12.73%,11.53%,3.33%,201.98,0.0103,1435286.0,2025-08-08 17:44:52
REGN,59670000000.0,14.19,13.96,13.26,4.2,2.0,7.97,15.48,-14.42%,3.27%,15.74%,1.07%,16.71%,563.0,0.005699999999999999,1024288.0,2025-08-08 17:44:52
TRV,59630000000.0,11.71,10.43,1.52,1.25,2.02,,6.19,2.55%,14.79%,16.69%,7.71%,8.00%,264.87,-0.0018,920447.0,2025-08-08 17:44:52
ET,59300000000.0,13.34,10.95,1.43,0.74,1.89,233.47,10.3,12.20%,9.86%,-0.73%,9.32%,8.80%,17.28,-0.019299999999999998,15382731.0,2025-08-08 17:44:52
WDAY,59290000000.0,122.62,21.8,7.2,6.84,6.64,7.42,25.54,20.30%,16.00%,-,17.02%,18.37%,222.07,0.0049,2385521.0,2025-08-08 17:44:52
NU,59270000000.0,27.98,15.9,0.77,5.47,6.89,,,39.12%,37.82%,-,36.54%,79.51%,12.3,-0.0089,21269990.0,2025-08-08 17:44:52
AMX,58300000000.0,20.27,11.09,0.34,1.24,2.87,24.13,9.68,207.59%,15.49%,-17.60%,59.10%,-1.95%,19.05,0.0042,1655156.0,2025-08-08 17:44:52
DLR,57950000000.0,44.53,102.43,4.19,10.05,2.61,16.3,,115.51%,-52.19%,-7.28%,10.62%,11.60%,169.91,-0.0077,905163.0,2025-08-08 17:44:52
CNI,57780000000.0,17.8,15.33,1.87,4.7,3.67,123.19,25.11,6.02%,10.17%,3.01%,9.53%,2.05%,92.57,0.0009,933704.0,2025-08-08 17:44:52
ALNY,57530000000.0,,80.78,,23.37,229.42,20.13,,138.44%,548.43%,23.11%,-,59.21%,438.93,0.0088,901269.0,2025-08-08 17:44:52
ROP,57510000000.0,37.55,24.51,4.05,7.7,2.92,237.24,24.64,9.21%,9.05%,-3.13%,9.27%,5.58%,534.38,-0.0043,358734.0,2025-08-08 17:44:52
NWG,57270000000.0,9.17,7.94,0.67,1.48,1.16,,,16.80%,12.16%,13.89%,13.64%,12.63%,14.17,0.0021,3018412.0,2025-08-08 17:44:52
FTNT,56940000000.0,29.68,26.76,3.07,8.98,29.15,12.48,28.01,5.87%,10.79%,42.92%,9.68%,22.46%,74.39,-0.0121,16988350.0,2025-08-08 17:44:52
PWR,56890000000.0,59.89,31.35,3.58,2.18,7.3,111.36,41.89,17.71%,16.64%,17.22%,16.75%,14.34%,386.15,-0.0031,654318.0,2025-08-08 17:44:52
GLW,56340000000.0,69.63,22.87,3.82,3.97,4.79,37.79,47.19,26.17%,16.30%,-11.42%,18.23%,2.69%,65.77,0.015600000000000001,4368964.0,2025-08-08 17:44:52
CARR,56190000000.0,26.35,19.12,1.83,2.5,3.82,31.22,102.73,18.45%,13.91%,-28.10%,14.38%,3.86%,66.03,-0.005,3319969.0,2025-08-08 17:44:52
NDAQ,55570000000.0,37.21,26.1,2.72,6.85,4.71,59.95,26.04,18.21%,11.33%,4.53%,13.70%,11.67%,96.85,0.0040999999999999995,2569967.0,2025-08-08 17:44:52
CMG,55570000000.0,36.63,29.17,2.54,4.8,15.76,35.93,37.91,8.42%,17.00%,35.11%,14.40%,15.16%,41.44,-0.029300000000000003,22460805.0,2025-08-08 17:44:52
TFC,55540000000.0,11.7,9.76,0.88,1.82,0.94,,12.7,14.69%,14.55%,-,13.36%,10.87%,43.07,0.0051,5311708.0,2025-08-08 17:44:52
BDX,55460000000.0,34.8,13.04,5.45,2.59,2.18,67.71,21.75,9.07%,3.56%,8.27%,6.38%,4.47%,193.5,0.031,3805072.0,2025-08-08 17:44:52
AFL,55370000000.0,23.41,14.38,13.37,3.48,2.04,,21.37,-6.09%,6.31%,16.83%,1.75%,-3.23%,103.52,0.0121,1933471.0,2025-08-08 17:44:52
COR,55280000000.0,29.33,16.32,2.47,0.17,27.91,24.3,48.42,15.61%,9.80%,13.29%,11.88%,10.36%,285.13,0.0242,1106201.0,2025-08-08 17:44:52
URI,55270000000.0,22.22,17.95,3.0,3.51,6.13,100.85,91.2,0.76%,10.00%,20.69%,7.41%,10.41%,858.97,0.0051,273014.0,2025-08-08 17:44:52
FAST,55080000000.0,46.38,38.92,4.56,7.08,14.47,231.6,62.88,11.27%,10.81%,7.79%,10.18%,7.19%,47.99,0.010700000000000001,5069166.0,2025-08-08 17:44:52
ALL,54490000000.0,9.72,9.16,1.17,0.82,2.48,,6.38,12.43%,9.63%,3.91%,8.28%,7.49%,206.8,0.0088,1160086.0,2025-08-08 17:44:52
FDX,53800000000.0,13.52,10.62,1.39,0.61,1.93,9.65,18.05,3.05%,14.61%,27.97%,9.71%,4.90%,228.05,0.0151,1324340.0,2025-08-08 17:44:52
VRT,53430000000.0,66.85,29.64,2.57,5.88,17.09,30.46,42.71,32.91%,24.64%,-,26.05%,12.57%,139.93,0.0039000000000000003,3720274.0,2025-08-08 17:44:52
CMI,53330000000.0,18.2,15.86,2.21,1.58,4.52,17.35,32.28,1.84%,11.53%,14.40%,8.24%,7.67%,387.03,0.0063,932746.0,2025-08-08 17:44:52
SRE,53290000000.0,19.79,16.36,3.81,4.03,1.73,296.05,,-3.27%,11.06%,3.92%,5.19%,3.69%,81.71,-0.010700000000000001,3604353.0,2025-08-08 17:44:52
D,52750000000.0,21.36,17.23,1.87,3.47,2.01,127.73,,22.90%,5.40%,8.01%,11.45%,0.12%,61.81,0.0011,3893494.0,2025-08-08 17:44:52
IDXX,52650000000.0,54.77,46.74,3.79,13.04,36.15,319.87,67.12,17.45%,12.33%,16.90%,14.46%,10.12%,658.06,0.0123,566171.0,2025-08-08 17:44:52
NXPI,52230000000.0,24.69,14.79,2.83,4.31,5.46,16.48,26.17,-9.98%,18.84%,62.74%,8.72%,7.28%,207.16,0.0060999999999999995,1659647.0,2025-08-08 17:44:52
O,51870000000.0,56.04,38.74,3.24,9.46,1.34,64.8,14.64,34.09%,12.85%,-6.64%,17.30%,28.93%,57.44,0.0060999999999999995,4533378.0,2025-08-08 17:44:52
MFC,51540000000.0,13.41,9.48,1.67,1.29,1.65,,2.53,6.86%,8.94%,-0.08%,8.04%,-7.58%,30.09,0.0007000000000000001,3368868.0,2025-08-08 17:44:52
MPLX,51370000000.0,11.96,10.43,1.72,4.47,3.72,37.06,10.45,5.89%,8.43%,32.50%,6.96%,4.93%,50.41,-0.0215,1842232.0,2025-08-08 17:44:52
TRP,51310000000.0,16.84,17.66,,4.71,2.8,49.23,14.02,-13.44%,7.16%,0.03%,-1.52%,0.25%,49.37,-0.006999999999999999,1343141.0,2025-08-08 17:44:52
MET,51200000000.0,12.93,7.48,1.12,0.7,1.84,,3.0,8.66%,15.11%,-0.38%,11.50%,0.39%,76.27,0.0332,4350913.0,2025-08-08 17:44:52
LNG,51190000000.0,13.45,16.71,,2.82,7.62,25.38,21.7,-13.08%,11.90%,41.41%,-1.17%,11.15%,230.83,-0.0189,2349736.0,2025-08-08 17:44:52
PCAR,51110000000.0,16.68,15.32,,1.64,2.7,6.04,17.75,-32.29%,18.76%,11.52%,-3.96%,5.60%,97.34,0.0059,1398852.0,2025-08-08 17:44:52
E,50980000000.0,20.3,10.05,2.71,0.55,0.91,2.71,10.55,-2.68%,4.33%,79.17%,7.50%,4.19%,34.64,0.0055000000000000005,174929.0,2025-08-08 17:44:52
GM,50960000000.0,8.49,5.51,4.31,0.27,0.77,1.58,,-11.54%,3.67%,6.84%,1.97%,6.43%,53.53,0.011000000000000001,4124024.0,2025-08-08 17:44:52
PAYX,50860000000.0,30.84,23.84,3.76,9.13,12.33,29.73,30.62,9.82%,8.28%,8.52%,8.20%,6.64%,141.19,0.0048,1367603.0,2025-08-08 17:44:52
CPNG,50740000000.0,140.13,44.46,1.06,1.57,10.81,7.37,66.0,135.45%,232.33%,-,132.46%,36.99%,27.83,0.0007000000000000001,8301359.0,2025-08-08 17:44:52
LHX,50460000000.0,30.11,21.92,11.81,2.36,2.62,104.7,23.32,-19.68%,16.95%,16.47%,2.55%,2.85%,269.72,-0.0149,1639005.0,2025-08-08 17:44:52
FLUT,49580000000.0,138.21,23.89,4.69,3.33,4.84,13.99,36.99,9.02%,48.19%,-36.42%,29.44%,38.77%,280.59,-0.0832,6248946.0,2025-08-08 17:44:52
PSA,49430000000.0,30.74,26.57,15.07,10.41,9.84,44.75,17.54,-7.44%,7.68%,7.84%,2.04%,10.53%,281.74,-0.0076,434986.0,2025-08-08 17:44:52
SLB,49330000000.0,11.26,10.69,17.06,1.39,2.19,13.17,10.27,-15.11%,6.19%,-,0.66%,1.98%,32.87,0.0024,10214965.0,2025-08-08 17:44:52
KR,49080000000.0,20.18,14.08,2.45,0.33,5.51,8.3,27.31,6.76%,10.47%,12.51%,8.24%,3.77%,74.24,0.006500000000000001,5952607.0,2025-08-08 17:44:52
MPC,48900000000.0,23.83,13.98,1.85,0.37,2.94,29.23,13.41,-15.39%,42.98%,20.52%,12.89%,4.63%,160.84,-0.0040999999999999995,1278171.0,2025-08-08 17:44:52
WCN,48380000000.0,75.62,32.28,7.07,5.24,5.81,439.1,42.66,6.78%,13.81%,2.13%,10.69%,10.60%,187.89,-0.001,864388.0,2025-08-08 17:44:52
CTVA,48370000000.0,34.56,19.61,2.05,2.82,1.86,22.59,18.65,22.44%,14.90%,-,16.90%,4.08%,70.91,-0.002,5568025.0,2025-08-08 17:44:52
SU,48150000000.0,12.07,13.73,12.84,1.35,1.46,28.95,8.02,-20.83%,-4.50%,19.72%,0.94%,5.07%,39.22,0.0049,3738487.0,2025-08-08 17:44:52
PSX,48140000000.0,28.67,11.29,1.21,0.36,1.75,45.76,32.35,-18.65%,110.95%,-5.91%,23.67%,5.90%,119.13,-0.0014000000000000002,1694152.0,2025-08-08 17:44:52
TGT,47890000000.0,11.59,13.17,,0.45,3.2,16.59,13.55,-17.19%,9.07%,6.84%,-1.42%,6.41%,105.4,-0.0026,3491041.0,2025-08-08 17:44:52
AMP,47600000000.0,15.71,12.28,1.96,2.61,7.84,5.68,5.89,6.17%,8.19%,18.88%,8.02%,6.62%,504.96,0.0131,331279.0,2025-08-08 17:44:52
ROST,47500000000.0,22.97,21.43,4.45,2.23,8.53,12.5,29.56,-1.97%,9.36%,6.55%,5.16%,5.67%,145.22,0.0005,2294881.0,2025-08-08 17:44:52
OKE,46890000000.0,14.52,11.81,1.45,1.68,2.15,483.42,16.15,6.04%,15.02%,10.96%,9.99%,16.43%,74.46,-0.013500000000000002,3158682.0,2025-08-08 17:44:52
KDP,46760000000.0,30.54,15.8,4.61,2.97,1.87,82.76,29.21,6.62%,6.39%,3.57%,6.63%,6.66%,34.42,0.015300000000000001,6659160.0,2025-08-08 17:44:52
DHI,46660000000.0,12.54,12.84,,1.35,1.95,17.51,16.75,-17.93%,3.56%,27.31%,-1.37%,15.91%,156.5,0.017,3546988.0,2025-08-08 17:44:52
CBRE,46240000000.0,43.54,21.58,2.42,1.21,5.6,29.34,39.32,19.78%,17.85%,-3.55%,18.01%,8.40%,155.4,0.0067,990291.0,2025-08-08 17:44:52
VEEV,46100000000.0,59.78,33.86,4.2,16.15,7.4,7.6,38.88,16.11%,8.74%,17.84%,14.24%,19.99%,282.13,0.0085,846394.0,2025-08-08 17:44:52
EW,46000000000.0,53.49,28.08,5.95,8.09,4.37,11.32,78.24,2.87%,11.64%,-2.36%,8.99%,4.58%,78.35,0.0054,2877353.0,2025-08-08 17:44:52
EXC,45770000000.0,17.2,16.06,2.76,1.93,1.66,38.08,,7.70%,4.83%,-4.04%,6.24%,-7.32%,45.32,-0.0048,3744260.0,2025-08-08 17:44:52
WPM,45710000000.0,58.0,40.62,2.57,27.5,5.92,45.44,59.95,68.85%,4.11%,43.30%,22.56%,8.32%,100.69,0.009000000000000001,3100387.0,2025-08-08 17:44:52
CCI,45510000000.0,,35.86,,8.39,,178.46,20.24,107.08%,358.59%,-,-,2.65%,104.5,-0.0161,1964346.0,2025-08-08 17:44:52
GWW,45450000000.0,23.97,21.54,3.15,2.6,12.39,76.13,32.1,1.76%,11.28%,20.30%,7.62%,8.37%,950.13,0.008100000000000001,208661.0,2025-08-08 17:44:52
DDOG,45210000000.0,378.24,61.17,28.33,14.99,15.48,11.56,48.85,-0.23%,17.86%,-,13.35%,49.22%,130.91,-0.0401,10855291.0,2025-08-08 17:44:52
KMB,45180000000.0,18.77,17.57,6.13,2.39,35.56,71.25,21.49,3.02%,3.05%,3.89%,3.06%,1.69%,136.16,-0.0045000000000000005,1653951.0,2025-08-08 17:44:52
XYZ,45140000000.0,17.85,20.56,1.99,1.89,2.11,5.56,37.7,-22.81%,37.21%,41.45%,8.97%,38.62%,73.39,-0.045,22751338.0,2025-08-08 17:44:52
TAK,45110000000.0,48.83,22.01,1.04,1.51,0.95,18.62,8.34,123.95%,24.94%,11.40%,47.05%,-0.14%,14.44,0.005600000000000001,3045364.0,2025-08-08 17:44:52
PBR,45100000000.0,9.22,5.02,0.12,0.51,1.13,5.87,2.31,443.82%,-9.70%,-2.65%,77.63%,3.51%,12.12,-0.07339999999999999,61471451.0,2025-08-08 17:44:52
F,45050000000.0,14.44,8.13,,0.24,1.0,1.2,4.45,-36.28%,18.73%,162.64%,-4.87%,3.48%,11.32,0.0034999999999999996,48228835.0,2025-08-08 17:44:52
AIG,45030000000.0,14.48,9.97,0.67,1.62,1.05,,14.25,28.27%,23.41%,6.25%,21.52%,-11.27%,78.13,0.02,4170609.0,2025-08-08 17:44:52
GRMN,44730000000.0,28.67,26.65,3.62,6.62,5.51,17.29,39.7,9.74%,7.52%,7.92%,7.93%,10.88%,232.38,0.0149,631034.0,2025-08-08 17:44:52
CPRT,44660000000.0,30.53,27.2,3.04,9.73,5.08,10.19,37.81,10.40%,9.85%,17.85%,10.03%,15.72%,46.19,0.0016,4455947.0,2025-08-08 17:44:52
HMC,44340000000.0,11.43,8.52,2.05,0.31,0.54,1.6,,-19.83%,29.97%,8.03%,5.57%,0.71%,32.56,0.035,1242299.0,2025-08-08 17:44:52
TEAM,44240000000.0,,31.99,,8.48,32.31,15.06,30.27,15.58%,23.51%,7.30%,22.43%,26.43%,168.06,-0.0172,7901917.0,2025-08-08 17:44:52
FERG,44080000000.0,27.91,21.27,4.23,1.46,7.98,79.28,31.37,-3.16%,11.99%,12.82%,6.59%,6.13%,223.55,-0.0054,855249.0,2025-08-08 17:44:52
PEG,43760000000.0,22.14,19.97,2.63,3.91,2.62,225.56,,9.08%,9.36%,1.20%,8.41%,1.57%,87.68,0.0024,2389512.0,2025-08-08 17:44:52
CCEP,43660000000.0,26.13,18.2,3.69,1.92,4.6,18.06,20.17,4.26%,8.29%,4.96%,7.08%,10.45%,94.76,0.0165,1508155.0,2025-08-08 17:44:52
OXY,43630000000.0,26.04,15.21,13.29,1.6,1.59,18.63,9.14,-33.33%,26.36%,-,1.96%,7.12%,44.32,0.0167,13381513.0,2025-08-08 17:44:52
VALE,43630000000.0,8.5,5.86,1.08,1.19,1.11,7.66,21.45,12.03%,8.02%,-,7.85%,0.28%,10.22,0.023,41934607.0,2025-08-08 17:44:52
IMO,43430000000.0,13.12,15.93,3.97,1.28,2.37,24.83,13.57,-8.86%,-5.74%,24.83%,3.30%,7.99%,85.31,0.0044,348159.0,2025-08-08 17:44:52
XEL,43370000000.0,20.34,17.74,2.38,3.1,2.07,25.38,,9.00%,8.35%,5.44%,8.54%,3.15%,73.33,0.0014000000000000002,3098204.0,2025-08-08 17:44:52
HLN,42840000000.0,22.05,17.83,2.43,3.0,1.96,46.24,16.69,8.34%,9.25%,17.40%,9.08%,5.82%,9.54,0.0085,8382990.0,2025-08-08 17:44:52
BKR,42680000000.0,14.16,16.42,1.67,1.55,2.41,9.75,19.71,2.07%,9.92%,66.90%,8.49%,3.14%,43.29,0.008199999999999999,3947957.0,2025-08-08 17:44:52
EBAY,42560000000.0,20.58,15.63,2.05,4.05,9.0,9.98,26.05,11.61%,9.42%,13.57%,10.06%,3.86%,93.14,0.0013,5325819.0,2025-08-08 17:44:52
JD,42560000000.0,7.68,8.27,1.92,0.26,1.39,1.52,,-37.61%,40.96%,25.28%,4.00%,14.04%,31.49,-0.008199999999999999,4276944.0,2025-08-08 17:44:52
ALC,42410000000.0,38.11,23.66,3.65,4.27,1.93,30.04,25.66,2.26%,16.18%,-,10.43%,5.71%,85.75,0.0034999999999999996,879008.0,2025-08-08 17:44:52
MSCI,42290000000.0,36.22,28.42,2.96,14.16,,121.77,29.24,12.34%,12.65%,16.34%,12.24%,12.89%,546.68,0.0022,489364.0,2025-08-08 17:44:52
AME,42050000000.0,29.36,23.36,3.88,6.02,4.05,67.86,24.98,4.85%,8.86%,9.56%,7.56%,6.12%,182.08,-0.0009,814828.0,2025-08-08 17:44:52
ZS,41990000000.0,,73.76,,16.49,23.26,13.97,60.76,0.04%,14.57%,-10.72%,11.75%,48.24%,269.7,-0.0103,1673340.0,2025-08-08 17:44:52
EA,41940000000.0,42.09,18.4,3.17,5.62,6.92,25.73,23.97,18.75%,10.98%,-16.24%,13.28%,6.37%,167.64,0.03,4589516.0,2025-08-08 17:44:52
RMD,41630000000.0,29.87,23.53,2.67,8.09,7.52,34.42,25.05,14.83%,10.02%,17.38%,11.18%,11.72%,283.9,0.013300000000000001,827364.0,2025-08-08 17:44:52
VLO,41410000000.0,55.27,12.9,3.84,0.33,1.72,9.07,12.39,-9.69%,34.90%,7.96%,14.38%,3.68%,133.29,0.0053,2165405.0,2025-08-08 17:44:52
FANG,41120000000.0,10.1,10.94,,2.92,1.06,186.04,9.9,-19.34%,-2.83%,60.36%,-0.79%,22.79%,142.03,0.0064,1683860.0,2025-08-08 17:44:52
KVUE,40970000000.0,28.99,18.61,10.14,2.71,3.82,37246.25,25.18,-7.11%,8.31%,-6.66%,2.86%,1.54%,21.34,-0.019299999999999998,25925013.0,2025-08-08 17:44:52
ARGX,40500000000.0,33.64,27.29,0.9,13.23,6.64,10.31,75.5,20.03%,58.08%,-,37.28%,94.72%,661.83,-0.015600000000000001,283687.0,2025-08-08 17:44:52
ETR,40390000000.0,22.52,20.73,2.25,3.3,2.49,34.35,,6.38%,12.39%,-4.94%,10.02%,1.98%,90.47,-0.0007000000000000001,1627348.0,2025-08-08 17:44:52
RDDT,40320000000.0,181.85,70.38,,24.17,16.88,19.57,101.6,152.63%,74.66%,-65.02%,-,54.38%,215.44,0.0171,4714087.0,2025-08-08 17:44:52
B,40290000000.0,17.6,9.22,0.73,3.04,1.65,9.82,22.16,58.94%,26.95%,-11.52%,24.20%,5.92%,23.43,0.015600000000000001,18679033.0,2025-08-08 17:44:52
TTWO,40100000000.0,,24.39,,6.91,11.52,19.56,,11.34%,218.26%,-,58.14%,12.77%,217.37,-0.0403,5616762.0,2025-08-08 17:44:52
CSGP,40030000000.0,370.73,70.18,10.61,13.73,4.65,9.92,133.32,-1.09%,69.34%,-16.93%,34.95%,14.35%,94.5,-0.0088,2429424.0,2025-08-08 17:44:52
YUM,39270000000.0,27.9,21.15,2.39,4.97,,49.34,25.6,11.74%,10.93%,4.75%,11.68%,6.17%,141.28,-0.009000000000000001,2262955.0,2025-08-08 17:44:52
CHTR,39110000000.0,6.98,5.98,0.61,0.71,2.16,60.27,9.09,5.26%,16.47%,36.23%,11.50%,3.78%,256.57,-0.0085,1781671.0,2025-08-08 17:44:52
SYY,39100000000.0,21.59,15.99,2.97,0.48,21.04,36.5,21.95,2.85%,9.98%,54.77%,7.27%,9.00%,80.65,0.0034999999999999996,3525470.0,2025-08-08 17:44:52
MPWR,38520000000.0,20.94,39.74,1.07,15.14,11.32,33.61,54.54,23.60%,15.95%,72.75%,19.53%,28.58%,804.29,0.008,399338.0,2025-08-08 17:44:52
TCOM,38410000000.0,17.19,14.61,2.01,5.02,1.91,3.57,,-4.01%,14.90%,-24.77%,8.53%,7.49%,58.8,-0.0541,7011680.0,2025-08-08 17:44:52
DKNG,38130000000.0,,31.97,,7.05,21.07,30.11,75.96,139.76%,221.30%,-6.36%,-,71.28%,42.88,-0.0513,16810240.0,2025-08-08 17:44:52
FIG,38080000000.0,,,,46.38,16.14,24.7,742.21,-345.10%,-,-,-,-,78.11,-0.0017000000000000001,7276100.0,2025-08-08 17:44:52
HEI-A,38010000000.0,57.46,47.66,3.52,9.19,8.62,156.85,49.87,24.88%,12.54%,8.96%,16.31%,13.42%,245.83,-0.0053,93900.0,2025-08-08 17:44:52
VMC,37860000000.0,40.05,29.11,2.72,4.98,4.5,107.85,34.47,11.84%,16.87%,8.15%,14.73%,8.52%,286.52,0.015700000000000002,638398.0,2025-08-08 17:44:52
HEI,37810000000.0,73.25,60.76,4.49,9.15,10.99,156.03,49.61,24.88%,12.54%,8.96%,16.31%,13.42%,313.39,-0.0105,337552.0,2025-08-08 17:44:52
FER,37780000000.0,10.41,,,3.72,5.46,11.28,40.63,-,-,63.82%,-,7.87%,52.5,-0.003,240249.0,2025-08-08 17:44:52
ED,37640000000.0,18.94,17.4,3.43,2.33,1.44,24.98,,4.13%,6.82%,5.15%,5.53%,3.98%,104.48,-0.005,2796376.0,2025-08-08 17:44:52
CAH,37570000000.0,24.58,17.0,2.12,0.17,,11.3,15.4,8.86%,12.97%,-5.30%,11.59%,9.28%,157.41,0.026099999999999998,1634283.0,2025-08-08 17:44:52
ROK,37470000000.0,39.1,28.86,3.7,4.65,10.82,75.69,28.38,2.67%,15.84%,7.28%,10.56%,4.30%,333.23,0.0019,874633.0,2025-08-08 17:44:52
HSY,37360000000.0,24.49,27.77,,3.31,8.27,40.94,22.6,-36.23%,11.07%,14.88%,-6.69%,7.00%,184.27,-0.0172,1655302.0,2025-08-08 17:44:52
FIS,37170000000.0,266.42,11.34,28.25,3.6,2.63,63.98,23.33,10.19%,9.12%,16.50%,9.43%,-0.40%,71.16,0.015600000000000001,4362103.0,2025-08-08 17:44:52
VRSK,37030000000.0,40.88,33.98,4.22,12.4,118.79,58.79,36.29,5.61%,11.22%,19.95%,9.69%,2.02%,265.04,0.002,826252.0,2025-08-08 17:44:52
CCL,36920000000.0,15.38,12.3,0.67,1.42,3.72,17.2,13.16,40.91%,15.30%,-19.76%,22.98%,3.74%,28.37,-0.022099999999999998,18007303.0,2025-08-08 17:44:52
MLM,36830000000.0,33.85,27.93,2.81,5.51,3.93,156.06,38.24,5.09%,16.15%,27.15%,12.03%,6.64%,610.92,0.0177,526226.0,2025-08-08 17:44:52
ITUB,36560000000.0,13.22,8.14,1.25,0.53,1.85,,1.78,16.20%,7.82%,1.98%,10.59%,4.00%,6.86,0.0044,28042752.0,2025-08-08 17:44:52
PRU,36360000000.0,22.86,7.0,2.84,0.61,1.19,,17.46,9.11%,7.12%,-5.79%,8.05%,1.67%,103.3,0.026000000000000002,1996299.0,2025-08-08 17:44:52
LVS,36130000000.0,26.58,17.46,1.91,3.11,18.16,10.47,93.11,21.06%,9.71%,-10.93%,13.92%,-3.84%,52.63,-0.0072,2607219.0,2025-08-08 17:44:52
HIG,36030000000.0,11.62,9.77,1.02,1.31,2.11,,6.3,13.12%,12.54%,12.84%,11.42%,5.05%,128.16,0.0075,942973.0,2025-08-08 17:44:52
TRGP,35810000000.0,23.64,17.75,0.96,2.04,13.75,316.65,83.77,26.41%,27.28%,-,24.72%,13.89%,165.09,-0.0108,2023021.0,2025-08-08 17:44:52
WEC,35520000000.0,21.15,19.76,3.02,3.82,2.69,1023.57,304.61,7.28%,6.66%,6.15%,7.00%,2.71%,110.35,-0.0032,1754263.0,2025-08-08 17:44:52
LYV,35490000000.0,66.51,59.03,9.71,1.5,98.64,5.02,32.83,-39.79%,57.23%,-,6.85%,14.93%,153.13,0.032799999999999996,3917188.0,2025-08-08 17:44:52
CRCL,35390000000.0,500.09,88.24,6.41,18.73,12.25,41.7,117.85,-61.90%,37.67%,21.80%,78.00%,182.00%,159.03,0.039900000000000005,8861417.0,2025-08-08 17:44:52
RKT,35380000000.0,,24.77,,7.14,4.32,6.92,,-5.98%,213.83%,-,62.03%,-1.68%,16.81,-0.042199999999999994,12851724.0,2025-08-08 17:44:52
ABEV,35240000000.0,13.86,12.28,1.78,2.2,2.08,10.97,8.7,7.83%,8.42%,-2.17%,7.78%,4.71%,2.26,-0.0088,14595265.0,2025-08-08 17:44:52
VICI,35080000000.0,12.59,11.58,2.83,8.94,1.29,150.59,14.31,5.09%,5.61%,15.51%,4.45%,33.88%,32.9,-0.0033,4519869.0,2025-08-08 17:44:52
CHT,35040000000.0,30.3,26.32,2.83,4.82,2.94,18.15,22.47,13.35%,3.22%,1.79%,10.70%,1.30%,45.17,0.0007000000000000001,140593.0,2025-08-08 17:44:52
DAL,35020000000.0,7.78,7.76,0.91,0.57,2.01,10.22,15.02,-7.36%,21.14%,-6.08%,8.58%,5.57%,53.64,0.0002,6633639.0,2025-08-08 17:44:52
XYL,34720000000.0,37.08,26.51,3.13,3.98,3.14,29.68,39.41,12.79%,11.70%,10.55%,11.85%,10.25%,142.65,-0.0058,596988.0,2025-08-08 17:44:52
OTIS,34330000000.0,23.12,19.63,2.67,2.42,,48.83,25.47,5.90%,9.85%,9.56%,8.66%,1.68%,87.47,0.0016,2637830.0,2025-08-08 17:44:52
RYAAY,34180000000.0,15.33,11.89,0.69,2.13,3.93,6.66,15.05,44.69%,14.38%,19.41%,22.23%,9.67%,64.41,-0.006,755788.0,2025-08-08 17:44:52
CTSH,33979999999.999996,14.13,12.65,1.8,1.66,2.23,18.8,14.89,8.28%,6.93%,6.50%,7.83%,3.29%,69.58,0.0067,2770538.0,2025-08-08 17:44:52
CCJ,33490000000.000004,87.5,48.97,1.5,13.09,6.78,63.8,55.99,146.31%,35.06%,15.41%,58.14%,10.27%,76.92,0.0072,3768143.0,2025-08-08 17:44:52
MCHP,33390000000.0,,24.25,,7.88,4.87,58.94,46.02,10.28%,76.56%,-,36.59%,-3.55%,61.87,-0.06570000000000001,20067195.0,2025-08-08 17:44:52
PUK,33200000000.000004,15.57,11.1,1.01,2.0,1.96,,10.03,14.62%,13.56%,22.70%,15.48%,-29.21%,25.91,-0.0019,576834.0,2025-08-08 17:44:52
ACGL,33150000000.0,9.18,9.62,4.15,1.78,1.5,,5.41,-13.37%,14.97%,23.63%,2.21%,19.89%,88.83,-0.0003,1345043.0,2025-08-08 17:44:52
FNV,33060000000.000004,53.54,30.4,2.47,26.99,5.25,29.3,203.9,49.89%,17.29%,9.38%,21.66%,5.70%,171.59,0.0008,785692.0,2025-08-08 17:44:52
WDS,33020000000.000004,9.34,23.0,,2.37,0.93,8.42,49.26,-26.15%,-31.91%,38.64%,-11.80%,23.37%,17.42,0.0006,562284.0,2025-08-08 17:44:52
PCG,32970000000.0,13.87,9.21,1.47,1.35,1.11,46.11,,10.14%,8.75%,-,9.46%,7.35%,15.0,-0.0033,23252852.0,2025-08-08 17:44:52
RJF,32880000000.000004,16.19,14.13,1.73,2.09,2.71,2.4,13.29,2.79%,12.95%,15.21%,9.34%,13.34%,164.92,0.0118,659499.0,2025-08-08 17:44:52
GEHC,32869999999.999996,14.74,14.68,2.13,1.65,3.38,8.74,21.0,0.03%,9.18%,5.31%,6.92%,3.41%,72.0,0.0127,2715140.0,2025-08-08 17:44:52
KHC,32860000000.0,,10.42,,1.3,0.79,12.66,9.4,-14.99%,2.42%,7.39%,-3.06%,0.69%,27.76,0.004,9262277.0,2025-08-08 17:44:52
SYM,32740000000.000004,,153.93,,14.84,29.09,42.05,189.53,102.16%,48.92%,-415.28%,71.29%,-,55.61,0.0258,2836303.0,2025-08-08 17:44:52
WAB,32720000000.0,28.57,19.04,2.06,3.1,3.03,21.83,22.54,18.51%,12.21%,26.88%,13.90%,4.84%,191.42,0.0187,1777649.0,2025-08-08 17:44:52
EL,32630000000.000004,,41.01,,2.21,7.51,12.4,34.42,-42.35%,48.13%,-25.84%,4.36%,0.96%,90.69,-0.0058,2406820.0,2025-08-08 17:44:52
A,32560000000.000004,28.27,18.94,3.49,4.91,5.3,21.91,27.38,5.49%,8.46%,5.63%,8.09%,4.75%,114.62,0.005600000000000001,1129742.0,2025-08-08 17:44:52
TKO,32320000000.0,75.18,31.32,,8.28,3.13,37.64,41.84,13164.24%,96.55%,-42.28%,-,23.90%,163.29,0.0159,1539883.0,2025-08-08 17:44:52
LLYVA,32180000000.0,,,,,,79.25,,-,-,-,-,-,84.47,0.0231,163591.0,2025-08-08 17:44:52
LLYVK,32140000000.0,,,,,,79.17,,-,-,-,-,-,86.51,0.022099999999999998,430983.0,2025-08-08 17:44:52
HUM,32070000000.0,20.47,19.41,2.05,0.26,1.76,,13.15,4.13%,-18.59%,-13.05%,9.98%,12.65%,266.68,0.041100000000000005,1678201.0,2025-08-08 17:44:52
NUE,32070000000.0,25.09,12.65,1.71,1.04,1.6,12.92,,-0.62%,30.68%,15.38%,14.63%,6.35%,138.98,0.0086,1064366.0,2025-08-08 17:44:52
TW,32020000000.000004,52.2,35.37,3.97,16.55,4.74,19.63,31.81,17.82%,11.29%,34.23%,13.16%,17.35%,135.44,-0.0207,975314.0,2025-08-08 17:44:52
EQT,32009999999.999996,27.59,9.62,0.59,4.4,1.43,57.62,15.13,101.62%,64.28%,-,47.05%,6.57%,51.29,0.001,4540135.0,2025-08-08 17:44:52
STX,32000000000.0,22.21,12.18,1.04,3.52,,35.83,39.12,26.72%,20.32%,12.31%,21.32%,-2.84%,150.45,0.0159,1901415.0,2025-08-08 17:44:52
WTW,31980000000.0,229.12,17.08,25.74,3.26,3.96,15.99,25.96,-0.15%,13.55%,-,8.90%,1.91%,327.85,0.008100000000000001,829659.0,2025-08-08 17:44:52
SLF,31970000000.0,14.36,9.8,1.43,1.01,1.99,,3.76,13.93%,8.14%,2.89%,10.06%,-1.20%,56.54,-0.0805,1656469.0,2025-08-08 17:44:52
VTR,31950000000.0,158.54,98.66,2.25,6.03,2.7,47.21,25.8,172.37%,34.30%,-30.13%,70.60%,5.02%,68.57,-0.002,1692660.0,2025-08-08 17:44:52
FICO,31710000000.0,51.66,37.46,2.32,16.44,,167.71,41.8,24.07%,19.73%,26.38%,22.28%,8.16%,1320.88,-0.0096,308448.0,2025-08-08 17:44:52
ONC,31580000000.0,,50.75,,6.92,8.4,11.39,128.73,132.40%,186.83%,17.26%,-,54.85%,288.18,-0.0339,423054.0,2025-08-08 17:44:52
STT,31510000000.0,12.45,10.32,1.07,1.46,1.34,,4.95,12.03%,10.42%,8.85%,11.64%,11.19%,111.08,0.0115,1184363.0,2025-08-08 17:44:52
TSCO,31420000000.0,29.12,25.48,3.57,2.07,14.06,139.14,38.31,3.13%,10.55%,16.98%,8.16%,12.25%,59.26,-0.0127,3276949.0,2025-08-08 17:44:52
FWONA,31160000000.0,,43.83,,8.06,2.88,9.92,44.26,1697.19%,-0.88%,37.83%,-,12.56%,85.67,-0.009300000000000001,86675.0,2025-08-08 17:44:52
BR,31150000000.0,37.49,26.08,3.97,4.52,11.73,55.41,27.63,9.37%,9.07%,12.41%,9.45%,8.11%,265.94,-0.002,535909.0,2025-08-08 17:44:52
LEN,31140000000.0,9.99,12.38,,0.88,1.39,21.4,49.97,-36.71%,12.12%,20.04%,-3.45%,9.77%,120.85,0.011200000000000002,2093606.0,2025-08-08 17:44:52
FWONK,31090000000.0,,48.22,,8.04,3.23,9.9,44.17,1767.48%,-1.91%,37.83%,-,12.56%,96.0,-0.0113,1827555.0,2025-08-08 17:44:52
DXCM,30930000000.0,55.21,30.45,2.26,7.19,12.02,10.56,54.18,25.86%,25.47%,39.06%,24.39%,22.27%,78.86,0.0322,3834468.0,2025-08-08 17:44:52
BRO,30890000000.0,27.01,19.62,2.42,6.11,2.67,3.47,24.44,8.77%,14.25%,19.72%,11.16%,15.07%,93.65,0.0123,3643447.0,2025-08-08 17:44:52
OWL,30600000000.0,355.22,19.12,20.77,11.69,5.47,260.2,29.38,8.46%,23.71%,-,17.10%,74.10%,19.75,0.042800000000000005,8845645.0,2025-08-08 17:44:52
IQV,30580000000.0,26.05,13.96,3.07,1.95,5.29,13.97,15.21,6.65%,8.52%,50.90%,8.50%,6.79%,179.86,0.0051,875191.0,2025-08-08 17:44:52
TEF,30440000000.0,,13.43,,0.72,2.66,3.03,4.88,557.00%,40.82%,-,-,-3.78%,5.4,0.0075,234904.0,2025-08-08 17:44:52
ODFL,30360000000.0,28.21,25.8,5.04,5.38,7.19,1261.88,38.88,-11.29%,15.20%,16.51%,5.60%,7.19%,144.46,-0.006,1440282.0,2025-08-08 17:44:52
EXR,30220000000.0,29.64,28.13,3.52,9.13,2.1,241.64,17.33,16.73%,3.04%,4.50%,8.43%,20.01%,136.36,-0.013999999999999999,839427.0,2025-08-08 17:44:52
IR,30160000000.0,59.25,20.45,8.53,4.1,2.99,23.01,23.23,2.72%,9.82%,22.01%,6.95%,24.16%,75.89,-0.0051,1773624.0,2025-08-08 17:44:52
STZ,30080000000.0,,12.44,,2.99,4.15,406.97,14.55,-8.20%,8.39%,-48.41%,-,4.12%,170.6,-0.0151,1386471.0,2025-08-08 17:44:52
VG,29890000000.0,,11.6,,,6.12,8.15,,91.00%,-2.19%,-,0.70%,-,12.35,-0.0966,9546298.0,2025-08-08 17:44:52
ALAB,29800000000.0,314.36,90.2,6.31,49.21,26.24,27.95,141.65,88.56%,25.48%,-,49.79%,-,179.28,0.049100000000000005,7054897.0,2025-08-08 17:44:52
EFX,29690000000.0,46.89,26.24,2.91,5.08,5.82,157.08,32.37,3.65%,20.95%,-,16.14%,10.12%,239.81,-0.0087,884248.0,2025-08-08 17:44:52
PBR-A,29680000000.0,8.53,4.64,0.11,0.33,1.05,3.86,1.52,441.28%,-9.11%,-2.65%,79.19%,3.51%,11.22,-0.0642,15133032.0,2025-08-08 17:44:52
LPLA,29590000000.0,25.3,15.86,1.23,2.09,5.83,5.0,651.02,15.38%,22.43%,16.23%,20.54%,17.10%,369.84,0.0027,528158.0,2025-08-08 17:44:52
DD,29510000000.0,,14.68,,2.34,1.28,16.02,22.32,7.84%,9.36%,20.20%,9.49%,-10.45%,70.47,-0.0058,3004281.0,2025-08-08 17:44:52
NRG,29510000000.0,64.55,17.64,4.74,1.0,18.13,149.78,21.17,13.73%,11.36%,-20.43%,13.61%,23.73%,152.54,-0.0044,2481079.0,2025-08-08 17:44:52
AWK,29380000000.0,26.17,23.71,4.03,5.95,2.65,153.04,,6.17%,7.12%,9.45%,6.50%,5.35%,145.36,0.006500000000000001,1986675.0,2025-08-08 17:44:52
QSR,29320000000.0,24.52,16.01,2.57,3.22,6.37,28.58,23.41,9.91%,9.77%,5.77%,9.54%,8.45%,64.5,-0.0088,3622852.0,2025-08-08 17:44:52
MTB,29250000000.0,12.12,9.97,0.97,2.22,1.12,,8.31,12.72%,13.78%,1.25%,12.56%,13.25%,187.17,0.0187,810853.0,2025-08-08 17:44:52
KB,29210000000.0,7.86,6.88,0.59,0.67,0.84,,2.47,27.17%,6.75%,5.44%,13.42%,5.44%,82.08,-0.0067,91352.0,2025-08-08 17:44:52
DTE,29120000000.0,20.18,18.1,2.92,2.1,2.48,346.62,,5.74%,7.28%,1.42%,6.92%,-0.43%,140.26,0.0004,1345344.0,2025-08-08 17:44:52
IBKR,29090000000.0,19.22,30.48,1.89,2.98,1.51,0.34,0.88,14.94%,7.03%,27.01%,10.18%,28.89%,65.91,0.0258,3524510.0,2025-08-08 17:44:52
AU,28910000000.0,24.64,9.82,0.8,4.99,3.9,14.35,33.23,147.74%,6.74%,-,30.80%,10.45%,57.42,-0.010700000000000001,2353333.0,2025-08-08 17:44:52
UAL,28910000000.0,8.95,7.07,0.86,0.5,2.16,1.85,7.15,-2.34%,21.93%,-3.98%,10.35%,5.70%,89.29,0.0149,4639172.0,2025-08-08 17:44:52
IX,28700000000.0,11.55,1.89,0.86,1.46,1.0,3.14,,17.71%,9.25%,-1.59%,13.45%,-1.94%,25.26,0.013600000000000001,109843.0,2025-08-08 17:44:52
BBD,28540000000.0,8.79,6.06,,,,,,27.33%,17.82%,-,-,-,2.9,0.0034999999999999996,34004884.0,2025-08-08 17:44:52
ROL,28420000000.0,58.06,47.2,4.52,7.96,19.68,217.04,45.0,14.63%,12.90%,18.39%,12.84%,10.95%,58.64,0.0022,966148.0,2025-08-08 17:44:52
KEYS,28390000000.0,38.74,20.98,3.19,5.56,5.18,9.11,21.09,11.69%,12.29%,1.53%,12.15%,2.96%,164.96,0.023,712812.0,2025-08-08 17:44:52
UI,28380000000.0,51.72,50.45,2.72,12.22,65.08,188.0,38.79,64.40%,-3.63%,5.13%,18.99%,10.67%,469.21,0.0189,104304.0,2025-08-08 17:44:52
GFI,28010000000.0,22.71,8.74,0.78,5.39,5.38,32.56,35.13,118.48%,19.55%,48.06%,29.21%,11.86%,31.29,0.0051,2582451.0,2025-08-08 17:44:52
WIT,27850000000.0,20.08,17.16,4.78,2.66,2.84,4.49,13.43,0.42%,5.24%,4.81%,4.20%,4.13%,2.66,0.0,5660507.0,2025-08-08 17:44:52
K,27840000000.0,20.93,21.06,33.76,2.2,6.76,78.64,42.83,-6.65%,3.89%,6.76%,0.62%,-1.25%,80.07,-0.0001,1788478.0,2025-08-08 17:44:52
ADM,27790000000.0,25.46,12.53,,0.34,1.24,4.67,6.77,-15.88%,15.79%,8.39%,-0.73%,5.74%,57.84,-0.0003,2692611.0,2025-08-08 17:44:52
EME,27670000000.0,25.65,22.55,2.15,1.77,9.07,56.81,22.9,17.16%,8.73%,30.19%,11.91%,9.69%,618.22,0.0011,321268.0,2025-08-08 17:44:52
FITB,27560000000.0,12.96,10.37,1.03,2.04,1.46,,7.4,12.26%,13.91%,-1.20%,12.62%,7.67%,41.64,0.011399999999999999,2952809.0,2025-08-08 17:44:52
VOD,27540000000.0,,10.03,,0.69,0.5,1.38,2.76,10.15%,15.94%,-35.00%,13.17%,-4.26%,11.36,0.0089,4210362.0,2025-08-08 17:44:52
AEE,27420000000.0,22.27,19.08,3.03,3.25,2.23,360.75,,7.22%,7.06%,5.70%,7.35%,5.22%,101.39,-0.0091,1006090.0,2025-08-08 17:44:52
HPE,27310000000.0,21.5,9.78,4.66,0.87,1.14,2.32,255.21,-7.15%,15.13%,19.99%,4.61%,0.79%,20.81,0.020099999999999996,15197183.0,2025-08-08 17:44:52
NTR,27150000000.0,19.94,12.71,3.08,1.05,1.08,19.57,15.08,23.87%,1.92%,-4.35%,6.48%,5.28%,55.69,-0.0004,3801084.0,2025-08-08 17:44:52
STLA,27090000000.0,,4.63,,0.17,0.32,0.7,,-49.99%,56.17%,-0.34%,1.66%,6.98%,9.43,0.022799999999999997,12903762.0,2025-08-08 17:44:52
GIS,27030000000.0,12.18,13.05,,1.39,2.94,74.28,11.79,-13.24%,4.56%,2.88%,-1.14%,2.03%,49.83,-0.0064,3781034.0,2025-08-08 17:44:52
WBD,26990000000.0,36.13,,0.51,0.7,0.75,5.48,6.64,104.93%,-217.70%,-,71.47%,28.69%,10.91,-0.0801,62129748.0,2025-08-08 17:44:52
CVE,26970000000.0,14.6,13.6,1.08,0.73,1.25,14.36,12.73,-11.78%,5.29%,-1.85%,13.48%,21.10%,14.87,0.0109,10158867.0,2025-08-08 17:44:52
PPL,26880000000.0,27.33,18.58,3.57,3.05,1.88,84.53,,7.36%,7.82%,-12.75%,7.66%,1.72%,36.35,-0.0005,3591872.0,2025-08-08 17:44:52
BNTX,26840000000.0,,,,8.59,1.24,1.67,,-78.42%,22.63%,-25.87%,-12.55%,89.57%,111.66,0.0028000000000000004,530253.0,2025-08-08 17:44:52
WRB,26790000000.0,16.08,15.01,2.12,1.88,2.88,,7.89,2.91%,10.46%,22.70%,7.57%,11.53%,70.63,0.0074,1282644.0,2025-08-08 17:44:52
VLTO,26730000000.0,30.16,26.01,3.62,4.98,10.07,17.14,28.34,6.51%,9.80%,3.20%,8.34%,4.54%,107.7,0.0015,522953.0,2025-08-08 17:44:52
IRM,26630000000.0,656.66,38.42,45.1,4.13,,121.6,,13.12%,17.21%,-8.13%,14.56%,7.61%,90.16,-0.0182,1555280.0,2025-08-08 17:44:52
SMCI,26620000000.0,26.91,13.08,1.24,1.21,4.17,5.15,17.37,27.64%,29.66%,60.12%,21.78%,45.76%,44.6,-0.0444,43573688.0,2025-08-08 17:44:52
AVB,26590000000.0,22.98,32.78,,8.75,2.23,90.03,18.8,-25.58%,0.76%,6.16%,-6.67%,5.02%,186.78,-0.0078000000000000005,720399.0,2025-08-08 17:44:52
TTD,26520000000.0,65.38,49.45,,9.9,9.85,15.72,35.08,-50.13%,32.47%,28.15%,-5.20%,29.90%,54.23,-0.3861,104916680.0,2025-08-08 17:44:52
CBOE,26420000000.0,29.61,24.72,3.59,5.83,5.66,18.03,22.42,12.09%,5.87%,16.69%,8.25%,10.40%,252.58,0.0123,886454.0,2025-08-08 17:44:52
CQP,26410000000.0,13.18,12.96,,2.65,12.01,183.38,10.26,1.13%,-2.15%,13.75%,-0.25%,5.41%,54.51,-0.0158,166073.0,2025-08-08 17:44:52
ATO,26370000000.0,22.69,20.99,3.16,5.7,1.97,36.96,,6.84%,7.28%,9.43%,7.19%,7.50%,164.29,0.0096,1396736.0,2025-08-08 17:44:52
AMRZ,26350000000.0,,,,,2.7,34.9,,-,-,-,-,-,47.67,0.0219,4366250.0,2025-08-08 17:44:52
SOFI,26200000000.0,44.8,39.88,1.75,6.29,3.59,9.65,17.92,-20.36%,78.43%,-,25.59%,39.18%,22.1,0.0009,48652352.0,2025-08-08 17:44:52
REG,26190000000.0,33.54,29.69,4.58,17.51,2.02,169.17,68.95,7.83%,6.48%,8.16%,7.33%,6.21%,71.92,-0.0085,746743.0,2025-08-08 17:44:52
WDC,26160000000.0,14.77,10.76,1.02,1.97,5.05,12.37,20.37,32.05%,7.01%,-,14.44%,-10.67%,74.97,0.0070999999999999995,4983059.0,2025-08-08 17:44:52
MTD,25870000000.0,31.81,27.21,3.97,6.69,,418.43,30.51,2.19%,9.88%,12.50%,8.02%,5.18%,1255.97,0.0154,136538.0,2025-08-08 17:44:52
SYF,25830000000.0,8.44,7.56,0.52,1.33,1.64,1.33,2.62,31.12%,6.38%,8.99%,16.16%,5.88%,69.43,0.0143,2890247.0,2025-08-08 17:44:52
TYL,25710000000.0,84.99,47.27,5.89,11.45,7.07,28.81,40.91,18.89%,10.75%,10.60%,14.44%,14.50%,594.35,-0.0097,252617.0,2025-08-08 17:44:52
DG,25600000000.0,22.18,18.21,3.43,0.62,3.32,30.12,13.33,-2.79%,11.01%,-5.08%,6.46%,7.91%,116.32,0.006,2424453.0,2025-08-08 17:44:52
TDY,25600000000.0,30.08,22.83,3.08,4.33,2.47,82.33,26.86,8.78%,11.40%,9.91%,9.77%,12.40%,545.93,-0.0076,207464.0,2025-08-08 17:44:52
FTS,25580000000.0,20.86,19.62,3.7,3.01,1.59,157.96,,8.33%,3.25%,-3.68%,5.64%,4.84%,50.8,-0.0002,566508.0,2025-08-08 17:44:52
MT,25550000000.0,10.26,7.7,0.23,0.42,0.47,4.69,28.54,160.40%,-0.85%,-,44.81%,-2.43%,33.6,0.0383,2992931.0,2025-08-08 17:44:52
PHG,25510000000.0,,15.34,,1.31,2.09,11.93,18.82,9.77%,9.98%,-,11.18%,-2.22%,26.84,0.0086,1104452.0,2025-08-08 17:44:52
VRSN,25400000000.0,32.45,29.2,3.37,15.89,,42.77,26.73,10.22%,5.60%,9.22%,9.63%,4.80%,271.89,-0.0077,613079.0,2025-08-08 17:44:52
CNP,25350000000.0,27.06,20.45,3.17,2.82,2.3,32.42,,8.16%,8.35%,3.47%,8.53%,3.32%,38.83,-0.001,3472947.0,2025-08-08 17:44:52
IP,25100000000.0,,15.0,,1.14,1.35,22.12,,58.97%,76.48%,-12.53%,54.10%,-3.61%,47.55,-0.0102,3279316.0,2025-08-08 17:44:52
VIK,25070000000.0,45.93,18.31,1.76,4.55,,9.07,26.0,31.69%,26.13%,-,26.16%,-,56.58,-0.0067,2618147.0,2025-08-08 17:44:52
FE,24980000000.0,19.1,15.96,5.5,1.78,1.94,40.68,,-3.67%,6.97%,1.59%,3.47%,4.07%,43.26,-0.0040999999999999995,2753380.0,2025-08-08 17:44:52
EXPE,24820000000.0,23.91,11.58,1.26,1.77,29.08,2.81,12.43,18.23%,17.73%,18.87%,18.93%,2.56%,195.26,0.0408,6960082.0,2025-08-08 17:44:52
PTC,24610000000.0,48.43,27.74,2.9,9.95,7.0,123.09,28.96,33.16%,9.48%,-,16.72%,12.86%,205.42,-0.0034999999999999996,756387.0,2025-08-08 17:44:52
TOST,24600000000.0,125.63,38.8,3.43,4.45,13.77,14.45,48.42,66.40%,20.33%,-,36.61%,49.46%,43.08,-0.0555,9030652.0,2025-08-08 17:44:52
WSM,24530000000.0,22.57,21.93,6.68,3.15,11.35,23.42,24.24,-2.60%,6.21%,31.36%,3.38%,5.51%,199.42,-0.0009,1075631.0,2025-08-08 17:44:52
HPQ,24520000000.0,10.06,7.7,5.03,0.46,,8.98,9.22,-7.84%,8.87%,6.29%,2.00%,-1.84%,26.11,0.03,7074176.0,2025-08-08 17:44:52
TU,24520000000.0,35.09,19.91,5.41,1.67,2.2,9.09,26.78,1.43%,8.89%,-14.92%,6.49%,5.98%,16.08,0.0,2477054.0,2025-08-08 17:44:52
BIDU,24450000000.0,8.66,9.34,,1.32,0.81,1.25,,-21.16%,10.87%,61.95%,-1.26%,3.54%,87.36,-0.0013,1969460.0,2025-08-08 17:44:52
FIX,24410000000.0,35.55,26.58,1.51,3.18,12.38,71.97,43.51,58.74%,12.29%,36.52%,23.49%,21.86%,691.76,-0.0038,376004.0,2025-08-08 17:44:52
DLTR,24230000000.0,,18.24,,0.99,6.25,24.06,15.43,7.04%,16.64%,-,12.11%,-5.73%,116.12,-0.0089,2046624.0,2025-08-08 17:44:52
MKL,24170000000.0,11.46,17.98,1.22,1.47,1.4,,11.8,6.14%,10.52%,9.08%,9.41%,11.79%,1910.42,0.0064,45816.0,2025-08-08 17:44:52
PPG,24140000000.0,18.96,12.48,3.13,1.49,3.19,14.85,29.91,0.13%,8.79%,2.71%,6.05%,0.91%,106.95,0.0078000000000000005,1206984.0,2025-08-08 17:44:52
ES,24140000000.0,27.99,12.94,5.26,1.86,1.54,70.23,,4.01%,5.77%,-4.21%,5.32%,6.90%,65.04,-0.013500000000000002,1981002.0,2025-08-08 17:44:52
EQR,24140000000.0,24.18,45.71,,7.97,2.18,771.61,19.58,-37.22%,-19.34%,1.69%,-16.79%,1.85%,63.2,-0.0108,1337568.0,2025-08-08 17:44:52
FCNCA,24100000000.0,10.79,9.77,3.37,1.65,1.12,,21.87,-13.79%,11.48%,35.77%,3.20%,52.66%,1828.13,0.004,286148.0,2025-08-08 17:44:52
JBL,24080000000.0,43.61,20.74,3.16,0.84,18.74,15.54,20.68,10.37%,15.42%,43.90%,13.82%,2.70%,224.34,0.0175,1152771.0,2025-08-08 17:44:52
NTRS,24030000000.0,14.77,13.78,147.68,1.63,2.01,,9.59,-13.29%,7.64%,8.07%,0.10%,18.13%,125.65,0.0074,1152348.0,2025-08-08 17:44:52
PHM,24000000000.0,9.09,10.52,,1.36,1.91,18.94,17.61,-22.67%,1.79%,32.08%,-2.75%,11.94%,121.64,0.008,1491100.0,2025-08-08 17:44:52
STE,23890000000.0,36.82,22.07,4.04,4.29,3.44,85.41,26.36,8.00%,9.21%,5.92%,9.11%,12.49%,242.85,0.027999999999999997,863791.0,2025-08-08 17:44:52
CLS,23890000000.0,45.11,31.3,1.71,2.26,13.58,76.12,62.08,42.73%,19.80%,46.52%,26.45%,10.38%,207.66,0.0321,2982631.0,2025-08-08 17:44:52
SHG,23820000000.0,7.92,6.31,0.67,0.64,0.7,,2.32,21.64%,6.66%,0.62%,11.91%,3.48%,50.15,0.005,116535.0,2025-08-08 17:44:52
DOV,23800000000.0,10.46,16.54,0.97,3.04,3.2,18.81,42.77,14.27%,10.75%,33.35%,10.84%,1.65%,173.52,-0.0026,607598.0,2025-08-08 17:44:52
PINS,23770000000.0,12.76,16.3,0.49,6.32,5.07,9.09,24.96,41.76%,17.83%,-,26.11%,26.12%,35.13,-0.10310000000000001,37448668.0,2025-08-08 17:44:52
SBAC,23730000000.0,27.14,24.4,2.52,8.71,,79.75,139.31,19.03%,9.56%,40.17%,10.75%,5.87%,220.85,-0.0103,569133.0,2025-08-08 17:44:52
HUBS,23700000000.0,,39.35,,8.32,11.48,14.19,37.83,17.23%,20.07%,-,19.96%,31.24%,449.72,-0.0263,1284799.0,2025-08-08 17:44:52
LULU,23670000000.0,12.93,12.22,3.56,2.2,5.3,17.86,18.0,-0.85%,6.75%,24.32%,3.63%,21.62%,189.43,-0.0089,3166194.0,2025-08-08 17:44:52
DRI,23640000000.0,22.76,17.61,2.42,1.96,10.23,92.89,22.84,11.94%,7.29%,-,9.41%,9.12%,202.0,-0.0225,1024998.0,2025-08-08 17:44:52
EXE,23610000000.0,256.51,8.39,2.67,2.67,1.31,27.71,20.41,397.24%,68.49%,38.08%,96.03%,-13.02%,99.14,-0.0087,2532642.0,2025-08-08 17:44:52
HBAN,23590000000.0,11.98,10.09,0.88,1.95,1.24,,10.26,17.19%,11.49%,-0.74%,13.58%,16.24%,16.09,0.0139,18516165.0,2025-08-08 17:44:52
CINF,23480000000.0,13.02,17.8,2.85,2.01,1.64,,9.07,-20.04%,39.17%,3.73%,4.57%,7.43%,150.13,-0.0088,510113.0,2025-08-08 17:44:52
AFRM,23330000000.0,,85.25,,7.76,8.11,9.27,38.33,103.20%,1486.17%,-26.16%,-,54.44%,72.33,-0.084,9313852.0,2025-08-08 17:44:52
KGC,23130000000.0,15.29,11.98,0.56,3.81,3.06,20.13,12.1,111.89%,9.97%,6.28%,27.33%,8.04%,18.98,0.011200000000000002,17363669.0,2025-08-08 17:44:52
TROW,23080000000.0,11.75,11.01,,3.25,2.19,7.55,10.68,-1.85%,4.17%,1.02%,-0.09%,4.78%,105.06,0.0096,1209661.0,2025-08-08 17:44:52
ERIC,23070000000.0,15.01,12.92,,0.98,2.75,5.44,6.32,62029.01%,2.03%,-61.52%,-,-0.48%,7.51,0.0013,6315145.0,2025-08-08 17:44:52
FOXA,22930000000.0,11.0,11.32,,1.41,2.02,4.29,7.66,-13.26%,15.14%,24.80%,-0.67%,5.79%,54.02,0.0028000000000000004,3551193.0,2025-08-08 17:44:52
FOX,22930000000.0,10.02,10.29,,1.41,1.84,4.28,7.66,-13.43%,15.49%,24.80%,-0.67%,5.79%,49.19,0.0026,606124.0,2025-08-08 17:44:52
TPG,22800000000.0,,20.55,,5.87,8.99,20.26,,13.09%,29.54%,-,21.11%,11.97%,61.7,0.025099999999999997,1663276.0,2025-08-08 17:44:52
SW,22700000000.0,66.0,12.21,0.93,0.74,1.24,29.18,260.19,235.15%,30.06%,-18.33%,70.71%,15.82%,43.63,-0.0039000000000000003,2797270.0,2025-08-08 17:44:52
TPR,22660000000.0,28.7,19.92,2.31,3.29,15.17,21.44,25.39,18.47%,7.74%,9.60%,12.41%,2.05%,109.09,0.005600000000000001,3243754.0,2025-08-08 17:44:52
LDOS,22640000000.0,16.69,14.95,2.25,1.33,4.86,22.2,16.91,11.20%,4.00%,14.92%,7.42%,8.47%,176.5,0.006999999999999999,817422.0,2025-08-08 17:44:52
NVR,22550000000.0,16.59,17.54,10.3,2.18,5.67,12.32,18.65,-16.34%,5.70%,18.04%,1.61%,7.25%,7858.68,0.0036,13289.0,2025-08-08 17:44:52
CG,22470000000.0,18.16,12.95,1.37,3.59,3.33,12.92,15.61,11.75%,17.46%,-0.31%,13.25%,9.53%,62.23,0.010700000000000001,2653991.0,2025-08-08 17:44:52
BCE,22450000000.0,82.88,12.52,,1.28,2.12,60.06,8.22,-7.86%,-0.54%,-44.80%,-1.84%,-0.13%,24.35,0.024,4699690.0,2025-08-08 17:44:52
ULTA,22390000000.0,19.46,19.21,5.01,1.96,9.23,49.25,21.6,-7.58%,10.75%,15.84%,3.88%,8.83%,498.21,-0.015700000000000002,495206.0,2025-08-08 17:44:52
STM,22310000000.0,36.7,17.06,3.14,1.88,1.27,3.96,,-62.75%,138.59%,7.47%,11.70%,6.75%,25.17,0.0137,5856331.0,2025-08-08 17:44:52
AMCR,22290000000.0,17.35,11.69,1.81,1.66,3.63,10.9,30.43,3.31%,14.08%,6.70%,9.59%,7.60%,9.67,0.0031,15436561.0,2025-08-08 17:44:52
HUBB,22250000000.0,27.18,21.65,3.52,3.95,6.38,55.67,28.33,7.54%,8.51%,14.51%,7.72%,4.16%,418.65,0.0019,254634.0,2025-08-08 17:44:52
RF,22240000000.0,11.62,9.77,1.21,2.34,1.29,,8.47,9.59%,9.84%,5.13%,9.59%,7.09%,24.92,0.011399999999999999,7576760.0,2025-08-08 17:44:52
CHD,22150000000.0,42.88,24.33,8.58,3.65,5.04,23.99,23.8,1.17%,7.39%,-0.60%,5.00%,6.98%,90.92,-0.018500000000000003,1617158.0,2025-08-08 17:44:52
LH,22090000000.0,29.31,15.12,3.04,1.64,2.6,34.13,17.51,11.85%,7.88%,1.13%,9.63%,2.40%,265.85,0.0227,555186.0,2025-08-08 17:44:52
NOK,22050000000.0,21.37,10.85,15.26,1.05,0.95,3.38,13.61,-25.45%,24.59%,315.10%,1.40%,-4.46%,4.1,-0.0024,15551565.0,2025-08-08 17:44:52
CMS,22000000000.0,21.68,19.07,2.87,2.74,2.69,23.78,,7.37%,7.45%,6.84%,7.55%,1.89%,73.48,-0.0141,2571411.0,2025-08-08 17:44:52
ASX,21680000000.0,21.15,12.64,0.68,1.12,2.19,8.24,,14.93%,49.80%,12.80%,31.08%,6.76%,9.97,0.0060999999999999995,4606181.0,2025-08-08 17:44:52
ZM,21650000000.0,21.49,12.61,8.11,4.61,2.44,2.77,12.72,1.20%,1.25%,106.45%,2.65%,49.60%,71.57,-0.0004,2388450.0,2025-08-08 17:44:52
PODD,21610000000.0,93.46,52.96,3.01,9.16,14.78,19.27,54.67,42.76%,25.36%,98.82%,31.10%,22.92%,307.1,0.011699999999999999,1099677.0,2025-08-08 17:44:52
RPRX,21510000000.0,16.36,7.34,1.41,9.33,2.56,33.34,8.53,8.55%,14.33%,-21.51%,11.59%,4.52%,37.58,0.0154,2814730.0,2025-08-08 17:44:52
RKLB,21420000000.0,,,,42.48,31.11,31.13,,17.65%,71.28%,14.01%,-,87.68%,44.69,0.0109,39093967.0,2025-08-08 17:44:52
CDW,21350000000.0,20.25,15.68,3.51,0.98,8.66,44.39,20.96,2.65%,6.33%,9.84%,5.77%,3.09%,162.92,0.0064,1066641.0,2025-08-08 17:44:52
SMMT,21280000000.0,,,,,61.73,58.86,,-28.39%,-30.83%,-10.52%,-21.52%,-,28.66,0.021,1922805.0,2025-08-08 17:44:52
CPAY,21270000000.0,20.5,12.33,1.45,5.1,5.42,3.84,11.03,10.78%,16.20%,7.05%,14.13%,8.45%,301.7,-0.0092,580200.0,2025-08-08 17:44:52
NTAP,21250000000.0,18.69,12.51,2.21,3.23,20.53,5.52,15.88,6.65%,9.76%,10.05%,8.45%,3.96%,106.21,0.0227,1275281.0,2025-08-08 17:44:52
SSNC,21200000000.0,27.34,13.35,3.0,3.51,3.05,7.33,15.67,9.83%,9.41%,12.54%,9.11%,4.89%,86.8,0.005,1156501.0,2025-08-08 17:44:52
GIB,21170000000.0,17.75,14.81,2.19,1.9,2.83,25.45,13.94,9.71%,7.85%,9.34%,8.10%,3.40%,95.93,0.008199999999999999,274106.0,2025-08-08 17:44:52
RBA,21130000000.0,56.34,26.99,,4.78,3.88,24.69,29.61,9.14%,10.98%,7.93%,-,26.58%,114.11,0.0279,1827769.0,2025-08-08 17:44:52
DVN,21130000000.0,7.45,7.42,1.84,1.26,1.41,12.01,,-16.28%,11.12%,-,4.05%,18.46%,33.28,0.0275,9264523.0,2025-08-08 17:44:52
NMR,20870000000.0,8.6,9.25,,0.67,0.87,0.54,,-5.37%,0.11%,3.67%,-0.42%,11.58%,7.07,0.0173,330275.0,2025-08-08 17:44:52
ESLT,20830000000.0,57.01,33.35,2.2,2.9,6.08,45.76,36.74,43.97%,30.37%,6.66%,25.88%,8.67%,449.44,-0.0446,219914.0,2025-08-08 17:44:52
INSM,20810000000.0,,,,52.27,18.51,11.21,,2.14%,27.08%,-13.12%,42.55%,21.66%,109.55,0.0023,3231668.0,2025-08-08 17:44:52
NTRA,20750000000.0,,,,10.56,16.68,20.42,243.55,-39.38%,52.82%,3.18%,-,41.20%,151.95,0.077,3849432.0,2025-08-08 17:44:52
LI,20710000000.0,23.48,13.99,1.39,1.03,2.51,1.36,,-11.09%,42.49%,-,16.94%,244.86%,24.79,0.005699999999999999,2318238.0,2025-08-08 17:44:52
EIX,20690000000.0,7.9,8.72,0.81,1.18,1.38,121.72,,22.84%,1.80%,-2.53%,9.81%,7.35%,53.77,-0.0213,4797539.0,2025-08-08 17:44:52
CRDO,20670000000.0,432.04,56.72,9.57,47.32,30.24,47.91,712.18,129.34%,32.25%,-,45.13%,52.00%,120.41,0.0053,2908264.0,2025-08-08 17:44:52
PBA,20620000000.0,16.15,15.86,3.99,3.61,1.93,191.5,10.99,3.02%,4.33%,1.60%,4.05%,-0.41%,35.5,-0.0377,1792775.0,2025-08-08 17:44:52
AS,20600000000.0,100.05,38.01,2.61,3.78,3.95,48.81,147.9,59.50%,30.56%,-,38.33%,20.65%,37.2,-0.0167,3652311.0,2025-08-08 17:44:52
LII,20450000000.0,24.89,22.1,2.99,3.78,22.71,371.13,30.07,6.52%,9.53%,16.79%,8.32%,7.01%,582.19,-0.0197,243460.0,2025-08-08 17:44:52
CFG,20390000000.0,14.42,9.55,0.54,1.69,0.88,,17.63,25.92%,29.81%,-4.50%,26.61%,8.89%,47.28,0.0137,3150618.0,2025-08-08 17:44:52
TAP,20350000000.0,9.98,8.89,30.25,1.8,0.75,33.16,21.18,-8.88%,4.94%,36.84%,0.33%,1.91%,50.69,0.024,2523066.0,2025-08-08 17:44:52
CYBR,20150000000.0,,81.92,,16.79,8.67,13.1,97.12,28.46%,25.37%,-,28.91%,18.19%,399.76,-0.0070999999999999995,1913273.0,2025-08-08 17:44:52
BEKE,19960000000.0,33.21,15.01,2.0,1.43,2.15,2.64,,9.55%,25.66%,-,16.62%,14.29%,17.56,-0.0023,5713952.0,2025-08-08 17:44:52
TRMB,19930000000.0,71.53,25.11,7.03,5.58,3.51,74.97,69.43,4.30%,12.24%,24.51%,10.17%,2.44%,83.77,0.0151,2390728.0,2025-08-08 17:44:52
NI,19910000000.0,22.46,20.94,2.96,3.25,2.24,54.45,,7.19%,7.65%,13.16%,7.59%,0.93%,42.28,-0.0021,3851040.0,2025-08-08 17:44:52
TSN,19890000000.0,25.35,14.27,1.44,0.37,1.08,12.85,15.33,22.83%,4.95%,-16.01%,17.61%,4.67%,57.04,0.0124,2497266.0,2025-08-08 17:44:52
GRAB,19890000000.0,184.15,43.96,,6.47,3.13,2.78,24.86,286.10%,98.86%,51.71%,-,-,4.88,-0.0141,21918421.0,2025-08-08 17:44:52
CHKP,19870000000.0,23.89,17.11,2.65,7.52,7.01,13.03,17.16,8.19%,8.11%,6.34%,9.02%,5.16%,183.32,-0.0092,747748.0,2025-08-08 17:44:52
BAP,19820000000.0,12.84,10.13,1.08,2.73,2.02,,8.12,16.45%,8.90%,2.78%,11.88%,4.82%,249.2,0.013000000000000001,220525.0,2025-08-08 17:44:52
TPL,19820000000.0,43.13,,,27.23,16.43,43.04,42.73,12.10%,-,7.60%,-,7.50%,862.1,-0.0062,160170.0,2025-08-08 17:44:52
FSLR,19800000000.0,15.79,7.98,0.46,4.56,2.32,16.47,,26.81%,51.82%,-,34.33%,6.55%,184.65,-0.0051,1628527.0,2025-08-08 17:44:52
DGX,19790000000.0,21.16,17.06,2.68,1.88,2.74,62.03,16.17,9.19%,6.39%,4.04%,7.89%,5.02%,176.96,0.0154,616267.0,2025-08-08 17:44:52
GPN,19650000000.0,14.17,5.93,1.3,2.07,0.87,7.5,6.29,4.87%,12.75%,23.30%,10.92%,15.52%,81.0,-0.0124,2585614.0,2025-08-08 17:44:52
ZBH,19640000000.0,24.17,11.62,4.79,2.51,1.57,35.26,15.85,1.62%,5.05%,-4.13%,5.05%,-0.77%,99.26,0.0084,2459693.0,2025-08-08 17:44:52
BIP,19630000000.0,663.0,20.28,,0.91,3.03,8.38,30.63,2080.24%,70.15%,9.06%,-,26.11%,30.1,-0.005600000000000001,770267.0,2025-08-08 17:44:52
ON,19490000000.0,44.47,16.29,36.15,3.05,2.47,6.89,15.12,-42.36%,27.51%,48.17%,1.23%,5.12%,47.66,0.0015,7577609.0,2025-08-08 17:44:52
AER,19460000000.0,6.87,8.22,1.21,2.55,1.1,6.84,,7.06%,4.29%,5.36%,5.68%,7.59%,110.24,0.009899999999999999,1374053.0,2025-08-08 17:44:52
L,19450000000.0,14.91,,,1.08,1.11,,5.98,-,-,15.85%,-,3.24%,93.77,0.0058,516778.0,2025-08-08 17:44:52
Z,19360000000.0,,36.13,,8.11,4.11,16.65,56.29,18.30%,37.19%,20.21%,31.59%,-4.00%,80.92,-0.0438,2949167.0,2025-08-08 17:44:52
ZG,19350000000.0,,34.47,,8.1,3.94,16.64,56.26,18.31%,37.72%,20.21%,31.70%,-4.00%,77.51,-0.0444,681146.0,2025-08-08 17:44:52
VIV,19330000000.0,19.31,13.62,0.81,1.92,1.57,11.04,10.55,14.83%,32.38%,-3.56%,23.82%,-1.59%,12.11,-0.0025,1659636.0,2025-08-08 17:44:52
KEY,19310000000.0,,10.14,,2.07,1.15,,11.37,24.54%,21.32%,-,20.53%,3.78%,17.61,0.0115,16689925.0,2025-08-08 17:44:52
CASY,19300000000.0,35.44,29.08,3.27,1.21,5.49,59.07,33.34,9.86%,10.96%,15.58%,10.84%,11.68%,518.97,0.0013,209419.0,2025-08-08 17:44:52
IOT,19210000000.0,,66.23,,14.39,17.04,27.52,138.63,56.68%,25.06%,9.16%,35.64%,59.80%,33.74,-0.024300000000000002,4805493.0,2025-08-08 17:44:52
NTNX,19190000000.0,102285.71,37.87,4991.98,7.89,,10.2,25.04,32.65%,8.82%,31.71%,20.49%,11.69%,71.6,-0.013500000000000002,1976135.0,2025-08-08 17:44:52
BIIB,19160000000.0,12.5,8.26,,1.99,1.09,6.94,9.68,-4.13%,0.18%,-18.66%,-0.29%,-6.13%,130.67,0.0229,1327598.0,2025-08-08 17:44:52
PSTG,19150000000.0,157.64,25.68,10.84,5.89,15.39,12.11,33.84,5.35%,25.80%,-,14.54%,14.03%,58.58,0.013300000000000001,1770919.0,2025-08-08 17:44:52
GDDY,19000000000.0,25.6,18.6,2.35,4.08,95.11,26.41,13.88,-7.25%,19.82%,53.61%,10.90%,8.89%,133.35,-0.1125,5237843.0,2025-08-08 17:44:52
TS,18930000000.0,9.69,10.47,,1.6,1.14,6.2,9.61,-4.47%,-0.96%,23.44%,-0.07%,11.38%,35.75,0.0085,1092854.0,2025-08-08 17:44:52
FLEX,18890000000.0,22.11,15.14,2.01,0.72,3.72,8.44,17.11,13.75%,10.30%,65.01%,11.01%,1.29%,50.34,0.0127,3400962.0,2025-08-08 17:44:52
MKC,18870000000.0,24.42,21.23,3.54,2.8,3.37,152.08,34.2,3.02%,9.00%,2.22%,6.89%,4.69%,70.32,0.0011,1466125.0,2025-08-08 17:44:52
TEVA,18770000000.0,,5.95,,1.12,2.75,8.69,15.8,2.55%,7.82%,-9.62%,8.18%,-0.43%,16.37,0.0049,9532769.0,2025-08-08 17:44:52
GEN,18750000000.0,31.78,10.68,2.4,4.44,8.28,22.64,13.9,13.56%,13.08%,2.88%,13.24%,9.58%,30.45,0.0771,10079974.0,2025-08-08 17:44:52
BSBR,18530000000.0,18.08,5.97,1.38,0.61,2.49,,3.1,15.23%,12.31%,-9.81%,13.14%,5.14%,4.96,0.002,408148.0,2025-08-08 17:44:52
USFD,18520000000.0,34.22,17.49,1.82,0.48,3.95,303.64,19.87,22.82%,18.33%,2.96%,18.82%,7.87%,80.06,-0.0014000000000000002,3547408.0,2025-08-08 17:44:52
GFL,18520000000.0,,85.4,,3.56,3.27,180.88,148.95,-48.74%,96.30%,-7.26%,17.92%,17.87%,50.5,-0.008100000000000001,1726042.0,2025-08-08 17:44:52
GPC,18510000000.0,22.93,15.72,5.32,0.78,3.94,40.42,73.6,-5.70%,10.03%,8.51%,4.31%,6.03%,133.09,-0.0066,627253.0,2025-08-08 17:44:52
FFIV,18480000000.0,28.37,19.81,3.25,6.11,5.36,12.95,19.36,15.14%,5.54%,6.18%,8.72%,4.66%,321.77,0.0143,403237.0,2025-08-08 17:44:52
WY,18380000000.0,66.32,38.36,3.21,2.61,1.93,30.9,68.34,-43.87%,123.30%,-,20.67%,1.68%,25.48,-0.0089,2406972.0,2025-08-08 17:44:52
INVH,18360000000.0,66.76,35.61,11.22,6.73,1.9,64.71,20.6,13.69%,-0.02%,30.02%,5.95%,8.58%,29.95,-0.0089,2972222.0,2025-08-08 17:44:52
RCI,18350000000.0,16.69,9.47,8.1,1.23,2.23,3.6,12.67,0.00%,2.52%,-4.65%,2.06%,5.77%,33.97,0.0083,915881.0,2025-08-08 17:44:52
CTRA,18330000000.0,11.51,7.68,0.4,2.82,1.26,84.86,12.39,54.29%,20.61%,-1.62%,28.90%,22.43%,24.02,0.0105,4368271.0,2025-08-08 17:44:52
IHG,18320000000.0,31.14,21.5,2.42,3.74,,18.05,26.47,14.88%,11.82%,13.11%,12.85%,1.25%,119.41,-0.0352,308396.0,2025-08-08 17:44:52
STLD,18260000000.0,17.93,9.83,1.43,1.07,2.08,36.7,,-8.98%,39.71%,26.49%,12.51%,10.88%,123.02,0.0078000000000000005,891400.0,2025-08-08 17:44:52
TLK,18230000000.0,12.83,12.06,3.84,1.99,2.25,8.6,7.23,0.85%,4.85%,2.49%,3.34%,-0.26%,18.4,0.016,979366.0,2025-08-08 17:44:52
FUTU,18150000000.0,26.86,18.94,1.14,9.01,6.5,15.4,,40.70%,14.83%,95.25%,23.53%,66.65%,160.92,0.0277,1727512.0,2025-08-08 17:44:52
KSPI,18040000000.0,8.33,7.11,0.47,2.86,4.82,,6.5,12.10%,18.21%,34.20%,17.78%,32.08%,94.96,0.0348,598661.0,2025-08-08 17:44:52
GWRE,17960000000.0,541.57,75.93,13.54,15.79,13.18,19.48,77.37,81.31%,14.75%,-,40.00%,6.39%,213.27,-0.0191,485878.0,2025-08-08 17:44:52
COHR,17940000000.0,,25.27,,3.21,3.35,19.73,70.03,109.54%,30.53%,-,52.21%,28.14%,115.44,0.014199999999999999,3402034.0,2025-08-08 17:44:52
CRBG,17930000000.0,,5.95,,1.19,1.47,,10.69,1.43%,14.14%,116.91%,10.78%,8.26%,33.3,0.003,7463067.0,2025-08-08 17:44:52
FMX,17880000000.0,31.87,16.21,3.36,0.43,2.25,2.6,13.79,9.57%,12.26%,3.35%,9.49%,10.13%,86.86,-0.0155,1261902.0,2025-08-08 17:44:52
GFS,17850000000.0,,16.12,,2.61,1.57,5.77,19.28,3.68%,23.88%,18.83%,18.41%,3.03%,32.29,0.0003,3216779.0,2025-08-08 17:44:52
HAL,17820000000.0,9.78,9.85,,0.8,1.7,8.74,8.29,-28.69%,-0.52%,-,-5.21%,0.47%,20.9,0.001,11668943.0,2025-08-08 17:44:52
CW,17810000000.0,39.86,33.76,3.21,5.39,6.56,53.69,35.37,18.50%,8.33%,8.10%,12.42%,4.64%,472.43,-0.0021,473213.0,2025-08-08 17:44:52
J,17710000000.0,37.02,21.19,2.59,1.5,4.64,13.67,42.97,15.87%,15.49%,-,14.27%,-1.97%,148.16,0.008,517063.0,2025-08-08 17:44:52
KEP,17690000000.0,4.73,2.79,0.13,0.26,0.62,3.5,12.4,130.84%,11.51%,-,37.53%,6.18%,13.78,-0.0683,1736138.0,2025-08-08 17:44:52
PKG,17670000000.0,19.6,17.36,2.0,2.05,3.82,20.08,28.26,13.71%,10.08%,3.99%,9.79%,3.78%,196.43,0.008100000000000001,440659.0,2025-08-08 17:44:52
EC,17580000000.0,5.18,5.88,,0.56,0.95,5.23,2.41,-19.60%,-0.48%,-1.92%,-8.47%,7.17%,8.55,-0.0034999999999999996,2924521.0,2025-08-08 17:44:52
TRU,17580000000.0,45.41,18.79,3.43,4.03,3.89,25.47,34.46,5.56%,16.34%,-4.38%,13.24%,9.51%,90.23,-0.0042,1688750.0,2025-08-08 17:44:52
RL,17470000000.0,23.02,17.92,1.74,2.4,6.94,7.67,22.87,19.33%,9.35%,18.45%,13.21%,2.82%,288.26,0.0174,1068712.0,2025-08-08 17:44:52
IT,17340000000.0,14.09,17.58,6.43,2.7,11.48,7.89,11.47,-13.47%,6.86%,44.23%,2.19%,8.10%,229.0,-0.003,2105565.0,2025-08-08 17:44:52
WST,17330000000.0,36.1,31.97,4.59,5.85,5.92,34.0,50.37,0.14%,11.50%,15.84%,7.86%,9.43%,240.98,0.0018,445203.0,2025-08-08 17:44:52
BURL,17110000000.0,33.29,24.64,1.9,1.59,12.66,46.12,,13.00%,19.27%,2.44%,17.54%,7.82%,271.26,-0.024700000000000003,988985.0,2025-08-08 17:44:52
TER,17100000000.000002,37.28,23.62,1.82,6.05,6.03,46.47,30.05,-2.78%,45.35%,4.98%,20.52%,4.17%,107.47,0.0095,3183941.0,2025-08-08 17:44:52
MDB,17090000000.0,,55.12,,8.12,5.64,6.97,103.04,-13.57%,19.96%,11.21%,10.90%,36.61%,209.18,-0.08199999999999999,4175277.0,2025-08-08 17:44:52
PFG,17059999999.999998,15.42,8.35,1.16,1.13,1.5,,3.97,18.89%,10.75%,6.12%,13.29%,-0.12%,76.59,0.0131,818523.0,2025-08-08 17:44:52
TLN,17050000000.0,107.07,18.92,11.95,5.22,13.73,126.31,,-70.09%,274.62%,-,8.96%,-,374.68,-0.0024,619657.0,2025-08-08 17:44:52
ESS,16969999999.999998,20.47,41.42,,9.23,2.91,250.02,17.97,-30.55%,-23.30%,11.62%,-16.84%,3.98%,254.59,-0.0095,367407.0,2025-08-08 17:44:52
NWSA,16960000000.0,35.05,24.36,2.48,1.9,1.84,7.06,23.33,14.25%,15.14%,-,14.13%,-1.27%,28.52,-0.0155,3740108.0,2025-08-08 17:44:52
NWS,16930000000.0,40.49,27.76,2.87,1.89,2.12,7.04,23.28,15.78%,15.17%,-,14.13%,-1.27%,32.95,-0.0176,832168.0,2025-08-08 17:44:52
DKS,16920000000.000002,15.1,13.9,3.03,1.24,5.48,16.33,48.56,1.75%,6.28%,33.29%,4.99%,8.97%,211.24,-0.0181,958353.0,2025-08-08 17:44:52
RBRK,16920000000.000002,,,,17.3,,22.2,184.14,37.41%,47.93%,-57.67%,-,22.97%,87.41,-0.026000000000000002,1897465.0,2025-08-08 17:44:52
UMC,16899999999.999998,13.75,11.89,4.77,2.28,1.46,3.99,15.89,-17.95%,18.90%,34.72%,2.88%,8.57%,6.73,0.009000000000000001,6531701.0,2025-08-08 17:44:52
LNT,16860000000.0,20.28,19.15,3.1,4.07,2.36,51.25,,5.62%,6.73%,2.84%,6.54%,1.76%,65.64,-0.0073,1923941.0,2025-08-08 17:44:52
MAA,16860000000.0,28.94,36.98,,7.66,2.78,247.51,22.28,-9.98%,-8.76%,7.89%,-1.59%,5.95%,140.48,-0.011699999999999999,481246.0,2025-08-08 17:44:52
PNR,16840000000.0,28.06,19.31,2.88,4.11,4.58,117.76,20.12,11.59%,10.07%,12.39%,9.74%,6.66%,102.72,0.006500000000000001,1122665.0,2025-08-08 17:44:52
DUOL,16829999999.999998,153.9,78.95,3.01,19.02,17.36,15.33,51.28,71.58%,45.43%,-,51.05%,60.26%,370.34,-0.0525,3835252.0,2025-08-08 17:44:52
SNA,16790000000.0,17.15,15.95,4.19,3.31,2.94,11.51,16.42,-4.03%,7.76%,9.48%,4.09%,4.66%,321.8,0.0026,156656.0,2025-08-08 17:44:52
WAT,16739999999.999998,25.35,19.73,2.56,5.5,7.75,45.58,27.02,9.45%,9.82%,4.28%,9.89%,4.22%,281.2,0.0115,789179.0,2025-08-08 17:44:52
EVRG,16660000000.0,19.93,16.91,3.39,2.86,1.67,500.4,,5.71%,6.32%,6.29%,5.88%,2.50%,72.42,-0.0062,2644626.0,2025-08-08 17:44:52
WSO,16649999999.999998,31.45,27.63,4.51,2.22,5.61,56.83,42.19,3.29%,8.22%,15.38%,6.97%,9.81%,410.83,-0.0131,287669.0,2025-08-08 17:44:52
ERIE,16640000000.0,30.65,26.0,,4.26,8.05,53.1,32.62,8.27%,10.58%,13.64%,-,8.86%,357.32,0.0134,204425.0,2025-08-08 17:44:52
YUMC,16640000000.0,18.41,15.46,1.64,1.45,2.86,7.72,19.84,8.67%,13.36%,4.31%,11.23%,5.19%,44.56,-0.0281,2647590.0,2025-08-08 17:44:52
BG,16590000000.0,8.28,9.83,,0.33,1.02,2.32,,-18.19%,12.21%,-,-2.21%,5.24%,82.94,0.0023,1505496.0,2025-08-08 17:44:52
WMG,16530000000.000002,56.1,21.79,8.73,2.56,28.06,31.37,27.14,-21.35%,35.28%,10.55%,6.43%,7.51%,31.71,0.018000000000000002,2555873.0,2025-08-08 17:44:52
NBIS,16390000000.0,,,,67.85,4.35,9.35,,-8.68%,-53.51%,-3.41%,-,-46.62%,68.78,0.053099999999999994,18344798.0,2025-08-08 17:44:52
BWXT,16379999999.999998,55.91,44.91,4.62,5.72,13.83,409.14,45.46,11.56%,7.41%,3.79%,12.10%,7.37%,179.19,-0.0019,1023471.0,2025-08-08 17:44:52
JHX,16320000000.0,28.81,17.83,3.12,4.21,5.61,20.89,46.3,-9.82%,17.76%,12.45%,9.24%,8.27%,28.21,0.018000000000000002,4145579.0,2025-08-08 17:44:52
IFF,16290000000.0,,13.98,,1.44,1.13,19.96,29.09,-1.13%,6.73%,-24.99%,5.38%,17.44%,63.56,-0.0104,2912516.0,2025-08-08 17:44:52
SN,16290000000.0,31.72,19.62,1.99,2.77,7.42,86.54,63.14,16.84%,15.87%,7.20%,15.92%,19.04%,116.06,0.0075,1887096.0,2025-08-08 17:44:52
BSY,16239999999.999998,68.35,39.9,5.31,11.44,13.97,181.16,37.44,11.99%,11.88%,12.90%,12.88%,12.93%,53.49,-0.0006,1589018.0,2025-08-08 17:44:52
PKX,16230000000.0,27.98,11.86,0.86,0.32,0.43,1.32,,28.45%,55.94%,-11.06%,32.46%,-0.49%,53.67,-0.0067,127730.0,2025-08-08 17:44:52
ZBRA,16149999999.999998,30.02,18.2,2.49,3.11,4.46,18.52,18.93,15.24%,12.06%,0.42%,12.06%,2.27%,317.66,0.0052,597790.0,2025-08-08 17:44:52
TECK,16149999999.999998,123.06,18.36,,2.26,0.92,4.62,,-19.53%,22.53%,-,-1.94%,-5.95%,33.03,-0.0051,3772600.0,2025-08-08 17:44:52
EBR,16090000000.0,10.71,11.28,0.55,2.16,0.92,2.99,7.53,-11.16%,46.94%,-2.09%,19.48%,-0.21%,8.17,0.0368,2934799.0,2025-08-08 17:44:52
EXPD,16040000000.0,19.11,20.93,17.7,1.42,7.21,13.87,19.8,-4.48%,2.43%,11.02%,1.08%,5.33%,117.12,-0.008,884851.0,2025-08-08 17:44:52
OKTA,16030000000.000002,142.14,25.82,11.54,5.98,2.44,5.88,20.98,16.27%,8.53%,-,12.32%,34.82%,91.55,-0.0217,2429380.0,2025-08-08 17:44:52
ASTS,16010000000.000002,,,,3451.18,19.43,18.31,,56.41%,2.33%,-80.92%,-,-,46.63,-0.0226,7130714.0,2025-08-08 17:44:52
FNF,16000000000.0,14.77,9.01,0.93,1.17,2.0,,2.16,7.19%,30.22%,3.94%,15.91%,10.12%,58.25,0.005699999999999999,1091844.0,2025-08-08 17:44:52
FTV,15940000000.0,21.26,17.02,25.31,2.59,1.53,8.7,11.5,-14.32%,10.24%,3.68%,0.84%,6.43%,47.1,-0.0074,3772683.0,2025-08-08 17:44:52
ARCC,15910000000.0,11.06,11.41,,5.28,1.13,,,-13.74%,-1.63%,-,-,-,22.56,0.0076,3571240.0,2025-08-08 17:44:52
SNN,15810000000.0,32.21,16.11,2.42,2.65,2.85,23.41,19.77,16.52%,14.20%,-7.21%,13.32%,2.50%,36.14,0.0017000000000000001,1334815.0,2025-08-08 17:44:52
LYB,15780000000.0,64.36,10.79,,0.45,1.32,9.26,34.83,-56.21%,62.18%,-15.40%,-3.60%,3.02%,49.06,-0.022099999999999998,3647061.0,2025-08-08 17:44:52
XPEV,15710000000.0,,112.79,,2.26,4.53,2.98,,79.22%,201.08%,-1.37%,-,76.03%,20.2,0.0296,9095081.0,2025-08-08 17:44:52
SUI,15690000000.0,12.25,42.82,0.18,5.6,2.13,10.72,18.85,143.17%,69.53%,-17.06%,68.18%,20.71%,125.33,0.0025,858835.0,2025-08-08 17:44:52
ACM,15690000000.0,23.57,20.59,2.06,0.98,6.29,8.74,19.01,15.84%,9.83%,-,11.43%,3.38%,118.43,-0.006500000000000001,611592.0,2025-08-08 17:44:52
EQH,15680000000.0,41.92,6.4,2.4,1.14,17.81,,8.09,1.62%,34.67%,-,17.46%,8.42%,51.98,0.032799999999999996,3834497.0,2025-08-08 17:44:52
CSL,15670000000.0,20.37,15.8,2.37,3.13,7.36,229.11,18.44,0.71%,14.02%,17.24%,8.61%,0.79%,366.57,0.0342,542505.0,2025-08-08 17:44:52
HRL,15660000000.0,20.95,15.88,2.46,1.31,1.95,22.41,22.51,1.19%,12.20%,-3.96%,8.50%,4.65%,28.48,-0.0025,1862543.0,2025-08-08 17:44:52
SGI,15630000000.0,52.34,23.98,3.83,2.61,5.7,159.36,26.94,-1.06%,23.88%,5.59%,13.67%,6.04%,74.95,0.0134,2920644.0,2025-08-08 17:44:52
LUV,15560000000.0,44.54,12.78,0.88,0.57,1.94,4.05,,-6.26%,157.65%,-29.29%,50.48%,4.15%,29.62,0.002,7060190.0,2025-08-08 17:44:52
CNH,15550000000.0,18.91,15.07,,0.86,2.02,4.94,7.28,-41.39%,34.01%,-1.20%,-0.02%,-6.71%,12.43,-0.0008,10377047.0,2025-08-08 17:44:52
RYAN,15420000000.0,2543.04,23.03,130.35,5.44,12.19,89.37,30.26,14.77%,23.62%,3.46%,19.51%,27.13%,58.49,-0.0178,1344980.0,2025-08-08 17:44:52
CLX,15390000000.0,19.15,17.93,,2.17,570.03,92.16,19.21,-20.07%,12.86%,-2.38%,-1.19%,1.11%,124.87,-0.0096,1299521.0,2025-08-08 17:44:52
RPM,15360000000.0,22.36,18.76,3.14,2.08,5.32,50.84,28.54,8.63%,10.75%,17.97%,7.13%,6.01%,119.65,0.004699999999999999,615989.0,2025-08-08 17:44:52
INCY,15310000000.0,17.82,11.04,0.18,3.34,3.65,6.32,15.98,448.76%,20.26%,-40.36%,98.94%,14.46%,78.39,0.0024,1159998.0,2025-08-08 17:44:52
HOLX,15140000000.0,28.24,15.09,4.14,3.75,3.12,8.06,16.24,3.79%,6.50%,-,6.82%,3.66%,68.06,0.0019,1889601.0,2025-08-08 17:44:52
PFGC,15130000000.0,40.35,18.44,2.79,0.25,3.46,1483.48,27.54,2.04%,19.79%,12.00%,14.47%,24.17%,96.94,-0.0131,2288027.0,2025-08-08 17:44:52
DECK,15080000000.0,15.61,14.6,1.84,2.94,6.12,8.77,17.13,0.07%,9.95%,31.59%,8.50%,18.54%,101.68,-0.0021,2252503.0,2025-08-08 17:44:52
TWLO,15060000000.0,812.77,19.0,43.96,3.19,1.89,5.92,19.63,24.22%,13.91%,22.51%,18.49%,31.48%,98.67,-0.1938,16631232.0,2025-08-08 17:44:52
DOW,15040000000.0,,48.13,,0.36,0.87,5.33,,-144.56%,157.86%,-,-7.24%,0.01%,21.22,-0.018000000000000002,11299455.0,2025-08-08 17:44:52
CHWY,15000000000.0,40.46,47.88,10.96,1.24,39.91,24.29,33.43,-44.65%,49.77%,-,3.69%,19.60%,36.12,0.0089,6865896.0,2025-08-08 17:44:52
RS,14990000000.0,20.81,15.07,4.84,1.09,2.07,62.59,18.01,-3.41%,23.02%,8.72%,4.30%,4.74%,285.03,-0.0015,316261.0,2025-08-08 17:44:52
DPZ,14940000000.0,25.55,22.62,3.06,3.12,,25.56,24.37,5.64%,10.31%,11.80%,8.36%,5.40%,440.04,-0.0054,469035.0,2025-08-08 17:44:52
CPT,14940000000.0,73.64,64.28,6.45,9.52,2.46,335.28,36.05,-7.06%,17.75%,-7.52%,11.41%,8.36%,105.52,-0.013600000000000001,646339.0,2025-08-08 17:44:52
WWD,14900000000.0,39.3,32.1,2.87,4.35,6.03,31.49,53.76,7.42%,17.94%,8.34%,13.68%,2.77%,248.45,-0.0087,541617.0,2025-08-08 17:44:52
ONON,14790000000.0,64.25,30.48,3.47,5.17,9.04,15.01,38.38,-8.98%,36.72%,-,18.54%,57.83%,45.66,0.0111,6703686.0,2025-08-08 17:44:52
BALL,14710000000.0,25.24,13.39,2.09,1.19,2.82,48.72,39.13,13.51%,12.19%,-,12.08%,0.59%,54.06,0.0004,1729402.0,2025-08-08 17:44:52
BCH,14640000000.0,11.42,11.33,3.39,3.01,2.45,,15.72,-2.39%,4.69%,8.69%,3.37%,5.35%,28.99,0.0197,219285.0,2025-08-08 17:44:52
THC,14630000000.0,10.6,10.44,0.81,0.71,3.9,5.57,9.42,30.34%,2.46%,-,13.10%,2.26%,165.58,0.0132,734138.0,2025-08-08 17:44:52
PAGP,14620000000.0,26.22,11.42,0.52,0.29,2.81,34.09,7.13,221.43%,0.79%,-23.22%,50.67%,8.56%,19.24,-0.0026,1649538.0,2025-08-08 17:44:52
BLDR,14610000000.0,20.07,19.09,,0.92,3.5,167.94,12.29,-45.46%,9.86%,36.74%,-7.76%,17.64%,132.2,0.0072,1356693.0,2025-08-08 17:44:52
BBY,14580000000.0,16.86,10.38,3.41,0.35,5.27,8.96,11.61,-3.28%,7.90%,-5.73%,4.95%,-0.99%,68.97,0.021,2440914.0,2025-08-08 17:44:52
APTV,14570000000.0,11.08,8.29,0.81,0.74,1.67,13.23,8.5,18.05%,9.15%,12.60%,13.61%,6.55%,66.9,0.0167,1858627.0,2025-08-08 17:44:52
SFM,14560000000.0,30.7,24.51,1.31,1.73,10.74,55.26,28.98,41.28%,14.74%,24.61%,23.50%,6.50%,148.99,-0.0152,1033808.0,2025-08-08 17:44:52
BF-A,14530000000.0,16.55,17.59,33.1,3.67,3.6,31.39,33.72,-9.86%,4.25%,1.31%,0.50%,3.50%,30.41,-0.002,64205.0,2025-08-08 17:44:52
ILMN,14530000000.0,11.98,19.53,1.18,3.39,6.45,12.58,14.1,8.19%,7.60%,-,10.17%,4.29%,94.56,-0.0098,1347700.0,2025-08-08 17:44:52
WES,14530000000.0,11.72,10.72,,3.96,4.56,111.99,9.87,-16.53%,5.88%,20.33%,-1.54%,5.59%,38.1,-0.0088,2640296.0,2025-08-08 17:44:52
EMA,14510000000.0,23.46,19.57,3.04,2.75,1.7,64.08,,20.52%,-0.19%,-9.75%,7.71%,3.04%,48.72,0.013500000000000002,192089.0,2025-08-08 17:44:52
MAS,14510000000.0,18.4,15.92,3.31,1.89,,37.2,17.95,-1.69%,7.99%,11.37%,5.56%,3.14%,69.29,-0.0009,1435676.0,2025-08-08 17:44:52
LOGI,14500000000.0,23.4,18.87,4.06,3.14,6.63,9.75,20.06,-1.86%,9.63%,8.93%,5.76%,8.89%,98.27,0.0155,614911.0,2025-08-08 17:44:52
APG,14470000000.0,103.05,20.81,7.49,1.96,4.58,33.49,25.43,16.96%,15.41%,-16.79%,13.75%,11.39%,34.46,-0.008100000000000001,1573362.0,2025-08-08 17:44:52
BF-B,14470000000.0,16.76,17.78,27.47,3.65,3.64,31.25,33.57,-9.88%,4.45%,1.31%,0.61%,3.50%,30.79,-0.006500000000000001,2938733.0,2025-08-08 17:44:52
FDS,14460000000.0,27.6,20.79,4.24,6.32,6.72,39.02,25.08,3.81%,7.70%,8.91%,6.51%,8.95%,382.43,-0.011000000000000001,219018.0,2025-08-08 17:44:52
WPC,14430000000.0,43.29,25.23,5.7,8.77,1.76,58.93,12.96,3.30%,14.04%,3.24%,7.59%,5.13%,65.88,0.0015,934547.0,2025-08-08 17:44:52
FTI,14370000000.0,16.55,13.41,0.88,1.51,4.42,15.12,10.89,18.00%,21.35%,-,18.72%,-7.54%,34.95,-0.0048,1847141.0,2025-08-08 17:44:52
RIVN,14350000000.0,,,,2.79,2.36,1.91,,30.71%,7.21%,-58.18%,20.66%,-,11.79,-0.0232,28792528.0,2025-08-08 17:44:52
MTZ,14310000000.0,53.8,23.98,1.69,1.1,4.85,74.88,22.69,59.60%,19.93%,-16.79%,31.92%,11.36%,181.3,-0.0092,770524.0,2025-08-08 17:44:52
BJ,14280000000.0,25.14,22.96,3.02,0.69,7.24,361.63,50.03,6.30%,9.40%,24.35%,8.32%,9.22%,108.12,-0.004,1500767.0,2025-08-08 17:44:52
NVT,14270000000.0,25.24,23.73,1.48,4.32,4.06,113.46,36.51,31.75%,13.90%,8.91%,17.01%,6.40%,88.68,-0.004699999999999999,2276661.0,2025-08-08 17:44:52
XPO,14160000000.0,41.59,25.95,3.29,1.77,7.95,62.92,93.76,-3.70%,25.62%,-2.04%,12.65%,-13.48%,120.22,-0.0013,921348.0,2025-08-08 17:44:52
OMC,14130000000.0,10.46,7.88,1.38,0.89,3.17,4.28,8.0,5.87%,8.44%,4.22%,7.58%,0.96%,72.94,0.0036,5059661.0,2025-08-08 17:44:52
FMS,14120000000.0,19.61,9.85,1.06,0.67,0.91,7.02,6.36,31.24%,14.05%,-14.87%,18.58%,1.35%,24.07,0.0105,349008.0,2025-08-08 17:44:52
KIM,14090000000.0,25.11,28.08,1.87,6.66,1.34,61.86,19.29,29.29%,4.23%,-7.14%,13.42%,12.17%,20.81,-0.0179,3479030.0,2025-08-08 17:44:52
ALLE,14050000000.0,22.74,18.71,3.12,3.63,7.87,21.4,20.5,7.94%,7.67%,9.70%,7.28%,5.74%,163.72,-0.0001,576550.0,2025-08-08 17:44:52
U,14050000000.0,,39.78,,7.89,4.39,8.31,39.58,-25.13%,4.93%,-22.36%,-0.69%,27.33%,33.25,-0.0095,11937028.0,2025-08-08 17:44:52
COO,14020000000.0,34.09,15.85,3.43,3.52,1.69,120.69,38.33,10.19%,9.06%,-3.45%,9.93%,7.98%,70.29,0.0158,954364.0,2025-08-08 17:44:52
SBS,14010000000.0,7.64,12.04,0.44,2.06,2.09,9.81,11.0,-6.08%,37.17%,15.79%,17.47%,8.02%,20.49,-0.0029,1106663.0,2025-08-08 17:44:52
DOCU,13980000000.0,13.08,17.78,1.57,4.61,6.94,14.51,15.26,0.79%,8.74%,-,8.33%,25.04%,69.19,-0.0183,2967870.0,2025-08-08 17:44:52
FTAI,13960000000.0,33.75,19.6,,6.48,84.64,46.22,,1667.36%,38.39%,-,-,24.47%,136.06,-0.0146,566247.0,2025-08-08 17:44:52
DT,13940000000.0,28.46,25.53,1.91,7.85,5.17,10.35,29.78,15.59%,12.72%,-,14.89%,25.49%,46.24,-0.0134,4395525.0,2025-08-08 17:44:52
GGG,13840000000.0,29.61,26.2,3.56,6.38,5.53,25.86,22.8,6.43%,8.11%,7.07%,8.31%,5.12%,83.5,-0.0049,522894.0,2025-08-08 17:44:52
EG,13830000000.0,17.18,5.41,0.53,0.78,0.92,,2.8,57.62%,29.77%,5.19%,32.25%,15.99%,329.8,0.005,245615.0,2025-08-08 17:44:52
CHRW,13790000000.0,26.58,21.05,3.03,0.81,7.74,88.41,19.94,8.96%,12.90%,-1.63%,8.77%,2.97%,116.78,-0.0088,1091780.0,2025-08-08 17:44:52
TXT,13730000000.0,17.43,11.11,1.49,0.98,1.85,9.57,24.55,11.87%,13.04%,4.33%,11.73%,0.11%,77.02,-0.004699999999999999,744906.0,2025-08-08 17:44:52
EWBC,13660000000.0,11.58,10.36,1.53,3.03,1.67,,9.35,7.71%,6.58%,12.55%,7.59%,17.05%,99.11,0.0175,871097.0,2025-08-08 17:44:52
UTHR,13640000000.0,11.77,10.44,2.63,4.43,1.9,4.47,12.76,10.64%,5.89%,-,4.47%,14.71%,301.5,0.0069,519284.0,2025-08-08 17:44:52
BAH,13600000000.0,13.56,15.62,2.1,1.14,12.82,19.13,13.78,0.75%,10.48%,16.31%,6.46%,9.93%,110.38,-0.0037,1301579.0,2025-08-08 17:44:52
JBHT,13500000000.0,25.34,20.24,1.87,1.12,3.69,265.18,22.48,0.43%,23.37%,3.11%,13.56%,5.69%,139.44,-0.0063,990273.0,2025-08-08 17:44:52
YPF,13480000000.0,7.96,7.91,18.51,0.69,1.14,10.96,,-60.05%,81.06%,-,0.43%,7.05%,34.29,-0.0414,1751534.0,2025-08-08 17:44:52
WF,13460000000.0,6.89,5.64,1.14,0.57,0.65,,2.11,3.59%,8.28%,4.39%,6.02%,11.66%,54.73,0.0002,31247.0,2025-08-08 17:44:52
CIEN,13440000000.0,132.41,28.23,3.93,3.15,4.85,10.72,46.04,24.93%,48.10%,-18.58%,33.72%,2.36%,95.06,-0.0013,2021349.0,2025-08-08 17:44:52
CELH,13400000000.0,143.07,38.46,2.54,8.04,10.57,21.78,65.81,120.27%,36.26%,54.27%,56.42%,78.34%,51.95,0.0365,10289683.0,2025-08-08 17:44:52
ULS,13390000000.0,41.06,33.53,4.39,4.54,12.25,49.22,36.78,5.70%,10.60%,8.97%,9.35%,5.68%,66.64,0.0102,929942.0,2025-08-08 17:44:52
CART,13350000000.0,29.6,22.87,1.63,3.77,4.23,7.76,17.14,13.93%,24.39%,-,18.11%,22.98%,51.21,0.0368,13083100.0,2025-08-08 17:44:52
AVY,13320000000.0,19.15,16.17,2.49,1.52,6.06,52.09,20.97,0.96%,10.93%,19.58%,7.69%,4.37%,170.81,0.0048,509503.0,2025-08-08 17:44:52
PAYC,13290000000.0,31.1,22.66,2.8,6.78,7.17,24.97,37.0,13.16%,9.18%,23.60%,11.11%,20.62%,229.85,-0.0151,672052.0,2025-08-08 17:44:52
HLI,13290000000.0,31.85,21.56,2.01,5.35,6.1,16.64,17.97,21.80%,14.36%,15.80%,15.81%,15.59%,188.89,-0.0032,361984.0,2025-08-08 17:44:52
NLY,13230000000.0,20.5,6.94,8.3,2.04,1.12,6.42,11.4,6.61%,3.15%,-,2.47%,28.49%,20.6,0.001,4314008.0,2025-08-08 17:44:52
LECO,13220000000.0,26.93,22.49,3.66,3.22,9.58,44.13,26.17,4.10%,10.11%,11.74%,7.36%,5.96%,239.47,-0.0076,270281.0,2025-08-08 17:44:52
LTM,13200000000.0,11.24,8.88,0.83,1.0,14.45,6.33,14.79,38.89%,14.90%,-37.79%,13.54%,4.97%,43.67,0.0076,424972.0,2025-08-08 17:44:52
JLL,13180000000.0,23.91,13.98,1.42,0.53,1.87,32.84,18.37,18.91%,19.43%,0.78%,16.85%,5.44%,278.21,0.014199999999999999,364406.0,2025-08-08 17:44:52
GMAB,13180000000.0,12.16,11.46,1.1,4.08,2.57,4.09,11.32,-6.36%,18.34%,28.01%,11.04%,31.15%,21.43,-0.0555,1745722.0,2025-08-08 17:44:52
JOBY,13180000000.0,,,,131755.23,15.76,13.3,,11.89%,2.53%,5.69%,7.18%,-,16.64,-0.0354,28416905.0,2025-08-08 17:44:52
MP,13160000000.0,,102.01,,54.35,12.02,17.46,,8.44%,280.85%,-41.29%,-,22.66%,74.32,0.045700000000000005,24294467.0,2025-08-08 17:44:52
CF,13110000000.0,10.58,12.23,,2.03,2.64,7.77,7.33,16.97%,-13.59%,24.82%,-0.60%,5.28%,80.91,-0.0239,5730841.0,2025-08-08 17:44:52
CX,13030000000.0,8.4,12.2,0.76,0.83,0.93,11.18,28.29,16.05%,-0.17%,60.47%,10.99%,4.29%,8.62,0.0058,9969317.0,2025-08-08 17:44:52
BNT,13020000000.0,,,,0.91,1.06,,2.69,-,-,-,-,108.79%,64.72,-0.002,7366.0,2025-08-08 17:44:52
GLPI,12990000000.0,17.63,14.88,4.22,8.3,2.85,21.51,12.46,-6.36%,14.83%,9.62%,4.18%,5.83%,45.91,-0.0043,971991.0,2025-08-08 17:44:52
BEN,12970000000.0,47.92,10.12,8.96,1.5,1.06,3.28,8.94,-11.67%,16.96%,-18.46%,5.35%,8.52%,24.99,0.0052,2370716.0,2025-08-08 17:44:52
H,12970000000.0,32.17,39.64,4.43,1.91,3.75,14.22,33.77,-36.36%,47.16%,11.92%,7.26%,5.67%,135.86,-0.0233,1280474.0,2025-08-08 17:44:52
QXO,12920000000.0,,36.54,,230.99,1.73,2.54,106.96,415.44%,52.07%,55.18%,-,8.11%,19.28,-0.0052,4025078.0,2025-08-08 17:44:52
ITT,12920000000.0,26.04,22.59,2.36,3.49,5.05,27.62,26.48,10.93%,12.84%,11.41%,11.02%,4.99%,165.67,0.004,295942.0,2025-08-08 17:44:52
ARE,12840000000.0,,49.52,,4.14,0.74,24.31,9.04,-59.36%,104.86%,-10.42%,-7.88%,15.27%,74.21,-0.004699999999999999,914618.0,2025-08-08 17:44:52
AMH,12770000000.0,30.97,43.25,,7.03,1.78,27.36,18.68,-19.79%,-8.13%,30.43%,-10.65%,8.67%,34.42,-0.0095,1218131.0,2025-08-08 17:44:52
TME,12750000000.0,26.19,25.85,1.29,3.18,3.09,3.46,,49.32%,-2.92%,11.19%,20.26%,1.40%,22.13,0.0073,4304884.0,2025-08-08 17:44:52
CLH,12720000000.0,33.32,26.31,2.0,2.14,4.69,18.2,33.06,1.64%,19.45%,33.64%,16.67%,11.54%,237.25,-0.02,427995.0,2025-08-08 17:44:52
CNA,12720000000.0,14.6,9.35,3.3,0.87,1.19,,4.98,-0.63%,4.69%,-0.85%,4.43%,5.80%,47.0,-0.0002,381032.0,2025-08-08 17:44:52
RTO,12700000000.0,38.37,17.63,7.83,1.84,2.41,7.51,16.92,-3.18%,8.39%,-4.47%,4.90%,15.26%,25.26,0.0076,1052602.0,2025-08-08 17:44:52
SOLV,12700000000.0,33.86,12.05,27.31,1.51,3.49,25.81,86.38,-13.58%,5.18%,-,1.24%,-,73.39,0.02,1758120.0,2025-08-08 17:44:52
UDR,12620000000.0,99.35,62.94,2.45,7.47,3.85,359.47,18.75,135.69%,-1.24%,-16.50%,40.49%,7.73%,38.09,-0.018000000000000002,1680038.0,2025-08-08 17:44:52
CNM,12610000000.0,29.65,22.61,2.18,1.66,6.95,1576.03,21.78,15.75%,14.72%,52.59%,13.63%,17.04%,63.96,-0.0022,1394198.0,2025-08-08 17:44:52
MNDY,12590000000.0,251.59,54.04,12.86,12.14,11.44,7.93,40.18,8.32%,21.07%,-,19.57%,65.58%,248.04,0.0026,1208481.0,2025-08-08 17:44:52
CNC,12570000000.0,6.33,7.47,,0.07,0.46,,11.64,-74.33%,86.06%,14.96%,-10.64%,16.92%,25.59,0.0131,11404759.0,2025-08-08 17:44:52
RBC,12560000000.0,50.06,30.39,3.67,7.54,4.03,94.54,48.38,15.21%,13.58%,8.78%,13.63%,17.60%,398.07,-0.0163,149609.0,2025-08-08 17:44:52
PAA,12560000000.0,19.22,12.64,,0.25,1.65,29.42,6.11,3.12%,-9.24%,-22.68%,-0.19%,8.56%,17.86,-0.0006,4852357.0,2025-08-08 17:44:52
SUZ,12520000000.0,,7.39,,1.42,1.87,4.37,9.97,259.65%,-11.70%,-14.40%,-,5.92%,10.11,0.009000000000000001,2157199.0,2025-08-08 17:44:52
STN,12500000000.0,45.05,24.87,2.8,2.26,5.92,70.8,31.84,25.15%,13.82%,12.08%,16.11%,8.52%,109.54,0.0066,224053.0,2025-08-08 17:44:52
DOCS,12480000000.0,57.16,40.55,6.15,21.16,12.17,14.84,43.43,3.29%,11.93%,79.45%,9.29%,37.42%,66.58,0.1371,5177467.0,2025-08-08 17:44:52
MANH,12440000000.0,57.35,39.24,5.87,11.77,44.64,53.97,40.49,1.97%,8.97%,21.66%,9.77%,11.02%,205.79,-0.026000000000000002,389704.0,2025-08-08 17:44:52
IONQ,12420000000.0,,,,237.21,9.71,22.72,,-16.51%,-6.74%,-85.81%,-5.01%,-,41.85,0.0336,20352766.0,2025-08-08 17:44:52
NBIX,12400000000.0,36.9,19.39,1.02,4.94,4.59,12.71,23.45,34.65%,45.57%,53.47%,36.29%,24.48%,125.01,-0.004699999999999999,1048364.0,2025-08-08 17:44:52
SNAP,12380000000.0,,,,2.2,6.02,4.28,31.56,3.02%,19.49%,10.96%,24.84%,25.60%,7.41,-0.0172,49509949.0,2025-08-08 17:44:52
CRS,12380000000.0,33.53,22.57,1.61,4.3,6.95,39.25,43.28,23.61%,19.21%,218.05%,20.84%,5.70%,248.74,-0.023,1137530.0,2025-08-08 17:44:52
TOL,12350000000.0,9.33,8.86,6.43,1.16,1.56,16.33,17.07,-7.00%,1.70%,30.10%,1.45%,8.47%,125.78,-0.0005,896492.0,2025-08-08 17:44:52
FN,12330000000.0,38.34,29.11,2.21,3.78,6.46,12.96,45.15,14.39%,16.35%,19.77%,17.34%,12.72%,343.99,0.0265,683717.0,2025-08-08 17:44:52
RGA,12320000000.0,16.22,7.33,1.4,0.57,1.02,,2.51,12.22%,12.94%,-5.04%,11.55%,9.16%,186.45,0.025,507992.0,2025-08-08 17:44:52
ICLR,12320000000.0,16.29,11.14,4.29,1.52,1.29,31.56,12.45,-4.89%,6.83%,6.54%,3.80%,24.17%,158.44,0.0037,871142.0,2025-08-08 17:44:52
ROKU,12260000000.0,,97.37,,2.79,4.73,5.44,46.9,111.56%,730.83%,-11.45%,-,29.51%,83.21,0.0012,3911749.0,2025-08-08 17:44:52
ZTO,12220000000.0,13.11,11.81,1.47,1.95,1.92,3.84,,4.14%,12.25%,8.45%,8.93%,13.97%,20.58,-0.0072,1960220.0,2025-08-08 17:44:52
AVAV,12210000000.0,160.33,55.19,6.9,14.88,7.89,298.82,,1.43%,34.77%,-2.04%,23.24%,17.44%,247.45,-0.046799999999999994,1093273.0,2025-08-08 17:44:52
MEDP,12200000000.0,32.3,28.08,3.17,5.47,70.61,263.38,21.04,10.19%,11.15%,36.50%,10.18%,19.62%,434.35,0.013000000000000001,281102.0,2025-08-08 17:44:52
ELS,12200000000.0,32.56,29.03,6.87,7.96,6.65,369.64,32.81,-0.08%,5.80%,4.89%,4.74%,8.21%,60.15,-0.0167,1230632.0,2025-08-08 17:44:52
BAX,12170000000.0,,9.12,,1.12,1.66,7.22,34.86,29.16%,6.36%,-,13.76%,-1.31%,23.69,0.0064,10459584.0,2025-08-08 17:44:52
PHYS,12090000000.0,,,,,,,,-,-,-,-,-,26.06,-0.0008,2928512.0,2025-08-08 17:44:52
SNX,12090000000.0,17.13,10.77,1.78,0.2,1.44,15.76,19.98,4.01%,12.02%,-3.97%,9.63%,19.73%,146.57,0.0215,419759.0,2025-08-08 17:44:52
JEF,12060000000.0,22.17,14.21,0.95,1.34,1.17,0.98,26.11,-25.08%,83.78%,-0.32%,23.45%,15.39%,58.48,0.0155,1166394.0,2025-08-08 17:44:52
DOC,12040000000.0,72.26,50.92,,4.31,1.49,73.74,10.42,-28.62%,29.62%,52.84%,-4.86%,16.84%,16.96,0.0,7198615.0,2025-08-08 17:44:52
OC,12030000000.0,37.94,9.97,56.62,1.08,2.33,50.56,13.16,-14.32%,5.90%,14.91%,0.67%,8.92%,143.88,-0.022400000000000003,778124.0,2025-08-08 17:44:52
MGA,11970000000.0,9.97,7.37,1.4,0.29,0.96,7.79,8.74,-7.03%,14.64%,-8.91%,7.11%,1.65%,42.47,-0.0019,930233.0,2025-08-08 17:44:52
NDSN,11930000000.0,27.15,19.25,4.44,4.41,4.03,91.62,25.95,3.19%,9.18%,6.97%,6.11%,4.16%,211.04,-0.0048,268817.0,2025-08-08 17:44:52
IEX,11910000000.0,25.55,18.25,4.24,3.57,2.97,20.92,20.3,0.20%,9.68%,3.63%,6.02%,5.55%,158.26,-0.0017000000000000001,613915.0,2025-08-08 17:44:52
PPC,11870000000.0,9.62,11.18,,0.65,3.17,13.83,10.79,0.62%,-18.03%,20.13%,-4.91%,9.40%,49.96,0.001,761803.0,2025-08-08 17:44:52
EHC,11840000000.0,22.99,20.34,1.9,2.09,5.2,69.42,26.97,18.47%,10.16%,4.32%,12.08%,3.13%,117.58,0.0092,780635.0,2025-08-08 17:44:52
LAMR,11830000000.0,28.1,19.89,1.32,5.34,11.48,327.41,15.46,65.53%,-0.35%,-1.00%,21.24%,4.71%,115.5,-0.0741,2301523.0,2025-08-08 17:44:52
UNM,11820000000.0,8.3,7.35,1.09,0.92,1.06,,8.18,1.20%,10.48%,12.53%,7.65%,1.46%,69.39,0.0123,1546669.0,2025-08-08 17:44:52
SJM,11810000000.0,,11.2,,1.35,1.94,168.98,14.46,-9.42%,7.89%,-,1.51%,2.27%,110.72,-0.0021,1278140.0,2025-08-08 17:44:52
CCK,11810000000.0,21.3,12.75,1.99,0.98,4.09,11.38,8.84,15.63%,7.37%,-1.25%,10.71%,0.27%,101.48,0.006999999999999999,966227.0,2025-08-08 17:44:52
OHI,11790000000.0,24.92,22.4,4.63,10.51,2.35,15.25,15.12,7.39%,7.12%,-0.44%,5.38%,2.71%,39.95,-0.0045000000000000005,2381229.0,2025-08-08 17:44:52
JKHY,11760000000.0,27.5,25.23,2.72,5.07,5.78,295.06,24.45,15.89%,5.65%,8.27%,10.10%,7.37%,161.56,-0.0154,885112.0,2025-08-08 17:44:52
HIMS,11740000000.0,65.01,62.2,2.27,5.83,20.84,10.26,100.79,11.33%,41.52%,17.22%,28.62%,-,51.94,0.0174,23104454.0,2025-08-08 17:44:52
BLD,11690000000.0,20.47,18.98,4.5,2.24,5.47,13.87,14.71,-3.92%,8.31%,29.57%,4.55%,15.22%,415.41,0.0054,401127.0,2025-08-08 17:44:52
AEG,11690000000.0,15.72,7.26,0.37,0.48,1.55,,,105.15%,24.52%,-7.57%,42.28%,1.99%,7.38,0.0137,4243671.0,2025-08-08 17:44:52
PAAS,11570000000.0,22.17,13.03,0.5,3.71,2.33,10.43,17.07,150.35%,23.96%,-11.01%,44.18%,15.85%,31.95,0.016200000000000003,7177822.0,2025-08-08 17:44:52
ASND,11560000000.0,,47.64,,29.34,,20.66,,64.46%,248.39%,-6.13%,-,92.27%,191.49,0.006,1554046.0,2025-08-08 17:44:52
PAG,11550000000.0,12.18,12.25,4.14,0.38,2.06,74.35,17.51,1.81%,2.03%,21.07%,2.94%,5.61%,174.83,-0.0015,127874.0,2025-08-08 17:44:52
ALLY,11540000000.0,24.35,6.98,0.66,0.74,0.94,,,53.77%,48.69%,-16.14%,36.80%,7.34%,37.48,0.0143,1811674.0,2025-08-08 17:44:52
GNRC,11520000000.0,32.6,22.28,2.98,2.61,4.48,51.52,22.51,4.93%,15.47%,5.99%,10.95%,14.28%,196.25,0.0141,719615.0,2025-08-08 17:44:52
RDY,11490000000.0,17.27,21.64,,2.92,2.82,14.77,,-7.08%,-13.55%,19.33%,-3.08%,9.35%,13.8,0.0147,1111957.0,2025-08-08 17:44:52
SF,11470000000.0,21.59,11.92,1.43,1.9,2.32,5.95,8.67,6.29%,29.34%,42.35%,15.14%,44.71%,111.64,0.0121,341121.0,2025-08-08 17:44:52
TXRH,11470000000.0,26.37,22.95,2.63,2.02,8.32,64.86,30.7,1.65%,14.52%,21.34%,10.04%,14.28%,172.84,-0.0658,3205038.0,2025-08-08 17:44:52
EVR,11430000000.0,26.9,16.07,0.75,3.51,6.9,6.59,15.91,34.06%,45.72%,5.69%,35.74%,8.11%,295.73,-0.0070999999999999995,422140.0,2025-08-08 17:44:52
POOL,11410000000.0,28.21,25.96,5.65,2.16,8.78,136.34,26.31,-1.90%,8.42%,12.04%,4.99%,10.67%,305.68,-0.0096,329868.0,2025-08-08 17:44:52
GL,11390000000.0,11.23,9.35,1.12,1.94,2.1,,8.44,15.63%,5.07%,11.82%,10.00%,5.00%,140.55,0.0004,701213.0,2025-08-08 17:44:52
VTRS,11380000000.0,,4.0,,0.81,0.73,20.1,6.5,-14.71%,7.32%,-,-0.06%,5.04%,9.7,0.033,18389700.0,2025-08-08 17:44:52
AUR,11370000000.0,,,,11367.25,5.68,8.68,,-5.56%,3.89%,-24.76%,3.47%,-,6.16,-0.006500000000000001,47485949.0,2025-08-08 17:44:52
COOP,11350000000.0,20.28,11.79,1.12,5.37,2.23,11.93,,23.40%,19.88%,28.11%,18.05%,3.21%,177.35,-0.045899999999999996,593887.0,2025-08-08 17:44:52
BSAC,11330000000.0,10.64,9.81,0.91,1.99,2.45,,4.41,24.52%,3.26%,2.86%,11.66%,1.50%,24.05,0.015600000000000001,278605.0,2025-08-08 17:44:52
RNR,11310000000.0,6.13,6.68,,0.88,1.13,,2.9,-45.36%,53.12%,16.66%,-3.17%,22.76%,240.37,0.0036,266199.0,2025-08-08 17:44:52
SCI,11290000000.0,21.86,19.08,2.25,2.66,7.27,41.84,18.69,8.42%,10.28%,12.14%,9.71%,5.32%,80.52,0.0144,998603.0,2025-08-08 17:44:52
SMR,11190000000.0,,,,228.2,7.44,21.25,,71.64%,13.18%,-34.24%,51.39%,-,39.35,-0.1193,21529592.0,2025-08-08 17:44:52
MBLY,11170000000.0,,32.13,,5.82,0.92,6.54,18.92,36.18%,24.33%,-56.11%,37.33%,13.48%,13.6,-0.027200000000000002,5181064.0,2025-08-08 17:44:52
CR,11160000000.0,36.59,30.01,2.45,4.9,5.92,33.6,37.32,17.78%,12.44%,18.11%,14.96%,-7.07%,193.96,-0.0037,232227.0,2025-08-08 17:44:52
WYNN,11130000000.0,31.39,19.16,87.2,1.6,,5.61,14.92,-20.83%,16.51%,30.52%,0.36%,1.52%,106.41,-0.0076,4211104.0,2025-08-08 17:44:52
RGLD,11120000000.0,24.74,19.1,1.22,13.91,3.36,44.82,32.19,43.90%,16.89%,28.65%,20.28%,11.20%,168.97,0.022000000000000002,1012678.0,2025-08-08 17:44:52
UHS,11100000000.0,9.08,7.9,0.69,0.67,1.64,80.68,12.31,22.29%,7.36%,13.00%,13.11%,6.82%,172.3,0.0194,606363.0,2025-08-08 17:44:52
ENTG,11090000000.0,37.6,20.65,2.8,3.44,2.91,29.43,42.16,-6.05%,25.66%,0.66%,13.45%,15.29%,73.14,-0.0039000000000000003,1793368.0,2025-08-08 17:44:52
PNW,11060000000.0,19.08,18.82,6.2,2.1,1.64,371.94,,-13.25%,8.26%,1.87%,3.08%,8.10%,92.62,-0.0124,1014063.0,2025-08-08 17:44:52
DRS,11040000000.0,44.59,32.85,3.08,3.23,4.25,39.72,46.98,17.63%,15.46%,9.00%,14.47%,3.57%,41.49,0.0058,1097820.0,2025-08-08 17:44:52
ACI,11030000000.0,12.02,8.79,,0.14,3.45,64.64,22.01,-10.02%,6.46%,11.02%,-,5.18%,19.71,-0.0076,4802820.0,2025-08-08 17:44:52
OKLO,11010000000.0,,,,,38.93,54.78,,34.81%,-17.00%,-,3.82%,-,75.32,-0.0504,13654080.0,2025-08-08 17:44:52
BXP,11010000000.0,3194.44,32.17,17.35,3.19,1.9,20.86,15.71,1946.03%,6.77%,-51.30%,184.11%,2.85%,63.25,-0.0371,2107471.0,2025-08-08 17:44:52
BMRN,11010000000.0,16.98,12.25,0.51,3.62,1.83,7.69,15.84,77.78%,19.10%,-,33.06%,10.98%,57.33,-0.0358,3523239.0,2025-08-08 17:44:52
AGI,11010000000.0,31.82,13.84,0.98,7.3,2.93,29.1,68.32,73.74%,34.37%,23.11%,32.47%,14.54%,26.18,-0.0076,3397310.0,2025-08-08 17:44:52
MORN,10920000000.0,27.55,24.12,1.57,4.65,6.76,20.16,28.02,17.91%,15.37%,19.52%,17.60%,14.05%,258.92,-0.0043,239083.0,2025-08-08 17:44:52
FRHC,10910000000.0,125.49,,,5.53,8.96,6.98,14.39,-,-,26.83%,-,74.82%,178.29,-0.0412,130282.0,2025-08-08 17:44:52
VNOM,10910000000.0,10.93,20.59,,11.3,1.45,389.61,289.83,-53.82%,7.79%,38.51%,-14.36%,23.78%,37.81,0.0021,2542478.0,2025-08-08 17:44:52
CACI,10880000000.0,22.15,16.46,2.08,1.26,2.8,102.49,22.61,4.94%,8.17%,12.09%,10.63%,8.57%,494.89,-0.0101,256705.0,2025-08-08 17:44:52
WTRG,10880000000.0,16.59,17.4,2.46,4.65,1.62,433.85,,7.36%,5.37%,15.84%,6.73%,18.58%,38.78,0.0091,2461354.0,2025-08-08 17:44:52
BROS,10870000000.0,140.33,75.13,4.33,7.49,13.18,42.72,149.11,37.04%,30.99%,-9.87%,32.42%,39.98%,66.08,-0.0596,6494532.0,2025-08-08 17:44:52
HAS,10870000000.0,,15.02,,2.55,45.06,19.87,16.16,19.96%,7.26%,-7.46%,10.78%,-2.58%,77.49,0.0018,2116430.0,2025-08-08 17:44:52
FHN,10860000000.0,13.81,11.38,1.37,2.22,1.28,,15.51,13.03%,7.40%,-0.31%,10.08%,17.21%,21.41,0.0118,6608950.0,2025-08-08 17:44:52
NCLH,10850000000.0,17.27,9.53,0.97,1.13,6.83,58.95,,11.18%,24.43%,-16.28%,17.74%,7.96%,24.0,-0.0192,12263980.0,2025-08-08 17:44:52
SEIC,10820000000.0,16.43,16.0,1.5,4.9,4.63,13.9,17.6,12.11%,10.64%,6.39%,10.99%,5.19%,87.5,0.0075,407458.0,2025-08-08 17:44:52
AFG,10800000000.0,14.19,11.15,3.29,1.31,2.39,,6.99,-10.71%,20.89%,1.41%,4.31%,0.48%,129.34,0.011200000000000002,716764.0,2025-08-08 17:44:52
SWK,10730000000.0,21.98,11.93,1.34,0.71,1.18,34.03,25.94,5.47%,26.31%,-20.90%,16.42%,3.54%,69.32,0.0084,946449.0,2025-08-08 17:44:52
ERJ,10710000000.0,28.4,21.33,1.4,1.54,3.23,8.52,12.18,4.37%,36.60%,-,20.33%,3.52%,58.39,0.0076,1704155.0,2025-08-08 17:44:52
SAIL,10680000000.0,,71.15,,11.81,1.58,45.58,,259.19%,42.56%,-,-,-,19.19,-0.04190000000000001,2132554.0,2025-08-08 17:44:52
YMM,10630000000.0,22.76,13.8,0.63,6.57,2.24,3.8,,63.29%,22.67%,-,36.23%,34.26%,11.32,-0.026699999999999998,13691164.0,2025-08-08 17:44:52
KTOS,10630000000.0,505.78,86.96,20.09,9.15,7.06,40.32,,4.70%,43.18%,-1.16%,25.18%,9.63%,63.88,0.0812,7214328.0,2025-08-08 17:44:52
DTM,10620000000.0,28.11,21.59,1.93,9.58,2.27,143.57,11.55,19.88%,12.25%,2.80%,14.57%,6.80%,104.58,0.0036,572178.0,2025-08-08 17:44:52
PR,10610000000.0,8.61,9.7,1.19,2.09,0.99,23.52,39.89,-4.24%,-1.51%,90.07%,7.23%,39.57%,13.26,0.0015,10126700.0,2025-08-08 17:44:52
HST,10550000000.0,16.25,19.57,,1.78,1.59,21.54,13.24,-15.93%,-5.77%,-4.68%,-8.64%,0.77%,15.35,0.0052,7666634.0,2025-08-08 17:44:52
SWKS,10550000000.0,28.32,16.79,,2.63,1.87,8.01,7.79,-11.36%,-23.85%,-5.48%,-7.17%,4.35%,71.08,0.0369,2595715.0,2025-08-08 17:44:52
TEM,10540000000.0,,1132.47,,13.12,32.29,48.16,,52.25%,107.12%,-32.48%,-,38.58%,60.87,0.0363,26040743.0,2025-08-08 17:44:52
CHYM,10530000000.0,,,,5.85,,13.95,,87.90%,97.71%,-,-,-,28.89,-0.14679999999999999,7231069.0,2025-08-08 17:44:52
ARMK,10410000000.0,29.31,17.21,1.45,0.58,3.37,17.32,37.09,24.60%,19.19%,-11.14%,20.27%,1.41%,39.62,0.0128,3825352.0,2025-08-08 17:44:52
QGEN,10400000000.0,28.12,18.98,3.9,5.1,2.97,10.91,20.87,4.72%,7.93%,-,7.21%,5.32%,48.04,-0.0066,1226047.0,2025-08-08 17:44:52
HII,10390000000.0,19.82,15.67,1.67,0.9,2.13,30.28,15.57,5.67%,14.51%,1.03%,11.87%,5.33%,264.69,-0.0066,468772.0,2025-08-08 17:44:52
PAC,10350000000.0,26.08,16.82,1.22,5.14,12.31,20.16,35.46,29.89%,19.16%,11.91%,21.46%,16.82%,240.92,-0.004699999999999999,35763.0,2025-08-08 17:44:52
WBA,10330000000.0,,7.64,,0.07,1.44,12.45,17.82,-38.68%,-11.51%,-,-16.95%,1.53%,11.94,0.0034000000000000002,7572178.0,2025-08-08 17:44:52
AKAM,10310000000.0,25.04,10.17,5.13,2.53,2.26,10.67,15.89,2.26%,4.71%,2.41%,4.88%,6.64%,70.53,-0.056600000000000004,5398775.0,2025-08-08 17:44:52
AIZ,10310000000.0,14.72,10.26,1.86,0.84,1.87,,10.64,3.18%,15.40%,19.88%,7.92%,3.35%,203.27,0.0072,402948.0,2025-08-08 17:44:52
UHAL-B,10300000000.0,36.55,,,1.74,1.33,11.74,,-,-,-40.42%,-,7.94%,51.95,-0.010700000000000001,498355.0,2025-08-08 17:44:52
OVV,10260000000.0,17.66,6.64,2.53,1.13,0.99,512.79,6.08,-26.10%,38.73%,36.26%,6.97%,4.93%,39.9,0.025699999999999997,3235103.0,2025-08-08 17:44:52
KNSL,10230000000.0,22.91,21.28,1.91,5.93,5.95,,10.88,14.11%,12.55%,44.11%,11.99%,38.10%,438.87,-0.0026,126833.0,2025-08-08 17:44:52
WMS,10200000000.0,23.72,20.62,3.41,3.5,5.69,15.99,21.93,-3.11%,11.69%,-,6.95%,11.65%,131.41,-0.0158,1002467.0,2025-08-08 17:44:52
MRNA,10160000000.0,,,,3.3,1.08,1.98,,-4.02%,22.83%,-42.94%,19.50%,121.86%,26.12,-0.0184,6589318.0,2025-08-08 17:44:52
APPF,10160000000.0,51.14,44.64,2.36,11.78,22.3,79.48,55.1,22.88%,18.22%,40.31%,21.64%,25.41%,283.36,-0.056600000000000004,635501.0,2025-08-08 17:44:52
EXEL,10150000000.0,18.09,11.71,0.54,4.55,5.01,12.84,13.47,52.80%,19.74%,11.55%,33.29%,17.51%,37.72,0.0088,1902089.0,2025-08-08 17:44:52
MOS,10150000000.0,10.84,10.37,0.8,0.9,0.82,34.46,2360.41,55.59%,0.08%,-,13.53%,4.55%,31.98,0.0095,5399407.0,2025-08-08 17:44:52
UHAL,10150000000.0,40.07,26.93,,1.72,1.46,11.57,,-10.65%,40.07%,-40.42%,-,7.94%,56.96,-0.0253,149570.0,2025-08-08 17:44:52
ALGN,10140000000.0,23.6,12.81,2.96,2.56,2.59,11.25,16.06,8.43%,7.90%,0.33%,7.96%,10.69%,139.88,0.008,1727736.0,2025-08-08 17:44:52
AR,10140000000.0,22.86,8.08,0.19,2.07,1.39,,7.88,664.45%,52.69%,-,122.63%,1.86%,32.81,-0.008199999999999999,3139685.0,2025-08-08 17:44:52
WLK,10130000000.0,,24.42,,0.86,0.99,4.45,,-94.94%,1124.92%,7.33%,-2.77%,8.38%,79.0,-0.0374,1228874.0,2025-08-08 17:44:52
RVTY,10080000000.0,36.85,16.13,5.18,3.6,1.34,10.15,20.14,-0.67%,10.62%,3.37%,7.11%,-0.91%,86.84,0.0044,763351.0,2025-08-08 17:44:52
ATI,10070000000.0,25.25,19.66,1.17,2.23,5.77,31.5,42.77,22.91%,22.89%,6.67%,21.57%,1.14%,73.04,-0.0095,1725495.0,2025-08-08 17:44:52
SFD,10040000000.0,,11.01,,,1.61,10.81,,22.99%,0.25%,-,7.93%,-,25.53,-0.0085,641004.0,2025-08-08 17:44:52
AIT,10020000000.0,26.39,24.72,4.34,2.23,5.5,28.4,22.84,2.09%,6.92%,21.73%,6.08%,5.22%,263.13,-0.0011,280375.0,2025-08-08 17:44:52
TIMB,9970000000.0,15.76,12.38,0.55,2.19,2.16,9.94,6.23,55.72%,17.61%,-8.62%,28.41%,1.39%,20.61,0.0148,354801.0,2025-08-08 17:44:52
GME,9960000000.0,48.29,61.86,,2.71,2.0,1.56,22.96,127.27%,-52.00%,-,-4.22%,-9.98%,22.27,-0.0168,4767563.0,2025-08-08 17:44:52
DOX,9940000000.0,18.07,11.68,2.09,2.14,2.84,29.04,15.57,8.72%,9.34%,4.11%,8.63%,4.13%,89.41,0.0060999999999999995,827005.0,2025-08-08 17:44:52
WCC,9940000000.0,15.99,12.72,1.01,0.45,2.09,14.9,16.06,7.59%,22.01%,20.49%,15.77%,21.15%,204.28,-0.003,458128.0,2025-08-08 17:44:52
AOS,9930000000.0,19.76,16.79,3.08,2.62,5.54,55.79,20.07,2.92%,9.90%,10.33%,6.41%,4.99%,70.83,0.003,1357319.0,2025-08-08 17:44:52
COKE,9910000000.0,19.01,,,1.43,6.08,6.31,20.55,-,-,120.54%,-,7.41%,114.11,-0.0011,308906.0,2025-08-08 17:44:52
KT,9890000000.0,22.0,9.06,0.4,0.52,0.88,3.29,14.99,288.01%,-12.79%,-8.27%,55.52%,-1.47%,20.19,0.002,666697.0,2025-08-08 17:44:52
HTHT,9890000000.0,23.28,14.76,1.63,2.97,7.15,6.52,11.18,17.49%,14.96%,7.49%,14.31%,15.39%,32.43,-0.0083,1744857.0,2025-08-08 17:44:52
MLI,9860000000.0,14.14,12.69,1.61,2.43,3.38,9.27,16.7,20.43%,9.77%,42.73%,8.81%,9.17%,89.08,0.009300000000000001,569757.0,2025-08-08 17:44:52
AGNC,9840000000.0,29.1,5.99,,4.59,1.13,5.26,21.49,-15.88%,-0.18%,-4.32%,-5.43%,35.13%,9.45,0.0043,10821933.0,2025-08-08 17:44:52
CAVA,9840000000.0,70.95,119.85,2.17,9.49,13.55,26.64,,39.64%,21.00%,-,32.69%,-,85.05,-0.0433,4080753.0,2025-08-08 17:44:52
PSO,9820000000.0,17.19,15.4,1.65,2.16,1.95,20.66,7.34,9.89%,11.04%,13.71%,10.44%,-1.66%,14.46,-0.0089,512444.0,2025-08-08 17:44:52
HMY,9810000000.0,17.13,5.93,0.47,2.58,4.04,19.09,18.87,68.59%,53.44%,-,36.10%,12.41%,15.76,-0.0038,3149301.0,2025-08-08 17:44:52
PCTY,9760000000.0,44.05,22.27,4.68,6.12,7.94,24.52,24.09,1.65%,9.01%,28.31%,9.42%,23.23%,176.94,-0.036699999999999997,661959.0,2025-08-08 17:44:52
TTEK,9690000000.0,45.7,24.07,4.22,1.77,5.56,39.9,21.91,20.38%,0.99%,16.83%,10.82%,10.84%,36.87,-0.009899999999999999,1692438.0,2025-08-08 17:44:52
CPB,9670000000.0,21.43,11.96,,0.95,2.5,67.63,13.6,-4.96%,-7.38%,15.98%,-2.57%,3.52%,32.44,-0.0143,3082923.0,2025-08-08 17:44:52
LINE,9530000000.0,,979.3,,1.79,1.1,116.17,,98.56%,179.68%,-,-,-,41.64,-0.0271,1702838.0,2025-08-08 17:44:52
SPXC,9430000000.0,45.05,27.3,3.51,4.59,6.14,70.97,43.12,17.01%,13.10%,20.68%,12.85%,5.46%,201.57,-0.0134,240507.0,2025-08-08 17:44:52
SKX,9420000000.0,15.15,16.54,8.42,1.03,2.09,8.56,83.69,-10.70%,2.48%,13.08%,1.80%,11.43%,62.96,-0.001,2337536.0,2025-08-08 17:44:52
AYI,9410000000.0,24.2,16.09,2.4,2.26,3.65,25.31,18.58,12.77%,8.75%,10.11%,10.08%,0.90%,307.08,0.0074,157383.0,2025-08-08 17:44:52
NIO,9400000000.0,,,,1.0,,2.63,,22.30%,43.40%,0.91%,35.05%,51.82%,4.84,0.0342,35753836.0,2025-08-08 17:44:52
NICE,9400000000.0,20.7,11.01,2.05,3.38,2.62,5.83,11.26,11.20%,9.23%,17.80%,10.12%,11.79%,148.66,0.0002,403245.0,2025-08-08 17:44:52
WBS,9400000000.0,11.34,8.49,1.12,2.2,1.06,,7.97,9.35%,11.80%,1.49%,10.16%,23.90%,55.85,0.009399999999999999,1033392.0,2025-08-08 17:44:52
W,9380000000.0,,33.32,,0.78,,6.79,51.0,1251.91%,23.57%,17.83%,191.70%,5.36%,72.37,-0.0124,2950945.0,2025-08-08 17:44:52
PEN,9380000000.0,63.77,47.76,1.52,7.33,7.24,22.09,58.03,68.74%,34.41%,-23.21%,41.85%,16.89%,240.49,-0.001,280038.0,2025-08-08 17:44:52
NYT,9370000000.0,29.6,23.11,2.52,3.49,4.84,17.35,20.59,13.57%,9.00%,16.23%,11.75%,7.37%,57.49,-0.012,2359149.0,2025-08-08 17:44:52
PCOR,9360000000.0,,37.11,,7.59,7.69,15.08,116.06,37.79%,31.07%,2.04%,33.34%,31.83%,62.32,-0.031200000000000002,1676225.0,2025-08-08 17:44:52
AES,9340000000.0,9.26,5.73,3.05,0.78,2.77,4.42,,0.38%,6.67%,39.18%,3.04%,3.80%,13.12,0.021,6517337.0,2025-08-08 17:44:52
SSB,9330000000.0,13.71,9.88,1.0,3.28,1.06,,,3.86%,28.95%,5.39%,13.75%,27.59%,92.22,0.0048,899265.0,2025-08-08 17:44:52
MGM,9300000000.0,18.83,12.06,1.94,0.54,3.13,4.75,7.26,-6.38%,16.90%,-9.17%,9.71%,5.97%,34.18,-0.015300000000000001,3178221.0,2025-08-08 17:44:52
ORI,9280000000.0,10.58,10.71,2.04,1.07,1.5,,7.72,8.50%,6.09%,-1.55%,5.19%,1.99%,37.36,0.0073,1027377.0,2025-08-08 17:44:52
TTAN,9280000000.0,,135.93,,11.35,6.38,22.06,,75.58%,28.67%,-,44.95%,-,102.31,-0.0708,1273116.0,2025-08-08 17:44:52
ATR,9270000000.0,24.28,21.96,2.73,2.57,3.43,54.62,25.52,3.96%,9.32%,8.59%,8.90%,4.61%,140.75,0.0019,428743.0,2025-08-08 17:44:52
ENSG,9270000000.0,29.0,22.41,2.26,2.01,4.88,22.15,33.49,16.51%,11.85%,20.98%,12.84%,15.91%,160.63,0.0086,372655.0,2025-08-08 17:44:52
DVA,9260000000.0,12.73,10.17,0.88,0.7,,11.18,7.18,11.59%,17.84%,15.27%,14.47%,2.39%,129.5,0.014199999999999999,949567.0,2025-08-08 17:44:52
IVZ,9240000000.0,22.26,9.12,1.52,1.5,0.85,6.19,7.68,5.26%,26.20%,-1.69%,14.68%,-0.47%,20.72,0.0073,2860367.0,2025-08-08 17:44:52
RRX,9230000000.0,36.96,12.26,3.16,1.58,1.38,28.82,10.39,9.07%,14.00%,-12.27%,11.68%,13.26%,139.0,-0.0143,899833.0,2025-08-08 17:44:52
SARO,9220000000.0,130.85,23.35,,1.7,3.78,65.48,,2034.06%,38.31%,-,-,-,27.57,-0.022000000000000002,1492085.0,2025-08-08 17:44:52
STRL,9210000000.0,32.91,29.05,1.19,4.31,10.44,13.17,21.19,51.11%,13.05%,41.23%,27.62%,13.44%,302.69,0.0102,317037.0,2025-08-08 17:44:52
CAG,9190000000.0,8.01,10.0,,0.79,1.03,135.16,7.06,-22.45%,7.88%,6.92%,-3.36%,0.99%,19.25,0.0,9647758.0,2025-08-08 17:44:52
CAE,9160000000.0,31.63,24.62,1.98,2.71,2.69,44.88,23.09,12.47%,19.00%,0.75%,15.98%,4.45%,28.57,0.0004,415774.0,2025-08-08 17:44:52
FYBR,9160000000.0,,,,1.51,1.92,18.13,,-0.29%,34.76%,53.04%,30.35%,-6.04%,36.58,-0.0025,1710610.0,2025-08-08 17:44:52
OGE,9140000000.0,18.63,18.68,3.22,2.84,1.97,18274.59,,4.15%,6.48%,0.30%,5.79%,5.99%,45.37,-0.0103,959589.0,2025-08-08 17:44:52
XP,9130000000.0,11.2,8.86,0.85,2.89,2.51,6.35,1.08,11.09%,15.13%,23.61%,13.21%,18.93%,17.32,-0.0012,2778780.0,2025-08-08 17:44:52
IPG,9120000000.0,21.1,7.92,3.12,0.88,2.46,5.83,10.87,5.73%,7.45%,1.71%,6.77%,0.90%,24.91,0.0032,5884740.0,2025-08-08 17:44:52
BIRK,9050000000.0,33.52,19.86,1.33,4.31,3.0,35.6,29.72,30.29%,24.66%,-,25.11%,-,48.2,-0.0064,1235681.0,2025-08-08 17:44:52
VRNA,9050000000.0,,87.89,,40.61,32.53,20.67,,179.81%,455.90%,7.21%,-,-,105.28,-0.0011,610541.0,2025-08-08 17:44:52
MTSI,9000000000.0,,29.61,,9.92,7.13,12.24,52.37,35.78%,17.52%,-,23.05%,7.86%,120.94,-0.0533,2150966.0,2025-08-08 17:44:52
MMYT,9000000000.0,109.38,50.55,2.48,9.06,,11.24,,72.92%,29.49%,-,44.04%,13.85%,94.54,-0.010700000000000001,497303.0,2025-08-08 17:44:52
FSV,8980000000.0,63.34,30.89,5.36,1.65,7.17,39.92,36.43,17.52%,8.82%,-,11.82%,16.73%,197.54,-0.006,124704.0,2025-08-08 17:44:52
KVYO,8980000000.0,,44.15,,8.32,6.89,9.59,62.44,16.34%,25.95%,-,23.70%,-,32.35,-0.049400000000000006,1969316.0,2025-08-08 17:44:52
PLNT,8970000000.0,47.61,30.8,2.93,7.18,,17.66,43.93,13.64%,17.61%,7.33%,16.23%,11.40%,106.63,0.011899999999999999,1561159.0,2025-08-08 17:44:52
EPAM,8950000000.0,22.52,12.99,2.96,1.77,2.4,8.6,21.85,1.60%,10.19%,11.61%,7.62%,15.56%,158.0,0.0016,1084297.0,2025-08-08 17:44:52
GTLS,8930000000.0,36.83,13.83,1.57,2.1,2.66,25.95,18.71,35.83%,26.48%,25.71%,23.50%,27.90%,198.65,-0.0017000000000000001,5110719.0,2025-08-08 17:44:52
PRMB,8920000000.0,,14.49,,1.7,2.72,21.64,30.43,34.99%,19.89%,-,24.28%,23.47%,23.69,-0.0129,10649791.0,2025-08-08 17:44:52
BBIO,8900000000.0,,,,37.76,,11.76,,-16.53%,47.06%,-3.04%,-,40.48%,46.58,0.0137,2498017.0,2025-08-08 17:44:52
CUBE,8900000000.0,23.67,24.52,,8.13,3.15,620.9,15.57,-9.83%,2.11%,14.30%,-1.05%,10.61%,38.83,-0.017,1335166.0,2025-08-08 17:44:52
ALB,8880000000.0,,,,1.78,1.11,4.92,,25.86%,99.15%,-,-,8.42%,75.48,0.0774,7610747.0,2025-08-08 17:44:52
AM,8820000000.0,19.61,16.31,1.41,7.21,4.23,,13.56,20.95%,12.65%,-,13.94%,6.73%,18.44,-0.0011,1620703.0,2025-08-08 17:44:52
WING,8810000000.0,52.7,61.6,2.45,13.15,,32.03,157.81,7.69%,28.11%,39.91%,21.48%,25.67%,315.36,-0.0464,1098979.0,2025-08-08 17:44:52
PEGA,8760000000.0,44.3,24.24,2.94,5.23,14.03,21.29,21.57,31.00%,6.46%,-,15.09%,10.44%,51.22,-0.0475,2765945.0,2025-08-08 17:44:52
WTS,8750000000.0,28.2,24.96,3.54,3.83,4.62,23.69,27.81,9.45%,8.35%,17.72%,7.96%,7.07%,262.24,0.006,295450.0,2025-08-08 17:44:52
HESM,8750000000.0,15.46,13.77,1.52,5.57,8.6,1943.79,13.13,10.51%,9.90%,-7.52%,10.14%,12.01%,41.64,0.0151,1742809.0,2025-08-08 17:44:52
WAL,8740000000.0,10.41,7.66,0.59,1.72,1.28,,,18.49%,22.96%,7.93%,17.65%,31.59%,79.17,0.0137,759260.0,2025-08-08 17:44:52
REXR,8690000000.0,27.31,32.09,8.43,8.84,1.0,15.49,56.62,13.99%,-16.35%,20.55%,3.24%,28.34%,36.72,-0.0068000000000000005,2108208.0,2025-08-08 17:44:52
MTCH,8680000000.0,17.77,13.53,1.04,2.52,,25.51,9.57,8.36%,21.83%,-0.62%,17.01%,11.15%,36.09,-0.0072,3567941.0,2025-08-08 17:44:52
DSGX,8680000000.0,61.11,46.1,3.73,12.99,5.98,49.22,44.33,12.67%,18.83%,29.35%,16.39%,14.85%,101.23,-0.012,235352.0,2025-08-08 17:44:52
SKM,8680000000.0,9.75,10.98,4.58,0.68,1.12,5.01,4.36,-30.62%,43.40%,4.36%,2.13%,-2.86%,22.66,0.0116,360700.0,2025-08-08 17:44:52
ALV,8630000000.0,12.3,10.31,0.8,0.83,3.5,36.43,19.23,12.09%,16.89%,8.76%,15.40%,3.98%,112.4,-0.006500000000000001,648041.0,2025-08-08 17:44:52
ASR,8610000000.0,14.79,12.51,14.5,5.0,5.03,8.21,18.78,-12.87%,8.31%,21.10%,1.02%,14.36%,310.98,-0.0021,53527.0,2025-08-08 17:44:52
BE,8610000000.0,7829.79,39.98,98.71,5.28,14.46,14.95,211.47,85.11%,77.60%,45.46%,79.32%,13.42%,36.8,0.0,4743825.0,2025-08-08 17:44:52
HLNE,8600000000.0,29.71,26.19,2.52,12.43,8.86,26.71,24.32,1.15%,15.73%,20.24%,11.78%,20.64%,154.54,0.0088,276636.0,2025-08-08 17:44:52
INFA,8600000000.0,,19.25,,5.18,3.14,6.62,20.24,-0.05%,12.47%,-,7.81%,4.65%,24.67,-0.0004,1483965.0,2025-08-08 17:44:52
OSK,8600000000.0,13.48,10.48,1.67,0.83,1.93,44.86,14.6,-6.93%,17.35%,4.74%,8.06%,5.06%,134.36,-0.0064,473496.0,2025-08-08 17:44:52
CMA,8590000000.0,12.86,11.87,1.86,1.83,1.26,,6.41,4.71%,7.16%,-8.69%,6.92%,5.16%,66.86,0.0129,1249938.0,2025-08-08 17:44:52
EGP,8590000000.0,34.74,30.95,4.77,12.64,2.49,261.0,22.29,7.59%,8.15%,7.51%,7.29%,14.05%,161.1,-0.013600000000000001,461242.0,2025-08-08 17:44:52
SRAD,8590000000.0,71.53,52.99,0.82,6.63,7.36,23.46,19.4,294.98%,13.07%,33.48%,87.28%,22.96%,27.62,-0.0152,1922061.0,2025-08-08 17:44:52
FND,8570000000.0,40.84,36.62,3.52,1.86,3.73,48.46,245.55,-4.41%,19.66%,5.78%,11.61%,16.85%,79.6,-0.0009,1714509.0,2025-08-08 17:44:52
MOH,8500000000.0,7.74,7.78,2.34,0.2,1.84,,19.92,-15.99%,5.96%,12.22%,3.30%,19.29%,156.9,0.0123,1308293.0,2025-08-08 17:44:52
PRI,8470000000.000001,12.77,11.09,1.65,2.63,3.64,,10.48,7.38%,9.18%,9.63%,7.76%,8.45%,257.87,0.009399999999999999,147383.0,2025-08-08 17:44:52
LSCC,8420000000.0,268.6,41.58,9.86,17.23,12.24,78.58,72.14,17.02%,40.45%,6.89%,27.24%,4.74%,61.51,0.013000000000000001,3805101.0,2025-08-08 17:44:52
DCI,8400000000.0,24.21,18.54,3.29,2.3,5.75,47.07,28.14,7.22%,6.08%,10.49%,7.36%,4.74%,72.11,0.0003,370983.0,2025-08-08 17:44:52
UMBF,8369999999.999999,12.65,9.63,1.29,2.47,1.22,,14.76,11.22%,9.36%,12.63%,9.79%,16.78%,110.18,0.014499999999999999,356178.0,2025-08-08 17:44:52
LBRDK,8359999999.999999,7.69,12.65,,7.95,0.8,45.68,,-18.26%,-1.01%,56.79%,-2.94%,132.80%,58.3,-0.0088,2104595.0,2025-08-08 17:44:52
LBRDA,8359999999.999999,7.66,12.6,,7.95,0.8,45.68,,-18.26%,-1.01%,56.79%,-2.94%,132.80%,58.06,-0.009000000000000001,132353.0,2025-08-08 17:44:52
BWA,8340000000.0,41.15,7.9,5.82,0.59,1.41,4.09,7.1,4.57%,8.05%,-16.06%,7.07%,6.72%,38.54,0.0089,1971982.0,2025-08-08 17:44:52
NXT,8320000000.0,15.32,12.63,2.87,2.68,4.6,11.19,14.55,-2.84%,8.53%,2.46%,5.33%,20.37%,56.21,0.0088,1647335.0,2025-08-08 17:44:52
WTFC,8289999999.999999,11.71,10.67,1.45,2.02,1.3,,11.46,5.91%,6.27%,11.32%,8.05%,17.26%,123.84,0.0085,215696.0,2025-08-08 17:44:52
PSN,8289999999.999999,21.72,22.24,3.43,1.24,3.29,20.15,15.93,-2.65%,9.98%,10.30%,6.34%,11.29%,77.61,0.0096,964566.0,2025-08-08 17:44:52
OLLI,8289999999.999999,41.55,31.57,3.18,3.54,4.79,22.43,86.74,14.22%,14.21%,8.59%,13.06%,10.04%,135.1,-0.0305,898117.0,2025-08-08 17:44:52
ELAN,8279999999.999999,19.1,17.03,2.72,1.85,1.22,15.36,22.93,-4.15%,12.22%,29.95%,7.01%,7.65%,16.67,0.0115,7532096.0,2025-08-08 17:44:52
CAI,8270000000.0,,173.86,,18.27,,247.56,,19.50%,119.83%,-,-,-,29.75,0.0406,517914.0,2025-08-08 17:44:52
BZ,8260000000.0,37.09,17.98,2.22,7.88,4.25,4.05,,22.56%,14.44%,-,16.70%,47.88%,21.08,0.0268,3017589.0,2025-08-08 17:44:52
KMX,8250000000.0,15.2,12.37,,0.31,1.32,9.74,15.25,21.71%,13.72%,-9.64%,-,5.34%,54.96,-0.0052,1738007.0,2025-08-08 17:44:52
RRC,8240000000.0,17.41,7.77,0.68,2.94,2.0,63358.81,16.27,36.62%,41.71%,-,25.63%,-1.93%,34.58,-0.0083,1868796.0,2025-08-08 17:44:52
AGCO,8180000000.0,82.39,16.64,20.75,0.8,1.96,10.43,11.9,-35.51%,36.17%,-,3.97%,5.22%,109.6,-0.019299999999999998,633791.0,2025-08-08 17:44:52
DAY,8170000000.0,168.54,18.7,9.07,4.41,3.03,13.07,36.45,21.86%,14.00%,-26.59%,18.58%,16.39%,51.17,-0.030899999999999997,1993819.0,2025-08-08 17:44:52
QRVO,8160000000.0,102.81,12.7,8.02,2.24,2.38,7.0,13.9,5.19%,14.07%,-26.96%,12.82%,2.80%,88.09,0.0062,1416280.0,2025-08-08 17:44:52
CVLT,8160000000.0,102.3,38.39,6.84,7.75,22.4,22.46,43.46,13.12%,15.80%,-,14.96%,8.22%,183.53,-0.0121,308687.0,2025-08-08 17:44:52
DINO,8150000000.0,,11.82,,0.3,0.88,9.32,14.15,200.72%,21.28%,-27.69%,64.01%,10.33%,43.55,0.0,2428169.0,2025-08-08 17:44:52
AWI,8140000000.000001,27.87,22.74,2.08,5.22,9.74,100.43,37.28,15.70%,13.39%,4.42%,13.42%,6.85%,188.28,0.0022,393015.0,2025-08-08 17:44:52
ONB,8130000000.000001,12.31,7.93,0.72,2.53,1.03,,16.78,15.22%,22.07%,4.04%,17.01%,26.02%,20.74,0.0132,2531898.0,2025-08-08 17:44:52
INGR,8119999999.999999,12.32,10.69,2.58,1.11,1.91,9.35,10.11,8.46%,2.21%,9.65%,4.77%,3.66%,126.24,-0.0002,345997.0,2025-08-08 17:44:52
ADC,8109999999.999999,43.73,38.49,11.51,12.29,1.48,910.67,17.4,0.64%,6.33%,-1.65%,3.80%,26.92%,73.32,-0.0074,580453.0,2025-08-08 17:44:52
VFS,8090000000.0,,,,3.8,,39.19,,21.69%,24.41%,-,22.22%,-,3.46,-0.005699999999999999,195208.0,2025-08-08 17:44:52
DY,8070000000.0,35.4,25.43,2.15,1.68,6.38,461.62,181.31,13.80%,14.28%,34.51%,16.43%,7.08%,279.13,0.0098,272709.0,2025-08-08 17:44:52
LITE,8070000000.0,,27.44,,5.48,9.17,9.31,,96.19%,113.81%,-72.21%,79.97%,-2.78%,116.27,0.0463,2692833.0,2025-08-08 17:44:52
CBSH,8070000000.0,14.59,13.72,1.55,3.84,2.22,,16.08,11.67%,1.98%,6.66%,9.44%,7.51%,60.46,0.01,358000.0,2025-08-08 17:44:52
HQY,8050000000.000001,67.73,21.13,3.85,6.47,3.8,27.95,23.83,19.50%,18.09%,13.44%,17.59%,17.66%,93.05,0.0132,616384.0,2025-08-08 17:44:52
OTEX,8010000000.0,18.79,6.83,,1.55,2.0,6.92,11.58,8.43%,9.19%,13.84%,-,10.69%,30.91,0.0984,3266099.0,2025-08-08 17:44:52
HSIC,8000000000.0,21.2,12.59,3.2,0.63,2.33,55.15,21.1,1.87%,8.49%,-2.15%,6.62%,4.88%,65.94,0.0006,1931964.0,2025-08-08 17:44:52
ICL,7990000000.0,21.77,13.67,2.36,1.15,1.33,11.4,21.3,-0.59%,19.85%,-3.21%,9.21%,5.35%,6.19,-0.0016,921427.0,2025-08-08 17:44:52
SUN,7960000000.0,25.61,9.54,,0.37,1.74,68.64,27.55,-41.54%,11.94%,16.36%,-8.57%,6.46%,52.13,-0.0034000000000000002,673621.0,2025-08-08 17:44:52
NVMI,7960000000.0,36.94,29.34,2.41,9.86,7.25,14.3,38.37,28.42%,7.24%,35.31%,15.35%,24.49%,270.31,0.029500000000000002,184918.0,2025-08-08 17:44:52
CIGI,7960000000.0,71.5,20.89,5.74,1.54,5.76,33.96,41.93,15.23%,13.62%,4.60%,12.45%,9.62%,157.25,0.002,261119.0,2025-08-08 17:44:52
NFG,7940000000.0,32.89,10.11,1.52,3.79,2.67,201.99,42.73,38.14%,25.63%,-24.87%,21.59%,0.41%,87.89,0.0066,665476.0,2025-08-08 17:44:52
GMED,7940000000.0,22.64,16.01,2.37,3.02,1.84,34.6,15.05,2.24%,14.08%,-13.26%,9.57%,26.25%,58.65,0.08470000000000001,3664877.0,2025-08-08 17:44:52
FRT,7930000000.0,23.16,28.83,,6.42,2.55,44.81,22.67,-1.92%,-5.58%,-5.80%,-0.85%,5.67%,91.3,-0.0115,1020557.0,2025-08-08 17:44:52
CFR,7930000000.0,13.27,12.81,3.12,2.77,1.96,,84.58,6.47%,1.87%,5.42%,4.25%,13.73%,123.28,0.0097,330664.0,2025-08-08 17:44:52
LEVI,7920000000.0,19.77,13.8,2.27,1.25,3.79,10.75,25.37,4.49%,11.03%,-11.54%,8.69%,1.98%,20.01,-0.006500000000000001,1693805.0,2025-08-08 17:44:52
TECH,7900000000.0,111.13,22.25,8.98,6.48,3.92,48.73,29.96,5.31%,12.05%,-20.55%,12.38%,10.55%,50.42,0.0054,1898092.0,2025-08-08 17:44:52
NNN,7900000000.0,19.89,20.34,,8.83,1.81,1170.17,12.21,-7.09%,2.97%,6.65%,-0.14%,5.33%,41.84,-0.0021,691018.0,2025-08-08 17:44:52
BPOP,7880000000.0,11.15,8.88,0.61,1.8,1.32,,16.94,26.90%,13.15%,7.82%,18.38%,10.88%,114.95,0.0116,290400.0,2025-08-08 17:44:52
ESTC,7860000000.0,,28.49,,5.3,8.48,5.61,30.03,12.03%,14.43%,13.24%,12.03%,28.24%,74.51,-0.024399999999999998,2843934.0,2025-08-08 17:44:52
MASI,7860000000.0,,25.0,,4.25,7.54,51.62,47.36,21.11%,8.66%,-,13.79%,17.43%,144.73,-0.0012,903355.0,2025-08-08 17:44:52
AVTR,7840000000.0,11.42,11.19,2.34,1.18,1.25,17.45,14.1,-3.36%,7.43%,-,4.87%,2.35%,11.5,0.0105,11659580.0,2025-08-08 17:44:52
RMBS,7840000000.0,34.48,25.51,1.43,12.14,6.38,13.18,29.91,40.34%,15.58%,-,24.03%,19.96%,72.86,0.0126,895979.0,2025-08-08 17:44:52
BRX,7820000000.0,23.39,26.05,,5.86,2.65,73.9,29.35,-18.32%,8.24%,4.00%,-1.25%,1.92%,25.56,-0.021099999999999997,1176364.0,2025-08-08 17:44:52
AA,7810000000.0,7.74,11.88,0.24,0.6,1.27,4.66,13.42,149.09%,-24.48%,-,32.26%,3.03%,30.17,0.0023,4399540.0,2025-08-08 17:44:52
ROIV,7810000000.0,,,,102.52,1.71,1.6,,-399.82%,-11.17%,-99.51%,-,-,11.49,-0.0052,3416757.0,2025-08-08 17:44:52
SATS,7790000000.0,,,,0.5,0.39,1.72,,-836.51%,-20.74%,7.68%,-,53.02%,27.08,-0.009899999999999999,1901633.0,2025-08-08 17:44:52
EXAS,7760000000.0,,85.15,,2.64,3.14,9.04,45.75,92.54%,215.51%,-54.24%,-,25.78%,40.99,-0.050300000000000004,6207882.0,2025-08-08 17:44:52
MDGL,7710000000.0,,63.83,,14.95,11.04,9.61,,56.77%,157.21%,-32.06%,-,-,345.73,0.01,352909.0,2025-08-08 17:44:52
VNO,7700000000.0,9.13,232.47,0.07,4.27,1.44,5.65,5.53,4149.02%,-90.66%,-69.60%,128.91%,-1.47%,36.91,-0.0184,975725.0,2025-08-08 17:44:52
GIL,7700000000.0,16.4,13.24,1.32,2.3,5.43,89.53,25.27,15.98%,11.95%,14.09%,12.38%,2.94%,51.58,-0.013999999999999999,381495.0,2025-08-08 17:44:52
PARA,7680000000.0,,8.02,,0.27,0.45,2.8,15.15,-17.22%,7.96%,-,-6.14%,1.59%,11.04,0.0,0.0,2025-08-08 17:44:52
ZION,7680000000.0,9.5,8.88,1.24,1.54,1.18,,7.86,15.11%,2.84%,3.54%,7.63%,8.98%,52.04,0.016399999999999998,1348979.0,2025-08-08 17:44:52
AAL,7670000000.0,14.94,7.07,2.67,0.14,,0.82,4.91,-76.52%,257.35%,-20.93%,5.59%,3.44%,11.62,-0.009399999999999999,42389133.0,2025-08-08 17:44:52
FSS,7620000000.0,34.88,27.59,2.33,3.86,6.04,117.82,33.65,20.40%,13.00%,14.76%,14.96%,8.79%,125.39,-0.006,338350.0,2025-08-08 17:44:52
CORT,7620000000.0,64.34,33.17,1.0,10.64,11.97,22.26,42.26,-12.60%,102.79%,9.89%,64.15%,17.11%,72.3,0.0115,666613.0,2025-08-08 17:44:52
G,7610000000.0,14.44,11.21,1.51,1.55,2.93,11.48,13.46,8.15%,9.49%,12.75%,9.58%,6.28%,43.54,0.0436,2940103.0,2025-08-08 17:44:52
SSD,7580000000.0,23.1,20.29,,3.33,4.07,39.83,51.7,8.42%,8.45%,20.58%,-,14.45%,181.31,-0.004,227015.0,2025-08-08 17:44:52
LKQ,7580000000.0,10.82,8.59,5.08,0.54,1.16,26.23,11.21,-10.34%,9.94%,8.48%,2.13%,2.80%,29.46,-0.0097,4160330.0,2025-08-08 17:44:52
DBX,7570000000.0,16.5,9.32,2.89,2.99,,7.93,8.54,7.93%,7.48%,-,5.71%,8.93%,26.91,0.0271,7158938.0,2025-08-08 17:44:52
SAIA,7560000000.0,26.21,24.42,10.12,2.34,3.09,401.12,,-32.75%,27.86%,25.72%,2.59%,12.43%,283.72,-0.002,233445.0,2025-08-08 17:44:52
AXS,7540000000.0,9.28,7.69,1.3,1.22,1.34,,,5.37%,6.48%,29.99%,7.13%,3.12%,96.47,0.0059,796602.0,2025-08-08 17:44:52
UGI,7530000000.0,18.51,10.98,5.69,1.03,1.56,20.35,17.0,3.69%,0.74%,-2.45%,3.25%,-0.29%,35.11,-0.009899999999999999,1549630.0,2025-08-08 17:44:52
MHK,7490000000.0,16.03,11.36,2.11,0.7,0.9,13.71,15.58,-6.37%,16.88%,-4.60%,7.59%,1.68%,120.61,0.0013,490508.0,2025-08-08 17:44:52
CDE,7490000000.0,29.87,13.76,0.37,5.13,2.65,67.06,30.08,314.33%,13.54%,-,80.71%,8.54%,11.65,0.032799999999999996,19456468.0,2025-08-08 17:44:52
LAD,7490000000.0,8.65,7.66,0.63,0.2,1.07,18.41,15.42,16.53%,9.12%,20.60%,13.69%,23.35%,291.97,-0.0029,253243.0,2025-08-08 17:44:52
EDU,7450000000.0,20.2,12.11,1.97,1.52,2.02,1.57,,3.89%,14.33%,-2.49%,10.24%,6.53%,45.58,-0.006500000000000001,1179905.0,2025-08-08 17:44:52
BILI,7440000000.0,,22.47,,1.91,4.74,3.09,,9794.79%,49.96%,1.81%,-,30.61%,22.75,-0.0104,1349280.0,2025-08-08 17:44:52
HRB,7410000000.0,13.55,10.76,1.49,2.0,,9.38,11.43,19.05%,-2.00%,15.11%,9.12%,3.13%,55.35,0.0036,1011286.0,2025-08-08 17:44:52
ZWS,7400000000.0,43.63,28.08,4.33,4.58,4.73,36.65,26.28,11.72%,9.97%,-7.41%,10.08%,-5.41%,44.16,-0.0088,720771.0,2025-08-08 17:44:52
AN,7400000000.0,12.29,9.36,1.3,0.27,3.0,78.97,,12.50%,6.72%,27.76%,9.44%,4.64%,196.23,0.009399999999999999,241120.0,2025-08-08 17:44:52
GAP,7390000000.0,8.63,8.65,2.06,0.49,2.23,3.33,8.4,-1.45%,5.54%,18.81%,4.19%,-1.64%,19.8,-0.0149,5251692.0,2025-08-08 17:44:52
STWD,7370000000.0,18.28,9.76,,4.03,1.06,15.53,28.74,-8.86%,10.65%,-9.26%,-0.08%,9.13%,19.88,0.0051,2334218.0,2025-08-08 17:44:52
HALO,7360000000.0,14.37,8.05,0.45,6.24,22.23,13.42,13.61,41.44%,30.54%,-,31.87%,38.95%,62.9,0.0129,1592660.0,2025-08-08 17:44:52
DDS,7350000000.0,13.02,18.97,,1.12,3.96,6.35,11.94,-18.34%,-12.89%,53.08%,-11.84%,0.77%,471.06,0.0075,91796.0,2025-08-08 17:44:52
FIVE,7350000000.0,27.99,25.64,4.92,1.82,3.96,11.78,27.79,-6.80%,10.86%,8.09%,5.69%,15.99%,133.52,0.0060999999999999995,721830.0,2025-08-08 17:44:52
NNNN,7350000000.0,842.57,,,830.18,121.3,603.21,3265.37,-,-,-,-,-,51.06,0.10880000000000001,110715.0,2025-08-08 17:44:52
ALSN,7340000000.0,9.96,9.26,0.76,2.29,4.19,9.43,11.3,-0.59%,14.72%,11.09%,13.05%,3.63%,87.73,0.0037,674701.0,2025-08-08 17:44:52
ZK,7330000000.0,,14.7,,0.64,,5.37,,35.34%,180.11%,-,-,118.66%,28.95,0.0003,157384.0,2025-08-08 17:44:52
PSLV,7320000000.0,,,,,,,,-,-,-,-,-,13.0,0.0023,15814513.0,2025-08-08 17:44:52
CRL,7320000000.0,,13.91,,1.82,2.18,39.95,12.65,-2.30%,6.08%,-47.65%,4.04%,9.09%,148.74,-0.0069,656674.0,2025-08-08 17:44:52
PDI,7310000000.0,8.74,,,,,,,-,-,-,-,-,19.32,0.001,2746945.0,2025-08-08 17:44:52
GDS,7310000000.0,,,,4.71,2.21,6.95,209.93,-41.11%,-121.31%,-9.65%,-4.37%,19.18%,36.37,-0.0241,808791.0,2025-08-08 17:44:52
EXP,7310000000.0,16.59,14.66,2.82,3.2,4.92,122.3,23.25,0.74%,9.39%,52.38%,5.89%,9.99%,225.16,0.0040999999999999995,268415.0,2025-08-08 17:44:52
MUSA,7290000000.0,15.64,14.65,2.62,0.37,11.28,134.76,19.99,-2.85%,9.14%,37.76%,5.98%,7.60%,377.9,0.015,273968.0,2025-08-08 17:44:52
TTC,7280000000.0,18.9,15.91,2.8,1.6,4.95,41.25,15.98,1.39%,9.70%,44.13%,6.75%,43.01%,73.77,0.0045000000000000005,558467.0,2025-08-08 17:44:52
BULL,7270000000.0,96.96,,,61.95,,6.04,80791.12,-,-,-,-,-,15.0,-0.0209,8855386.0,2025-08-08 17:44:52
VMI,7270000000.0,34.27,17.8,3.25,1.78,6.63,34.85,13.39,8.42%,10.99%,20.64%,10.53%,8.05%,368.2,0.0005,139418.0,2025-08-08 17:44:52
R,7250000000.0,15.17,11.83,1.27,0.57,2.36,40.27,258.88,8.46%,15.45%,-,11.91%,7.20%,177.7,0.0109,357202.0,2025-08-08 17:44:52
OBDC,7240000000.0,9.43,9.38,,4.71,0.94,11.4,10.64,-17.16%,-4.23%,-0.11%,-13.86%,15.95%,14.17,0.0064,2547986.0,2025-08-08 17:44:52
TIGO,7240000000.0,20.4,11.63,0.98,1.27,2.07,12.43,5.89,37.47%,16.08%,20.47%,20.87%,6.01%,42.05,-0.021400000000000002,1329019.0,2025-08-08 17:44:52
LNC,7230000000.0,6.66,4.87,0.98,0.39,0.84,,7.73,7.31%,3.33%,33.25%,6.82%,3.77%,38.16,-0.0026,2578949.0,2025-08-08 17:44:52
UWMC,7230000000.0,,10.65,,2.78,5.28,14.75,,38.91%,90.94%,-,53.01%,-,4.52,0.0044,11891407.0,2025-08-08 17:44:52
APA,7220000000.0,6.71,7.01,,0.72,1.22,67.48,4.6,-22.26%,-2.67%,-,-6.95%,8.45%,20.01,0.028300000000000002,11132152.0,2025-08-08 17:44:52
FOUR,7220000000.0,30.24,12.08,1.07,2.0,8.93,2.16,15.98,34.61%,29.04%,-,28.16%,35.42%,81.61,-0.020499999999999997,2382955.0,2025-08-08 17:44:52
SIRI,7210000000.0,,6.97,,0.84,0.64,78.4,7.27,145.21%,10.71%,-,-,2.22%,21.42,0.0052,4077793.0,2025-08-08 17:44:52
LW,7180000000.0,20.57,15.46,4.86,1.11,4.13,101.57,31.21,-13.75%,15.36%,0.13%,4.23%,11.21%,51.55,-0.0109,1063621.0,2025-08-08 17:44:52
JBS,7170000000.0,14.57,9.63,1.85,,3.47,358507.52,25.39,22.37%,-23.34%,-4.60%,7.89%,-,14.29,0.0178,4354428.0,2025-08-08 17:44:52
TFII,7150000000.0,19.92,14.15,2.03,0.87,2.67,256.04,9.76,-20.00%,32.36%,12.25%,9.82%,16.56%,86.17,-0.0046,223692.0,2025-08-08 17:44:52
BIO,7150000000.0,22.52,24.41,4.43,2.8,1.0,5.2,19.28,-3.44%,8.73%,-,5.08%,2.11%,264.21,-0.004,211846.0,2025-08-08 17:44:52
MOD,7150000000.0,39.03,22.28,1.62,2.74,7.07,57.42,61.74,15.64%,30.53%,-,24.15%,5.51%,136.2,0.0078000000000000005,680497.0,2025-08-08 17:44:52
IBP,7120000000.0,28.67,24.51,124.67,2.41,10.6,23.33,25.72,-9.14%,4.79%,31.88%,0.23%,14.24%,257.87,0.0104,1508061.0,2025-08-08 17:44:52
KD,7090000000.0,25.09,8.98,0.45,0.47,5.75,4.84,29.56,87.61%,53.08%,-,55.36%,-5.78%,30.69,0.0169,3294381.0,2025-08-08 17:44:52
EMN,7080000000.0,8.66,8.4,4.65,0.76,1.21,16.73,17.43,-22.18%,19.53%,6.97%,1.86%,0.27%,61.62,0.005699999999999999,1246570.0,2025-08-08 17:44:52
CHDN,7080000000.0,17.34,14.77,2.0,2.5,6.8,24.77,19.26,2.68%,12.55%,27.39%,8.68%,15.51%,100.9,-0.0124,617476.0,2025-08-08 17:44:52
BEP,7060000000.0,,23.8,,1.16,2.12,2.79,,165.48%,79.43%,-6.51%,-,1.92%,24.89,-0.022000000000000002,566260.0,2025-08-08 17:44:52
JBTM,7050000000.0,,19.89,,2.61,1.61,53.85,24.32,20.48%,11.05%,-8.03%,21.42%,-2.43%,135.74,0.0079,374775.0,2025-08-08 17:44:52
BXSL,7010000000.0,9.7,10.08,,5.08,1.11,,,-8.69%,-5.47%,-,-,-,30.54,0.0139,805437.0,2025-08-08 17:44:52
ADT,7000000000.0,12.61,8.73,0.93,1.38,1.92,45.92,5.07,15.95%,10.97%,-,13.54%,-0.90%,8.42,-0.0036,9320700.0,2025-08-08 17:44:52
MKTX,6990000000.0,31.47,22.41,3.19,8.31,5.05,13.45,19.31,2.12%,12.26%,6.16%,9.86%,9.85%,187.01,0.013999999999999999,707457.0,2025-08-08 17:44:52
PNFP,6970000000.0,11.92,9.59,0.76,2.24,1.09,,9.96,15.66%,17.72%,2.69%,15.74%,19.40%,89.92,0.0246,1419482.0,2025-08-08 17:44:52
DLB,6950000000.0,26.66,17.18,4.0,5.16,2.67,9.18,15.88,4.49%,6.65%,1.97%,6.67%,0.51%,72.56,0.008100000000000001,301505.0,2025-08-08 17:44:52
NEU,6940000000.0,14.63,,,2.5,4.3,98.72,13.21,-,-,16.23%,-,4.93%,738.17,0.0194,75259.0,2025-08-08 17:44:52
OTF,6910000000.0,10.52,10.1,,9.95,0.87,6.9,,-15.60%,6.51%,12.60%,-,52.20%,14.86,0.0,129390.0,2025-08-08 17:44:52
RGC,6910000000.0,,,,,27.07,867.84,,-,-,-60.65%,-,-,13.97,0.0599,288475.0,2025-08-08 17:44:52
STEP,6900000000.0,,24.28,,5.08,29.84,28.21,19.38,-9.07%,29.17%,-,10.49%,21.01%,58.47,0.0178,930071.0,2025-08-08 17:44:52
CGNX,6870000000.0,57.26,35.37,1.82,7.39,4.56,30.1,38.24,47.16%,26.78%,-11.96%,31.40%,4.74%,40.91,-0.0109,1457801.0,2025-08-08 17:44:52
IESC,6870000000.0,28.1,,,2.11,8.79,39.19,32.23,-,-,44.73%,-,21.78%,345.9,0.0304,110800.0,2025-08-08 17:44:52
URBN,6850000000.0,16.01,13.83,1.12,1.21,2.82,14.42,23.64,23.48%,10.22%,20.59%,14.32%,6.86%,76.4,-0.0184,2179830.0,2025-08-08 17:44:52
VOYA,6840000000.0,14.24,7.14,0.88,0.88,1.47,,7.32,16.97%,17.38%,2.70%,16.23%,1.49%,71.04,0.0059,663409.0,2025-08-08 17:44:52
WIX,6840000000.0,44.21,16.12,3.3,3.66,,6.07,12.34,6.79%,11.66%,-,13.41%,18.26%,122.85,-0.0797,2135604.0,2025-08-08 17:44:52
BFAM,6820000000.0,43.09,24.24,2.41,2.5,5.17,50.45,31.87,22.50%,15.70%,-4.67%,17.86%,5.43%,119.2,-0.0085,530168.0,2025-08-08 17:44:52
FLS,6820000000.0,23.64,13.75,1.41,1.47,3.06,10.84,17.09,27.40%,13.15%,3.33%,16.77%,2.96%,52.14,-0.0042,1125258.0,2025-08-08 17:44:52
MSA,6820000000.0,24.83,19.86,3.36,3.73,5.46,46.08,27.0,2.58%,11.04%,15.70%,7.40%,5.22%,174.18,-0.015600000000000001,285686.0,2025-08-08 17:44:52
IDCC,6820000000.0,18.83,36.42,,7.64,6.29,7.19,20.36,1.74%,-40.93%,78.91%,-9.45%,22.19%,264.21,-0.0067,178635.0,2025-08-08 17:44:52
EXLS,6820000000.0,29.21,19.52,2.11,3.46,6.44,18.68,24.53,15.27%,13.66%,25.37%,13.85%,13.15%,42.2,0.0033,1148871.0,2025-08-08 17:44:52
LEGN,6810000000.0,,57.66,,9.35,6.69,6.77,,20.29%,267.72%,0.79%,-,61.40%,37.0,-0.0115,1177602.0,2025-08-08 17:44:52
FLR,6770000000.0,1.72,17.39,0.35,0.42,1.14,2.98,27.87,-8.38%,13.34%,-,4.87%,-1.19%,41.89,-0.0508,5122073.0,2025-08-08 17:44:52
GH,6760000000.0,,,,8.16,,10.75,,14.69%,13.60%,-33.61%,20.21%,28.08%,54.23,0.0762,4595615.0,2025-08-08 17:44:52
GGAL,6760000000.0,5.5,6.68,1.77,0.67,1.3,,12.16,-45.61%,51.63%,13.02%,3.11%,22.89%,51.02,-0.011200000000000002,728394.0,2025-08-08 17:44:52
EAT,6760000000.0,20.97,15.36,0.54,1.32,26.05,386.01,17.27,116.24%,11.61%,-3.02%,38.82%,6.53%,151.97,-0.0471,1356575.0,2025-08-08 17:44:52
JAZZ,6750000000.0,,5.18,,1.65,1.82,4.04,5.34,-74.77%,307.70%,-1.00%,4.50%,13.48%,111.3,-0.006999999999999999,893671.0,2025-08-08 17:44:52
ESAB,6750000000.0,26.57,18.98,2.89,2.46,3.26,26.12,26.13,3.59%,11.69%,13.24%,9.19%,8.88%,111.13,-0.0408,406786.0,2025-08-08 17:44:52
GPK,6740000000.0,12.88,10.07,32.19,0.78,2.1,56.14,,-17.78%,10.34%,25.19%,0.40%,7.41%,22.74,-0.0044,2452767.0,2025-08-08 17:44:52
IDA,6730000000.0,21.9,19.54,2.77,3.7,1.98,14.19,,6.02%,9.37%,3.59%,7.91%,6.39%,124.58,-0.0032,272834.0,2025-08-08 17:44:52
FBIN,6730000000.0,17.62,13.2,2.95,1.5,2.88,28.51,17.09,-7.30%,11.18%,4.20%,5.98%,-4.38%,56.05,-0.0106,3997424.0,2025-08-08 17:44:52
VIPS,6680000000.0,7.98,6.12,2.08,0.45,1.42,1.67,,1.65%,5.68%,18.03%,3.84%,2.28%,15.34,0.0146,3532055.0,2025-08-08 17:44:52
GTLB,6680000000.0,405.42,43.18,21.69,8.3,8.26,6.04,30351.75,1.51%,24.60%,46.64%,18.69%,56.36%,40.42,-0.028399999999999998,4165586.0,2025-08-08 17:44:52
KNX,6670000000.0,40.5,17.02,0.81,0.9,0.94,19.66,249.34,38.42%,64.58%,-16.59%,49.91%,8.87%,41.11,-0.008199999999999999,1959943.0,2025-08-08 17:44:52
MKSI,6660000000.0,25.26,12.0,2.15,1.78,2.62,9.89,13.55,7.57%,16.97%,1.99%,11.73%,13.55%,99.37,0.0060999999999999995,1202437.0,2025-08-08 17:44:52
JHG,6660000000.0,16.09,10.63,2.21,2.48,1.4,2.83,11.03,3.22%,10.20%,3.04%,7.29%,2.75%,42.68,0.005699999999999999,1123108.0,2025-08-08 17:44:52
SLM,6650000000.0,16.1,9.16,1.03,2.26,3.13,1.56,,15.47%,12.49%,15.53%,15.60%,4.97%,31.89,0.0105,876117.0,2025-08-08 17:44:52
SNV,6640000000.0,9.19,8.52,0.81,1.82,1.31,,9.35,23.77%,2.43%,-2.64%,11.36%,7.51%,47.87,0.0172,1665932.0,2025-08-08 17:44:52
IONS,6640000000.0,,,,7.03,10.49,2.89,,11.79%,-16.98%,-,21.66%,-8.88%,41.64,0.0144,1739246.0,2025-08-08 17:44:52
OMF,6640000000.0,10.09,6.92,0.38,1.11,2.0,4.39,2.31,30.58%,26.31%,-7.54%,26.69%,3.65%,55.83,0.004,472357.0,2025-08-08 17:44:52
LNW,6620000000.0,19.96,12.31,0.68,2.07,9.44,24.89,20.12,40.86%,23.61%,-,29.51%,-1.28%,78.86,0.0127,3362011.0,2025-08-08 17:44:52
UPST,6620000000.0,,28.1,,7.77,9.15,9.43,,910.75%,50.93%,-195.32%,-,31.13%,68.76,-0.0111,5505365.0,2025-08-08 17:44:52
STAG,6600000000.0,27.41,37.39,15.66,8.22,1.88,184.19,,14.19%,-22.01%,24.35%,1.75%,13.58%,34.63,-0.0069,1018311.0,2025-08-08 17:44:52
CTRE,6590000000.0,27.44,22.37,1.2,17.65,1.99,21.53,21.89,74.05%,5.64%,10.17%,22.84%,12.64%,32.9,0.0108,2766836.0,2025-08-08 17:44:52
BYD,6570000000.0,12.63,10.56,1.51,1.63,4.74,20.11,14.17,4.84%,13.01%,34.95%,8.37%,3.39%,81.97,-0.0019,1166868.0,2025-08-08 17:44:52
FR,6560000000.0,23.5,28.75,,9.36,2.41,187.65,42.47,-28.14%,7.16%,2.90%,-5.32%,9.40%,48.05,-0.0064,606092.0,2025-08-08 17:44:52
AAON,6550000000.0,42.3,30.5,2.49,5.2,8.03,2752.77,,-0.41%,31.23%,24.26%,17.00%,20.67%,80.52,-0.026699999999999998,1953482.0,2025-08-08 17:44:52
LCID,6540000000.0,,,,7.04,2.72,2.32,,26.40%,28.38%,54.19%,27.97%,277.54%,2.13,-0.0184,68040799.0,2025-08-08 17:44:52
OLED,6540000000.0,26.86,23.9,1.68,9.88,3.82,12.46,45.68,10.92%,11.67%,9.75%,16.01%,9.84%,137.65,-0.0064,454416.0,2025-08-08 17:44:52
RVMD,6540000000.0,,,,,3.51,3.06,,-48.22%,-6.80%,-27.80%,-12.92%,-,35.0,0.0014000000000000002,3790282.0,2025-08-08 17:44:52
AHR,6540000000.0,,53.66,,3.04,2.75,38.49,43.75,231.90%,97.39%,-3.81%,-,76.54%,40.51,0.0163,1697685.0,2025-08-08 17:44:52
LRN,6520000000.0,24.84,16.56,1.31,2.71,4.4,6.62,14.7,32.47%,14.50%,58.08%,19.01%,18.24%,149.45,0.0375,991018.0,2025-08-08 17:44:52
RITM,6510000000.0,9.49,5.51,2.82,1.24,0.97,3.03,10.78,1.49%,4.47%,4.44%,3.37%,10.41%,12.27,0.0066,1965605.0,2025-08-08 17:44:52
VIRT,6490000000.0,9.63,9.47,0.99,2.21,2.56,8.21,3.02,38.34%,-8.72%,-,9.71%,15.31%,42.44,-0.0002,794200.0,2025-08-08 17:44:52
SANM,6460000000.0,25.96,17.53,1.75,0.8,2.82,7.71,17.75,12.64%,16.31%,14.62%,14.81%,-1.67%,121.25,0.0187,1082700.0,2025-08-08 17:44:52
STVN,6450000000.0,44.14,31.46,2.41,5.18,3.93,58.34,,8.79%,23.24%,23.16%,18.30%,14.74%,23.63,-0.0236,364362.0,2025-08-08 17:44:52
SNDK,6440000000.0,,,,,0.7,4.28,,-,-,-,-,-,44.34,0.0897,3366358.0,2025-08-08 17:44:52
BOKF,6440000000.0,12.11,11.3,2.86,1.9,1.09,,5.5,3.31%,6.56%,2.97%,4.24%,10.12%,101.28,0.009899999999999999,133366.0,2025-08-08 17:44:52
KBR,6430000000.0,17.02,11.84,1.6,0.8,4.32,15.95,15.16,15.44%,9.25%,14.43%,10.65%,6.54%,49.88,0.0006,1643843.0,2025-08-08 17:44:52
TMHC,6420000000.0,7.5,8.46,1.21,0.76,1.06,47.82,12.27,-3.18%,-4.06%,28.59%,6.18%,11.39%,64.96,0.01,646110.0,2025-08-08 17:44:52
WH,6410000000.0,19.68,15.74,1.75,4.42,11.3,128.22,21.88,8.83%,13.20%,17.29%,11.22%,-7.34%,83.96,0.002,630326.0,2025-08-08 17:44:52
TREX,6410000000.0,34.44,23.81,3.44,5.68,6.48,1161.32,,6.21%,13.10%,11.12%,10.02%,9.09%,59.78,-0.0273,1548658.0,2025-08-08 17:44:52
MIDD,6400000000.0,15.22,12.4,2.26,1.67,1.7,12.52,11.03,-6.09%,8.33%,4.54%,6.74%,5.54%,119.71,-0.0038,1252786.0,2025-08-08 17:44:52
FAF,6380000000.0,34.63,10.51,0.46,0.98,1.25,,9.58,283.53%,23.44%,-27.38%,75.41%,-0.25%,62.7,0.0026,454979.0,2025-08-08 17:44:52
KNTK,6350000000.0,56.71,19.53,1.5,3.76,,591.59,17.58,32.52%,56.48%,-,37.89%,62.41%,41.3,-0.0055000000000000005,782197.0,2025-08-08 17:44:52
CHE,6340000000.0,22.38,17.29,4.24,2.53,5.27,25.38,17.08,-4.40%,13.85%,8.37%,5.28%,4.63%,435.33,0.001,148415.0,2025-08-08 17:44:52
LOAR,6330000000.0,177.48,76.41,4.74,14.86,5.72,78.59,114.34,64.88%,27.80%,-,37.42%,-,67.62,-0.0493,926119.0,2025-08-08 17:44:52
LPX,6320000000.0,21.42,18.94,,2.19,3.65,18.99,22.91,-45.24%,48.88%,-,-1.70%,4.95%,90.81,-0.0187,623104.0,2025-08-08 17:44:52
USM,6310000000.0,,67.5,,1.7,1.38,31.41,17.34,277.17%,34.97%,-,-,-1.29%,74.25,-0.004699999999999999,508213.0,2025-08-08 17:44:52
JXN,6310000000.0,,4.07,,1.12,0.65,,1.12,7.94%,9.59%,-,9.38%,-1.22%,90.56,0.0184,621513.0,2025-08-08 17:44:52
PB,6290000000.0,12.04,10.46,0.94,3.54,0.83,,14.13,12.80%,10.91%,2.21%,12.84%,13.25%,66.06,0.0101,647387.0,2025-08-08 17:44:52
CWST,6290000000.0,548.01,69.74,68.59,3.65,4.05,28.89,69.11,-21.55%,34.15%,-19.23%,7.99%,15.94%,99.08,-0.0027,587241.0,2025-08-08 17:44:52
ROAD,6290000000.0,82.03,37.22,2.0,2.57,7.36,54.06,41.15,62.85%,41.33%,9.35%,40.97%,18.42%,112.22,0.073,976447.0,2025-08-08 17:44:52
TX,6280000000.0,,6.8,,0.38,0.52,1.67,,1442.47%,29.75%,-,-,11.30%,32.0,0.023700000000000002,189879.0,2025-08-08 17:44:52
CDP,6270000000.0,21.87,21.11,3.95,8.35,2.09,294.31,25.07,7.07%,-0.10%,-6.46%,5.54%,3.27%,27.77,-0.014499999999999999,608039.0,2025-08-08 17:44:52
CADE,6260000000.0,12.16,9.73,0.91,2.14,1.11,,10.28,5.69%,20.37%,3.78%,13.38%,22.49%,34.28,0.0097,936816.0,2025-08-08 17:44:52
MTG,6260000000.0,8.9,8.86,2.07,5.14,1.23,,8.13,3.44%,1.88%,9.32%,4.31%,-0.10%,27.17,0.0268,2097625.0,2025-08-08 17:44:52
RGEN,6260000000.0,,50.73,,9.29,3.04,8.83,59.09,6.46%,30.57%,-,22.13%,18.61%,111.43,-0.0184,635942.0,2025-08-08 17:44:52
SBSW,6260000000.0,,10.06,,1.02,2.68,7.36,,240.43%,84.14%,-,76.41%,3.92%,8.84,0.0103,7405319.0,2025-08-08 17:44:52
ARW,6230000000.0,13.67,8.45,0.62,0.22,0.98,28.05,13.3,-2.29%,38.67%,-,22.18%,-0.70%,120.89,0.02,469966.0,2025-08-08 17:44:52
AL,6210000000.0,6.74,10.83,0.28,2.27,0.75,13.52,,172.57%,-43.51%,-8.14%,24.13%,4.96%,55.52,0.0045000000000000005,539787.0,2025-08-08 17:44:52
CCCS,6200000000.0,4533.33,23.36,519.28,6.22,2.89,112.62,27.42,-4.44%,15.25%,-,8.73%,10.53%,9.52,-0.0196,7045148.0,2025-08-08 17:44:52
LFUS,6180000000.0,51.97,20.27,2.5,2.73,2.38,9.01,19.61,22.17%,18.73%,-6.52%,20.75%,7.81%,249.31,0.0077,132753.0,2025-08-08 17:44:52
MNSO,6180000000.0,18.4,13.25,1.16,2.52,4.24,6.17,,2.99%,26.18%,-,15.91%,13.08%,20.14,-0.0127,249125.0,2025-08-08 17:44:52
ACHR,6160000000.0,,,,,5.28,5.94,,35.39%,-3.17%,-60.86%,16.30%,-,9.72,-0.008199999999999999,22634966.0,2025-08-08 17:44:52
AXTA,6150000000.0,13.95,10.39,1.66,1.18,2.71,9.79,14.96,6.69%,9.02%,10.93%,8.41%,3.31%,28.39,-0.0028000000000000004,1811626.0,2025-08-08 17:44:52
PJT,6150000000.0,30.32,23.98,1.77,4.0,25.63,19.3,12.94,26.41%,16.04%,32.29%,17.14%,15.74%,176.56,-0.006,194645.0,2025-08-08 17:44:52
AMTM,6110000000.0,117.54,10.56,12.03,0.48,1.37,8.29,44.37,7.85%,9.74%,-,9.77%,-,25.13,-0.028999999999999998,1299715.0,2025-08-08 17:44:52
ESNT,6110000000.0,8.82,8.3,2.36,4.91,1.09,,7.08,1.25%,4.66%,3.89%,3.74%,7.47%,60.27,0.057,1418328.0,2025-08-08 17:44:52
RLI,6110000000.0,19.03,21.14,6.97,3.41,3.52,,9.82,8.62%,0.96%,12.05%,2.73%,12.02%,66.54,-0.0018,400100.0,2025-08-08 17:44:52
RYTM,6110000000.0,,,,39.09,,20.99,,32.98%,31.14%,-2.34%,-,-,91.98,-0.0054,819638.0,2025-08-08 17:44:52
BEPC,6090000000.0,,72.15,,1.12,38.49,7.61,,-148.21%,186.24%,24.37%,-,5.80%,33.91,-0.012199999999999999,744510.0,2025-08-08 17:44:52
CEF,6090000000.0,,,,,,,,-,-,-,-,-,31.45,0.001,642097.0,2025-08-08 17:44:52
GTES,6090000000.0,30.38,13.8,2.73,1.79,1.86,8.46,18.17,6.83%,15.29%,-20.79%,11.11%,2.00%,23.63,-0.0105,1529360.0,2025-08-08 17:44:52
KRMN,6060000000.0,,81.75,,,16.76,220.76,,396.88%,40.88%,-,108.33%,-,45.78,-0.0504,3047043.0,2025-08-08 17:44:52
CMC,6050000000.0,174.09,12.17,89.28,0.79,1.48,6.77,16.07,-24.95%,42.91%,20.04%,1.95%,6.34%,54.02,0.0173,852043.0,2025-08-08 17:44:52
MOG-A,6050000000.0,28.79,19.76,2.59,1.62,3.15,102.46,155.79,5.06%,17.02%,5.23%,11.10%,4.44%,189.51,-0.0060999999999999995,128221.0,2025-08-08 17:44:52
THG,6040000000.0,11.12,10.13,1.23,0.94,1.88,,7.15,21.99%,2.42%,2.25%,9.03%,4.98%,168.86,-0.0042,228398.0,2025-08-08 17:44:52
ETSY,6040000000.0,48.71,22.31,4.28,2.13,,4.27,9.67,-42.45%,101.89%,25.24%,11.37%,27.97%,60.91,0.0069,4388442.0,2025-08-08 17:44:52
BBWI,6030000000.0,7.62,7.55,0.96,0.82,,9.49,7.72,5.73%,8.58%,3.75%,7.96%,2.58%,28.51,-0.026600000000000002,3295137.0,2025-08-08 17:44:52
CWEN,6030000000.0,46.8,30.83,3.44,4.09,1.92,7.67,10.73,-14.13%,51.83%,-,13.61%,7.41%,30.15,-0.0072,777153.0,2025-08-08 17:44:52
SQM,6030000000.0,20.08,13.42,,1.35,2.3,2.55,16.56,265.33%,34.02%,-,-,18.22%,42.22,0.09179999999999999,3301991.0,2025-08-08 17:44:52
WAY,6030000000.0,72.61,22.19,4.06,5.96,1.9,16.65,21.64,27.78%,11.93%,-,17.90%,-,34.59,0.020099999999999996,1572022.0,2025-08-08 17:44:52
ALK,6030000000.0,21.25,8.57,1.06,0.45,1.53,2.8,,-32.56%,85.81%,-13.04%,20.06%,5.97%,52.28,-0.0182,1876393.0,2025-08-08 17:44:52
POST,6020000000.0,18.47,13.65,1.5,0.76,1.57,5.65,13.9,5.93%,19.10%,27.73%,12.32%,6.88%,107.96,0.0492,1158439.0,2025-08-08 17:44:52
CWEN-A,6010000000.0,43.73,28.81,3.21,4.08,1.8,7.65,10.7,-14.13%,51.83%,-,13.61%,7.41%,28.17,-0.0105,255419.0,2025-08-08 17:44:52
AMG,6010000000.0,15.9,7.57,0.98,2.95,1.85,16.64,6.52,12.37%,16.32%,117.52%,16.23%,-1.83%,211.3,0.0073,102738.0,2025-08-08 17:44:52
PRIM,6010000000.0,25.25,20.54,1.58,0.87,3.91,15.16,12.02,26.78%,10.33%,15.51%,15.96%,15.43%,111.18,0.0005,763242.0,2025-08-08 17:44:52
EPRT,6000000000.0,25.47,22.75,4.11,11.87,1.56,284.98,,9.06%,5.91%,12.69%,6.19%,26.36%,30.22,-0.0036,1177804.0,2025-08-08 17:44:52
GNTX,5980000000.0,15.09,13.7,1.78,2.51,2.42,42.42,16.29,-0.72%,11.19%,1.27%,8.47%,4.47%,26.62,-0.0015,1942551.0,2025-08-08 17:44:52
TXNM,5980000000.0,29.22,18.78,4.39,2.94,1.89,167.17,,0.19%,10.11%,22.55%,6.66%,6.22%,56.76,-0.006,1320171.0,2025-08-08 17:44:52
RRR,5970000000.0,21.44,28.45,0.86,3.0,16.45,41.12,20.2,22.16%,9.01%,-,25.04%,0.87%,56.29,-0.0053,616686.0,2025-08-08 17:44:52
FCFS,5960000000.0,20.67,13.56,0.89,1.76,2.79,58.78,14.54,23.20%,20.14%,8.50%,23.24%,12.69%,134.44,-0.004699999999999999,199262.0,2025-08-08 17:44:52
VNT,5950000000.0,15.45,11.58,1.56,1.96,4.96,16.33,13.92,9.93%,10.20%,1.15%,9.93%,1.45%,40.55,0.0045000000000000005,871790.0,2025-08-08 17:44:52
LTH,5940000000.0,26.41,17.83,0.8,2.1,2.07,30.24,56.03,73.28%,17.98%,36.38%,33.10%,6.64%,26.98,-0.014199999999999999,2513598.0,2025-08-08 17:44:52
VRNS,5910000000.0,,137.82,,9.94,17.32,7.33,47.39,-44.09%,121.00%,0.23%,23.50%,16.73%,52.79,-0.028900000000000002,1242722.0,2025-08-08 17:44:52
ARX,5910000000.0,,,,,,,,-,-,-,-,-,27.53,0.0106,716949.0,2025-08-08 17:44:52
UFPI,5910000000.0,17.14,15.15,2.52,0.9,1.82,6.75,22.63,-16.45%,14.17%,18.36%,6.79%,8.54%,97.85,-0.0175,359819.0,2025-08-08 17:44:52
SITE,5900000000.0,48.11,29.44,3.76,1.28,3.61,75.09,30.46,-1.65%,22.62%,8.30%,12.79%,14.01%,132.3,-0.012199999999999999,488529.0,2025-08-08 17:44:52
GLBE,5880000000.0,,38.11,,7.38,6.65,13.22,39.3,168.86%,193.81%,71.26%,-,62.79%,34.7,-0.0134,1727742.0,2025-08-08 17:44:52
HR,5860000000.0,,,,4.8,1.22,229.76,12.52,81.12%,29.43%,-,56.89%,12.83%,16.67,-0.011899999999999999,4794350.0,2025-08-08 17:44:52
MAIN,5840000000.0,10.82,17.32,,8.87,2.05,67.18,18.84,-3.34%,-4.13%,23.25%,-2.76%,21.03%,65.63,0.0331,762125.0,2025-08-08 17:44:52
CHRD,5840000000.0,25.88,11.25,,1.1,0.72,144.15,6.07,-40.74%,-9.09%,-,-7.53%,20.44%,101.06,0.0154,747105.0,2025-08-08 17:44:52
RHP,5820000000.0,22.47,22.35,,2.38,7.19,12.92,9.62,-17.53%,14.48%,8.76%,-4.62%,7.83%,92.41,-0.0204,432546.0,2025-08-08 17:44:52
MTDR,5790000000.0,6.82,7.44,12.41,1.54,1.08,66.76,13.15,-13.57%,-3.23%,56.93%,0.55%,27.61%,46.54,0.01,1057146.0,2025-08-08 17:44:52
BMNR,5780000000.0,,,,1059.85,36.69,3929.37,3679.09,-,-,-,-,-,51.43,0.2459,90600969.0,2025-08-08 17:44:52
ESI,5770000000.0,24.13,14.69,2.91,2.32,2.2,10.9,21.05,1.50%,11.35%,23.87%,8.30%,6.00%,23.9,0.0097,1373133.0,2025-08-08 17:44:52
ELF,5770000000.0,60.37,23.39,3.62,4.3,7.17,33.96,42.78,2.23%,25.53%,40.42%,16.69%,35.95%,101.77,0.018500000000000003,3424750.0,2025-08-08 17:44:52
WEX,5770000000.0,21.26,9.61,2.48,2.22,5.9,1.02,20.31,2.11%,12.26%,27.08%,8.56%,8.80%,168.26,-0.0092,348993.0,2025-08-08 17:44:52
GXO,5760000000.0,95.36,16.4,13.15,0.45,1.96,28.1,61.95,-9.55%,21.14%,15.86%,7.25%,13.95%,50.33,-0.0118,904904.0,2025-08-08 17:44:52
ITRI,5740000000.0,21.43,19.91,2.97,2.35,3.56,4.69,20.0,7.55%,4.28%,33.39%,7.22%,-0.50%,125.48,0.0064,390124.0,2025-08-08 17:44:52
AMKR,5720000000.0,18.87,15.17,1.6,0.9,1.36,2.8,20.63,-21.01%,35.02%,23.20%,11.82%,9.29%,23.13,0.011399999999999999,2266492.0,2025-08-08 17:44:52
PIPR,5710000000.0,27.25,17.85,,3.56,4.38,46.33,36.65,14.63%,24.36%,13.97%,-,12.64%,322.98,0.0054,125133.0,2025-08-08 17:44:52
BRFS,5710000000.0,8.55,14.23,,0.5,2.04,2.47,3.74,-3.09%,-25.05%,0.32%,-7.22%,6.07%,3.57,0.0,1057606.0,2025-08-08 17:44:52
PATH,5700000000.0,,17.08,,3.93,3.36,3.67,18.22,4.45%,12.76%,33.36%,8.75%,33.58%,10.66,-0.024700000000000003,9054476.0,2025-08-08 17:44:52
SOBO,5700000000.0,28.14,15.13,10.78,3.75,2.19,12.56,,-12.27%,12.14%,-,2.61%,-,27.39,0.0077,650887.0,2025-08-08 17:44:52
OR,5700000000.0,73.03,36.35,3.8,26.64,4.43,114.87,66.87,42.29%,13.07%,-,19.23%,-8.37%,30.41,0.0016,924917.0,2025-08-08 17:44:52
MARA,5700000000.0,13.78,,,7.14,1.16,46.05,,-114.64%,-98.94%,-,-,253.73%,15.38,-0.035699999999999996,25524359.0,2025-08-08 17:44:52
ALGM,5690000000.0,,31.08,,7.48,6.17,40.85,114.42,118.19%,89.06%,-,83.87%,2.21%,30.77,0.0016,1850263.0,2025-08-08 17:44:52
AEIS,5680000000.0,68.43,22.74,2.56,3.47,4.52,7.96,46.0,54.08%,16.02%,-3.21%,26.75%,13.44%,150.82,0.029500000000000002,470329.0,2025-08-08 17:44:52
MC,5650000000.0,27.59,20.78,0.87,4.08,10.07,25.4,11.8,36.89%,35.26%,-1.28%,31.73%,9.86%,70.02,0.0076,402267.0,2025-08-08 17:44:52
LIF,5650000000.0,791.53,63.84,14.23,14.24,15.0,33.47,172.99,38.63%,57.98%,40.39%,55.64%,44.51%,73.85,-0.0189,522449.0,2025-08-08 17:44:52
SWX,5650000000.0,29.21,18.8,1.61,1.18,1.54,15.87,401.23,33.08%,13.61%,-6.87%,18.19%,10.38%,78.43,-0.0029,331147.0,2025-08-08 17:44:52
LYFT,5640000000.0,61.26,10.73,4.42,0.92,7.52,3.15,5.68,12.35%,16.92%,-,13.87%,9.86%,13.41,-0.056299999999999996,24256749.0,2025-08-08 17:44:52
WFG,5640000000.0,,22.75,,0.97,0.82,8.73,56.63,-638.93%,563.10%,48.10%,-,10.93%,71.54,-0.0063,207654.0,2025-08-08 17:44:52
NXST,5630000000.0,9.41,7.21,,1.06,2.52,24.07,1.21,-37.97%,95.04%,34.82%,-4.64%,12.21%,186.8,0.0123,534578.0,2025-08-08 17:44:52
CFLT,5630000000.0,,35.13,,5.29,5.28,2.9,341.61,25.38%,27.85%,-23.27%,30.57%,45.10%,16.33,-0.0354,11213222.0,2025-08-08 17:44:52
KEX,5590000000.0,18.86,13.74,1.85,1.71,1.69,81.73,16.96,15.75%,14.72%,15.69%,10.22%,2.85%,99.62,-0.0067,676505.0,2025-08-08 17:44:52
CHH,5590000000.0,18.53,16.0,4.56,3.54,,95.32,16.53,3.52%,5.93%,9.28%,4.06%,7.33%,120.75,-0.0202,326264.0,2025-08-08 17:44:52
RNA,5580000000.0,,,,520.01,4.69,4.72,,-49.56%,-10.48%,-34.37%,-6.27%,36.27%,46.29,-0.0259,4919992.0,2025-08-08 17:44:52
LOPE,5570000000.0,24.03,19.82,,5.21,7.19,14.89,21.32,12.94%,10.13%,7.56%,-,5.82%,198.23,0.0182,588359.0,2025-08-08 17:44:52
TRNO,5550000000.0,21.4,31.17,125.9,13.04,1.4,43.11,26.0,-12.24%,2.37%,17.60%,0.17%,18.13%,53.77,-0.0159,847239.0,2025-08-08 17:44:52
BMI,5550000000.0,40.98,35.06,4.31,6.35,8.18,33.56,34.64,13.34%,11.96%,21.25%,9.50%,14.25%,188.17,-0.0034000000000000002,238076.0,2025-08-08 17:44:52
MTN,5530000000.0,19.03,19.11,1.5,1.87,6.17,11.49,13.92,27.61%,0.46%,-3.67%,12.71%,4.90%,148.72,-0.0052,321720.0,2025-08-08 17:44:52
MAT,5520000000.0,11.04,9.61,1.88,1.03,2.54,6.34,10.42,0.09%,9.92%,-,5.87%,3.61%,17.13,-0.009300000000000001,3900029.0,2025-08-08 17:44:52
ACT,5480000000.0,8.43,8.17,3.59,4.48,1.05,,7.82,-4.19%,4.02%,4.81%,2.35%,4.19%,37.12,0.0337,275107.0,2025-08-08 17:44:52
SAIC,5470000000.0,16.34,11.52,2.12,0.73,3.64,109.36,11.94,0.75%,10.10%,13.35%,7.71%,3.23%,116.66,0.0045000000000000005,394997.0,2025-08-08 17:44:52
TFPM,5460000000.0,30.98,28.04,1.56,16.85,2.94,54.0,38.62,61.63%,8.13%,-5.30%,19.84%,35.38%,26.46,-0.006,740123.0,2025-08-08 17:44:52
GPI,5460000000.0,11.68,9.45,2.05,0.25,1.74,103.52,8.12,7.93%,5.45%,31.55%,5.70%,10.60%,421.61,0.015300000000000001,119902.0,2025-08-08 17:44:52
HOMB,5460000000.0,12.67,11.56,1.8,3.73,1.34,,12.89,16.98%,1.82%,3.10%,7.02%,12.35%,27.68,0.004699999999999999,566489.0,2025-08-08 17:44:52
OZK,5440000000.0,7.79,7.25,1.8,1.96,0.97,,7.26,3.04%,4.62%,13.22%,4.32%,16.91%,47.99,0.0124,1021775.0,2025-08-08 17:44:52
SOUN,5440000000.0,,,,41.41,15.28,23.63,,104.01%,-752.79%,-,38.66%,-,13.55,0.264,205745915.0,2025-08-08 17:44:52
FCN,5420000000.0,23.53,18.04,2.45,1.48,2.88,35.44,78.22,1.88%,13.98%,6.56%,9.60%,9.47%,167.37,-0.0051,192937.0,2025-08-08 17:44:52
CAR,5410000000.0,,11.78,,0.46,,9.91,,-71.66%,97.39%,-,-12.37%,5.15%,153.71,-0.0194,888345.0,2025-08-08 17:44:52
TSEM,5390000000.0,27.72,17.81,,3.62,1.94,4.46,,0.93%,24.79%,16.90%,-,3.08%,48.23,-0.0125,911957.0,2025-08-08 17:44:52
GATX,5380000000.0,17.29,15.75,1.97,3.22,2.02,7.13,,10.22%,10.43%,6.04%,8.76%,5.69%,151.26,0.0001,82515.0,2025-08-08 17:44:52
SGHC,5380000000.0,38.83,15.61,0.79,2.73,9.35,13.78,,94.89%,44.06%,-46.71%,49.06%,15.40%,10.72,0.032799999999999996,1214205.0,2025-08-08 17:44:52
FNB,5370000000.0,11.6,8.86,1.06,2.04,0.82,,10.84,4.61%,16.00%,1.72%,10.92%,11.00%,14.94,0.0129,2190886.0,2025-08-08 17:44:52
WPP,5340000000.0,10.87,5.43,,0.29,1.23,2.71,5.55,-18.56%,0.43%,-7.69%,-4.46%,2.21%,24.75,-0.054299999999999994,751123.0,2025-08-08 17:44:52
S,5330000000.0,,47.14,,6.17,3.43,6.95,289.19,286.66%,75.89%,-27.88%,112.61%,77.61%,16.03,-0.0384,6168058.0,2025-08-08 17:44:52
CRUS,5330000000.0,16.25,13.76,,2.76,2.76,8.67,11.64,-4.23%,4.49%,17.87%,-1.80%,8.16%,103.82,0.0316,508682.0,2025-08-08 17:44:52
NUVL,5320000000.0,,,,,5.68,5.29,,-30.84%,-2.19%,-74.22%,1.62%,-,74.11,0.027000000000000003,891894.0,2025-08-08 17:44:52
CIB,5320000000.0,13.83,6.91,3.35,0.51,0.55,,1.96,1.66%,4.52%,9.92%,4.13%,9.13%,47.05,0.0088,403980.0,2025-08-08 17:44:52
IEP,5320000000.0,,11.73,,0.55,2.1,1.19,,67.02%,354.84%,29.52%,-,-1.94%,9.27,0.0022,635266.0,2025-08-08 17:44:52
ABVX,5300000000.0,,,,,,47.36,,1.26%,25.64%,-1.44%,2.39%,-,70.13,0.0016,667029.0,2025-08-08 17:44:52
NIQ,5300000000.0,,,,1.33,,18.39,145.87,-,-,-,-,-,17.95,0.0388,1210474.0,2025-08-08 17:44:52
QBTS,5280000000.0,,,,237.13,8.27,6.45,,43.33%,2.23%,-0.61%,22.58%,-,16.9,-0.015700000000000002,42834477.0,2025-08-08 17:44:52
TAL,5280000000.0,67.39,21.75,,2.19,1.95,1.41,,143.41%,54.46%,-,-,-7.22%,11.45,-0.0043,1936298.0,2025-08-08 17:44:52
VLY,5270000000.0,12.1,8.08,0.45,1.5,0.73,,13.24,50.86%,24.45%,-4.53%,26.87%,19.81%,9.4,0.0229,7997628.0,2025-08-08 17:44:52
ORA,5260000000.0,40.16,33.81,2.99,5.8,2.11,25.52,,5.49%,19.15%,3.43%,13.45%,3.35%,86.68,-0.0074,405373.0,2025-08-08 17:44:52
CE,5260000000.0,,6.92,,0.52,1.01,5.53,10.47,-37.98%,33.78%,-,1.11%,10.30%,48.05,-0.0123,1757095.0,2025-08-08 17:44:52
BIPC,5250000000.0,,6.4,,1.44,,4.11,15.83,1033.78%,-10.13%,-,-,17.76%,39.75,0.0008,572322.0,2025-08-08 17:44:52
TFX,5230000000.0,27.87,7.75,4.53,1.72,1.23,19.5,13.2,0.46%,8.53%,-31.49%,6.15%,3.26%,118.41,0.0253,663261.0,2025-08-08 17:44:52
AXSM,5230000000.0,,90.54,,10.56,71.44,17.26,,42.10%,133.38%,-24.44%,-,-,104.8,0.0046,311358.0,2025-08-08 17:44:52
CALM,5230000000.0,4.32,17.97,,1.23,2.04,3.75,4.89,-40.40%,-59.67%,131.11%,-,25.82%,107.74,0.0187,723718.0,2025-08-08 17:44:52
CACC,5200000000.0,13.35,10.24,0.76,2.29,3.35,9.09,4.7,-1.03%,19.01%,-10.48%,17.59%,7.75%,463.17,-0.0003,124040.0,2025-08-08 17:44:52
GBCI,5200000000.0,22.77,14.15,0.8,3.95,1.47,,18.68,22.32%,50.85%,-6.76%,28.44%,13.87%,43.86,0.0055000000000000005,530256.0,2025-08-08 17:44:52
TKR,5180000000.0,16.92,12.27,3.22,1.15,1.67,11.99,16.46,-9.02%,15.08%,1.15%,5.25%,3.83%,74.39,0.006500000000000001,321431.0,2025-08-08 17:44:52
BCPC,5170000000.0,36.51,30.54,,5.25,4.08,79.04,33.78,20.95%,9.75%,9.88%,-,8.18%,159.34,-0.0007000000000000001,174404.0,2025-08-08 17:44:52
TKC,5150000000.0,12.18,4.74,0.19,1.01,0.93,1.7,3.27,68.15%,90.04%,0.57%,62.64%,2.77%,5.91,0.0085,900127.0,2025-08-08 17:44:52
MTH,5130000000.0,8.23,9.1,,0.83,0.97,5.52,,-32.43%,9.49%,27.28%,-7.25%,11.77%,72.16,0.005699999999999999,397104.0,2025-08-08 17:44:52
LEA,5100000000.0,11.2,6.76,1.14,0.22,1.0,5.67,10.67,-2.66%,15.40%,-6.79%,9.86%,3.30%,95.89,-0.0014000000000000002,533143.0,2025-08-08 17:44:52
IRTC,5090000000.0,,,,7.75,49.09,9.33,182.65,52.65%,67.23%,-10.95%,-,22.50%,158.5,-0.0155,397626.0,2025-08-08 17:44:52
HL,5090000000.0,48.56,17.45,1.11,4.8,2.18,17.17,55.72,144.37%,62.05%,-,43.72%,6.63%,7.6,0.0526,32368728.0,2025-08-08 17:44:52
RAL,5080000000.0,,15.51,,2.36,,,,-,12.94%,-,9.15%,-,45.0,0.051399999999999994,1444545.0,2025-08-08 17:44:52
SITM,5080000000.0,,62.95,,19.89,4.71,6.38,,135.39%,44.81%,-45.27%,70.38%,19.24%,199.57,0.0039000000000000003,453521.0,2025-08-08 17:44:52
UBSI,5080000000.0,12.62,10.94,,2.99,0.95,,11.82,11.76%,6.29%,1.56%,-,12.33%,35.75,0.010700000000000001,420452.0,2025-08-08 17:44:52
BOOT,5070000000.0,26.2,22.11,1.7,2.55,4.33,53.23,185.25,12.45%,13.59%,29.08%,15.39%,17.71%,166.06,-0.015300000000000001,470621.0,2025-08-08 17:44:52
PFSI,5070000000.0,13.6,7.08,0.33,1.32,1.26,8.13,,66.56%,42.44%,3.60%,41.47%,12.08%,98.12,-0.0006,231430.0,2025-08-08 17:44:52
MMSI,5070000000.0,43.48,21.6,5.99,3.54,3.41,14.74,26.35,5.09%,8.97%,83.71%,7.26%,6.38%,85.58,-0.0008,407369.0,2025-08-08 17:44:52
COLB,5060000000.0,9.56,7.65,1.34,1.72,0.95,,9.99,7.09%,8.46%,-0.98%,7.11%,36.30%,24.07,0.0178,2296677.0,2025-08-08 17:44:52
PHI,5050000000.0,9.27,7.76,1.31,1.34,2.52,19.72,27.78,10.91%,5.57%,5.35%,7.08%,2.98%,23.39,0.008199999999999999,62415.0,2025-08-08 17:44:52
THO,5050000000.0,22.78,21.32,4.1,0.53,1.2,9.93,9.38,-23.47%,17.78%,14.91%,5.56%,5.01%,94.92,-0.0096,491847.0,2025-08-08 17:44:52
ONTO,5030000000.0,25.46,18.66,2.81,4.86,2.56,5.63,21.11,-7.84%,12.04%,129.63%,9.06%,26.41%,102.88,0.1101,3810963.0,2025-08-08 17:44:52
CWAN,5020000000.0,12.47,27.47,0.51,9.11,2.88,69.81,58.95,21.91%,28.02%,119.42%,24.58%,21.88%,19.72,0.0495,10158611.0,2025-08-08 17:44:52
FSK,5010000000.0,9.42,7.31,,2.97,0.77,,,-12.58%,-2.82%,-,-,-,17.89,-0.0371,6223465.0,2025-08-08 17:44:52
CRSP,5000000000.0,,,,131.47,2.84,2.9,,-40.66%,34.04%,-,7.76%,-33.62%,55.0,-0.0172,1600980.0,2025-08-08 17:44:52
CZR,5000000000.0,,41.05,,0.44,1.28,4.69,39.37,38.08%,173.32%,-,-,34.78%,24.04,-0.0040999999999999995,7491155.0,2025-08-08 17:44:52
FROG,5000000000.0,,54.22,,10.53,6.25,8.16,36.01,7.58%,15.04%,-60.26%,15.82%,32.55%,43.62,0.1245,4878691.0,2025-08-08 17:44:52
ESE,4990000000.0,43.54,27.22,1.58,4.51,3.91,63.4,29.59,42.34%,19.33%,4.87%,27.58%,7.18%,193.26,0.0179,486987.0,2025-08-08 17:44:52
HWC,4990000000.0,10.74,9.71,1.12,2.49,1.14,,8.89,7.07%,6.16%,7.29%,9.61%,7.57%,58.25,0.0108,587495.0,2025-08-08 17:44:52
KNF,4990000000.0,32.74,21.66,3.28,1.69,3.41,64.23,,-10.59%,28.07%,8.03%,9.99%,7.41%,88.04,0.0015,506953.0,2025-08-08 17:44:52
RGTI,4980000000.0,,,,541.07,21.39,23.83,,47.38%,1.04%,-,21.98%,-,15.44,-0.013999999999999999,20673790.0,2025-08-08 17:44:52
BGC,4960000000.0,33.61,7.4,,1.93,5.2,5.91,14.27,19.19%,16.53%,13.39%,-,1.34%,10.17,0.019,1916841.0,2025-08-08 17:44:52
SLGN,4960000000.0,16.46,10.71,1.84,0.81,2.23,15.63,87.19,8.76%,9.97%,8.22%,8.93%,5.45%,46.37,-0.0054,763072.0,2025-08-08 17:44:52
QS,4960000000.0,,,,,4.83,6.22,,13.59%,8.45%,-34.46%,12.42%,-,8.76,-0.0519,34349718.0,2025-08-08 17:44:52
SXT,4950000000.0,36.74,29.67,2.28,3.14,4.26,87.36,78.47,15.22%,13.69%,8.67%,16.14%,3.31%,116.62,0.0095,289338.0,2025-08-08 17:44:52
MIR,4920000000.0,516.46,36.91,27.8,5.55,3.31,18.28,61.02,18.46%,17.25%,-,18.58%,-,21.02,-0.021,1912125.0,2025-08-08 17:44:52
MZTI,4920000000.0,28.97,25.25,7.35,2.61,4.93,39.47,33.19,4.65%,5.27%,1.09%,3.94%,7.43%,178.32,0.0019,93166.0,2025-08-08 17:44:52
ANF,4910000000.0,10.16,9.69,10.47,0.98,4.13,8.09,11.89,-3.77%,3.39%,77.99%,0.97%,6.43%,103.11,-0.0024,1317249.0,2025-08-08 17:44:52
BRBR,4910000000.0,22.29,16.42,1.77,2.21,,89.47,38.77,14.11%,7.80%,-9.81%,12.57%,18.50%,38.99,-0.0043,3356018.0,2025-08-08 17:44:52
EQX,4890000000.0,12.92,5.74,0.17,2.88,0.88,27.42,,113.47%,119.11%,-,77.12%,39.98%,6.44,-0.0168,14224157.0,2025-08-08 17:44:52
VVV,4880000000.0,17.86,20.24,1.38,2.88,15.56,71.47,108.71,2.81%,17.52%,7.97%,12.99%,-7.49%,38.4,-0.0088,2132490.0,2025-08-08 17:44:52
LAZ,4880000000.0,17.88,12.68,0.6,1.55,6.59,4.82,8.91,9.04%,60.13%,0.60%,29.65%,3.07%,51.8,0.0101,1093183.0,2025-08-08 17:44:52
FFIN,4870000000.0,19.86,17.83,,6.16,2.79,,16.03,17.51%,4.15%,5.24%,-,12.06%,34.04,0.0125,321099.0,2025-08-08 17:44:52
GKOS,4850000000.0,,3310.52,,11.21,6.33,17.67,,51.95%,102.86%,-,-,10.10%,84.65,-0.0381,812044.0,2025-08-08 17:44:52
ETOR,4850000000.0,6.94,22.37,0.74,0.38,8.82,7.35,15.84,-,6.50%,125.60%,9.39%,122.40%,57.93,0.0277,384149.0,2025-08-08 17:44:52
CPA,4850000000.0,8.0,6.5,0.69,1.41,1.95,5.29,,12.34%,10.75%,20.38%,11.56%,4.94%,117.76,0.0125,418151.0,2025-08-08 17:44:52
DAR,4850000000.0,46.95,9.45,1.52,0.85,1.05,39.69,8.83,-38.98%,206.90%,-1.43%,30.91%,11.19%,30.63,-0.002,1707422.0,2025-08-08 17:44:52
MRUS,4840000000.0,,,,86.09,5.75,6.82,,-70.68%,14.25%,-8.04%,-5.68%,3.02%,64.0,0.0096,555203.0,2025-08-08 17:44:52
MRP,4830000000.0,36.93,,,13.6,0.89,72.58,,-,-,-,-,-,31.34,0.0,839183.0,2025-08-08 17:44:52
BLCO,4830000000.0,,17.22,,0.99,0.75,17.75,,-18.52%,54.29%,-,17.05%,4.87%,13.64,-0.0116,452151.0,2025-08-08 17:44:52
OS,4820000000.0,,78.34,,9.35,8.58,8.12,69.36,-7.24%,97.77%,-,45.74%,-,20.12,-0.09449999999999999,5358175.0,2025-08-08 17:44:52
REYN,4810000000.0,15.47,13.82,12.78,1.3,2.24,84.31,15.91,-5.44%,4.70%,9.29%,1.21%,4.03%,22.85,0.0151,826241.0,2025-08-08 17:44:52
HXL,4800000000.0,56.02,24.67,3.59,2.57,3.09,62.17,28.3,-8.47%,31.60%,-14.94%,15.60%,-4.37%,60.32,-0.0131,802713.0,2025-08-08 17:44:52
FLG,4800000000.0,,17.93,,0.85,0.63,,,86.27%,238.12%,-,-,27.86%,11.56,0.0167,5740231.0,2025-08-08 17:44:52
MSM,4790000000.0,24.28,20.99,,1.28,3.51,66.87,18.19,-23.88%,12.05%,-2.51%,-1.33%,2.58%,86.1,0.0012,342279.0,2025-08-08 17:44:52
MSGS,4790000000.0,1012.8,168.84,,4.51,,45.58,32.65,-131.86%,251.84%,38.53%,-19.07%,7.09%,199.32,-0.0131,190942.0,2025-08-08 17:44:52
AX,4790000000.0,11.39,9.71,,2.46,1.79,,15.72,6.43%,10.55%,20.04%,-,22.02%,84.91,0.009399999999999999,323868.0,2025-08-08 17:44:52
SIGI,4760000000.0,12.79,9.54,0.33,0.93,1.5,,4.09,109.69%,19.42%,-6.54%,38.39%,11.30%,78.15,0.0053,316020.0,2025-08-08 17:44:52
VCTR,4740000000.0,17.39,10.44,1.63,4.55,1.91,43.93,13.54,12.75%,11.72%,28.33%,10.66%,8.31%,70.48,0.0501,763836.0,2025-08-08 17:44:52
BTG,4730000000.0,,6.18,,2.18,1.45,15.24,,232.62%,8.90%,-,54.43%,10.48%,3.58,-0.0653,43249928.0,2025-08-08 17:44:52
CLF,4730000000.0,,,,0.26,0.81,77.53,,-191.48%,98.82%,-,-,57.45%,9.56,0.0149,13851272.0,2025-08-08 17:44:52
NJR,4720000000.0,11.47,15.11,2.49,2.26,1.94,346.85,,8.80%,-3.18%,9.06%,4.61%,-7.24%,46.96,-0.0055000000000000005,709266.0,2025-08-08 17:44:52
BDC,4710000000.0,21.56,15.28,2.4,1.8,3.81,15.62,21.84,15.26%,6.11%,-,9.00%,2.92%,118.89,0.024399999999999998,335409.0,2025-08-08 17:44:52
DJT,4710000000.0,,,,1265.42,2.06,1.59,,-,-,-,-,-,16.99,-0.008199999999999999,8394964.0,2025-08-08 17:44:52
SPR,4690000000.0,,41.75,,0.75,,12.68,,63.24%,118.68%,-,-,-4.29%,39.9,0.0008,623755.0,2025-08-08 17:44:52
ACA,4680000000.0,51.03,21.04,2.33,1.75,1.91,24.68,15.92,23.90%,21.84%,-3.76%,21.90%,8.15%,95.92,0.12710000000000002,649611.0,2025-08-08 17:44:52
WHR,4680000000.0,,9.44,,0.3,1.98,4.38,19.41,-40.62%,22.35%,-,-0.92%,-4.05%,83.71,-0.0005,1064557.0,2025-08-08 17:44:52
TTMI,4680000000.0,50.81,17.43,2.99,1.77,2.86,10.44,265.19,34.94%,12.57%,6.84%,17.02%,2.75%,45.28,0.0443,1802022.0,2025-08-08 17:44:52
ACIW,4670000000.0,18.86,17.49,1.62,2.75,3.31,24.64,15.64,22.08%,9.22%,27.52%,11.67%,4.85%,44.55,0.018500000000000003,1228574.0,2025-08-08 17:44:52
CRK,4670000000.0,,12.03,,2.91,2.08,180.65,,372.11%,102.96%,-,-,10.29%,15.94,-0.0087,1715985.0,2025-08-08 17:44:52
BVN,4650000000.0,9.26,10.23,1.7,3.55,1.31,7.9,35.18,0.36%,12.34%,-,5.45%,5.98%,18.33,-0.0092,882756.0,2025-08-08 17:44:52
GVA,4640000000.0,35.4,17.89,,1.14,4.37,12.04,15.0,71.29%,32.06%,-,-,3.07%,106.02,0.050300000000000004,1391095.0,2025-08-08 17:44:52
QLYS,4640000000.0,25.59,19.17,5.17,7.28,9.13,12.53,19.36,4.65%,4.48%,22.62%,4.95%,13.61%,128.46,-0.0013,310792.0,2025-08-08 17:44:52
ABCB,4620000000.0,11.82,11.14,,2.89,1.18,,19.29,16.00%,3.46%,13.53%,-,14.51%,67.1,0.016399999999999998,453764.0,2025-08-08 17:44:52
VFC,4620000000.0,54.47,11.51,2.4,0.49,3.58,7.19,23.88,2.61%,35.35%,-,22.70%,-1.92%,11.83,-0.0183,8115418.0,2025-08-08 17:44:52
BRKR,4620000000.0,58.08,12.86,14.03,1.34,2.56,50.18,93.65,-18.44%,20.37%,-9.69%,4.14%,10.19%,30.43,-0.023399999999999997,3943848.0,2025-08-08 17:44:52
POR,4610000000.0,15.44,12.45,4.09,1.42,1.2,82.33,,2.92%,4.57%,4.69%,3.78%,8.85%,42.08,-0.0089,865153.0,2025-08-08 17:44:52
SIM,4610000000.0,13.23,,,2.82,1.35,3.17,,-,-,-,-,0.68%,27.79,0.0,230.0,2025-08-08 17:44:52
RDN,4610000000.0,8.56,8.34,2.79,3.58,1.02,,,-3.42%,2.68%,4.17%,3.07%,-3.31%,34.01,0.0216,671163.0,2025-08-08 17:44:52
BOX,4610000000.0,24.67,22.41,18.27,4.18,,5.83,14.11,-24.32%,9.69%,-,1.35%,9.38%,31.81,-0.0038,1279178.0,2025-08-08 17:44:52
KRG,4600000000.0,26.69,51.74,0.14,5.32,1.39,24.54,16.69,1946.37%,-1.12%,-,189.45%,21.89%,20.94,-0.023799999999999998,1554438.0,2025-08-08 17:44:52
QTWO,4600000000.0,1201.14,29.45,53.1,6.19,7.87,8.61,26.8,36.36%,11.02%,16.01%,22.62%,17.16%,73.63,-0.013300000000000001,981794.0,2025-08-08 17:44:52
EGO,4590000000.0,11.35,7.04,0.38,2.91,1.12,4.26,,3.85%,96.88%,22.81%,30.18%,16.53%,22.6,-0.0208,2057028.0,2025-08-08 17:44:52
MMS,4590000000.0,15.01,10.68,1.42,0.85,2.59,76.78,,21.93%,2.35%,6.08%,10.57%,12.95%,81.45,0.04019999999999999,879998.0,2025-08-08 17:44:52
FG,4580000000.0,13.88,6.06,0.97,0.86,1.03,,0.7,-15.95%,55.13%,-,14.25%,-,33.98,-0.0038,315453.0,2025-08-08 17:44:52
OPCH,4580000000.0,22.47,14.62,2.32,0.85,3.37,23.02,18.98,7.54%,13.54%,-,9.69%,16.69%,28.2,0.0108,1072228.0,2025-08-08 17:44:52
PECO,4570000000.0,62.71,49.75,4.37,6.53,1.81,498.12,20.03,19.33%,9.12%,-,14.36%,4.42%,33.04,-0.0175,1156779.0,2025-08-08 17:44:52
GLXY,4570000000.0,,,,0.21,3.14,0.8,,-154.00%,42.81%,-,-,-,27.78,-0.011000000000000001,10498447.0,2025-08-08 17:44:52
AUB,4570000000.0,15.59,8.49,1.11,2.78,0.94,,2.13,15.40%,19.40%,-1.43%,14.01%,10.48%,32.04,0.0207,1409893.0,2025-08-08 17:44:52
ENIC,4550000000.0,31.88,8.2,,1.15,0.91,13.58,3.05,18602.34%,-0.86%,-18.26%,-,2.08%,3.29,-0.006,410001.0,2025-08-08 17:44:52
UEC,4520000000.0,,1280.5,,67.68,4.96,63.35,,-147.37%,104.59%,5.49%,-,-,10.18,0.0335,15517352.0,2025-08-08 17:44:52
KRC,4520000000.0,20.52,59.29,,3.97,0.83,23.38,7.99,-33.00%,-46.22%,-1.02%,-25.29%,6.28%,37.81,-0.0118,1286849.0,2025-08-08 17:44:52
OMAB,4510000000.0,19.68,14.12,1.24,5.65,11.45,25.43,14.3,14.67%,20.87%,10.33%,15.89%,13.17%,107.34,-0.0148,71504.0,2025-08-08 17:44:52
OGS,4510000000.0,17.95,16.69,2.8,1.94,1.42,105.64,,9.95%,4.84%,2.18%,6.41%,4.74%,75.22,0.0013,529863.0,2025-08-08 17:44:52
WTM,4510000000.0,152.71,15.23,,2.08,1.0,,7.09,64.83%,-22.30%,-7.13%,-,20.18%,1751.62,0.0007000000000000001,24358.0,2025-08-08 17:44:52
SHAK,4510000000.0,227.44,60.77,6.59,3.41,8.6,13.38,97.53,50.61%,25.40%,-17.79%,34.52%,16.07%,105.6,-0.058499999999999996,2087221.0,2025-08-08 17:44:52
NPO,4510000000.0,53.57,24.52,,4.17,3.01,42.07,29.51,9.77%,14.27%,13.41%,-,-2.75%,214.02,-0.0069,101191.0,2025-08-08 17:44:52
AQN,4500000000.0,,15.7,,1.84,1.0,62.32,,3.30%,16.92%,-,12.59%,7.37%,5.69,-0.038900000000000004,7098982.0,2025-08-08 17:44:52
SBRA,4490000000.0,24.62,24.18,1.73,6.19,1.66,44.16,13.25,34.70%,6.43%,7.91%,14.21%,3.31%,18.72,0.0021,2599958.0,2025-08-08 17:44:52
SR,4490000000.0,16.44,14.91,1.72,1.84,1.39,342.62,,8.74%,13.59%,3.53%,9.56%,5.84%,76.04,0.0045000000000000005,496052.0,2025-08-08 17:44:52
BMA,4490000000.0,1042.63,5.87,23.08,0.97,1.1,,7.42,48.57%,71.46%,-15.97%,45.17%,19.10%,71.42,-0.0353,210092.0,2025-08-08 17:44:52
MGY,4490000000.0,12.25,11.82,2.11,3.38,2.31,17.82,13.8,-4.78%,6.69%,46.84%,5.80%,7.05%,23.51,0.005600000000000001,1994271.0,2025-08-08 17:44:52
CUZ,4480000000.0,72.32,79.54,5.4,4.85,0.94,10.76,26.25,9.48%,2.21%,-0.46%,13.39%,5.44%,26.7,-0.012199999999999999,2217625.0,2025-08-08 17:44:52
SON,4480000000.0,,7.08,,0.67,1.38,13.59,31.4,21.22%,8.27%,-10.55%,12.49%,-0.25%,45.43,-0.0109,520621.0,2025-08-08 17:44:52
SKYW,4470000000.0,11.29,10.07,0.73,1.16,1.73,6.15,15.73,29.22%,9.57%,3.26%,15.43%,3.49%,110.81,-0.0087,233386.0,2025-08-08 17:44:52
PI,4470000000.0,21351.39,59.0,1036.98,12.46,23.83,23.15,162.85,-8.53%,35.01%,-,20.59%,19.09%,153.73,-0.0256,313950.0,2025-08-08 17:44:52
FMC,4470000000.0,45.43,8.97,4.69,1.08,1.02,10.2,,0.12%,14.50%,-5.52%,9.69%,-1.63%,35.79,-0.0192,1836430.0,2025-08-08 17:44:52
AB,4470000000.0,12.04,11.0,1.55,,2.26,,12.0,0.66%,12.27%,8.32%,7.79%,-,40.4,0.0077,247862.0,2025-08-08 17:44:52
NNI,4470000000.0,13.85,14.28,,1.98,1.24,5.57,9.0,47.61%,21.13%,6.83%,-,2.72%,122.82,-0.0215,90205.0,2025-08-08 17:44:52
KOF,4450000000.0,14.87,11.42,1.65,0.3,2.45,2.24,14.14,7.13%,14.04%,15.55%,9.00%,8.61%,84.65,-0.0128,100948.0,2025-08-08 17:44:52
IREN,4450000000.0,,15.83,,12.11,2.89,22.68,,130.24%,1228.85%,-65.75%,-,204.22%,18.45,-0.006500000000000001,12783697.0,2025-08-08 17:44:52
BKH,4440000000.0,15.35,14.11,2.94,1.98,1.22,280.71,,4.78%,5.30%,3.57%,5.23%,4.17%,60.88,0.0088,505352.0,2025-08-08 17:44:52
CRVL,4430000000.0,44.44,,,4.83,12.91,21.95,45.09,-,-,16.61%,-,8.62%,86.19,0.0074,134687.0,2025-08-08 17:44:52
WSC,4430000000.0,40.69,16.07,5.67,1.88,4.29,345.02,16.32,-24.28%,22.80%,-,7.18%,17.63%,24.35,-0.013000000000000001,2298755.0,2025-08-08 17:44:52
HNGE,4420000000.0,,,,9.2,25.45,10.7,,-,-,-,-,-,56.68,-0.0608,1294324.0,2025-08-08 17:44:52
NOV,4420000000.0,9.78,10.71,5.07,0.5,0.68,4.09,4.86,-15.51%,6.55%,-,1.93%,0.90%,11.9,0.0,2656503.0,2025-08-08 17:44:52
ZETA,4410000000.0,,21.76,,3.82,6.6,12.08,32.28,12.19%,30.98%,-5.22%,23.25%,26.86%,18.73,-0.0434,12760616.0,2025-08-08 17:44:52
GOLF,4410000000.0,20.06,21.51,4.14,1.77,5.44,73.44,45.49,3.09%,0.41%,16.07%,4.85%,7.88%,75.04,-0.0277,722904.0,2025-08-08 17:44:52
ALKS,4410000000.0,12.82,16.74,,2.93,2.71,4.34,9.19,-42.51%,-3.97%,-,-21.90%,5.87%,26.71,0.0043,1371374.0,2025-08-08 17:44:52
INGM,4410000000.0,16.5,5.84,2.35,0.09,1.09,5.14,,1.21%,13.75%,-11.33%,7.02%,0.33%,18.76,-0.0053,283450.0,2025-08-08 17:44:52
SMTC,4410000000.0,,23.71,,4.62,7.74,26.04,57.04,88.66%,29.20%,-,49.57%,10.68%,50.85,-0.0126,1636453.0,2025-08-08 17:44:52
LSTR,4400000000.0,26.65,20.99,2.57,0.92,4.78,10.33,23.37,-14.61%,28.70%,-0.74%,10.36%,3.36%,127.08,-0.0124,293850.0,2025-08-08 17:44:52
MAC,4400000000.0,,,,4.56,1.59,12.77,18.36,64.19%,63.40%,-,-,-0.07%,16.69,0.0066,1977207.0,2025-08-08 17:44:52
BCO,4390000000.0,28.25,11.37,1.54,0.87,17.32,2.31,12.64,10.93%,16.64%,44.99%,18.36%,6.35%,105.49,0.005,406966.0,2025-08-08 17:44:52
CSW,4390000000.0,31.27,23.06,2.4,4.8,3.96,115.68,29.24,19.44%,12.89%,22.66%,13.01%,17.88%,261.56,0.0131,181226.0,2025-08-08 17:44:52
ATGE,4380000000.0,20.22,14.02,,2.51,3.11,18.78,15.07,15.89%,12.39%,9.35%,-,9.34%,121.84,0.0219,727318.0,2025-08-08 17:44:52
SLNO,4380000000.0,,31.66,,134.0,17.3,15.26,,77.07%,358.96%,20.19%,-,-,82.35,0.0462,1068474.0,2025-08-08 17:44:52
CORZ,4380000000.0,,32.27,,10.65,,5.62,,131.82%,-68.04%,-1117.00%,-,-,14.41,0.0042,16571280.0,2025-08-08 17:44:52
ABG,4370000000.0,8.12,8.35,2.79,0.25,1.16,75.87,8.1,-0.25%,-2.04%,17.63%,2.91%,18.97%,222.28,-0.0076,142035.0,2025-08-08 17:44:52
SNEX,4370000000.0,15.22,12.22,1.63,0.03,2.21,3.33,5.88,10.16%,23.38%,22.11%,9.34%,24.88%,89.33,0.0248,818456.0,2025-08-08 17:44:52
COMP,4370000000.0,,48.4,,0.69,5.92,24.64,29.72,61.97%,242.84%,20.75%,-,18.73%,8.15,-0.0073,5027573.0,2025-08-08 17:44:52
AVT,4360000000.0,19.04,8.33,,0.2,0.9,22.65,7.55,33.02%,36.36%,-,-,4.71%,51.97,0.0144,555272.0,2025-08-08 17:44:52
FIZZ,4350000000.0,23.28,21.82,5.08,3.62,9.68,22.42,25.51,2.38%,4.42%,7.52%,4.58%,3.73%,46.43,0.0006,127505.0,2025-08-08 17:44:52
QFIN,4320000000.0,5.13,4.09,0.29,1.76,1.41,2.26,,22.73%,15.56%,18.01%,17.62%,12.32%,33.39,-0.0062,1105015.0,2025-08-08 17:44:52
IAG,4310000000.0,5.42,5.85,0.22,2.16,1.26,19.19,,56.43%,52.43%,-,24.42%,9.35%,7.5,-0.0285,17211729.0,2025-08-08 17:44:52
SEE,4310000000.0,14.37,8.78,2.83,0.81,4.52,12.17,11.3,1.15%,5.09%,-0.46%,5.08%,2.39%,29.32,-0.0074,1100773.0,2025-08-08 17:44:52
IFS,4310000000.0,9.99,7.23,0.3,1.64,1.45,,4.64,74.57%,17.99%,-4.57%,32.93%,4.51%,37.46,0.0067,135438.0,2025-08-08 17:44:52
YOU,4300000000.0,17.16,21.78,14.92,5.15,24.89,7.11,14.11,-33.83%,23.43%,-,1.15%,32.00%,32.02,0.0028000000000000004,1582402.0,2025-08-08 17:44:52
ST,4290000000.0,38.93,8.18,9.36,1.14,1.49,6.48,9.85,-2.75%,7.60%,-13.43%,4.16%,2.82%,29.45,0.0027,1141977.0,2025-08-08 17:44:52
RUSHA,4280000000.0000005,15.74,13.4,,0.56,1.99,20.27,9.39,-12.63%,26.62%,17.29%,-,6.08%,55.16,-0.0007000000000000001,224274.0,2025-08-08 17:44:52
IBOC,4269999999.9999995,10.4,,,4.11,1.41,,8.96,-,-,16.03%,-,9.98%,68.78,-0.0011,190715.0,2025-08-08 17:44:52
DORM,4260000000.0,18.99,15.27,,2.04,3.04,74.98,30.58,19.14%,7.59%,19.09%,-,15.18%,139.57,0.0361,368005.0,2025-08-08 17:44:52
FRO,4260000000.0,12.24,6.25,0.67,2.24,1.83,9.72,6.21,-8.91%,50.75%,22.52%,18.16%,17.19%,19.14,-0.039599999999999996,2958731.0,2025-08-08 17:44:52
VKTX,4260000000.0,,,,,5.35,5.27,,-143.97%,-25.31%,-23.00%,-,-,37.89,0.0655,6978055.0,2025-08-08 17:44:52
NE,4250000000.0,13.89,18.62,,1.23,0.92,12.31,10.37,-39.01%,2.52%,-,-1.38%,18.56%,26.78,0.0070999999999999995,1517242.0,2025-08-08 17:44:52
RSI,4240000000.0,92.11,39.86,1.91,4.17,14.39,17.13,38.88,94.27%,26.21%,-,48.21%,70.75%,18.57,-0.029300000000000003,1465444.0,2025-08-08 17:44:52
GHC,4240000000.0,6.25,15.04,,0.88,0.98,3.76,10.26,-71.79%,40.35%,21.70%,-28.09%,10.32%,973.36,0.0143,20243.0,2025-08-08 17:44:52
ENPH,4240000000.0,25.56,13.65,7.41,2.86,4.82,2.77,11.37,11.50%,-10.05%,-9.43%,3.45%,16.34%,32.44,0.0204,7979509.0,2025-08-08 17:44:52
TGTX,4240000000.0,71.38,15.51,0.49,9.34,17.8,15.21,,403.80%,127.93%,-,147.09%,364.59%,26.71,-0.042300000000000004,4786113.0,2025-08-08 17:44:52
GLNG,4230000000.0000005,,40.39,,16.4,2.12,6.22,,-20.24%,-29.47%,-,-21.69%,-10.32%,40.44,-0.0222,1274880.0,2025-08-08 17:44:52
SFBS,4230000000.0000005,16.94,12.58,,4.2,2.46,,16.19,22.65%,19.99%,8.57%,-,18.82%,77.4,0.009300000000000001,133904.0,2025-08-08 17:44:52
HHH,4219999999.9999995,15.53,16.5,,2.38,1.16,2.35,16.16,-62.86%,102.48%,18.33%,-2.94%,6.12%,71.09,0.011200000000000002,453673.0,2025-08-08 17:44:52
CROX,4219999999.9999995,20.2,6.46,,1.02,2.9,21.03,5.49,-11.85%,0.34%,56.99%,-2.51%,27.23%,75.24,0.011399999999999999,6458802.0,2025-08-08 17:44:52
SNDR,4200000000.0,33.67,17.92,0.85,0.77,1.43,20.49,25.55,20.43%,61.02%,-4.33%,39.83%,2.19%,23.98,-0.0075,514015.0,2025-08-08 17:44:52
BILL,4200000000.0,,18.65,,2.95,1.08,1.85,13.23,-1.57%,4.70%,-21.88%,7.99%,64.12%,40.74,-0.018500000000000003,3363889.0,2025-08-08 17:44:52
AG,4170000000.0,,52.72,,5.97,1.72,10.0,169.13,200.49%,16.10%,-11.42%,-,9.02%,8.61,-0.0137,14491289.0,2025-08-08 17:44:52
NOVT,4160000000.0,68.11,29.51,,4.35,5.19,37.86,33.3,7.79%,18.07%,8.80%,-,8.68%,115.67,0.0171,425998.0,2025-08-08 17:44:52
GMS,4160000000.0,37.85,14.79,3.34,0.75,2.94,74.79,12.37,1.01%,18.55%,39.75%,11.34%,11.21%,109.42,-0.0007000000000000001,823471.0,2025-08-08 17:44:52
TDS,4150000000.0000005,,,,0.86,1.1,11.2,12.63,50.89%,5.31%,-,21.17%,-0.83%,38.75,0.0125,1442019.0,2025-08-08 17:44:52
CBT,4150000000.0000005,10.2,9.98,1.64,1.09,2.69,17.37,12.93,3.37%,7.13%,20.56%,6.22%,3.66%,78.02,0.0036,271988.0,2025-08-08 17:44:52
COLD,4139999999.9999995,,38.58,,1.58,1.33,40.81,11.37,152.90%,115.71%,-,-,8.37%,14.53,-0.0102,5138802.0,2025-08-08 17:44:52
COTY,4130000000.0,,9.3,,0.69,1.18,15.94,11.5,-22.13%,76.90%,-,16.69%,-0.55%,4.74,-0.0125,4554771.0,2025-08-08 17:44:52
IRT,4130000000.0,142.75,63.01,6.99,6.41,1.18,97.13,24.57,38.71%,15.96%,-19.26%,20.43%,25.81%,17.23,-0.0098,2357529.0,2025-08-08 17:44:52
WK,4120000000.0,,38.42,,5.11,,5.06,40.0,42.42%,43.02%,0.61%,45.53%,19.92%,73.56,-0.0313,946812.0,2025-08-08 17:44:52
ACAD,4120000000.0,18.49,30.59,6.87,4.04,5.37,5.4,27.74,-60.90%,51.26%,-,2.69%,23.08%,24.6,0.008199999999999999,1666550.0,2025-08-08 17:44:52
SLAB,4120000000.0,,50.25,,5.85,3.88,9.9,54.82,142.90%,242.38%,-,-,-6.95%,125.42,0.0088,306566.0,2025-08-08 17:44:52
CNX,4110000000.0000005,49.1,10.09,1.46,2.15,1.01,305.01,8.7,14.83%,33.79%,-7.16%,33.72%,-1.41%,29.03,-0.001,1216783.0,2025-08-08 17:44:52
RDNT,4099999999.9999995,,77.33,,2.19,4.45,5.72,52.65,450.00%,213.64%,-33.78%,-,9.65%,53.36,0.0158,1551894.0,2025-08-08 17:44:52
EPR,4099999999.9999995,26.45,17.89,1.04,5.77,1.76,142.72,9.98,89.55%,-0.74%,-3.37%,25.51%,1.29%,53.85,-0.0054,655135.0,2025-08-08 17:44:52
FELE,4099999999.9999995,23.82,19.2,,1.99,3.25,39.19,18.83,7.86%,15.25%,13.78%,-,8.99%,92.13,-0.0129,140711.0,2025-08-08 17:44:52
RIOT,4099999999.9999995,,,,7.56,1.22,10.43,,-302.94%,44.68%,-,-,122.95%,11.08,-0.0432,20755299.0,2025-08-08 17:44:52
AROC,4080000000.0,17.58,12.68,0.67,3.03,2.91,696.68,244.03,54.07%,13.19%,8.49%,26.07%,3.70%,23.22,0.0166,1195699.0,2025-08-08 17:44:52
LPL,4080000000.0,,9.98,,0.22,0.96,6.12,3.04,140.69%,-44.62%,8.53%,-,-0.62%,4.08,0.0,649685.0,2025-08-08 17:44:52
CYTK,4070000000.0000005,,,,47.51,,4.74,,-6.93%,3.33%,-20.02%,12.46%,-7.22%,34.11,-0.0323,2104843.0,2025-08-08 17:44:52
DNB,4070000000.0000005,,7.92,,1.7,1.23,16.85,9.95,7.60%,9.06%,47.07%,9.24%,10.99%,9.11,0.0011,1127067.0,2025-08-08 17:44:52
PAM,4059999999.9999995,7.89,8.07,37.56,2.15,1.17,4.57,,-30.11%,16.21%,7.79%,0.21%,7.15%,74.71,-0.032400000000000005,437607.0,2025-08-08 17:44:52
SLG,4059999999.9999995,,,,4.19,1.06,11.84,137.27,-1035.98%,-5.43%,-52.62%,-,-5.79%,53.41,-0.0189,506235.0,2025-08-08 17:44:52
REZI,4059999999.9999995,,11.09,,0.55,1.9,5.39,10.41,8.00%,-0.52%,15.89%,4.94%,6.27%,27.29,0.0141,1739597.0,2025-08-08 17:44:52
RYN,4059999999.9999995,11.12,44.13,0.87,3.65,2.12,4.55,23.82,-5.77%,33.30%,39.31%,12.75%,12.12%,26.05,0.009300000000000001,1224080.0,2025-08-08 17:44:52
KBH,4050000000.0,7.89,9.19,,0.61,1.02,13.04,58.88,-23.92%,0.84%,24.25%,-3.13%,8.77%,59.58,0.0138,1160065.0,2025-08-08 17:44:52
VIST,4040000000.0,7.59,6.99,0.43,2.03,2.11,26.25,,3.04%,21.90%,-,17.73%,31.69%,42.41,-0.048,1378419.0,2025-08-08 17:44:52
BANF,4030000000.0000005,17.46,16.95,,4.37,2.33,,16.52,11.54%,-0.60%,9.72%,-,13.53%,121.03,0.009000000000000001,59903.0,2025-08-08 17:44:52
RH,4030000000.0000005,51.12,15.12,1.04,1.23,,87.42,,94.27%,35.81%,-16.77%,49.37%,3.74%,215.04,0.009300000000000001,613188.0,2025-08-08 17:44:52
SPSC,4030000000.0000005,48.8,23.15,3.1,5.73,4.24,37.43,28.38,16.12%,13.57%,16.80%,15.73%,17.97%,106.25,-0.024700000000000003,370052.0,2025-08-08 17:44:52
AKRO,4019999999.9999995,,,,,3.71,5.86,,-2.22%,-14.23%,-5.28%,-10.09%,-,50.46,0.0002,1059275.0,2025-08-08 17:44:52
AGO,4019999999.9999995,9.05,11.92,5.73,4.49,0.7,,19.33,6.26%,-8.91%,11.62%,1.58%,-2.17%,81.89,-0.0302,527099.0,2025-08-08 17:44:52
ATAT,4019999999.9999995,28.17,17.35,1.19,3.77,10.76,5.97,19.01,26.28%,25.44%,140.31%,23.76%,34.74%,35.37,0.0123,821042.0,2025-08-08 17:44:52
KRYS,4010000000.0,28.21,17.53,0.49,11.17,3.85,5.88,21.64,69.97%,55.13%,-,57.67%,-,138.66,0.018799999999999997,332066.0,2025-08-08 17:44:52
NSA,4010000000.0,47.84,36.04,,5.27,3.45,143.37,12.21,-38.07%,13.01%,-,-8.18%,14.71%,29.76,-0.0159,909605.0,2025-08-08 17:44:52
MWA,4000000000.0,27.05,18.36,1.72,2.86,4.31,10.76,23.15,31.25%,10.71%,12.98%,15.69%,6.31%,25.61,-0.0116,939529.0,2025-08-08 17:44:52
FTDR,4000000000.0,16.2,13.95,2.28,2.03,15.8,7.11,13.19,11.26%,5.53%,10.83%,7.10%,6.19%,54.88,-0.0256,525542.0,2025-08-08 17:44:52
WFRD,3980000000.0,8.52,11.56,,0.77,2.64,3.97,8.44,-31.51%,3.72%,-33.50%,-5.05%,1.12%,55.44,0.0027,661094.0,2025-08-08 17:44:52
ASB,3980000000.0,31.61,8.48,2.28,1.86,0.87,,7.95,20.64%,7.42%,-17.66%,13.84%,7.06%,24.0,0.009300000000000001,1164164.0,2025-08-08 17:44:52
CRC,3980000000.0,6.49,14.88,4.36,1.09,1.17,55.26,7.97,3.94%,-20.98%,-,1.49%,1.89%,47.55,0.0091,729791.0,2025-08-08 17:44:52
FHI,3970000000.0,11.38,10.84,0.62,2.36,3.57,6.54,14.31,42.11%,2.98%,3.77%,18.36%,4.29%,51.25,0.0075,702167.0,2025-08-08 17:44:52
SHC,3970000000.0,161.32,16.27,14.81,3.58,9.58,12.96,37.0,8.48%,13.10%,-,10.89%,7.17%,13.97,0.2451,4336044.0,2025-08-08 17:44:52
VERX,3960000000.0,,33.84,,5.57,16.5,12.73,62.58,2.29%,21.55%,-,19.03%,15.71%,25.67,-0.0662,3059272.0,2025-08-08 17:44:52
PONY,3960000000.0,,,,52.69,5.72,6.28,,78.00%,-6.21%,-,39.34%,-,14.7,-0.0161,4967088.0,2025-08-08 17:44:52
GBDC,3960000000.0,13.75,10.36,,4.76,0.99,,,-21.47%,-4.40%,-,-,-,14.85,0.008100000000000001,1150708.0,2025-08-08 17:44:52
ADMA,3940000000.0,19.45,18.22,0.52,8.31,9.93,43.67,59.94,18.27%,57.23%,-,37.23%,70.79%,16.52,-0.0137,4193318.0,2025-08-08 17:44:52
VEON,3940000000.0,8.62,8.05,0.67,0.96,3.26,1.85,5.41,-13.04%,36.82%,-7.96%,12.83%,-14.69%,56.2,0.0512,273502.0,2025-08-08 17:44:52
OSCR,3940000000.0,,,,0.37,3.45,,3.28,-1396.97%,79.21%,-,123.54%,79.82%,15.46,0.019799999999999998,16217406.0,2025-08-08 17:44:52
MCY,3920000000.0,10.06,10.19,,0.68,1.99,,4.8,-39.47%,59.65%,7.88%,-0.54%,6.63%,70.83,0.006999999999999999,266290.0,2025-08-08 17:44:52
CNR,3920000000.0,34.76,7.15,7.15,1.2,1.04,8.64,24.67,-112.03%,1021.74%,27.90%,4.86%,9.16%,76.18,0.0033,747754.0,2025-08-08 17:44:52
STNE,3920000000.0,,7.68,,4.36,1.97,3.87,,16.86%,19.91%,-,17.63%,27.45%,14.44,0.0696,11701090.0,2025-08-08 17:44:52
NXE,3920000000.0,,,,,5.23,14.39,,-66.81%,19.43%,-25.34%,-20.84%,-,6.88,-0.0143,5512677.0,2025-08-08 17:44:52
RELY,3920000000.0,304.49,17.48,9.27,2.68,5.12,7.58,11.7,22.83%,49.54%,13.42%,32.84%,58.45%,19.0,0.0026,7517106.0,2025-08-08 17:44:52
PAY,3910000000.0,77.69,43.66,2.94,3.74,8.22,14.46,33.6,19.93%,26.98%,35.18%,26.40%,29.89%,33.91,0.0059,943809.0,2025-08-08 17:44:52
TMDX,3900000000.0,59.21,41.93,1.12,7.35,12.25,9.74,224.98,131.29%,16.91%,-,52.67%,79.64%,114.5,-0.0134,711572.0,2025-08-08 17:44:52
HGV,3900000000.0,75.49,10.34,2.55,0.78,2.63,6.58,16.17,3.55%,49.49%,-28.38%,29.56%,22.07%,43.7,-0.0055000000000000005,548506.0,2025-08-08 17:44:52
LNTH,3890000000.0,15.19,8.69,2.94,2.56,3.33,5.59,8.17,-9.90%,8.03%,40.75%,5.17%,34.59%,57.2,0.042699999999999995,2503420.0,2025-08-08 17:44:52
ACLX,3890000000.0,,,,50.58,9.31,7.15,,-95.29%,17.09%,-31.14%,-5.58%,-,70.5,-0.0091,867672.0,2025-08-08 17:44:52
AAPG,3880000000.0,,58.52,,28.56,90.91,22.48,,-94.42%,149.97%,36.70%,30.52%,130.37%,41.95,-0.020099999999999996,6168.0,2025-08-08 17:44:52
SNRE,3880000000.0,,,,,0.8,15.05,,-,-,-,-,-,55.18,-0.0011,181344.0,2025-08-08 17:44:52
PCVX,3880000000.0,,,,,1.26,2.34,,-30.44%,-18.58%,-29.88%,-12.40%,-,29.9,-0.0037,1956003.0,2025-08-08 17:44:52
NSIT,3870000000.0,29.38,11.5,4.52,0.46,2.41,12.54,19.3,0.58%,10.00%,6.09%,6.50%,0.85%,123.13,0.0501,446011.0,2025-08-08 17:44:52
ZLAB,3870000000.0,,57.28,,9.25,4.67,4.51,,48.15%,145.27%,-3.19%,-,98.40%,34.96,0.0258,627427.0,2025-08-08 17:44:52
NGD,3860000000.0,26.86,5.4,0.43,3.76,3.51,16.58,,139.35%,88.78%,-,63.12%,7.56%,4.88,0.0146,16229182.0,2025-08-08 17:44:52
LUMN,3860000000.0,,,,0.3,,2.46,4.11,-310.19%,24.28%,59.19%,-,-9.39%,3.76,0.016200000000000003,9720222.0,2025-08-08 17:44:52
KAI,3840000000.0,36.33,31.43,,3.75,4.15,39.54,25.6,-11.11%,13.60%,15.84%,-,8.37%,326.29,0.002,70831.0,2025-08-08 17:44:52
LB,3840000000.0,133.68,20.47,2.39,24.54,4.87,188.77,,96.99%,46.12%,-,56.03%,-,51.56,0.014199999999999999,958473.0,2025-08-08 17:44:52
TLX,3840000000.0,118.99,19.8,1.48,7.43,10.79,8.73,407.37,208.50%,101.39%,-,80.63%,192.28%,11.34,-0.0374,155231.0,2025-08-08 17:44:52
ELP,3830000000.0,13.02,12.37,1.32,0.93,1.48,3.62,6.17,-7.70%,32.11%,-1.07%,9.88%,0.87%,9.17,-0.0076,224791.0,2025-08-08 17:44:52
BWIN,3830000000.0,,15.3,,2.62,3.65,9.98,,11.67%,25.94%,2.86%,20.54%,58.73%,32.27,0.050499999999999996,1866565.0,2025-08-08 17:44:52
CUK,3830000000.0,14.24,11.4,0.62,0.15,3.45,1.78,1.36,40.84%,15.31%,-19.76%,22.85%,3.74%,26.28,-0.0143,1894421.0,2025-08-08 17:44:52
TNL,3820000000.0,10.18,8.14,0.6,0.97,,9.88,7.72,10.22%,14.09%,0.20%,16.86%,-0.90%,58.88,-0.0036,493557.0,2025-08-08 17:44:52
HBM,3810000000.0,25.05,12.11,0.98,1.86,1.44,6.53,18.3,61.46%,2.69%,-,25.62%,9.71%,9.64,0.0277,5134844.0,2025-08-08 17:44:52
ALE,3800000000.0,20.72,15.58,2.02,2.48,1.33,68.67,,9.84%,9.83%,-2.88%,10.27%,4.28%,65.61,0.0003,1001337.0,2025-08-08 17:44:52
LEU,3800000000.0,36.66,63.16,,8.7,11.31,4.5,37.98,-6.14%,-15.79%,-,-5.46%,16.08%,223.15,-0.050199999999999995,1277203.0,2025-08-08 17:44:52
LBTYA,3790000000.0,,,,0.49,0.29,1.21,5.24,-227.17%,68.60%,-,-,-17.76%,11.03,0.011899999999999999,2044891.0,2025-08-08 17:44:52
OSIS,3790000000.0,27.48,22.5,2.46,2.25,4.31,39.58,159.11,14.50%,7.89%,16.36%,11.16%,5.41%,225.94,0.009000000000000001,141174.0,2025-08-08 17:44:52
LBTYK,3790000000.0,,,,0.49,0.3,1.21,5.24,-228.38%,67.72%,-,-,-17.76%,11.21,0.011699999999999999,906864.0,2025-08-08 17:44:52
CAMT,3790000000.0,30.7,23.9,2.5,8.04,6.07,8.7,,12.45%,9.30%,34.36%,12.30%,26.21%,83.14,0.0187,279402.0,2025-08-08 17:44:52
GGB,3780000000.0,10.69,7.04,1.7,0.31,0.59,2.3,9.31,-11.53%,28.36%,23.21%,6.27%,4.35%,2.99,0.0101,10201200.0,2025-08-08 17:44:52
EEFT,3760000000.0,12.53,8.17,0.95,0.91,2.78,1.63,6.4,13.65%,14.62%,0.43%,13.20%,7.73%,91.63,0.0042,365287.0,2025-08-08 17:44:52
KTB,3760000000.0,15.07,11.5,1.46,1.42,7.54,34.95,12.43,11.35%,8.00%,20.90%,10.30%,0.47%,67.6,0.0564,1558183.0,2025-08-08 17:44:52
VRRM,3750000000.0,98.95,15.71,9.69,4.13,10.64,24.35,19.94,7.38%,13.20%,-1.90%,10.21%,14.40%,23.49,-0.0241,1252499.0,2025-08-08 17:44:52
DOOO,3740000000.0,,14.25,,0.67,11.14,16.46,20.39,-22.28%,40.98%,-,13.63%,4.46%,51.25,-0.006,239655.0,2025-08-08 17:44:52
CNS,3730000000.0,23.27,21.54,,6.86,7.07,39.16,19.03,4.27%,11.29%,1.27%,-,3.98%,73.24,0.0038,238357.0,2025-08-08 17:44:52
ITGR,3730000000.0,47.01,14.94,3.45,2.08,2.19,161.17,30.94,19.93%,12.10%,4.13%,13.63%,6.43%,106.45,0.0069,282102.0,2025-08-08 17:44:52
SKY,3720000000.0,17.52,17.66,3.66,1.46,2.47,6.15,20.37,-1.72%,7.84%,27.34%,4.79%,12.64%,65.9,-0.023700000000000002,557833.0,2025-08-08 17:44:52
APAM,3720000000.0,12.51,11.66,2.17,3.03,8.51,11.94,7.26,1.27%,9.94%,6.67%,5.76%,7.93%,46.1,0.018600000000000002,700431.0,2025-08-08 17:44:52
IPAR,3720000000.0,23.17,20.29,4.02,2.55,4.43,18.11,18.66,0.53%,9.63%,21.89%,5.77%,15.27%,115.82,-0.011000000000000001,180894.0,2025-08-08 17:44:52
BC,3710000000.0,89.92,13.8,34.72,0.73,1.95,11.1,7.23,-29.59%,28.01%,-,2.59%,4.97%,56.85,-0.0060999999999999995,498133.0,2025-08-08 17:44:52
APLD,3710000000.0,,,,17.23,6.42,32.6,,-825.93%,38.29%,-46.17%,-,-,14.2,-0.0028000000000000004,18957026.0,2025-08-08 17:44:52
HWKN,3700000000.0,43.65,34.8,4.96,3.66,7.58,255.2,45.68,11.92%,12.92%,24.79%,8.80%,12.52%,177.25,0.0203,213225.0,2025-08-08 17:44:52
CALX,3690000000.0,,35.02,,4.25,4.78,12.35,51.64,120.72%,43.47%,-7.01%,67.58%,14.40%,56.56,-0.0021,673644.0,2025-08-08 17:44:52
LAUR,3690000000.0,14.76,12.77,0.87,2.38,3.51,25.96,16.18,27.78%,13.62%,24.18%,17.05%,5.27%,25.03,0.011699999999999999,784305.0,2025-08-08 17:44:52
KFY,3690000000.0,15.38,12.49,1.61,1.34,1.96,3.54,12.22,5.82%,10.17%,19.40%,9.57%,6.91%,71.04,0.0077,171735.0,2025-08-08 17:44:52
KC,3680000000.0,,,,3.33,4.84,10.91,,-482.52%,40.25%,-8.02%,2.22%,13.57%,13.55,-0.0444,1129928.0,2025-08-08 17:44:52
BTSG,3680000000.0,70.3,17.85,2.15,0.31,2.11,52.54,15.71,70.23%,22.11%,60.10%,32.69%,20.01%,20.78,0.015600000000000001,1607944.0,2025-08-08 17:44:52
FRSH,3680000000.0,,18.85,,4.71,3.75,3.97,20.23,35.80%,14.76%,32.10%,22.25%,33.11%,12.63,-0.024700000000000003,4463478.0,2025-08-08 17:44:52
CIG,3670000000.0,4.37,8.13,,0.51,1.13,4.48,4.53,-43.41%,-4.28%,11.17%,-20.47%,2.71%,1.93,0.0105,2792293.0,2025-08-08 17:44:52
HRI,3670000000.0,128.09,8.92,17.45,0.97,1.92,69.3,,-22.96%,24.79%,35.31%,7.34%,12.29%,110.5,-0.009000000000000001,336666.0,2025-08-08 17:44:52
TCBI,3670000000.0,31.88,11.58,0.41,1.86,1.14,,9.45,376.94%,13.40%,-26.54%,76.96%,5.86%,80.17,0.0059,325581.0,2025-08-08 17:44:52
DNP,3660000000.0,4.23,,,48.02,1091.11,,,-,-,-,-,-,9.82,-0.001,495362.0,2025-08-08 17:44:52
ECG,3640000000.0,23.98,24.94,,1.19,7.91,49.23,,-10.56%,13.93%,-,-,-,71.42,-0.0015,339183.0,2025-08-08 17:44:52
HGTY,3640000000.0,51.85,25.77,2.22,2.8,5.61,,25.91,35.71%,26.90%,-37.91%,23.31%,24.27%,10.65,0.14029999999999998,2207131.0,2025-08-08 17:44:52
LMND,3620000000.0,,,,7.39,6.86,,,5.42%,35.59%,-8.22%,33.54%,45.27%,48.98,0.0364,3350585.0,2025-08-08 17:44:52
UCB,3610000000.0,13.49,10.51,,2.44,1.02,,11.24,15.30%,6.53%,-2.48%,-,17.77%,29.7,0.0078000000000000005,481604.0,2025-08-08 17:44:52
GSAT,3600000000.0,,1898.0,,13.83,9.99,11.69,133.62,94.92%,150.00%,10.18%,-,13.71%,28.47,0.1307,1825943.0,2025-08-08 17:44:52
GBTG,3600000000.0,,19.17,,1.47,3.0,5.99,24.81,193.81%,39.18%,-,-,-,7.51,0.0359,1543647.0,2025-08-08 17:44:52
PTCT,3600000000.0,6.51,,0.08,2.04,,1.81,5.16,258.76%,-135.81%,-2.04%,78.46%,21.32%,45.38,-0.0989,2362693.0,2025-08-08 17:44:52
CVCO,3600000000.0,19.69,16.92,,1.72,3.38,9.32,22.33,13.41%,9.40%,20.65%,-,13.68%,454.21,0.006,61549.0,2025-08-08 17:44:52
EXPO,3590000000.0,35.45,,,6.4,8.14,15.47,26.72,-,-,6.67%,-,6.01%,70.65,-0.0087,189548.0,2025-08-08 17:44:52
SKT,3580000000.0,35.85,30.27,4.7,6.52,5.64,367.87,17.84,4.31%,13.94%,-1.16%,7.63%,1.79%,31.66,-0.0088,813051.0,2025-08-08 17:44:52
ENS,3580000000.0,10.91,8.54,,0.98,1.92,10.33,26.94,-3.17%,13.96%,22.99%,-,3.22%,95.6,0.0169,612821.0,2025-08-08 17:44:52
TAC,3580000000.0,,65.24,,2.0,7.67,17.83,15.97,-10.98%,-49.97%,25.30%,-1.80%,3.41%,12.08,0.005,1033477.0,2025-08-08 17:44:52
TFSL,3570000000.0,43.47,38.52,5.63,4.58,1.89,,231.18,10.71%,6.45%,-0.27%,7.72%,8.58%,12.71,0.0024,276125.0,2025-08-08 17:44:52
NHI,3560000000.0,23.92,22.8,8.57,10.12,2.31,190.81,17.88,-1.41%,6.47%,-3.17%,2.79%,1.23%,74.92,0.0051,327761.0,2025-08-08 17:44:52
TENB,3540000000.0,,16.71,,3.73,10.0,9.16,14.17,15.91%,16.02%,21.59%,15.83%,20.48%,28.99,-0.0146,1103187.0,2025-08-08 17:44:52
HTGC,3540000000.0,12.82,9.77,,7.03,1.65,,,-3.67%,3.58%,-,-,-,19.49,0.0088,1286860.0,2025-08-08 17:44:52
AAP,3540000000.0,,18.76,,0.38,1.61,2.12,,738.42%,70.06%,-,-,-1.30%,59.08,0.0127,1132313.0,2025-08-08 17:44:52
CNO,3540000000.0,13.46,8.58,2.2,0.8,1.41,,5.02,-4.92%,12.69%,7.48%,6.11%,2.35%,36.5,0.015600000000000001,595171.0,2025-08-08 17:44:52
PVH,3500000000.0,10.27,5.95,1.72,0.4,0.76,18.35,5.94,-7.41%,12.63%,13.54%,5.97%,-2.67%,72.9,-0.011399999999999999,790519.0,2025-08-08 17:44:52
PLXS,3500000000.0,22.06,17.24,1.81,0.87,2.47,14.72,13.96,24.83%,5.32%,2.77%,12.18%,4.59%,129.63,0.0139,109192.0,2025-08-08 17:44:52
TGLS,3490000000.0,19.11,15.38,1.65,3.66,4.75,24.8,54.63,13.70%,16.47%,44.13%,11.58%,15.62%,74.35,-0.0106,519399.0,2025-08-08 17:44:52
RHI,3480000000.0,19.54,15.56,2.02,0.62,2.65,9.14,12.22,-39.91%,49.87%,-8.96%,9.67%,-0.93%,34.2,-0.0058,1373921.0,2025-08-08 17:44:52
CXT,3480000000.0,23.17,12.34,2.84,2.26,2.96,22.68,23.6,4.46%,10.34%,7.68%,8.16%,-14.65%,60.59,0.059800000000000006,584589.0,2025-08-08 17:44:52
FLO,3450000000.0,15.21,14.63,,0.68,2.44,470.32,11.18,-15.21%,2.94%,8.55%,-3.76%,4.35%,16.35,0.0055000000000000005,1774895.0,2025-08-08 17:44:52
COMM,3450000000.0,,12.64,,0.73,,6.04,13.91,3483.33%,21.43%,20.01%,-,-12.81%,15.58,0.0394,11568111.0,2025-08-08 17:44:52
MHO,3440000000.0,7.16,7.11,3.35,0.77,1.12,4.3,25.99,-12.48%,6.36%,34.48%,2.14%,12.50%,130.5,0.0102,209206.0,2025-08-08 17:44:52
PSMT,3440000000.0,23.58,20.29,1.74,0.67,2.83,12.94,37.1,6.86%,12.92%,13.72%,13.58%,8.79%,111.88,0.0053,134929.0,2025-08-08 17:44:52
VSAT,3440000000.0,,,,0.75,0.73,2.92,,60.53%,16.75%,-320.60%,40.90%,14.37%,25.62,-0.0229,4237719.0,2025-08-08 17:44:52
UTG,3440000000.0,4.4,,,35.86,1.18,,,-,-,-,-,-,38.52,-0.0052,199766.0,2025-08-08 17:44:52
RUM,3420000000.0,,,,33.74,7.85,11.36,,89.76%,54.90%,-,71.12%,-,7.88,-0.021099999999999997,3506195.0,2025-08-08 17:44:52
INTR,3420000000.0,17.46,10.44,0.51,1.6,2.01,,4.52,52.60%,30.63%,107.84%,34.33%,47.27%,7.78,0.0078000000000000005,2249980.0,2025-08-08 17:44:52
CAAP,3420000000.0,23.57,8.78,1.32,1.9,2.35,6.53,17.75,-5.23%,43.27%,98.55%,17.81%,3.41%,20.97,-0.0014000000000000002,56787.0,2025-08-08 17:44:52
MATX,3420000000.0,7.26,10.6,,0.99,1.3,57.79,13.27,-20.87%,-8.07%,48.79%,-6.71%,9.21%,107.44,-0.0239,412952.0,2025-08-08 17:44:52
GNW,3410000000.0,18.78,15.98,17.72,0.49,0.39,,14.96,-29.03%,18.18%,-5.65%,1.06%,-2.44%,8.31,0.0196,5355865.0,2025-08-08 17:44:52
CBZ,3410000000.0,36.44,15.49,,1.41,1.8,38.34,32.46,35.33%,12.92%,-9.24%,-,13.84%,63.19,0.0217,601156.0,2025-08-08 17:44:52
NWE,3400000000.0,15.06,14.47,2.67,2.22,1.18,127.94,,5.24%,6.86%,-1.72%,5.63%,3.77%,55.33,-0.0007000000000000001,323888.0,2025-08-08 17:44:52
RNST,3390000000.0,14.1,10.44,,2.76,0.9,,28.18,-36.19%,63.98%,2.59%,-,8.38%,35.72,0.0028000000000000004,370955.0,2025-08-08 17:44:52
ATHM,3390000000.0,16.9,15.22,15.65,3.61,1.01,1.1,,1.36%,0.13%,-12.75%,1.08%,-4.30%,28.64,0.024,254809.0,2025-08-08 17:44:52
ATMU,3390000000.0,18.53,15.26,2.7,2.04,12.78,18.49,36.88,-0.08%,7.53%,6.68%,6.85%,7.88%,41.0,0.0611,1812237.0,2025-08-08 17:44:52
SEB,3380000000.0,24.6,,,0.36,0.7,3.03,161.06,-,-,-18.12%,-,5.88%,3526.09,0.0024,1805.0,2025-08-08 17:44:52
MLCO,3380000000.0,63.54,12.18,0.58,0.69,,3.02,,291.52%,79.85%,-33.61%,109.18%,-4.16%,8.66,-0.0069,1578746.0,2025-08-08 17:44:52
SMG,3370000000.0,76.15,13.3,2.47,0.98,,66.04,13.8,60.44%,19.60%,-,30.79%,2.40%,58.45,-0.0253,541738.0,2025-08-08 17:44:52
BBAR,3370000000.0,8.68,38.09,,0.7,1.31,,1.41,-72.19%,10.51%,12.50%,-,18.29%,16.52,-0.0137,437267.0,2025-08-08 17:44:52
MDU,3370000000.0,15.7,15.86,2.06,1.29,1.23,57.37,41.0,7.10%,8.03%,-4.05%,7.61%,-19.92%,16.51,0.0116,3044441.0,2025-08-08 17:44:52
MENS,3360000000.0,,,,,,33648.46,,-,-,-,-,-,45.33,0.3247,219854.0,2025-08-08 17:44:52
MLTX,3360000000.0,,,,,9.4,7.91,,-71.15%,-23.80%,-319.65%,-28.25%,-,52.4,0.0098,273104.0,2025-08-08 17:44:52
NVST,3360000000.0,64.58,16.53,2.68,1.32,1.08,3.03,13.04,51.92%,10.42%,-,24.06%,-1.82%,20.24,0.0075,1484404.0,2025-08-08 17:44:52
PATK,3360000000.0,27.16,18.19,,0.88,2.92,152.71,12.81,-2.19%,29.95%,9.87%,-,9.72%,100.37,-0.0075,257636.0,2025-08-08 17:44:52
VAL,3350000000.0,12.26,13.47,1.21,1.36,1.44,6.5,14.27,-60.77%,73.37%,-,10.13%,2.85%,47.08,0.0017000000000000001,785091.0,2025-08-08 17:44:52
BRC,3340000000.0,17.47,14.39,2.14,2.29,2.86,21.97,18.84,8.29%,7.44%,10.56%,8.16%,2.94%,70.65,-0.0006,144923.0,2025-08-08 17:44:52
OTTR,3340000000.0,11.73,13.55,,2.55,1.88,10.87,41.1,-10.55%,-8.22%,26.96%,-10.86%,7.67%,79.73,0.001,165203.0,2025-08-08 17:44:52
FBP,3330000000.0,10.99,9.53,1.17,2.68,1.81,,8.24,8.37%,10.39%,18.97%,9.42%,10.47%,20.64,0.0123,712878.0,2025-08-08 17:44:52
MUR,3320000000.0,12.08,9.76,1.08,1.2,0.64,8.75,7.37,-48.16%,66.56%,-17.32%,11.21%,1.39%,23.27,0.0179,2227653.0,2025-08-08 17:44:52
AMED,3320000000.0,39.3,19.54,4.8,1.38,2.69,9.84,14.15,17.92%,1.43%,-19.40%,8.19%,3.73%,100.94,0.0006,684123.0,2025-08-08 17:44:52
AZZ,3310000000.0,12.79,16.77,,2.09,2.72,1088.5,8.63,16.30%,8.68%,-0.53%,-,8.24%,110.25,0.010700000000000001,365695.0,2025-08-08 17:44:52
PCH,3300000000.0,81.04,38.05,1.2,3.13,1.72,34.49,26.41,186.31%,40.15%,-19.62%,67.60%,5.13%,42.75,-0.0072,297877.0,2025-08-08 17:44:52
ASO,3300000000.0,9.14,7.66,1.26,0.56,1.69,11.57,12.59,-3.40%,11.46%,33.97%,7.28%,4.20%,49.63,-0.011399999999999999,815790.0,2025-08-08 17:44:52
HAYW,3290000000.0,25.83,19.02,2.72,3.04,2.19,9.01,20.13,5.45%,12.94%,200.16%,9.51%,7.47%,15.18,-0.0313,2708367.0,2025-08-08 17:44:52
GLOB,3290000000.0,22.06,11.27,4.33,1.34,1.6,27.37,15.82,-3.84%,7.71%,21.64%,5.09%,29.65%,74.68,-0.0418,2213552.0,2025-08-08 17:44:52
ORLA,3280000000.0,16816.67,,,7.86,7.34,17.81,6.49,-,-,-,-,-,10.09,-0.026099999999999998,1205106.0,2025-08-08 17:44:52
M,3280000000.0,6.11,6.7,,0.14,0.74,3.52,12.76,-32.99%,1.96%,2.68%,-12.69%,-1.91%,12.08,-0.0025,4375176.0,2025-08-08 17:44:52
UGP,3270000000.0,8.44,8.64,3.46,0.13,1.23,6.07,10.78,-28.48%,30.23%,35.46%,2.44%,1.81%,3.04,-0.0559,1982122.0,2025-08-08 17:44:52
AGX,3260000000.0,33.55,28.66,1.96,3.58,8.96,5.97,18.26,8.80%,24.64%,-,17.12%,29.61%,239.02,0.0171,237825.0,2025-08-08 17:44:52
NEA,3260000000.0,272.5,,,11.99,0.94,,,-,-,-,-,-,10.9,-0.0064,607981.0,2025-08-08 17:44:52
ODD,3250000000.0,32.49,22.91,1.28,4.32,9.25,4.79,25.0,27.13%,21.88%,67.81%,25.41%,55.51%,58.22,0.0083,1596090.0,2025-08-08 17:44:52
CLBT,3250000000.0,,35.09,,7.75,8.94,7.94,24.32,125.17%,13.81%,-,-,19.78%,13.57,-0.0181,988335.0,2025-08-08 17:44:52
ARLP,3250000000.0,13.86,9.76,7.11,1.42,1.81,59.05,10.22,-16.79%,12.36%,-1.99%,1.95%,4.53%,25.29,-0.016,373467.0,2025-08-08 17:44:52
GFF,3250000000.0,52.01,11.11,4.24,1.29,50.88,30.25,11.03,10.32%,11.08%,37.20%,12.28%,3.50%,69.71,0.0256,1097170.0,2025-08-08 17:44:52
BXMT,3240000000.0,,11.0,,2.05,0.9,8.35,10.06,3958.33%,48.25%,-,-,14.90%,18.88,0.0053,844200.0,2025-08-08 17:44:52
FULT,3230000000.0,10.4,8.54,0.73,1.69,1.03,,10.44,27.30%,4.26%,3.10%,14.34%,11.81%,17.79,0.0096,903172.0,2025-08-08 17:44:52
GSHD,3230000000.0,75.26,35.46,4.29,9.46,,33.8,39.34,-10.26%,35.89%,39.19%,17.56%,32.34%,86.05,-0.0128,265750.0,2025-08-08 17:44:52
PBH,3230000000.0,15.39,13.56,3.31,2.88,1.74,23.14,12.05,0.93%,6.02%,9.02%,4.65%,3.39%,65.58,-0.03,785601.0,2025-08-08 17:44:52
PLMR,3220000000.0,21.17,14.5,0.92,4.73,3.8,,8.47,39.94%,16.57%,55.93%,23.01%,37.32%,120.38,-0.0204,396482.0,2025-08-08 17:44:52
EBC,3220000000.0,,7.68,,3.37,0.87,,11.26,48.11%,26.43%,0.41%,-,11.37%,15.24,0.013999999999999999,898501.0,2025-08-08 17:44:52
USLM,3210000000.0,25.71,22.39,1.9,9.12,5.7,10.04,30.07,16.84%,12.84%,32.55%,13.53%,14.95%,112.15,0.0547,116554.0,2025-08-08 17:44:52
WNS,3210000000.0,20.84,14.4,2.46,2.39,4.02,14.45,18.03,1.32%,12.73%,10.49%,8.46%,7.21%,74.85,0.0003,962581.0,2025-08-08 17:44:52
GEF,3210000000.0,18.75,,,0.58,1.81,12.69,14.92,-,-,9.89%,-,3.46%,66.54,0.0002,154244.0,2025-08-08 17:44:52
MGNI,3200000000.0,79.94,19.67,,4.67,4.16,7.51,17.54,28.79%,24.91%,-,-,33.70%,22.47,0.0331,4302092.0,2025-08-08 17:44:52
ZGN,3200000000.0,23.93,16.12,1.17,1.52,2.09,10.55,16.51,12.43%,23.69%,-,20.47%,-,7.85,0.009000000000000001,669755.0,2025-08-08 17:44:52
MTSR,3190000000.0,,,,,7.1,6.02,,77.36%,-9.11%,-,32.19%,-,30.4,-0.0159,1551861.0,2025-08-08 17:44:52
HCC,3190000000.0,78.9,13.11,6.66,2.61,1.53,7.41,,-99.27%,12804.55%,-3.96%,11.84%,3.78%,60.73,0.0176,1252982.0,2025-08-08 17:44:52
TEX,3190000000.0,18.12,8.62,6.25,0.62,1.6,8.52,13.47,-21.10%,16.91%,45.64%,2.90%,3.33%,48.59,0.0023,787242.0,2025-08-08 17:44:52
ASAN,3190000000.0,,40.09,,4.31,13.48,6.76,292.05,274.98%,48.46%,-8.31%,-,38.39%,13.54,-0.0418,4176914.0,2025-08-08 17:44:52
CATY,3180000000.0,10.96,9.13,0.94,2.31,1.09,,9.51,12.10%,12.33%,2.60%,11.67%,11.31%,45.4,0.0138,261847.0,2025-08-08 17:44:52
TR,3180000000.0,32.0,,,4.43,3.22,17.97,30.37,-,-,7.32%,-,6.53%,38.86,-0.0018,118966.0,2025-08-08 17:44:52
INDB,3180000000.0,14.41,8.68,,3.21,0.88,,14.78,20.44%,34.22%,-2.11%,-,11.89%,63.81,0.0105,141045.0,2025-08-08 17:44:52
BNL,3180000000.0,32.79,22.92,,7.1,1.09,153.0,12.64,-25.07%,13.82%,-,-3.56%,7.99%,16.81,-0.003,838928.0,2025-08-08 17:44:52
IPGP,3180000000.0,,51.87,,3.36,1.51,3.53,49.16,116.52%,114.82%,-,-,-5.76%,75.26,0.0070999999999999995,254586.0,2025-08-08 17:44:52
PTGX,3180000000.0,71.67,,,15.19,4.75,5.57,85.64,-140.53%,93.71%,-,-,351.71%,51.07,0.0022,719043.0,2025-08-08 17:44:52
VSEC,3170000000.0,87.86,33.94,3.94,2.88,3.24,187.69,238.27,6.53%,35.65%,-12.72%,22.30%,7.49%,153.5,-0.0111,297385.0,2025-08-08 17:44:52
CWK,3170000000.0,15.55,9.79,0.56,0.33,1.66,4.91,32.91,50.97%,19.92%,262.58%,28.00%,1.54%,13.69,0.022400000000000003,2984833.0,2025-08-08 17:44:52
MRCY,3160000000.0,,57.88,,3.56,2.14,11.7,21.89,157.98%,128.12%,-,-,4.99%,52.83,0.004,583383.0,2025-08-08 17:44:52
KMPR,3150000000.0,9.47,8.4,2.53,0.66,1.08,,5.72,-3.12%,4.88%,-9.21%,3.74%,-1.67%,50.27,-0.0069,1345776.0,2025-08-08 17:44:52
GENI,3150000000.0,,110.64,,5.64,4.1,14.22,83.71,34.83%,163.64%,13.71%,-,34.84%,12.39,0.036000000000000004,5839153.0,2025-08-08 17:44:52
WOR,3150000000.0,32.99,16.25,2.74,2.73,3.32,12.59,19.79,14.23%,10.90%,6.36%,12.06%,-17.72%,63.21,-0.0019,194901.0,2025-08-08 17:44:52
DLO,3130000000.0,24.29,14.53,0.7,4.43,7.34,5.65,18.94,45.83%,32.75%,51.11%,34.86%,68.27%,10.97,0.0262,1790369.0,2025-08-08 17:44:52
GTM,3130000000.0,37.52,9.37,6.95,2.55,2.03,17.69,11.28,4.43%,4.49%,-,5.40%,32.86%,9.82,-0.054900000000000004,5464354.0,2025-08-08 17:44:52
PTON,3120000000.0,,76.81,,1.24,,3.42,13.17,92.25%,539.29%,-11.89%,-,24.17%,7.84,0.1027,28259357.0,2025-08-08 17:44:52
VC,3110000000.0,10.88,12.06,,0.81,2.19,4.64,9.4,-18.38%,6.80%,31.66%,-0.72%,5.60%,114.13,0.0038,159347.0,2025-08-08 17:44:52
HASI,3110000000.0,16.96,8.78,1.88,8.5,1.27,35.94,,8.34%,10.26%,5.50%,9.04%,22.06%,25.71,0.0546,1673545.0,2025-08-08 17:44:52
BLKB,3110000000.0,,13.52,,2.73,35.35,3.41,12.78,7.76%,8.07%,-,9.68%,5.11%,64.09,0.0034000000000000002,463670.0,2025-08-08 17:44:52
PRGO,3100000000.0,,7.2,,0.72,0.69,6.83,12.09,16.53%,4.65%,-,9.20%,-1.99%,22.55,-0.0123,3362854.0,2025-08-08 17:44:52
HIW,3100000000.0,24.5,38.95,,3.81,1.32,77.5,16.75,21.28%,-35.38%,-6.23%,-5.23%,2.28%,28.69,-0.0017000000000000001,1088457.0,2025-08-08 17:44:52
SSL,3090000000.0,,2.69,,0.22,0.41,1.45,4.53,57.65%,13.93%,-,30.40%,0.48%,4.91,-0.0239,880505.0,2025-08-08 17:44:52
TNET,3090000000.0,21.7,13.04,10.05,0.61,28.87,2.05,5.01,-20.10%,14.71%,2.99%,2.16%,5.56%,63.57,-0.0036,292304.0,2025-08-08 17:44:52
SSRM,3080000000.0,19.83,6.23,0.18,2.36,0.94,7.02,18.81,421.59%,66.88%,-,110.63%,10.41%,15.19,0.0236,3471123.0,2025-08-08 17:44:52
GRND,3080000000.0,,27.05,,7.99,9.82,12.03,31.5,160.47%,29.61%,-5.36%,-,-,15.69,-0.12300000000000001,6526974.0,2025-08-08 17:44:52
APLS,3080000000.0,,,,4.08,19.67,8.29,697.89,121.15%,-400.20%,20.08%,-,-,24.37,0.0016,1342545.0,2025-08-08 17:44:52
SRRK,3070000000.0,,,,,13.15,10.41,,-30.57%,21.00%,-5.90%,17.98%,-,31.95,0.0178,1367845.0,2025-08-08 17:44:52
UNF,3070000000.0,21.14,19.77,4.76,1.25,1.41,14.49,20.41,-2.02%,7.70%,-3.60%,4.44%,6.05%,172.14,-0.0027,64538.0,2025-08-08 17:44:52
WW,3070000000.0,,,,4.01,,12.73,90.4,-,-,-,-,-11.07%,38.23,0.0053,319516.0,2025-08-08 17:44:52
WHD,3070000000.0,14.48,13.34,2.62,2.74,2.3,7.57,13.21,-18.78%,15.57%,8.10%,5.53%,12.45%,38.44,-0.0151,733886.0,2025-08-08 17:44:52
FIBK,3070000000.0,13.17,11.16,1.43,2.14,0.9,,10.04,10.25%,8.53%,-5.02%,9.22%,17.30%,29.24,0.015300000000000001,840416.0,2025-08-08 17:44:52
CAKE,3070000000.0,18.94,14.73,1.72,0.84,7.64,20.61,23.36,9.92%,10.49%,2.30%,11.01%,7.61%,61.54,-0.0063,1497239.0,2025-08-08 17:44:52
BRSL,3070000000.0,15.96,12.51,1.0,1.25,2.0,2.19,3.17,-69.65%,493.48%,-,15.88%,-9.03%,15.1,-0.0079,1208142.0,2025-08-08 17:44:52
BCC,3070000000.0,12.06,13.33,,0.47,1.43,6.37,,-50.35%,29.65%,35.94%,-3.69%,7.69%,82.09,-0.0132,336766.0,2025-08-08 17:44:52
FRPT,3060000000.0,94.86,31.77,1.71,2.93,2.86,12.56,,25.37%,69.35%,-,55.49%,31.73%,62.74,-0.0194,1021858.0,2025-08-08 17:44:52
SIG,3060000000.0,80.66,7.47,14.83,0.45,1.73,11.58,7.5,0.11%,11.14%,-,5.44%,1.78%,74.31,-0.0125,524876.0,2025-08-08 17:44:52
SAND,3050000000.0,107.53,39.49,1.37,16.64,2.17,261.09,29.91,271.95%,41.87%,-12.26%,78.41%,14.54%,10.42,0.0256,6029139.0,2025-08-08 17:44:52
MQ,3050000000.0,,,,5.52,3.47,3.68,99.06,-236.00%,75.08%,-,30.06%,28.76%,6.52,-0.0454,8747850.0,2025-08-08 17:44:52
SEZL,3050000000.0,30.95,20.34,0.68,8.19,24.71,25.38,49.8,86.26%,31.02%,-,45.26%,76.56%,91.51,-0.3432,5300319.0,2025-08-08 17:44:52
MGEE,3040000000.0,23.12,21.17,2.84,4.23,2.39,265.79,68.72,10.51%,6.79%,5.83%,8.13%,3.54%,83.21,-0.011200000000000002,103369.0,2025-08-08 17:44:52
NCNO,3040000000.0,,28.05,,5.45,2.81,22.79,58.86,10.11%,30.45%,-1.33%,21.53%,31.37%,26.19,-0.0264,1807594.0,2025-08-08 17:44:52
AVPT,3040000000.0,,40.19,,8.7,8.09,8.63,39.14,340.62%,34.15%,-,96.73%,-,14.33,-0.18109999999999998,5126034.0,2025-08-08 17:44:52
FUL,3030000000.0,30.53,11.76,2.35,0.86,1.62,31.34,25.78,9.51%,13.67%,-1.78%,12.98%,4.26%,56.21,-0.0028000000000000004,268406.0,2025-08-08 17:44:52
SGRY,3030000000.0,,20.61,,0.94,1.73,12.12,17.29,0.66%,22.54%,10.25%,13.00%,11.20%,23.64,0.0181,1704277.0,2025-08-08 17:44:52
AVA,3030000000.0,16.73,13.67,2.12,1.55,1.14,336.34,,10.90%,7.51%,-5.12%,7.90%,7.57%,37.32,-0.0029,1022422.0,2025-08-08 17:44:52
NMIH,3020000000.0,8.27,7.64,1.39,4.45,1.25,,7.8,9.19%,3.80%,12.43%,5.96%,11.44%,38.98,0.0194,398162.0,2025-08-08 17:44:52
WGS,3020000000.0,5621.92,45.35,41.89,8.34,10.89,22.44,3638.55,586.35%,32.91%,96.65%,134.22%,14.24%,105.13,-0.0077,417331.0,2025-08-08 17:44:52
GEO,3020000000.0,33.22,11.43,,1.23,2.18,44.49,23.04,19.78%,107.79%,-30.73%,-,-0.44%,21.33,-0.0079,5013393.0,2025-08-08 17:44:52
SM,3020000000.0,3.71,5.35,,0.96,0.66,29.61,,-15.60%,-14.60%,-,-1.72%,11.10%,26.24,0.0027,1458836.0,2025-08-08 17:44:52
MIRM,3010000000.0,,251.03,,7.02,11.77,9.89,349.1,64.70%,136.58%,4.14%,-,-,59.97,0.0025,878314.0,2025-08-08 17:44:52
DOCN,3010000000.0,25.96,15.53,2.85,3.61,,7.76,32.84,8.16%,2.46%,-,9.11%,25.09%,33.05,-0.0373,2591491.0,2025-08-08 17:44:52
AVNT,3010000000.0,25.44,10.48,2.6,0.92,1.28,6.34,20.08,5.29%,11.93%,1.81%,9.77%,2.51%,32.86,-0.009899999999999999,630225.0,2025-08-08 17:44:52
NMRK,3000000000.0,38.43,9.02,2.33,1.01,2.25,9.68,,24.39%,17.65%,-10.03%,16.50%,3.44%,16.24,0.0227,1233984.0,2025-08-08 17:44:52
WSFS,2990000000.0,11.71,10.41,,2.17,1.12,,17.5,11.16%,5.23%,8.01%,-,15.29%,53.47,0.0022,214135.0,2025-08-08 17:44:52
BL,2990000000.0,38.9,20.63,4.55,4.44,7.23,3.49,17.53,-1.60%,9.25%,-,8.55%,17.72%,48.35,-0.0426,995655.0,2025-08-08 17:44:52
INTA,2990000000.0,,35.5,,6.19,6.05,9.25,28.74,100.00%,15.63%,1.52%,42.46%,24.62%,36.94,-0.011200000000000002,1645122.0,2025-08-08 17:44:52
USAC,2990000000.0,36.69,21.28,1.42,3.04,,,11.56,16.48%,36.43%,-,25.87%,6.36%,24.35,0.0366,297583.0,2025-08-08 17:44:52
MANU,2990000000.0,,,,3.63,11.72,31.6,38.18,34.48%,-23.87%,-,52.58%,0.52%,17.5,-0.0278,166918.0,2025-08-08 17:44:52
FHB,2980000000.0,12.35,11.49,2.66,2.58,1.11,,9.66,5.62%,1.63%,-3.40%,4.64%,5.85%,23.92,0.011000000000000001,1192459.0,2025-08-08 17:44:52
TPC,2980000000.0,,15.28,,0.62,2.51,4.22,5.27,167.34%,75.18%,16.52%,-,-0.56%,56.41,0.024300000000000002,1116536.0,2025-08-08 17:44:52
KAR,2970000000.0,37.76,22.78,,1.61,2.12,19.99,10.57,30.25%,10.95%,-20.49%,-,-8.46%,27.98,-0.0007000000000000001,1006889.0,2025-08-08 17:44:52
AI,2970000000.0,,,,7.64,3.54,4.0,,11.12%,62.63%,-25.13%,-,19.95%,22.13,-0.023399999999999997,5804226.0,2025-08-08 17:44:52
ABM,2970000000.0,38.22,11.54,4.33,0.35,1.63,50.63,,4.91%,10.47%,-7.64%,8.82%,5.16%,47.74,0.0108,336260.0,2025-08-08 17:44:52
WDFC,2970000000.0,34.53,36.73,4.97,4.85,11.56,57.48,36.6,8.02%,8.24%,4.92%,6.94%,6.88%,219.48,-0.0044,66097.0,2025-08-08 17:44:52
CNXC,2970000000.0,12.93,3.77,2.24,0.31,0.69,5.55,6.12,2.24%,7.07%,10.35%,5.77%,15.36%,47.09,0.019299999999999998,647271.0,2025-08-08 17:44:52
TBBB,2960000000.0,105.69,89.31,2.0,0.92,14.24,13.08,,-62.90%,504.08%,-,52.78%,39.00%,25.81,0.014499999999999999,327653.0,2025-08-08 17:44:52
SMPL,2960000000.0,20.59,14.56,3.39,2.03,1.61,30.21,17.05,6.33%,3.91%,-,6.07%,20.51%,29.45,-0.0187,1061065.0,2025-08-08 17:44:52
HOG,2940000000.0,12.55,8.68,3.76,0.66,0.9,1.69,3.58,4.09%,-22.04%,5.10%,3.34%,-0.66%,24.22,0.0054,1496660.0,2025-08-08 17:44:52
POWL,2940000000.0,16.93,17.52,3.14,2.72,4.95,6.8,36.32,10.33%,2.65%,70.63%,5.39%,14.38%,243.85,0.0447,297069.0,2025-08-08 17:44:52
BUR,2940000000.0,12.42,7.48,0.26,4.56,1.17,6.43,8.79,122.16%,22.33%,-7.52%,47.59%,41.61%,13.42,0.0347,1324857.0,2025-08-08 17:44:52
CSQ,2940000000.0,10.52,,,36.35,1.12,,,-,-,-,-,-,18.31,0.0033,154246.0,2025-08-08 17:44:52
TBBK,2930000000.0,13.49,9.3,,3.81,3.51,,10.37,22.49%,28.45%,36.68%,-,19.65%,62.78,0.0037,448073.0,2025-08-08 17:44:52
DEI,2930000000.0,67.65,,,2.93,1.18,6.86,12.16,-102.06%,-10285.18%,-42.41%,-,1.04%,14.43,-0.0062,1624498.0,2025-08-08 17:44:52
GPOR,2930000000.0,,5.42,,2.53,1.66,772.07,10.27,62.69%,22.69%,-3.34%,33.45%,-7.28%,166.62,-0.0124,240876.0,2025-08-08 17:44:52
RIG,2920000000.0,,25.82,,0.77,0.3,3.79,7.63,124.91%,85.35%,18.05%,-,1.48%,3.1,0.0508,24029259.0,2025-08-08 17:44:52
JOE,2920000000.0,35.47,,,6.84,3.96,33.11,26.27,-,-,23.29%,-,25.95%,50.4,0.0018,114156.0,2025-08-08 17:44:52
AWR,2910000000.0,23.19,21.77,4.34,4.73,3.0,143.86,,3.23%,6.19%,6.82%,5.34%,4.67%,75.65,-0.0053,170833.0,2025-08-08 17:44:52
AGYS,2910000000.0,209.51,49.88,10.96,10.07,10.27,52.37,61.72,4.84%,28.00%,-,19.12%,11.39%,103.75,-0.0797,227148.0,2025-08-08 17:44:52
MGRC,2900000000.0,11.48,17.8,,3.08,2.49,1973.95,13.34,4.27%,7.12%,19.12%,-,9.82%,117.9,0.0039000000000000003,90368.0,2025-08-08 17:44:52
LGND,2900000000.0,,20.94,,15.43,3.64,11.34,57.35,15.93%,7.70%,-,13.50%,6.80%,150.06,0.0256,195533.0,2025-08-08 17:44:52
PII,2890000000.0,,55.14,,0.42,2.44,8.92,5.78,-123.60%,221.62%,-17.81%,-9.23%,1.13%,51.44,-0.0121,655145.0,2025-08-08 17:44:52
FA,2890000000.0,,13.99,,2.31,2.23,15.67,,17.80%,23.04%,-,21.02%,12.29%,16.63,-0.049699999999999994,1891629.0,2025-08-08 17:44:52
TPH,2890000000.0,8.41,11.49,,0.71,0.88,4.64,7.33,-44.16%,6.52%,26.92%,-11.57%,7.82%,33.0,0.0064,985899.0,2025-08-08 17:44:52
CPK,2880000000.0,22.03,18.27,2.11,3.32,1.97,1920.0,,15.97%,8.09%,7.70%,10.44%,10.43%,123.46,0.0177,286456.0,2025-08-08 17:44:52
CARG,2880000000.0,23.45,11.48,1.19,3.13,6.61,12.33,12.57,26.68%,16.34%,-11.88%,19.77%,8.72%,29.11,-0.0732,2008026.0,2025-08-08 17:44:52
CBU,2870000000.0,14.83,11.36,,2.94,1.53,,14.65,18.31%,17.94%,1.26%,-,8.80%,54.38,0.0155,309833.0,2025-08-08 17:44:52
ALHC,2870000000.0,,896.23,,0.86,20.38,,101.14,72.72%,108.86%,-22.95%,-,28.99%,14.51,0.046900000000000004,2381698.0,2025-08-08 17:44:52
MYRG,2870000000.0,38.64,22.54,0.5,0.83,4.93,125.11,26.45,280.66%,17.86%,-4.10%,77.82%,10.18%,185.05,-0.0032,160982.0,2025-08-08 17:44:52
ENLT,2860000000.0,25.85,106.22,1.63,6.66,2.16,5.04,,137.22%,-73.74%,-,15.87%,47.55%,23.82,0.0206,26846.0,2025-08-08 17:44:52
CNK,2850000000.0,13.62,11.95,2.69,0.89,6.37,3.06,9.36,-29.17%,42.26%,4.76%,5.06%,-1.47%,24.81,-0.0072,5585408.0,2025-08-08 17:44:52
KGS,2850000000.0,36.59,15.0,0.54,2.22,2.12,525.38,22.48,218.64%,21.30%,-,67.95%,21.47%,32.47,0.0204,2092843.0,2025-08-08 17:44:52
NAMS,2850000000.0,,,,44.53,3.66,3.86,,47.13%,-36.52%,-,17.48%,-,25.31,0.1024,1836585.0,2025-08-08 17:44:52
KYMR,2850000000.0,,,,48.4,3.36,6.15,,-12.99%,-13.99%,-26.36%,-11.51%,74.20%,40.62,-0.005600000000000001,840550.0,2025-08-08 17:44:52
TDW,2840000000.0,14.89,12.99,0.7,2.09,2.49,7.69,9.93,1.97%,27.45%,-,21.16%,22.57%,57.41,0.009300000000000001,695440.0,2025-08-08 17:44:52
GRBK,2840000000.0,8.34,9.44,,1.33,1.69,19.48,17.45,-21.89%,4.60%,48.78%,-,21.53%,65.2,0.011200000000000002,195963.0,2025-08-08 17:44:52
WRBY,2830000000.0,,48.85,,3.45,7.87,9.89,54.08,4.87%,48.37%,19.99%,19.86%,15.80%,23.33,-0.0064,2624439.0,2025-08-08 17:44:52
CLSK,2830000000.0,,12.72,,5.26,1.5,3.02,,253.39%,-25.18%,35.68%,-,142.35%,10.07,-0.060599999999999994,33861906.0,2025-08-08 17:44:52
SOC,2830000000.0,,7.71,,,9.18,12.6,,95.46%,994.65%,-,-,-,28.83,-0.0069,3075391.0,2025-08-08 17:44:52
WSBC,2820000000.0,17.75,7.69,,2.43,0.77,,25.52,41.93%,15.64%,-4.40%,-,9.56%,29.52,0.0027,317534.0,2025-08-08 17:44:52
BRZE,2810000000.0,,69.45,,4.53,5.59,5.21,80.54,1.21%,111.80%,-23.78%,61.68%,43.84%,25.31,-0.0336,1341486.0,2025-08-08 17:44:52
PAGS,2800000000.0,6.99,5.61,0.99,0.83,0.98,2.85,,5.12%,12.11%,3.32%,7.05%,19.17%,8.51,0.0378,5769236.0,2025-08-08 17:44:52
CIVI,2800000000.0,3.83,5.48,,0.58,0.41,40.65,3.25,-31.14%,-5.56%,21.13%,-7.69%,75.45%,30.27,0.006,2782764.0,2025-08-08 17:44:52
OUT,2800000000.0,27.65,17.81,,1.56,5.19,98.28,12.76,-50.73%,26.40%,9.39%,-9.78%,0.54%,16.75,-0.0553,2512496.0,2025-08-08 17:44:52
CWT,2790000000.0,20.43,18.06,,2.81,1.68,28.99,,-26.22%,8.01%,19.95%,-4.40%,7.73%,46.78,-0.0021,243206.0,2025-08-08 17:44:52
STR,2780000000.0,35.37,61.64,,4.37,1.01,1635.25,24.49,340.20%,-13.33%,-,-,59.90%,18.43,0.0027,1083982.0,2025-08-08 17:44:52
APLE,2780000000.0,15.5,15.73,,1.95,0.87,66.42,9.12,-16.85%,0.68%,2.94%,-,2.48%,11.72,-0.0034000000000000002,2945817.0,2025-08-08 17:44:52
ICUI,2780000000.0,,14.02,,1.15,1.4,9.59,21.12,10.44%,17.15%,-,13.81%,13.44%,112.85,-0.1313,1173299.0,2025-08-08 17:44:52
COLM,2780000000.0,12.91,16.21,,0.81,1.68,4.79,10.79,-16.88%,-1.48%,-4.58%,-0.86%,2.07%,50.7,-0.0053,677664.0,2025-08-08 17:44:52
BBUC,2770000000.0,,,,0.34,,3.07,,-,-,-47.33%,-,-3.68%,28.72,-0.031,96396.0,2025-08-08 17:44:52
EE,2770000000.0,20.69,13.52,1.45,2.87,1.17,4.45,14.6,10.34%,28.39%,-10.77%,14.26%,9.36%,24.32,-0.0040999999999999995,316518.0,2025-08-08 17:44:52
HAFN,2770000000.0,4.58,7.46,,1.05,1.22,10.33,3.44,-57.83%,15.25%,48.99%,-18.93%,28.22%,5.51,-0.0213,1487180.0,2025-08-08 17:44:52
CON,2770000000.0,17.55,13.67,2.54,1.43,9.02,53.18,15.49,-8.49%,18.40%,-,6.90%,-,21.62,0.0703,975005.0,2025-08-08 17:44:52
TTAM,2770000000.0,,11.99,,,3.51,18.57,,12.99%,16.54%,-,15.03%,-,15.0,0.0204,215942.0,2025-08-08 17:44:52
ATS,2750000000.0,,16.2,,1.49,2.18,19.83,20.72,25.12%,30.58%,-,23.06%,11.11%,28.18,-0.0454,123502.0,2025-08-08 17:44:52
BATRA,2750000000.0,,,,3.91,5.61,17.87,,36.91%,-12.76%,-,18.33%,-,46.71,-0.013300000000000001,24118.0,2025-08-08 17:44:52
WD,2750000000.0,24.92,17.84,0.98,2.36,1.54,5.57,,12.23%,26.47%,-10.16%,25.40%,5.99%,80.79,0.011000000000000001,317408.0,2025-08-08 17:44:52
INDV,2740000000.0,31.04,11.24,2.85,2.34,,5.38,13.83,1.41%,16.24%,-56.08%,10.90%,8.64%,22.0,-0.0023,2192952.0,2025-08-08 17:44:52
GRFS,2740000000.0,22.23,9.22,0.87,0.34,1.19,4.18,3.03,22.08%,29.78%,-24.56%,25.61%,6.45%,10.66,0.0009,751594.0,2025-08-08 17:44:52
SFNC,2740000000.0,14.94,9.49,,1.91,0.67,,7.86,19.57%,18.43%,-12.84%,-,9.07%,18.95,0.0128,752941.0,2025-08-08 17:44:52
IAC,2740000000.0,,77.71,,0.89,0.56,2.5,17.43,87.34%,164.98%,-,-,-4.36%,34.17,-0.0233,1591347.0,2025-08-08 17:44:52
AMBA,2740000000.0,,201.2,,8.66,4.78,10.54,55.01,170.93%,182.67%,-15.94%,-,4.49%,64.55,0.0265,384607.0,2025-08-08 17:44:52
RUN,2730000000.0,,23.39,,1.28,0.93,2.7,,107.24%,-45.37%,-,-,18.87%,11.85,-0.0125,18572195.0,2025-08-08 17:44:52
NATL,2730000000.0,21.06,7.64,0.94,0.64,7.79,4.29,13.84,24.69%,20.92%,-,22.51%,-,37.11,-0.0072,1135926.0,2025-08-08 17:44:52
DRVN,2720000000.0,,11.15,,1.23,3.66,16.36,71.0,6.17%,22.87%,-,13.84%,31.27%,16.58,-0.0024,864560.0,2025-08-08 17:44:52
BATRK,2720000000.0,,,,3.88,5.25,17.72,,23.99%,-9.52%,-,24.92%,-,43.76,-0.0215,302776.0,2025-08-08 17:44:52
BFH,2720000000.0,9.86,6.41,0.85,0.58,0.86,,1.48,12.06%,6.61%,-,11.58%,-3.02%,58.22,0.0067,461988.0,2025-08-08 17:44:52
BKU,2710000000.0,10.58,10.0,1.18,1.39,0.92,,7.23,11.28%,5.23%,-0.32%,9.00%,7.24%,36.05,0.0118,475847.0,2025-08-08 17:44:52
NEXT,2710000000.0,,,,,10.23,5.93,,-401.39%,-25.48%,11.71%,20.63%,-,10.34,-0.0105,2841531.0,2025-08-08 17:44:52
EXG,2710000000.0,18.06,,,,,,,-,-,-,-,-,8.85,0.0068000000000000005,603846.0,2025-08-08 17:44:52
ALRM,2710000000.0,22.9,22.11,5.3,2.77,3.4,2.64,16.44,2.32%,5.48%,16.53%,4.32%,13.35%,54.41,0.0013,695805.0,2025-08-08 17:44:52
YETI,2700000000.0,15.58,11.92,3.74,1.48,3.34,10.03,10.83,-14.93%,17.94%,28.53%,4.17%,14.90%,32.66,0.0,2908077.0,2025-08-08 17:44:52
RNW,2700000000.0,50.82,23.48,0.7,2.36,2.05,2.86,,97.29%,35.77%,-,72.98%,15.02%,7.45,0.0219,722536.0,2025-08-08 17:44:52
ALG,2700000000.0,22.66,17.81,,1.69,2.41,13.36,14.53,11.29%,16.63%,12.56%,-,7.79%,222.58,0.0026,96475.0,2025-08-08 17:44:52
BKE,2690000000.0,13.54,14.01,14.56,2.19,6.04,9.22,13.43,-3.40%,-0.15%,12.67%,0.93%,6.23%,52.58,-0.0023,294817.0,2025-08-08 17:44:52
FCPT,2680000000.0,23.87,22.09,6.45,9.6,1.77,448.78,15.59,3.38%,5.14%,0.19%,3.70%,10.84%,25.69,-0.0085,441280.0,2025-08-08 17:44:52
AIR,2680000000.0,223.72,14.91,,0.96,2.21,24.55,1915.03,13.76%,12.78%,23.23%,-,6.06%,74.79,0.0379,705257.0,2025-08-08 17:44:52
AMRX,2680000000.0,1255.88,9.45,53.6,0.94,,32.97,9.88,32.25%,17.82%,32.70%,23.43%,11.43%,8.54,0.04019999999999999,2392033.0,2025-08-08 17:44:52
PRKS,2670000000.0,13.04,10.09,1.06,1.57,,13.79,12.36,11.20%,14.34%,27.98%,12.33%,4.29%,48.64,-0.021099999999999997,1117657.0,2025-08-08 17:44:52
LIVN,2670000000.0,,11.99,,2.04,2.37,4.49,16.45,10.72%,8.89%,-,9.46%,2.94%,48.84,0.0066,823704.0,2025-08-08 17:44:52
BRDG,2660000000.0,,10.12,,5.95,6.12,27.29,23.29,10.14%,30.26%,-36.60%,-,9.43%,10.02,0.006999999999999999,481970.0,2025-08-08 17:44:52
PRM,2660000000.0,42.5,14.6,6.32,4.36,2.23,18.9,15.86,0.12%,10.91%,44.83%,6.72%,18.58%,18.0,0.0676,1969657.0,2025-08-08 17:44:52
EXTR,2660000000.0,,16.29,,2.33,40.17,11.46,19.3,20.38%,21.14%,44.37%,13.85%,3.76%,19.95,0.0005,1698452.0,2025-08-08 17:44:52
RARE,2650000000.0,,,,4.35,17.51,5.34,,20.27%,27.41%,2.45%,47.92%,40.12%,27.54,-0.0104,1527637.0,2025-08-08 17:44:52
TOWN,2650000000.0,15.31,10.17,,2.53,1.19,,26.27,35.21%,17.73%,2.28%,-,8.79%,35.3,0.0106,148149.0,2025-08-08 17:44:52
AHL,2650000000.0,7.42,5.61,1.13,0.83,0.82,,,-17.69%,32.52%,-,6.55%,4.10%,28.83,-0.0868,442237.0,2025-08-08 17:44:52
IMVT,2640000000.0,,,,,3.72,3.7,,-4.08%,0.59%,-12.18%,0.55%,-,15.46,-0.0172,646792.0,2025-08-08 17:44:52
NAD,2640000000.0,188.17,,,11.78,0.94,,,-,-,-,-,-,11.29,-0.0018,583504.0,2025-08-08 17:44:52
HCM,2620000000.0,69.41,35.92,1.28,4.16,3.44,3.13,,1126.43%,-82.98%,-,54.43%,25.20%,15.0,-0.0803,129176.0,2025-08-08 17:44:52
CVI,2620000000.0,,23.37,,0.36,5.61,4.39,,-1.23%,315.68%,-55.02%,-,3.64%,26.02,-0.0148,1829460.0,2025-08-08 17:44:52
UTF,2620000000.0,9.53,,,18.86,1.13,,,-,-,-,-,-,27.06,-0.0011,231727.0,2025-08-08 17:44:52
PTY,2610000000.0,9.85,,,11.51,1.2,,,-,-,-,-,-,13.99,0.0029,776991.0,2025-08-08 17:44:52
CVBF,2600000000.0,12.96,12.17,,3.95,,,12.46,1.85%,5.57%,-0.60%,-,6.28%,18.85,-0.0095,766160.0,2025-08-08 17:44:52
WU,2600000000.0,3.03,4.52,0.91,0.63,2.95,2.54,5.62,-2.31%,4.71%,2.20%,3.33%,-4.45%,8.04,0.005,6009909.0,2025-08-08 17:44:52
JPC,2600000000.0,9.49,,,12.24,1.01,,,-,-,-,-,-,8.07,-0.0012,440834.0,2025-08-08 17:44:52
SIMO,2600000000.0,32.23,16.55,1.82,3.36,3.29,12.48,85.29,-2.07%,37.43%,7.62%,17.72%,11.85%,76.38,0.0252,257859.0,2025-08-08 17:44:52
CLVT,2590000000.0,,5.56,,1.04,0.52,7.16,7.96,-9.78%,5.43%,-0.40%,2.23%,21.28%,3.86,0.0131,4365786.0,2025-08-08 17:44:52
HAE,2590000000.0,16.48,9.74,1.66,1.93,2.95,8.85,13.71,5.85%,14.60%,17.48%,9.95%,6.60%,53.99,-0.029500000000000002,2688213.0,2025-08-08 17:44:52
PRK,2590000000.0,15.65,15.59,,3.91,2.0,,11.68,16.36%,-2.89%,8.19%,-,7.35%,161.0,0.0063,45161.0,2025-08-08 17:44:52
RNG,2590000000.0,,6.09,,1.05,,15.38,5.0,15.04%,10.90%,0.38%,13.15%,21.60%,28.75,-0.0127,2181524.0,2025-08-08 17:44:52
XRAY,2580000000.0,,6.38,,0.7,1.32,7.19,18.72,13.27%,7.42%,-,9.79%,-1.20%,12.96,-0.0204,7388427.0,2025-08-08 17:44:52
BSM,2580000000.0,13.26,8.19,,6.12,3.38,1075.82,10.54,-38.80%,8.76%,4.10%,-,-1.60%,12.2,-0.0040999999999999995,474640.0,2025-08-08 17:44:52
ENVA,2580000000.0,10.95,7.27,0.48,0.88,2.1,6.8,1.59,32.39%,17.00%,47.48%,22.74%,17.74%,103.1,0.0038,233551.0,2025-08-08 17:44:52
QUBT,2580000000.0,,,,6611.24,10.03,15.49,,90.41%,-271.43%,8.50%,-,-,16.13,0.0235,12611373.0,2025-08-08 17:44:52
CHA,2570000000.0,16.07,8.38,1.0,1.4,8.73,3.45,7.06,9.08%,21.68%,-,16.12%,-,21.72,-0.0028000000000000004,662414.0,2025-08-08 17:44:52
XENE,2570000000.0,,,,342.03,3.64,4.67,,-33.45%,-9.41%,-14.28%,-14.00%,-,33.43,-0.0059,865061.0,2025-08-08 17:44:52
CHEF,2560000000.0,38.81,30.02,2.11,0.65,4.59,26.46,21.68,20.61%,18.13%,10.23%,18.41%,18.97%,62.88,-0.0168,565452.0,2025-08-08 17:44:52
UE,2560000000.0,23.22,30.65,1.7,5.55,1.86,21.63,49.69,-21.67%,34.04%,-8.14%,13.62%,2.80%,19.31,-0.015300000000000001,729300.0,2025-08-08 17:44:52
DAN,2560000000.0,,9.45,,0.26,1.85,4.98,19.66,63.87%,20.52%,-,39.16%,3.59%,17.54,-0.0017000000000000001,1600812.0,2025-08-08 17:44:52
BHF,2560000000.0,5.33,2.07,1.17,0.36,0.49,,6.62,-14.24%,16.95%,-,4.55%,-6.34%,44.52,-0.0336,1257122.0,2025-08-08 17:44:52
PENN,2550000000.0,,14.55,,0.38,0.86,3.8,,140.27%,41.18%,-,-,4.41%,16.96,0.0024,4810979.0,2025-08-08 17:44:52
ALVO,2550000000.0,25.09,11.93,,4.54,,66.25,,131.64%,157.66%,-30.68%,-,-,8.46,0.0024,158504.0,2025-08-08 17:44:52
GTX,2550000000.0,8.85,7.91,0.76,0.74,,10.95,7.76,2.05%,11.81%,-21.13%,11.60%,1.36%,12.66,0.0024,2451262.0,2025-08-08 17:44:52
ADX,2550000000.0,7.11,,,73.74,0.96,,,-,-,-,-,-,21.69,0.0023,137915.0,2025-08-08 17:44:52
PBF,2550000000.0,,29.16,,0.08,0.5,4.31,,-54.89%,112.53%,-,-,6.20%,22.02,-0.0126,2292850.0,2025-08-08 17:44:52
MH,2540000000.0,,,,1.21,7.44,6.52,4.42,55.40%,-,46.50%,-,5.80%,13.31,0.0278,737173.0,2025-08-08 17:44:52
FBK,2540000000.0,24.48,10.41,,3.53,1.34,,21.26,9.69%,21.54%,-1.39%,-,13.93%,47.17,0.0026,271227.0,2025-08-08 17:44:52
SAH,2540000000.0,16.52,10.4,1.3,0.17,2.46,22.97,7.5,22.04%,4.44%,13.29%,12.67%,6.35%,74.25,0.0163,166816.0,2025-08-08 17:44:52
IRDM,2530000000.0,23.78,20.19,1.42,2.95,5.35,31.86,7.75,5.44%,19.01%,-,16.71%,8.19%,23.81,0.0029,1054811.0,2025-08-08 17:44:52
MRX,2520000000.0,13.02,9.04,1.04,0.87,2.62,0.23,2.19,16.59%,9.43%,-,12.58%,-,35.41,-0.0031,1145382.0,2025-08-08 17:44:52
BOH,2520000000.0,16.59,12.34,1.06,2.4,1.8,,16.32,29.51%,14.36%,-9.04%,15.63%,6.44%,63.26,0.015700000000000002,509348.0,2025-08-08 17:44:52
CRNX,2520000000.0,,,,1809.58,2.0,2.1,,-28.29%,-4.66%,-12.11%,-1.74%,-,26.85,-0.0369,2003515.0,2025-08-08 17:44:52
NVG,2520000000.0,58.9,,,11.07,0.93,,,-,-,-,-,-,11.78,0.0,502678.0,2025-08-08 17:44:52
VTMX,2510000000.0,77.69,14.95,,9.57,0.95,38.48,18.16,-24.06%,5.30%,2.25%,-3.98%,11.64%,28.45,-0.006999999999999999,44240.0,2025-08-08 17:44:52
PRVA,2510000000.0,177.57,63.65,2.97,1.32,3.7,6.43,27.32,57.12%,87.06%,7.98%,59.84%,17.17%,20.58,0.0548,1789462.0,2025-08-08 17:44:52
ACLS,2500000000.0,16.24,18.88,,2.78,2.44,4.54,20.36,-32.82%,1.81%,64.93%,-7.48%,24.31%,79.42,-0.0011,389757.0,2025-08-08 17:44:52
ETY,2490000000.0,8.83,,,133.87,1.13,,,-,-,-,-,-,15.81,0.0044,175043.0,2025-08-08 17:44:52
POWI,2480000000.0,75.02,25.07,3.28,5.6,3.53,9.22,29.98,16.55%,30.33%,-29.52%,22.84%,-0.08%,44.18,0.024300000000000002,859547.0,2025-08-08 17:44:52
NOMD,2480000000.0,10.99,7.29,1.73,0.74,0.81,7.92,8.37,-2.50%,9.34%,11.12%,6.37%,5.21%,16.15,0.023399999999999997,1003600.0,2025-08-08 17:44:52
BTDR,2470000000.0,,14.28,,8.23,2.74,10.65,,137.50%,-46.18%,-,-,-,12.57,-0.0286,2373373.0,2025-08-08 17:44:52
TGNA,2460000000.0,5.5,4.81,,0.81,0.8,3.25,4.27,-48.39%,100.74%,21.89%,-12.88%,6.17%,15.31,0.018000000000000002,2733904.0,2025-08-08 17:44:52
VAC,2450000000.0,10.66,9.19,1.17,0.48,0.99,5.24,35.03,1.92%,15.34%,12.67%,9.09%,3.12%,70.86,-0.0083,351345.0,2025-08-08 17:44:52
MPW,2450000000.0,,32.38,,2.66,0.51,4.81,14.29,95.84%,175.29%,-,-,3.11%,4.08,-0.0192,6040769.0,2025-08-08 17:44:52
AKR,2450000000.0,110.37,48.51,4.03,6.35,1.06,36.15,29.62,53.88%,37.84%,-21.23%,27.38%,4.02%,18.42,-0.0269,1573305.0,2025-08-08 17:44:52
SYNA,2450000000.0,,12.04,,2.28,1.78,5.41,21.07,17.16%,24.35%,-,-,-4.24%,63.52,0.064,894222.0,2025-08-08 17:44:52
WRD,2450000000.0,,,,43.01,2.9,3.01,,56.71%,25.43%,-36.02%,48.83%,108.89%,9.19,0.0011,4994717.0,2025-08-08 17:44:52
GCMG,2450000000.0,92.64,14.42,9.43,4.69,,25.88,16.97,2.46%,15.18%,-,9.82%,3.86%,12.59,0.0492,1478880.0,2025-08-08 17:44:52
REVG,2440000000.0,26.82,14.9,0.73,1.05,6.82,84.73,15.31,54.09%,37.01%,-,36.96%,-0.20%,50.01,0.0,616287.0,2025-08-08 17:44:52
VIAV,2440000000.0,71.16,16.67,4.01,2.25,3.34,5.69,36.91,21.92%,14.42%,4.08%,17.74%,-0.93%,10.93,0.0758,10212218.0,2025-08-08 17:44:52
DV,2430000000.0,48.52,32.93,2.51,3.41,2.23,11.23,16.24,0.18%,40.95%,16.64%,19.31%,29.17%,14.88,0.0034000000000000002,2642081.0,2025-08-08 17:44:52
GOF,2430000000.0,7.07,,,,,,,-,-,-,-,-,14.98,-0.0007000000000000001,729657.0,2025-08-08 17:44:52
CPRX,2430000000.0,12.05,11.57,1.07,4.35,2.84,3.72,8.85,11.15%,17.86%,34.27%,11.31%,36.89%,19.86,0.0115,2235020.0,2025-08-08 17:44:52
DAVE,2420000000.0,48.34,20.66,,5.59,11.38,23.57,12.62,52.08%,39.01%,-,-,-,183.02,-0.0437,789775.0,2025-08-08 17:44:52
JBGS,2420000000.0,,,,4.7,0.91,26.55,,-25.45%,6.28%,-,-,-3.26%,19.53,-0.0191,962987.0,2025-08-08 17:44:52
DFH,2410000000.0,8.8,8.33,,0.51,1.81,9.34,,-12.86%,7.17%,57.10%,-,35.45%,25.98,0.0152,385437.0,2025-08-08 17:44:52
FUN,2410000000.0,,20.71,,0.76,1.36,22.37,,94.83%,791.82%,-,-,12.93%,23.79,-0.0545,5412810.0,2025-08-08 17:44:52
OGN,2400000000.0,3.42,2.27,3.68,0.38,3.27,4.0,3.64,-6.66%,5.96%,-23.49%,0.93%,-7.65%,9.22,0.0121,5253184.0,2025-08-08 17:44:52
MAG,2400000000.0,26.32,25.37,77.43,,3.97,15.31,217.74,40.26%,-13.25%,-,0.34%,-,23.15,0.013600000000000001,1162296.0,2025-08-08 17:44:52
PAYO,2390000000.0,25.22,24.23,8.06,2.35,3.12,4.73,11.52,-24.65%,17.30%,-,3.13%,25.21%,6.64,-0.0501,4531379.0,2025-08-08 17:44:52
SBET,2390000000.0,,,,697.04,6.6,1745.15,,-,-,-19.77%,-,-6.75%,23.92,0.024,80153869.0,2025-08-08 17:44:52
NOG,2390000000.0,4.04,7.17,,1.07,0.99,92.39,,-14.78%,-23.87%,-,-9.67%,29.19%,24.48,-0.0073,1766003.0,2025-08-08 17:44:52
GT,2390000000.0,5.92,4.45,0.25,0.13,0.47,3.04,,14.80%,56.00%,-,23.47%,5.07%,8.36,-0.1852,28584217.0,2025-08-08 17:44:52
RXO,2390000000.0,,36.31,,0.43,1.5,132.68,,19.52%,179.75%,-,81.62%,7.69%,14.57,-0.014199999999999999,2266022.0,2025-08-08 17:44:52
HSAI,2390000000.0,,33.55,,7.68,4.89,6.05,,388.97%,112.10%,11.46%,-,41.78%,22.63,0.015300000000000001,1465869.0,2025-08-08 17:44:52
KNSA,2380000000.0,782.24,19.41,,4.5,4.81,7.74,35.83,283.26%,50.64%,27.38%,-,-,32.15,-0.028999999999999998,675329.0,2025-08-08 17:44:52
ASH,2380000000.0,,11.25,,1.27,1.26,8.68,33.04,-17.09%,25.34%,-15.86%,5.66%,-3.25%,52.04,-0.013500000000000002,593599.0,2025-08-08 17:44:52
LXP,2380000000.0,29.06,139.24,,6.55,1.15,33.39,12.11,-71.09%,53.62%,-35.31%,-5.51%,1.92%,8.04,-0.0062,3207928.0,2025-08-08 17:44:52
PFS,2380000000.0,10.27,7.66,,1.75,0.88,,4.11,17.06%,10.54%,-9.56%,-,21.22%,18.2,0.0168,472729.0,2025-08-08 17:44:52
LU,2370000000.0,,2.42,,0.68,0.2,0.43,,249.41%,28.09%,-42.05%,-,-2.64%,2.83,0.0034999999999999996,1267864.0,2025-08-08 17:44:52
SBCF,2370000000.0,16.94,11.13,,2.84,1.04,,14.05,11.38%,42.62%,-5.60%,-,18.47%,27.58,0.0055000000000000005,798003.0,2025-08-08 17:44:52
SAM,2370000000.0,30.63,20.29,3.27,1.16,2.61,11.15,10.67,-4.25%,18.70%,-11.16%,9.36%,10.00%,217.48,-0.0176,234462.0,2025-08-08 17:44:52
DIOD,2360000000.0,37.16,23.62,,1.7,1.25,7.09,14.46,-3.44%,70.36%,-20.33%,-,0.97%,50.91,0.0793,830809.0,2025-08-08 17:44:52
TRIP,2350000000.0,37.77,10.0,1.36,1.26,3.33,1.94,13.76,7.54%,28.56%,-47.87%,27.85%,3.30%,17.97,0.1168,11275290.0,2025-08-08 17:44:52
DXC,2350000000.0,6.4,4.18,4.03,0.18,0.74,1.31,2.13,-9.75%,1.51%,-,1.59%,-8.05%,13.14,-0.0083,1311086.0,2025-08-08 17:44:52
CRGY,2350000000.0,,5.94,,0.68,0.52,341.09,3.29,-3.00%,-9.53%,-,-3.72%,21.94%,9.23,0.0033,2305735.0,2025-08-08 17:44:52
FL,2350000000.0,,18.79,,0.3,0.9,6.73,40.48,-22.46%,23.27%,-51.11%,1.52%,-0.04%,24.6,-0.018000000000000002,3212506.0,2025-08-08 17:44:52
GDV,2350000000.0,7.64,,,41.72,0.95,,,-,-,-,-,-,26.35,0.003,52348.0,2025-08-08 17:44:52
WAFD,2340000000.0,11.36,9.55,2.8,1.61,0.87,,9.3,7.30%,16.22%,-0.91%,4.06%,14.30%,29.76,0.0126,363638.0,2025-08-08 17:44:52
INSP,2340000000.0,45.85,48.11,2.72,2.72,3.45,7.78,27.53,-34.29%,43.06%,-,16.83%,57.80%,79.14,0.0271,1722242.0,2025-08-08 17:44:52
STNG,2330000000.0,3.5,7.44,,1.87,0.8,5.73,3.17,-43.66%,8.17%,-,-7.78%,12.05%,45.7,-0.0281,892235.0,2025-08-08 17:44:52
ACVA,2330000000.0,,23.98,,3.46,5.28,6.82,27.66,252.31%,130.16%,0.70%,146.62%,42.92%,13.62,-0.030600000000000002,2320495.0,2025-08-08 17:44:52
RXRX,2330000000.0,,,,36.02,2.52,4.41,,8.54%,20.29%,-35.28%,25.93%,90.93%,5.36,-0.0092,11887975.0,2025-08-08 17:44:52
DKL,2320000000.0,14.73,9.88,0.84,2.53,72.65,1613.94,,19.93%,22.73%,2.77%,17.63%,9.73%,43.47,-0.0342,160140.0,2025-08-08 17:44:52
CPRI,2320000000.0,,11.5,,0.56,,18.01,15.16,134.72%,30.83%,-46.53%,-,-4.36%,19.7,-0.051500000000000004,3469535.0,2025-08-08 17:44:52
NZF,2320000000.0,,,,11.03,0.95,,,-,-,-,-,-,11.99,0.0033,379044.0,2025-08-08 17:44:52
CURB,2320000000.0,139.24,110.96,108.78,15.99,1.21,5.4,34.63,242.19%,-35.42%,-,1.28%,-,22.07,-0.0222,465497.0,2025-08-08 17:44:52
SUPN,2310000000.0,36.03,17.08,7.46,3.48,2.17,4.42,12.44,-32.12%,13.13%,-8.87%,4.83%,11.00%,41.23,-0.0055000000000000005,1045064.0,2025-08-08 17:44:52
LCII,2310000000.0,15.85,13.41,,0.6,1.71,12.02,7.76,13.59%,11.54%,-0.83%,-,9.55%,95.15,-0.0066,254755.0,2025-08-08 17:44:52
IBRX,2310000000.0,,,,40.75,,15.01,,21.29%,30.33%,2.39%,59.89%,221.39%,2.44,0.0146,4734503.0,2025-08-08 17:44:52
NG,2300000000.0,,,,,13.69,7.23,,-55.70%,39.88%,-9.87%,4.08%,-,5.66,-0.0088,4625332.0,2025-08-08 17:44:52
AMSC,2300000000.0,129.12,59.99,6.41,9.03,6.91,11.01,88.43,16.02%,14.48%,-,20.15%,28.40%,50.99,-0.061,1244076.0,2025-08-08 17:44:52
HURN,2300000000.0,23.23,15.49,,1.44,4.84,37.73,12.17,16.32%,14.11%,27.57%,-,9.53%,133.0,0.0096,173992.0,2025-08-08 17:44:52
PSIX,2290000000.0,20.72,31.16,,3.84,16.91,43.18,37.21,7.12%,6.31%,51.02%,-,-2.71%,99.7,0.13570000000000002,2163336.0,2025-08-08 17:44:52
BANC,2290000000.0,22.51,8.79,0.4,1.29,0.78,,12.65,102.11%,57.32%,58.47%,55.92%,36.20%,14.54,0.0083,1151887.0,2025-08-08 17:44:52
EVTC,2280000000.0,16.77,9.79,2.6,2.58,3.73,7.27,11.7,6.30%,4.64%,4.21%,6.44%,11.65%,35.7,0.0059,232679.0,2025-08-08 17:44:52
UA,2280000000.0,,14.75,,0.44,1.17,4.43,,-22.54%,46.51%,-,15.47%,-0.32%,5.19,-0.1722,21823150.0,2025-08-08 17:44:52
BLTE,2270000000.0,,,,,14.39,14.45,,-45.76%,6.28%,-777.09%,59.80%,-,69.88,-0.003,41565.0,2025-08-08 17:44:52
CNTA,2270000000.0,,,,150.94,5.89,7.99,,38.07%,-17.07%,-210.04%,8.36%,-,17.02,-0.009300000000000001,557955.0,2025-08-08 17:44:52
ABR,2270000000.0,13.38,10.67,,1.77,0.97,6.56,6.49,-43.97%,13.59%,-1.47%,-,21.20%,11.82,0.0051,1526046.0,2025-08-08 17:44:52
FFBC,2270000000.0,9.49,7.69,,1.84,0.89,,8.44,7.71%,19.21%,3.66%,-,10.65%,23.69,0.0059,183941.0,2025-08-08 17:44:52
ARWR,2270000000.0,,,,4.16,3.32,2.07,492.96,102.34%,-3080.82%,-,11.00%,-53.80%,16.42,0.022400000000000003,2806298.0,2025-08-08 17:44:52
TSLX,2270000000.0,11.96,11.6,,4.78,1.4,,,-10.07%,-3.55%,-,-,-,24.04,0.012199999999999999,434969.0,2025-08-08 17:44:52
SXI,2260000000.0,40.43,18.51,,2.87,3.16,21.66,54.91,8.32%,17.28%,7.42%,-,5.50%,187.67,-0.0253,120355.0,2025-08-08 17:44:52
HG,2260000000.0,7.02,5.38,0.72,0.89,0.88,,3.55,-4.76%,18.96%,-,9.78%,-,22.38,0.004,316969.0,2025-08-08 17:44:52
UAA,2260000000.0,,15.58,,0.44,1.23,4.38,,-22.43%,45.17%,-,14.63%,-0.32%,5.44,-0.1807,61804516.0,2025-08-08 17:44:52
AMBP,2250000000.0,,15.5,,0.43,,8.8,7.39,4.41%,29.45%,-,17.18%,9.20%,3.77,-0.0079,1086682.0,2025-08-08 17:44:52
TMC,2250000000.0,,,,,,957.9,,19.91%,-2.51%,-317.80%,-,-,5.62,0.0181,5595882.0,2025-08-08 17:44:52
HUT,2240000000.0,13.79,,,16.18,1.6,6.87,,-128.06%,91.56%,105.42%,-,21.32%,19.45,-0.0282,5377740.0,2025-08-08 17:44:52
BWLP,2240000000.0,7.81,,,0.66,1.26,7.92,,-,-,6.08%,-,34.25%,14.78,0.0054,313345.0,2025-08-08 17:44:52
KEN,2240000000.0,3.76,,,2.95,1.41,2.0,,-,-,-,-,15.00%,42.97,0.0007000000000000001,6657.0,2025-08-08 17:44:52
CXW,2240000000.0,21.61,14.26,,1.12,1.49,15.65,13.1,73.66%,33.56%,-17.10%,-,-0.19%,20.5,0.025,1575517.0,2025-08-08 17:44:52
MEOH,2230000000.0,9.15,9.94,,0.62,0.98,4.6,2.86,-8.85%,-1.76%,16.26%,-1.60%,2.53%,33.11,0.0178,329407.0,2025-08-08 17:44:52
TRMK,2230000000.0,10.4,9.9,,2.0,1.08,,8.86,19.79%,2.52%,-,-,6.94%,36.95,0.0134,157748.0,2025-08-08 17:44:52
CCU,2230000000.0,12.79,13.49,,0.71,1.38,2.71,13.21,-16.92%,19.84%,-1.62%,-1.17%,3.50%,12.05,0.0084,328773.0,2025-08-08 17:44:52
WWW,2220000000.0,26.51,17.45,0.85,1.22,6.48,15.77,17.33,43.07%,20.78%,-16.72%,31.04%,-5.05%,27.44,-0.011200000000000002,3338140.0,2025-08-08 17:44:52
PCT,2220000000.0,,,,1405.3,9.31,78.63,,36.34%,45.78%,-514.21%,24.16%,-,12.35,0.0,7445187.0,2025-08-08 17:44:52
BBU,2220000000.0,,12.66,,0.07,1.03,0.15,1.65,356.00%,53.12%,-,-,-2.78%,24.81,-0.011200000000000002,18134.0,2025-08-08 17:44:52
IHS,2220000000.0,,11.53,,1.28,,3.53,6.84,106.95%,69.37%,-30.79%,-,6.81%,6.65,0.0091,420634.0,2025-08-08 17:44:52
ATEC,2220000000.0,,67.96,,3.25,92.6,14.1,,84.08%,448.08%,-0.77%,-,40.07%,14.97,0.004699999999999999,1745090.0,2025-08-08 17:44:52
MTRN,2210000000.0,139.1,16.75,,1.28,2.42,175.28,28.82,3.09%,15.49%,-35.82%,-,7.29%,106.47,-0.0245,242739.0,2025-08-08 17:44:52
SBLK,2210000000.0,17.83,6.59,1.52,1.95,0.9,5.17,7.88,-45.84%,100.80%,-,11.72%,9.08%,18.84,-0.0069,873767.0,2025-08-08 17:44:52
KWR,2210000000.0,,14.87,,1.2,1.64,10.93,18.6,-2.47%,17.56%,25.63%,9.52%,10.17%,126.84,0.004,147676.0,2025-08-08 17:44:52
FORM,2200000000.0,50.79,21.41,4.86,2.88,2.23,8.8,607.14,-9.13%,27.77%,11.76%,10.46%,5.31%,28.58,0.021400000000000002,587464.0,2025-08-08 17:44:52
UUUU,2200000000.0,,75.79,,33.85,3.42,11.13,,-23.17%,136.53%,6.89%,-,67.84%,9.55,-0.0052,15030301.0,2025-08-08 17:44:52
DBD,2200000000.0,,12.1,,0.6,2.02,7.08,10.9,56.68%,39.36%,37.08%,33.08%,-3.18%,59.99,-0.0002,325999.0,2025-08-08 17:44:52
TRN,2200000000.0,23.65,16.99,,0.87,2.18,6.97,,-28.57%,23.08%,9.03%,-,0.49%,27.18,-0.0055000000000000005,931200.0,2025-08-08 17:44:52
OSW,2190000000.0,31.48,18.52,2.11,2.39,4.0,60.52,32.87,19.12%,13.83%,-,14.92%,9.74%,21.35,-0.0166,314724.0,2025-08-08 17:44:52
EPAC,2170000000.0,24.75,20.98,2.9,3.57,4.96,15.46,28.0,4.65%,6.67%,-,8.55%,-2.08%,40.28,-0.0044,406101.0,2025-08-08 17:44:52
PGY,2170000000.0,,21.13,,1.93,6.45,9.51,20.37,112.31%,94.71%,-,-,81.91%,28.67,-0.0637,5922733.0,2025-08-08 17:44:52
AUGO,2170000000.0,,,,3.19,14.0,12.92,,-,-,-,-,21.31%,26.25,0.0278,292482.0,2025-08-08 17:44:52
OLN,2170000000.0,,14.3,,0.33,1.11,9.69,8.0,-90.96%,1131.00%,-,22.92%,1.37%,18.92,-0.0161,2216527.0,2025-08-08 17:44:52
FRME,2170000000.0,9.76,9.55,,2.09,0.93,,8.35,12.76%,2.34%,1.34%,-,13.85%,37.56,0.0132,162222.0,2025-08-08 17:44:52
ASGN,2170000000.0,15.7,9.85,4.34,0.54,1.19,15.59,6.38,-14.09%,11.88%,3.22%,3.62%,0.88%,49.44,-0.0151,513348.0,2025-08-08 17:44:52
BANR,2160000000.0,11.92,10.69,1.48,2.51,1.16,,10.65,11.19%,7.74%,3.12%,8.05%,6.52%,62.51,0.0097,158617.0,2025-08-08 17:44:52
APPN,2160000000.0,,56.22,,3.28,,11.69,46.95,189.78%,64.66%,-10.29%,-,18.84%,29.09,-0.0031,2181162.0,2025-08-08 17:44:52
PAX,2160000000.0,29.45,9.86,3.06,5.5,3.96,20.48,11.04,-0.15%,11.81%,1.37%,9.61%,24.88%,13.65,-0.009399999999999999,261448.0,2025-08-08 17:44:52
AEO,2160000000.0,12.73,10.48,,0.41,1.46,24.54,10.15,-54.37%,49.49%,8.42%,-9.32%,4.34%,12.44,-0.0127,11699360.0,2025-08-08 17:44:52
SYBT,2150000000.0,16.78,15.65,,4.0,2.14,,15.28,18.38%,1.30%,6.14%,-,20.82%,73.02,0.0084,50682.0,2025-08-08 17:44:52
CENX,2150000000.0,20.29,7.2,0.5,0.91,2.96,45.01,,95.95%,46.90%,-,40.37%,3.87%,23.01,0.0163,2813414.0,2025-08-08 17:44:52
BB,2150000000.0,,26.69,,3.89,2.96,7.0,213.35,363.26%,46.00%,11.28%,-,-12.45%,3.61,-0.0137,5225367.0,2025-08-08 17:44:52
GLPG,2150000000.0,,,,7.17,0.69,0.59,,-425.61%,57.07%,-16.02%,-,-20.42%,32.56,-0.0097,281166.0,2025-08-08 17:44:52
VCYT,2140000000.0000002,82.27,19.77,1.11,4.47,1.76,6.68,25.53,320.81%,6.12%,-,73.93%,29.93%,27.37,-0.011200000000000002,1544799.0,2025-08-08 17:44:52
NBTB,2140000000.0000002,14.76,9.56,,2.59,1.24,,11.82,22.84%,18.67%,1.57%,-,9.00%,40.95,0.0074,131433.0,2025-08-08 17:44:52
OII,2140000000.0000002,10.77,11.99,0.53,0.77,2.54,4.85,19.23,50.50%,3.87%,-,20.29%,5.38%,21.36,-0.0028000000000000004,568730.0,2025-08-08 17:44:52
SLDE,2140000000.0000002,1.57,6.99,,2.3,0.33,3.49,4.73,130.40%,3.42%,-,-,-,17.13,-0.0087,693541.0,2025-08-08 17:44:52
JJSF,2130000000.0,25.5,23.05,8.28,1.33,2.19,27.53,32.01,-16.90%,15.87%,-2.31%,3.08%,5.83%,109.43,0.0141,259132.0,2025-08-08 17:44:52
BHC,2130000000.0,21.95,1.35,4.01,0.22,,1.22,2.01,-5.18%,12.00%,52.33%,5.48%,2.28%,5.75,-0.0017000000000000001,840991.0,2025-08-08 17:44:52
PRCT,2130000000.0,,,,7.73,5.46,7.02,,15.32%,33.81%,-12.56%,36.84%,105.21%,38.41,-0.0298,2344916.0,2025-08-08 17:44:52
SPNT,2130000000.0,20.75,7.67,1.32,0.8,1.12,,,22.63%,10.84%,-13.44%,15.67%,21.93%,18.2,0.009399999999999999,632017.0,2025-08-08 17:44:52
OCUL,2120000000.0,,,,37.5,6.9,5.43,,-25.34%,2.78%,8.51%,-0.31%,72.05%,12.21,-0.0073,2019053.0,2025-08-08 17:44:52
PSNY,2120000000.0,,,,1.07,,4.24,,55.13%,13.01%,-2.66%,29.15%,85.58%,1.03,-0.028300000000000002,3983127.0,2025-08-08 17:44:52
ENVX,2120000000.0,,,,79.67,10.21,10.42,,18.08%,8.53%,2.05%,60.79%,-,10.78,-0.02,4594082.0,2025-08-08 17:44:52
HUBG,2120000000.0,20.94,14.33,1.52,0.56,1.26,12.94,16.88,-0.94%,27.53%,1.24%,13.81%,1.47%,34.58,-0.0032,409083.0,2025-08-08 17:44:52
XMTR,2120000000.0,,54.9,,3.5,7.79,9.37,,960.51%,120.35%,-8.00%,-,46.72%,41.64,-0.0334,944961.0,2025-08-08 17:44:52
INSW,2120000000.0,8.91,7.53,,2.65,1.11,14.22,10.55,-39.94%,22.25%,-,-4.12%,21.05%,42.86,-0.0051,1343661.0,2025-08-08 17:44:52
KYN,2109999999.9999998,3.9,,,24.48,0.91,,,-,-,-,-,-,12.49,-0.0032,208380.0,2025-08-08 17:44:52
APGE,2109999999.9999998,,,,,3.13,4.1,,-32.05%,-26.20%,-,-23.24%,-,35.39,-0.0169,622255.0,2025-08-08 17:44:52
PPBI,2109999999.9999998,15.22,14.2,,2.46,0.71,,11.85,-9.70%,2.68%,-8.76%,-,10.01%,21.72,0.018799999999999997,705114.0,2025-08-08 17:44:52
VNET,2109999999.9999998,135.71,129.29,1.09,1.77,2.52,2.66,,-63.03%,898.88%,-,125.07%,15.92%,7.98,-0.0209,3224936.0,2025-08-08 17:44:52
VICR,2100000000.0,32.27,32.68,,5.55,3.45,6.21,21.67,835.71%,9.41%,-16.70%,-,6.43%,46.84,0.0178,349753.0,2025-08-08 17:44:52
CXM,2100000000.0,19.79,18.58,1.68,2.61,3.27,3.68,20.27,14.15%,9.40%,-,11.79%,19.69%,8.12,-0.04019999999999999,1999569.0,2025-08-08 17:44:52
BTU,2100000000.0,16.87,6.81,13.94,0.52,0.57,3.58,15.24,-95.66%,2040.30%,-,1.21%,-1.44%,17.27,0.0141,5282006.0,2025-08-08 17:44:52
IVT,2089999999.9999998,18.87,87.06,0.99,7.28,1.15,7.12,19.96,52.63%,6.90%,17.03%,18.98%,3.55%,26.99,-0.0066,390656.0,2025-08-08 17:44:52
ALKT,2089999999.9999998,,22.31,,5.43,6.09,24.04,233.2,141.02%,78.47%,4.24%,84.60%,35.33%,20.12,-0.0364,1434902.0,2025-08-08 17:44:52
PTEN,2089999999.9999998,,,,0.42,0.63,11.25,6.28,-152.91%,-31.80%,-3.06%,42.88%,16.83%,5.43,0.015,6673852.0,2025-08-08 17:44:52
LMAT,2089999999.9999998,44.82,37.13,3.31,8.9,5.76,6.54,39.93,18.27%,8.87%,16.99%,13.55%,13.40%,92.28,-0.021,149596.0,2025-08-08 17:44:52
TRUP,2089999999.9999998,191.49,157.43,,1.54,5.9,,34.06,196.98%,39.00%,-34.35%,-,27.34%,48.81,0.0012,1388526.0,2025-08-08 17:44:52
FOLD,2080000000.0,,23.96,,3.65,10.19,9.02,,71.43%,648.64%,34.10%,-,23.72%,6.76,-0.0044,3934693.0,2025-08-08 17:44:52
BBAI,2080000000.0,,,,13.0,10.43,19.32,,63.03%,49.59%,-552.03%,-,-,7.14,0.0802,86515859.0,2025-08-08 17:44:52
AGIO,2080000000.0,3.24,,,50.82,1.52,2.21,,-163.48%,1.85%,-,-,-20.91%,35.76,-0.0351,478112.0,2025-08-08 17:44:52
WLY,2069999999.9999998,25.21,10.58,,1.24,2.75,24.12,14.69,-10.16%,11.93%,-,-,-1.74%,38.73,0.011200000000000002,390295.0,2025-08-08 17:44:52
OI,2069999999.9999998,,7.07,,0.32,1.67,4.25,258.46,82.40%,28.54%,23.26%,42.15%,-0.48%,13.42,0.0045000000000000005,1251910.0,2025-08-08 17:44:52
CLM,2060000000.0,5.33,,,84.15,1.16,,,-,-,-,-,-,8.15,0.0037,1047172.0,2025-08-08 17:44:52
GEL,2060000000.0,,13.44,,0.93,,462.34,,-174.19%,136.76%,-,-,3.64%,16.8,-0.0175,514027.0,2025-08-08 17:44:52
ALIT,2049999999.9999998,,5.97,,0.89,0.65,4.65,14.47,1.87%,7.74%,23.41%,6.62%,-3.85%,3.81,-0.0451,16801771.0,2025-08-08 17:44:52
NWL,2049999999.9999998,,6.61,,0.28,0.76,9.34,,0.02%,8.51%,-,8.35%,-4.84%,4.88,-0.0101,5375250.0,2025-08-08 17:44:52
FBNC,2040000000.0,21.0,12.32,,3.7,1.31,,12.18,99.57%,8.99%,-9.85%,-,11.70%,49.29,0.005699999999999999,107560.0,2025-08-08 17:44:52
AVDX,2040000000.0,,28.79,,4.56,2.98,5.0,25.03,1.03%,30.39%,-,15.40%,24.02%,9.86,-0.001,708176.0,2025-08-08 17:44:52
PK,2029999999.9999998,38.39,25.69,,0.79,0.59,5.86,8.58,-119.12%,305.00%,-6.81%,-13.22%,-1.79%,10.17,-0.014499999999999999,3565400.0,2025-08-08 17:44:52
PRDO,2029999999.9999998,13.56,12.35,,2.64,2.06,3.08,9.88,6.39%,8.58%,17.72%,-,1.65%,31.24,0.0123,836939.0,2025-08-08 17:44:52
ADUS,2029999999.9999998,24.3,16.18,2.0,1.59,1.98,22.24,21.66,16.68%,10.99%,19.04%,12.13%,12.22%,110.19,0.01,143903.0,2025-08-08 17:44:52
DNLI,2029999999.9999998,,,,,1.81,2.48,,-18.55%,9.28%,-4.46%,4.71%,-,13.96,-0.019,2203250.0,2025-08-08 17:44:52
SEI,2029999999.9999998,50.74,21.52,0.5,4.53,3.05,14.58,,89.31%,47.25%,-21.42%,102.35%,5.31%,29.99,-0.0203,2198320.0,2025-08-08 17:44:52
VITL,2029999999.9999998,40.33,27.91,1.95,3.08,6.56,13.07,,16.11%,18.93%,81.00%,20.67%,33.92%,45.48,0.0369,2161558.0,2025-08-08 17:44:52
IDYA,2020000000.0,,,,289.22,2.11,3.02,,0.09%,2.45%,-0.01%,6.50%,-,23.1,0.0308,849956.0,2025-08-08 17:44:52
PHIN,2020000000.0,20.08,9.81,1.25,0.6,1.24,5.83,13.4,14.65%,19.85%,-,16.02%,34.69%,52.02,0.017,376821.0,2025-08-08 17:44:52
FSM,2020000000.0,12.39,6.8,0.57,1.84,1.35,5.22,8.47,79.28%,18.42%,22.93%,21.83%,32.75%,6.59,0.059500000000000004,11457804.0,2025-08-08 17:44:52
IOSP,2020000000.0,108.01,13.12,,1.13,1.57,7.59,21.15,-9.63%,15.98%,-20.76%,-,4.05%,81.44,0.0204,202501.0,2025-08-08 17:44:52
TGI,2020000000.0,56.54,17.28,33.22,1.6,,7.29,107.53,198.90%,22.96%,22.80%,1.70%,-15.30%,26.01,0.0,0.0,2025-08-08 17:44:52
EFSC,2020000000.0,10.36,10.03,2.2,2.14,1.09,,8.68,10.66%,1.92%,6.39%,4.70%,21.05%,54.64,0.0059,71925.0,2025-08-08 17:44:52
TARS,2020000000.0,,46.16,,6.84,6.07,5.3,,56.76%,178.09%,-66.60%,-,-,47.85,-0.0021,760798.0,2025-08-08 17:44:52
RLX,2020000000.0,32.36,18.13,1.06,5.43,1.21,1.76,,75.42%,17.10%,69.85%,30.42%,8.66%,2.22,-0.0089,697979.0,2025-08-08 17:44:52
NSP,2009999999.9999998,51.05,17.06,14.93,0.3,17.52,3.79,,-41.17%,48.81%,-8.34%,3.42%,8.81%,53.47,0.0235,789847.0,2025-08-08 17:44:52
IRON,2009999999.9999998,,,,,3.04,3.09,,-37.54%,-19.47%,38.12%,-8.94%,-,58.03,0.0168,274630.0,2025-08-08 17:44:52
KLG,1990000000.0,55.24,14.71,24.88,0.77,5.77,16.61,,-15.95%,9.80%,-21.01%,2.22%,-1.42%,23.07,-0.005600000000000001,1089113.0,2025-08-08 17:44:52
CENT,1990000000.0,15.54,12.62,1.36,0.64,1.35,2.74,6.38,21.52%,4.34%,0.06%,11.43%,6.08%,34.09,-0.028399999999999998,86909.0,2025-08-08 17:44:52
LZ,1990000000.0,64.06,14.61,4.39,2.88,10.63,9.47,17.07,22.84%,13.33%,42.58%,14.59%,10.80%,10.98,0.3118,12929606.0,2025-08-08 17:44:52
CSAN,1990000000.0,,6.06,,0.25,1.44,0.64,,84.84%,233.34%,-,-,18.85%,4.26,-0.0252,959900.0,2025-08-08 17:44:52
HNI,1990000000.0,14.09,10.7,0.9,0.77,2.45,52.02,11.71,16.41%,13.76%,2.51%,15.66%,2.37%,43.35,-0.006,1007058.0,2025-08-08 17:44:52
BUSE,1990000000.0,19.92,8.45,,2.45,0.82,,12.93,-31.39%,94.22%,1.13%,-,6.94%,22.3,0.01,450679.0,2025-08-08 17:44:52
COUR,1990000000.0,,27.09,,2.75,3.16,2.56,20.46,13.27%,16.28%,-7.49%,17.85%,30.38%,12.13,0.0033,2481280.0,2025-08-08 17:44:52
CENTA,1980000000.0,13.99,11.37,1.22,0.64,1.21,2.73,6.35,21.52%,4.34%,0.06%,11.43%,6.08%,30.7,-0.0326,521532.0,2025-08-08 17:44:52
YELP,1980000000.0,14.05,11.54,0.73,1.37,2.76,6.58,6.95,15.25%,24.05%,29.12%,19.30%,6.84%,31.03,-0.0922,2716917.0,2025-08-08 17:44:52
CUBI,1980000000.0,15.47,8.28,,1.45,1.11,,7.72,14.45%,29.92%,19.93%,-,20.54%,62.64,0.023399999999999997,202487.0,2025-08-08 17:44:52
VSH,1980000000.0,,14.63,,0.68,0.87,4.13,,-64.58%,486.76%,-,-,1.94%,14.59,0.0203,2811357.0,2025-08-08 17:44:52
DBRG,1970000000.0,,58.28,,10.7,1.59,5.72,14.45,186.67%,109.30%,-,133.79%,-12.84%,10.49,0.021400000000000002,2037193.0,2025-08-08 17:44:52
TGS,1970000000.0,10.64,12.95,0.99,1.54,1.81,2.22,6.28,10.13%,7.52%,9.46%,10.80%,5.64%,28.4,-0.031400000000000004,239074.0,2025-08-08 17:44:52
EVCM,1970000000.0,,35.92,,3.07,2.66,13.03,17.16,200.64%,36.56%,35.31%,-,23.61%,10.86,-0.037200000000000004,252180.0,2025-08-08 17:44:52
SKWD,1970000000.0,15.38,12.11,1.07,1.56,2.19,,5.29,16.22%,13.09%,-,14.41%,26.52%,48.72,-0.0096,352404.0,2025-08-08 17:44:52
HRMY,1970000000.0,11.02,8.79,0.48,2.55,2.54,3.48,7.6,22.61%,26.38%,-,22.99%,160.18%,34.19,0.0,413410.0,2025-08-08 17:44:52
ENR,1960000000.0,8.29,7.57,1.27,0.67,10.9,11.48,12.44,8.45%,5.63%,-2.04%,6.51%,2.97%,28.78,-0.0096,647187.0,2025-08-08 17:44:52
NTB,1960000000.0,9.06,8.57,,3.33,1.73,0.64,6.91,2.80%,2.14%,7.40%,-,1.70%,45.0,0.0051,118545.0,2025-08-08 17:44:52
PGNY,1960000000.0,38.85,26.35,1.59,1.58,3.81,6.42,10.3,3.53%,46.97%,-,24.48%,38.42%,22.85,-0.0091,2655392.0,2025-08-08 17:44:52
AMR,1960000000.0,74.28,8.1,20.75,0.75,1.21,4.37,8.42,-142.26%,396.24%,-,3.58%,8.12%,149.91,0.15810000000000002,918800.0,2025-08-08 17:44:52
HLMN,1940000000.0,89.69,16.24,7.56,1.29,1.61,56.82,27.13,17.65%,4.97%,-,11.86%,-,9.83,-0.0111,1406987.0,2025-08-08 17:44:52
PL,1940000000.0,,,,7.76,4.37,8.35,,35.01%,18.72%,31.85%,36.16%,20.61%,6.4,0.0207,6770569.0,2025-08-08 17:44:52
PWP,1940000000.0,27.43,13.84,1.48,2.23,,13.27,8.99,7.81%,54.83%,-,18.56%,-,22.18,-0.009399999999999999,1816072.0,2025-08-08 17:44:52
TDC,1940000000.0,18.13,8.88,6.84,1.16,11.05,5.26,7.35,-9.11%,5.06%,-,2.65%,-1.62%,20.53,-0.013000000000000001,1133256.0,2025-08-08 17:44:52
HTH,1940000000.0,13.84,17.38,,1.24,0.88,,,-9.48%,12.38%,-6.52%,-,-0.88%,30.76,0.0132,432839.0,2025-08-08 17:44:52
WEN,1940000000.0,10.77,9.83,3.76,0.87,15.17,3.98,7.88,-7.02%,10.38%,12.83%,2.86%,5.32%,10.09,0.0131,13773449.0,2025-08-08 17:44:52
ESBA,1940000000.0,,,,2.52,1.16,14.16,31.0,-,-,0.44%,-,0.98%,7.14,-0.0227,289.0,2025-08-08 17:44:52
WULF,1930000000.0,,,,14.65,11.98,8.81,,-44.44%,73.99%,12.89%,-,51.38%,5.03,0.0182,41985874.0,2025-08-08 17:44:52
PBI,1920000000.0,19.89,8.63,,0.98,,6.4,13.03,54.88%,1.97%,-5.62%,-,-8.76%,11.18,-0.0009,3729553.0,2025-08-08 17:44:52
WT,1920000000.0,33.69,15.79,,4.32,4.2,6.6,15.1,-48.20%,12.20%,43.20%,-,9.90%,13.07,0.0031,1017958.0,2025-08-08 17:44:52
MESO,1920000000.0,,,,339.48,3.76,50.52,,33.78%,35.31%,12.34%,-,-18.09%,15.03,-0.017,86771.0,2025-08-08 17:44:52
PINC,1920000000.0,40.87,16.72,,1.75,1.26,26.93,5.91,-41.17%,0.51%,-,-14.49%,2.03%,23.33,0.0397,1934313.0,2025-08-08 17:44:52
USA,1910000000.0,7.13,,,66.53,0.93,,,-,-,-,-,-,6.49,0.0,585445.0,2025-08-08 17:44:52
XIFR,1910000000.0,,4.15,,1.55,0.29,2.17,3.57,2589.06%,-12.86%,30.31%,-,7.23%,9.9,0.1124,2580265.0,2025-08-08 17:44:52
WMK,1910000000.0,17.66,,,0.39,1.31,5.19,,-,-,10.09%,-,6.22%,70.95,-0.0087,150739.0,2025-08-08 17:44:52
CEPU,1910000000.0,19.14,7.04,,2.45,1.0,7.63,13.19,103.45%,1.13%,-21.54%,-,1.61%,12.6,-0.0278,256306.0,2025-08-08 17:44:52
DNN,1900000000.0,,,,581.12,5.24,30.17,,-8.27%,55.45%,-26.28%,29.78%,-24.18%,2.12,-0.0536,53054879.0,2025-08-08 17:44:52
AGM,1890000000.0,10.98,9.07,1.06,2.0,1.74,1.81,5.81,12.72%,11.06%,13.60%,10.32%,8.31%,177.64,0.032799999999999996,102776.0,2025-08-08 17:44:52
CGON,1890000000.0,,,,2870.0,2.69,2.75,,-39.60%,0.59%,-,18.92%,-,24.85,0.020499999999999997,669878.0,2025-08-08 17:44:52
PRGS,1890000000.0,33.63,7.75,6.75,2.18,4.18,18.56,11.1,8.34%,6.06%,21.48%,4.98%,12.76%,43.92,0.0069,891058.0,2025-08-08 17:44:52
PAR,1890000000.0,,60.8,,4.93,2.22,20.53,,115.26%,589.74%,-21.33%,-,13.33%,46.73,-0.19469999999999998,5339244.0,2025-08-08 17:44:52
STC,1890000000.0,21.7,12.04,0.83,0.71,1.31,,15.8,26.42%,32.23%,-4.67%,26.21%,5.12%,67.41,-0.0040999999999999995,116318.0,2025-08-08 17:44:52
FIVN,1880000000.0,270.1,7.73,19.99,1.7,2.63,2.96,13.22,16.97%,9.14%,-17.89%,13.51%,26.01%,24.39,-0.0356,2427332.0,2025-08-08 17:44:52
CSTM,1880000000.0,70.1,7.69,0.98,0.25,2.41,14.14,,213.16%,47.34%,-4.74%,71.22%,2.10%,13.48,0.0075,1098668.0,2025-08-08 17:44:52
NIC,1880000000.0,14.5,13.09,,3.49,1.58,,13.64,17.68%,4.73%,7.83%,-,22.07%,126.36,0.0084,38180.0,2025-08-08 17:44:52
MCW,1880000000.0,21.77,12.17,1.57,1.82,1.75,70.42,,14.59%,11.01%,133.07%,13.88%,9.58%,5.73,0.0017000000000000001,1056314.0,2025-08-08 17:44:52
TRMD,1870000000.0,4.03,7.62,,1.3,0.88,5.17,5.27,-63.31%,5.11%,23.87%,-21.83%,17.63%,19.23,-0.005699999999999999,1013151.0,2025-08-08 17:44:52
MAN,1870000000.0,,9.31,,0.11,0.94,6.47,,-36.86%,51.34%,-17.21%,7.60%,-3.07%,40.48,0.026600000000000002,716958.0,2025-08-08 17:44:52
OFG,1870000000.0,9.83,9.13,1.73,2.13,1.4,,9.54,4.85%,3.02%,35.79%,5.69%,13.95%,41.72,-0.0029,151300.0,2025-08-08 17:44:52
CSGS,1870000000.0,22.36,12.59,4.15,1.55,6.41,12.82,12.44,0.94%,7.58%,3.51%,5.39%,3.73%,64.53,0.0181,341456.0,2025-08-08 17:44:52
CELC,1870000000.0,,,,,20.03,9.09,,-20.67%,-1.40%,-31.53%,38.26%,-,45.88,0.0371,1324704.0,2025-08-08 17:44:52
NGVT,1870000000.0,,10.38,,1.41,15.49,17.46,12.44,26.78%,10.96%,-,17.68%,1.70%,51.27,0.015,495383.0,2025-08-08 17:44:52
ZIM,1870000000.0,0.79,,,0.21,0.47,0.81,0.53,-79.98%,-151.35%,-,-,20.63%,15.5,-0.027000000000000003,3311030.0,2025-08-08 17:44:52
TIC,1860000000.0,,30.14,,,,,,244.59%,141.72%,-,-,-,9.37,-0.035,3242379.0,2025-08-08 17:44:52
ADPT,1860000000.0,,,,9.05,10.33,9.39,,26.50%,21.73%,-1.51%,32.24%,16.04%,12.2,-0.0271,3119103.0,2025-08-08 17:44:52
ATKR,1850000000.0,17.65,9.89,,0.64,1.26,5.59,7.09,-54.83%,-14.99%,34.97%,-24.02%,10.81%,54.99,0.0,1001005.0,2025-08-08 17:44:52
SHOO,1850000000.0,20.01,12.71,,0.8,2.22,16.52,15.69,-45.29%,37.06%,6.86%,-2.69%,5.02%,25.44,-0.008199999999999999,1754915.0,2025-08-08 17:44:52
STRA,1850000000.0,16.08,11.98,1.01,1.49,1.11,10.51,15.06,15.20%,15.03%,4.92%,15.89%,4.12%,77.33,0.0018,156720.0,2025-08-08 17:44:52
KLIC,1850000000.0,448.35,26.2,,2.81,2.21,3.32,15.26,373.33%,852.11%,-,-,5.51%,35.42,0.0126,649158.0,2025-08-08 17:44:52
COCO,1840000000.0,30.04,24.07,1.53,3.29,6.21,10.95,70.38,22.98%,16.61%,40.94%,19.58%,12.69%,32.44,-0.0137,370403.0,2025-08-08 17:44:52
DHT,1840000000.0,9.67,7.28,0.41,3.54,1.69,22.2,10.08,-5.90%,49.06%,16.96%,23.62%,1.20%,11.43,-0.0231,1489528.0,2025-08-08 17:44:52
CDLR,1840000000.0,19.41,4.99,0.21,5.79,1.39,18.05,,126.12%,115.07%,-,92.65%,44.33%,20.92,-0.0132,34330.0,2025-08-08 17:44:52
FIHL,1830000000.0,,4.56,,0.72,0.76,,,-7.28%,236.46%,-2.45%,51.42%,33.23%,16.79,0.023799999999999998,603420.0,2025-08-08 17:44:52
NN,1830000000.0,,,,292.42,,10.4,,-19.05%,40.50%,40.78%,-,77.66%,13.75,-0.0182,1726797.0,2025-08-08 17:44:52
SID,1830000000.0,,1971.43,,0.23,0.72,0.52,144.09,71.30%,101.22%,-,-,4.68%,1.38,0.0073,1966676.0,2025-08-08 17:44:52
VCEL,1830000000.0,290.62,62.35,3.96,7.34,5.96,15.65,,-3.75%,201.95%,-,73.41%,15.02%,36.24,0.0025,449982.0,2025-08-08 17:44:52
LION,1830000000.0,,24.84,,0.58,,9.82,,-178.97%,422.67%,-,43.34%,-,6.33,0.0711,4448957.0,2025-08-08 17:44:52
AKO-B,1830000000.0,12.91,12.38,1.16,0.52,3.04,8.22,15.53,14.32%,10.20%,-0.04%,11.15%,6.19%,23.16,0.005600000000000001,9510.0,2025-08-08 17:44:52
PLUS,1830000000.0,17.05,15.31,,0.86,1.81,3.8,6.18,-12.53%,10.77%,9.48%,-,5.42%,69.26,0.0942,599372.0,2025-08-08 17:44:52
SCS,1820000000.0,15.39,12.55,,0.57,1.85,8.08,104.28,-4.46%,18.22%,-9.38%,-,-3.19%,15.88,-0.0075,4372940.0,2025-08-08 17:44:52
CC,1820000000.0,,5.54,,0.31,7.7,3.64,,11.36%,63.38%,-,28.78%,0.91%,12.19,0.0008,4329182.0,2025-08-08 17:44:52
MTX,1820000000.0,1277.09,9.09,,0.88,1.1,5.69,20.51,-9.32%,14.35%,6.47%,-,3.42%,57.98,0.0017000000000000001,154017.0,2025-08-08 17:44:52
GO,1820000000.0,233.8,20.18,23.69,0.4,1.53,32.96,,2.16%,16.79%,16.03%,9.87%,11.30%,18.54,0.006,5619085.0,2025-08-08 17:44:52
PPTA,1820000000.0,,,,,11.75,94.86,,-57.95%,63.31%,13.04%,5.61%,-,16.9,-0.0231,1768490.0,2025-08-08 17:44:52
VOYG,1810000000.0,,,,,3.28,3.87,,-,-,-,-,-,30.8,-0.1197,2107478.0,2025-08-08 17:44:52
GAB,1810000000.0,8.94,,,55.26,1.13,,,-,-,-,-,-,5.9,-0.0051,267208.0,2025-08-08 17:44:52
SDRL,1810000000.0,25.01,14.98,,1.33,0.63,4.32,,-89.02%,178.63%,-,-11.47%,-0.04%,29.18,0.0359,553315.0,2025-08-08 17:44:52
UTZ,1810000000.0,62.14,13.93,6.65,1.27,1.5,33.11,,5.45%,12.90%,5.56%,9.35%,-,12.77,-0.0184,775803.0,2025-08-08 17:44:52
CCS,1810000000.0,7.43,8.84,,0.43,0.7,14.16,14.97,-51.44%,36.30%,23.47%,-,11.34%,60.87,0.0095,219113.0,2025-08-08 17:44:52
MSGE,1800000000.0,13.91,18.8,,1.85,189.24,20.17,15.06,-70.84%,133.51%,-,-7.06%,13.18%,38.02,-0.0008,181243.0,2025-08-08 17:44:52
JOYY,1800000000.0,,9.7,,0.83,0.4,0.79,,-4.82%,10.60%,-,5.26%,19.90%,50.65,-0.0069,94962.0,2025-08-08 17:44:52
AIN,1800000000.0,30.41,16.25,,1.52,2.02,16.85,18.88,-0.71%,18.76%,-7.35%,-,3.14%,60.94,-0.0042,318954.0,2025-08-08 17:44:52
HMN,1800000000.0,13.08,9.72,0.8,1.09,1.32,,2.95,31.99%,8.08%,-10.84%,16.32%,2.20%,44.11,0.016399999999999998,253802.0,2025-08-08 17:44:52
CMPO,1790000000.0,,16.46,,4.77,,188.61,19.81,3.37%,8.45%,-,1.04%,12.71%,17.53,0.21739999999999998,4118284.0,2025-08-08 17:44:52
NUV,1790000000.0,57.6,,,20.44,0.96,,,-,-,-,-,-,8.64,0.0023,365300.0,2025-08-08 17:44:52
EYE,1790000000.0,,27.32,,0.95,2.11,36.93,31.54,32.86%,19.93%,-,23.37%,1.12%,22.64,-0.0633,2546444.0,2025-08-08 17:44:52
LBRT,1790000000.0,8.49,,,0.44,0.88,91.49,12.52,-96.38%,-133.97%,28.74%,-,16.74%,11.05,0.0027,2554941.0,2025-08-08 17:44:52
ADNT,1790000000.0,,9.54,,0.12,1.0,2.08,6.85,-0.36%,25.66%,-,22.51%,-2.33%,21.99,-0.033,1440420.0,2025-08-08 17:44:52
NTST,1790000000.0,,58.28,,9.89,1.18,90.46,19.4,235.05%,47.22%,10.15%,-,51.43%,18.54,-0.0011,1020137.0,2025-08-08 17:44:52
RVT,1780000000.0,11.24,,,75.61,0.89,,,-,-,-,-,-,15.17,0.0013,162276.0,2025-08-08 17:44:52
BEAM,1780000000.0,,,,29.57,1.7,1.55,,5.57%,-2.87%,-20.88%,-0.64%,412.30%,17.62,-0.0134,1792237.0,2025-08-08 17:44:52
SRPT,1780000000.0,,7.22,,0.72,1.31,2.23,,-276.90%,165.43%,-,0.78%,37.94%,18.23,0.015,10325048.0,2025-08-08 17:44:52
EVT,1780000000.0,34.58,,,25.26,0.99,,,-,-,-,-,-,23.86,0.0029,107003.0,2025-08-08 17:44:52
ACHC,1780000000.0,12.68,6.88,,0.55,0.57,13.52,,-22.56%,9.44%,17.49%,-2.49%,9.45%,19.24,0.0571,2850657.0,2025-08-08 17:44:52
HTO,1770000000.0,16.46,16.37,6.26,2.25,1.21,89.33,,3.69%,3.17%,28.46%,2.63%,12.22%,50.25,0.0006,169368.0,2025-08-08 17:44:52
CTRI,1770000000.0,,22.46,,0.65,3.12,62.52,13.39,95.07%,42.52%,-,49.60%,7.86%,19.98,-0.0575,7791395.0,2025-08-08 17:44:52
ARQT,1770000000.0,,105.5,,6.72,12.73,9.27,,60.34%,130.43%,-0.98%,-,-,14.77,0.046,2612212.0,2025-08-08 17:44:52
MCRI,1770000000.0,18.16,16.81,3.26,3.31,3.27,24.7,16.95,9.69%,5.86%,17.64%,5.57%,15.95%,96.8,-0.0042,80325.0,2025-08-08 17:44:52
ANIP,1770000000.0,,11.24,,2.62,4.22,11.37,26.5,31.18%,6.24%,-,15.49%,24.36%,81.48,0.1807,2103662.0,2025-08-08 17:44:52
EVEX,1760000000.0,,,,,129.93,7.26,,-38.76%,6.41%,4.66%,-8.93%,-,5.86,-0.0051,324622.0,2025-08-08 17:44:52
CMBT,1760000000.0,4.24,4.99,,1.88,1.38,10.81,,-68.02%,27.93%,53.60%,-18.92%,0.17%,9.07,-0.0351,96444.0,2025-08-08 17:44:52
CASH,1760000000.0,9.77,8.65,,2.2,2.07,,12.64,13.29%,13.80%,21.57%,-,7.19%,73.81,0.0206,151754.0,2025-08-08 17:44:52
SKE,1760000000.0,,,,,18.62,23.08,,-,-,-8.14%,-,-,15.33,-0.026000000000000002,329989.0,2025-08-08 17:44:52
CERT,1760000000.0,221.46,20.04,19.77,4.33,1.64,10.83,17.5,-3.86%,26.17%,-5.78%,11.20%,13.06%,10.94,-0.028399999999999998,1486716.0,2025-08-08 17:44:52
ATRC,1750000000.0,,,,3.51,3.78,14.9,72.46,48.16%,55.84%,-0.33%,-,15.05%,35.31,-0.016399999999999998,398416.0,2025-08-08 17:44:52
BLBD,1750000000.0,15.8,12.91,1.71,1.23,7.85,10.14,12.26,17.65%,5.34%,28.64%,9.24%,5.74%,55.34,0.0579,3070355.0,2025-08-08 17:44:52
LUNR,1750000000.0,,82.61,,7.75,,5.05,,97.17%,190.48%,-239.86%,48.00%,50.66%,9.81,-0.0239,8913328.0,2025-08-08 17:44:52
FDP,1750000000.0,11.69,11.89,,0.41,0.85,20.48,12.04,12.81%,12.45%,16.59%,-,-0.93%,36.5,0.012199999999999999,237532.0,2025-08-08 17:44:52
AORT,1750000000.0,,96.84,,4.32,4.59,32.7,228.29,135.27%,274.68%,-,-,7.06%,40.95,0.2523,1711175.0,2025-08-08 17:44:52
LQDA,1750000000.0,,,,123.63,35.09,10.3,,6.20%,91.58%,8.44%,-,11.64%,20.45,0.0645,2371229.0,2025-08-08 17:44:52
ICFI,1750000000.0,16.49,13.37,,0.88,1.75,65.0,14.61,-6.66%,1.98%,10.18%,-,6.44%,94.84,0.0279,310870.0,2025-08-08 17:44:52
UPWK,1750000000.0,7.57,10.13,0.66,2.26,2.87,2.75,8.78,16.22%,7.55%,-,11.53%,20.68%,13.17,-0.0302,5970461.0,2025-08-08 17:44:52
PDO,1740000000.0,6.5,,,,,,,-,-,-,-,-,13.71,0.0022,448245.0,2025-08-08 17:44:52
CHCO,1740000000.0,14.5,14.33,,4.48,2.28,,13.54,9.91%,-3.22%,7.81%,-,7.46%,120.3,0.011899999999999999,110258.0,2025-08-08 17:44:52
BCRX,1740000000.0,,15.49,,3.13,,6.69,112.41,122.09%,463.92%,14.52%,-,55.97%,8.3,-0.006,1822995.0,2025-08-08 17:44:52
RAMP,1740000000.0,123.18,10.26,,2.27,1.83,4.68,11.73,30.35%,16.43%,63.30%,-,14.40%,26.46,-0.0482,1380472.0,2025-08-08 17:44:52
SVV,1730000000.0,54.21,20.45,16.94,1.09,4.09,24.58,62.32,-21.92%,20.43%,-35.01%,3.20%,4.99%,11.15,-0.0141,1364651.0,2025-08-08 17:44:52
DAC,1730000000.0,3.9,3.61,,1.68,0.48,2.65,9.43,-3.66%,-0.89%,25.74%,-11.25%,17.68%,94.63,0.0034999999999999996,48075.0,2025-08-08 17:44:52
PLUG,1730000000.0,,,,2.7,0.79,3.52,,77.91%,36.93%,-49.35%,52.68%,22.28%,1.51,0.0,23265738.0,2025-08-08 17:44:52
TPB,1730000000.0,40.46,26.75,,4.1,7.98,15.76,33.14,51.32%,11.68%,25.48%,-,-0.07%,96.76,0.0278,348929.0,2025-08-08 17:44:52
SII,1730000000.0,34.84,25.98,2.02,8.7,5.01,22.95,21.25,13.05%,17.62%,35.90%,17.29%,18.67%,67.02,-0.0013,157675.0,2025-08-08 17:44:52
PACS,1730000000.0,,5.73,,,2.97,22.21,,-1.36%,20.67%,-,-,-,11.14,0.0045000000000000005,346317.0,2025-08-08 17:44:52
OLO,1730000000.0,,28.2,,5.5,2.43,4.58,41.14,37.12%,19.89%,37.38%,34.06%,41.24%,10.2,-0.013500000000000002,12478831.0,2025-08-08 17:44:52
ARLO,1730000000.0,,21.94,,3.42,16.7,11.28,30.16,57.65%,20.75%,23.03%,-,6.69%,16.71,0.017,4649060.0,2025-08-08 17:44:52
DXPE,1730000000.0,21.0,17.38,1.34,0.9,3.69,15.29,47.99,22.17%,14.88%,16.04%,15.73%,7.34%,110.01,0.054900000000000004,248330.0,2025-08-08 17:44:52
LC,1720000000.0,23.39,10.75,0.38,1.26,1.22,2.22,,128.22%,35.78%,-,60.91%,3.80%,14.99,-0.0203,1208808.0,2025-08-08 17:44:52
HTZ,1720000000.0,,,,0.2,,1.52,,63.00%,72.32%,-79.95%,76.32%,-1.54%,5.56,-0.0718,8620704.0,2025-08-08 17:44:52
HP,1720000000.0,,20.12,,0.5,0.62,6.96,47.03,-63.15%,-33.37%,-,-29.41%,-0.30%,17.29,0.08199999999999999,3924365.0,2025-08-08 17:44:52
SPRY,1720000000.0,,,,17.7,7.5,6.23,,-1892.23%,55.02%,-,58.89%,-,17.5,-0.0085,715574.0,2025-08-08 17:44:52
ROCK,1720000000.0,13.92,11.14,,1.36,1.65,39.64,16.66,11.69%,9.96%,17.54%,-,7.82%,58.15,-0.0321,253071.0,2025-08-08 17:44:52
MNR,1710000000.0,9.09,6.47,0.94,1.74,1.24,220.12,12.98,16.77%,0.97%,-,9.65%,-,14.49,-0.0216,656104.0,2025-08-08 17:44:52
GNL,1710000000.0,,,,2.63,0.92,9.41,7.85,-64.47%,63.20%,-,-,21.50%,7.68,0.0281,3224233.0,2025-08-08 17:44:52
HBI,1710000000.0,10.88,7.25,0.56,0.48,10.29,7.77,29.68,65.78%,0.73%,-,19.54%,-12.83%,4.84,0.0409,8251298.0,2025-08-08 17:44:52
KN,1710000000.0,71.68,16.16,,3.04,2.29,16.58,15.62,16.76%,16.00%,-,-,-8.33%,19.92,0.0143,488971.0,2025-08-08 17:44:52
TY,1710000000.0,5.29,,,25.09,0.93,,,-,-,-,-,-,32.88,0.0067,34552.0,2025-08-08 17:44:52
GLP,1710000000.0,19.28,14.47,1.27,0.1,2.79,106.02,55.35,23.24%,16.84%,24.42%,15.15%,5.58%,50.21,-0.0008,80223.0,2025-08-08 17:44:52
TIGR,1700000000.0,22.45,15.58,1.26,3.91,2.54,0.5,,46.40%,3.48%,-,17.80%,47.08%,10.01,0.001,1871279.0,2025-08-08 17:44:52
ARDT,1700000000.0,6.63,6.04,0.6,0.27,1.36,3.15,15.39,20.24%,3.58%,-,11.05%,14.72%,11.89,0.0366,497310.0,2025-08-08 17:44:52
VYX,1700000000.0,,12.68,,0.64,1.96,5.44,,701.10%,24.68%,-,-,-16.39%,12.35,-0.0144,1639605.0,2025-08-08 17:44:52
FCF,1700000000.0,12.4,9.16,,2.4,1.09,,11.82,6.71%,19.33%,5.48%,-,11.20%,16.21,-0.0067,371510.0,2025-08-08 17:44:52
LFST,1700000000.0,,169.05,,1.29,1.15,8.99,14.15,80.18%,186.95%,0.80%,-,42.55%,4.37,0.1321,7377005.0,2025-08-08 17:44:52
GOGL,1700000000.0,14.99,5.17,0.57,1.97,0.93,15.08,9.84,-48.01%,215.45%,33.97%,26.32%,6.53%,8.52,-0.034,2613182.0,2025-08-08 17:44:52
STEW,1700000000.0,3.11,,,47.66,0.8,,,-,-,-,-,-,17.59,0.0006,75234.0,2025-08-08 17:44:52
BKV,1690000000.0,,9.05,,2.45,1.14,110.73,,276.57%,127.59%,-34.10%,-,49.69%,20.0,0.0111,378478.0,2025-08-08 17:44:52
VBTX,1690000000.0,14.68,12.9,,2.18,1.02,,16.06,14.67%,7.25%,3.03%,-,14.23%,30.93,0.0128,466891.0,2025-08-08 17:44:52
CNMD,1690000000.0,15.44,11.42,1.69,1.28,1.69,49.86,11.42,7.19%,7.08%,34.38%,9.15%,6.58%,54.67,0.0242,552572.0,2025-08-08 17:44:52
BKD,1690000000.0,,,,0.53,16.25,5.84,97.84,10.31%,39.09%,9.24%,-,-5.08%,7.21,0.011200000000000002,3750244.0,2025-08-08 17:44:52
VSCO,1690000000.0,10.6,9.92,,0.27,2.62,12.22,8.07,-27.30%,8.86%,-,-3.42%,-3.67%,21.12,-0.0258,1861640.0,2025-08-08 17:44:52
NWBI,1680000000.0,10.26,8.7,,2.05,0.9,,9.34,22.12%,4.09%,-5.55%,-,7.90%,11.5,-0.012,1252694.0,2025-08-08 17:44:52
MNTN,1680000000.0,,25.4,,6.82,,20.41,,40.40%,151.27%,-,-,-,21.83,-0.1261,1469874.0,2025-08-08 17:44:52
FORTY,1680000000.0,20.98,,,0.6,2.47,3.19,,-,-,15.29%,-,10.14%,109.5,0.011399999999999999,174.0,2025-08-08 17:44:52
FLNC,1670000000.0,,96.76,,0.72,3.09,2.85,,-284.02%,139.70%,-,37.81%,96.48%,9.19,0.0132,2406055.0,2025-08-08 17:44:52
EOSE,1660000000.0,,,,48.97,,10.89,,79.59%,83.23%,25.80%,-,99.33%,6.37,-0.028999999999999998,11345696.0,2025-08-08 17:44:52
RQI,1650000000.0,16.64,,,18.79,0.96,,,-,-,-,-,-,12.31,0.0,370909.0,2025-08-08 17:44:52
SHO,1650000000.0,408.92,47.2,32.4,1.77,0.98,11.42,71.54,-26.41%,79.12%,-24.01%,12.62%,-4.07%,8.71,-0.0091,2385582.0,2025-08-08 17:44:52
LTC,1650000000.0,19.64,18.23,,7.55,1.72,216.89,14.46,-8.21%,4.94%,0.27%,-1.75%,2.33%,35.83,0.0147,276513.0,2025-08-08 17:44:52
ECAT,1650000000.0,7.0,,,,,,,-,-,-,-,-,16.59,0.0085,304893.0,2025-08-08 17:44:52
WLDN,1650000000.0,47.51,29.24,,2.62,6.24,50.93,25.68,48.42%,7.76%,30.95%,-,5.01%,113.65,0.2754,1096979.0,2025-08-08 17:44:52
SA,1650000000.0,,,,,2.38,14.51,,-171.43%,-340.00%,-12.87%,-,-,16.38,-0.018600000000000002,654552.0,2025-08-08 17:44:52
BELFB,1650000000.0,32.56,19.97,,2.77,4.05,27.77,34.77,7.14%,7.41%,-,-,1.66%,132.58,-0.0002,156473.0,2025-08-08 17:44:52
SLVM,1650000000.0,5.92,5.62,2.33,0.45,1.81,10.68,6.43,-25.56%,30.18%,-3.40%,2.54%,-1.25%,40.4,-0.1555,1240947.0,2025-08-08 17:44:52
HUN,1640000000.0,,,,0.28,0.58,4.12,12.27,-694.65%,88.59%,-,-,-2.35%,9.46,-0.0042,4377940.0,2025-08-08 17:44:52
WERN,1640000000.0,31.05,21.61,0.54,0.55,1.12,31.94,,-28.08%,222.93%,-25.52%,57.96%,4.23%,26.6,-0.0034000000000000002,792955.0,2025-08-08 17:44:52
NAC,1640000000.0,14.71,,,12.13,0.92,,,-,-,-,-,-,11.33,0.0062,350069.0,2025-08-08 17:44:52
NWN,1640000000.0,15.79,13.22,1.37,1.32,1.12,14.37,,23.67%,4.89%,-0.37%,11.51%,9.07%,39.97,-0.002,193168.0,2025-08-08 17:44:52
ETV,1630000000.0,4.78,,,78.01,0.93,,,-,-,-,-,-,13.97,-0.0021,222654.0,2025-08-08 17:44:52
LSPD,1630000000.0,,17.75,,1.46,1.06,3.62,71.64,-1.40%,52.91%,-47.43%,19.67%,54.93%,12.04,-0.0235,721875.0,2025-08-08 17:44:52
ENOV,1620000000.0,,8.19,,0.74,0.63,36.86,,9.97%,11.19%,-4.65%,12.07%,-8.73%,28.44,-0.0028000000000000004,1485712.0,2025-08-08 17:44:52
QDEL,1620000000.0,,7.61,,0.59,0.58,10.7,124.88,25.34%,35.57%,-,29.64%,39.10%,23.91,-0.020099999999999996,937057.0,2025-08-08 17:44:52
HCI,1620000000.0,12.44,9.18,,2.09,2.4,,5.22,79.64%,-2.73%,21.85%,-,25.31%,140.33,0.0178,171677.0,2025-08-08 17:44:52
HLIO,1610000000.0,46.47,17.53,4.0,2.06,1.77,30.46,15.89,10.86%,19.31%,-9.05%,11.61%,7.76%,48.7,0.0062,384875.0,2025-08-08 17:44:52
DX,1610000000.0,15.86,8.35,,4.26,1.04,4.16,31.56,419.08%,33.21%,-,-,14.11%,12.42,0.0073,2545661.0,2025-08-08 17:44:52
GTY,1610000000.0,24.8,21.96,7.07,7.68,1.64,139.16,12.08,-5.95%,10.39%,1.14%,3.51%,7.66%,28.5,0.0028000000000000004,376978.0,2025-08-08 17:44:52
GOGO,1610000000.0,295.87,19.88,2.77,2.32,15.81,15.79,38.94,260.00%,70.37%,-,106.98%,7.55%,12.19,0.0116,3254538.0,2025-08-08 17:44:52
ARCB,1610000000.0,10.54,10.33,0.86,0.4,1.24,11.54,28.69,-24.72%,45.16%,36.95%,12.21%,6.94%,70.91,-0.0103,191952.0,2025-08-08 17:44:52
VVX,1610000000.0,22.88,9.55,1.77,0.37,1.51,8.45,7.65,6.07%,15.56%,-17.60%,12.92%,25.60%,50.78,-0.0475,1060688.0,2025-08-08 17:44:52
PHR,1610000000.0,,110.78,,3.7,5.69,17.69,43.94,85.65%,266.52%,16.05%,-,27.46%,27.01,0.0063,388293.0,2025-08-08 17:44:52
IMCR,1600000000.0,,,,4.8,4.26,1.92,61.58,23.09%,-52.99%,-,-6.96%,56.79%,31.97,0.0013,386413.0,2025-08-08 17:44:52
DNOW,1600000000.0,19.47,15.76,3.73,0.67,1.36,6.91,7.64,-0.73%,5.17%,-,5.22%,-4.27%,14.97,0.0067,1203947.0,2025-08-08 17:44:52
AAMI,1600000000.0,18.63,10.9,,2.85,173.8,17.02,15.78,15.94%,27.97%,-1.99%,-,-9.68%,44.65,0.0079,175237.0,2025-08-08 17:44:52
CIFR,1590000000.0,,,,10.03,2.45,9.11,,-82.77%,83.14%,-129.25%,-,-,4.75,-0.0246,18367680.0,2025-08-08 17:44:52
BTX,1590000000.0,43.82,,,,,,,-,-,-,-,-,7.45,0.004,375356.0,2025-08-08 17:44:52
DYN,1590000000.0,,,,,2.23,2.32,,-8.41%,3.70%,-59.45%,2.54%,-,11.16,-0.0027,2348125.0,2025-08-08 17:44:52
UFPT,1580000000.0,23.83,19.46,1.96,2.69,4.39,106.39,26.85,9.22%,11.42%,23.59%,12.17%,20.52%,205.56,-0.0032,142169.0,2025-08-08 17:44:52
LILAK,1580000000.0,,21.02,,0.36,2.62,3.08,7.5,85.12%,177.25%,-51.17%,-,2.88%,7.98,-0.0013,4881958.0,2025-08-08 17:44:52
UNFI,1580000000.0,,18.0,,0.05,0.97,30.41,7.06,358.00%,126.29%,19.41%,134.42%,6.79%,26.11,-0.0177,470385.0,2025-08-08 17:44:52
ARHS,1580000000.0,22.22,22.26,3.22,1.18,4.1,6.63,27.55,-6.59%,12.06%,42.51%,6.91%,20.78%,11.22,-0.0642,3604550.0,2025-08-08 17:44:52
MODG,1580000000.0,,,,0.38,0.64,2.31,,-301.98%,11.53%,-,-,20.04%,8.6,-0.10039999999999999,3342860.0,2025-08-08 17:44:52
BCAT,1580000000.0,8.23,,,,,,,-,-,-,-,-,15.06,0.006,536110.0,2025-08-08 17:44:52
LILA,1580000000.0,,25.06,,0.36,2.56,3.06,7.47,84.50%,160.80%,-51.17%,-,2.88%,7.79,-0.0051,951827.0,2025-08-08 17:44:52
BTE,1580000000.0,6.05,,,0.69,0.53,300.58,4.25,-20.68%,-101.27%,-,-,16.76%,2.05,0.0,20250062.0,2025-08-08 17:44:52
JBLU,1570000000.0,,,,0.17,0.65,0.51,,-138.86%,43.99%,-,29.69%,2.77%,4.33,0.0023,13428652.0,2025-08-08 17:44:52
ETG,1570000000.0,12.64,,,20.6,1.04,,,-,-,-,-,-,20.61,0.0049,68138.0,2025-08-08 17:44:52
DRH,1570000000.0,27.75,16.22,0.65,1.4,0.99,15.18,11.87,143.30%,6.74%,-27.51%,42.42%,3.79%,7.58,-0.0143,3947355.0,2025-08-08 17:44:52
BDJ,1570000000.0,10.09,,,33.57,0.98,,,-,-,-,-,-,8.88,0.0102,378006.0,2025-08-08 17:44:52
MBC,1570000000.0,16.54,9.09,,0.57,1.11,13.07,9.89,-18.25%,16.96%,4.10%,-,2.48%,11.91,-0.0058,2184678.0,2025-08-08 17:44:52
EXK,1570000000.0,,11.26,,7.27,3.15,23.81,,143.99%,557.65%,18.21%,153.21%,13.21%,5.42,0.0037,10489998.0,2025-08-08 17:44:52
USAR,1570000000.0,20.15,,2.95,,,67.09,,120.49%,-752.00%,-,6.83%,-,16.26,0.08109999999999999,11140114.0,2025-08-08 17:44:52
EXPI,1570000000.0,,64.26,,0.34,7.17,8.47,12.37,-93.75%,3000.00%,-12.71%,48.12%,36.05%,9.96,-0.0273,821331.0,2025-08-08 17:44:52
GAM,1560000000.0,5.4,,,55.07,1.01,,,-,-,-,-,-,58.35,0.0118,10445.0,2025-08-08 17:44:52
NTCT,1560000000.0,21.58,8.9,,1.87,1.01,2.94,6.34,4.73%,4.30%,-168.66%,-,-1.60%,21.59,0.0146,708555.0,2025-08-08 17:44:52
UNIT,1560000000.0,26.71,,,1.32,,5.24,41.28,-126.32%,-137.78%,53.78%,-,1.99%,6.35,-0.0942,3284858.0,2025-08-08 17:44:52
KRP,1560000000.0,198.22,23.45,,4.99,2.27,43.85,121.02,-113.20%,-5.51%,50.20%,-,23.10%,14.47,0.0014000000000000002,548105.0,2025-08-08 17:44:52
HYT,1560000000.0,11.33,,,10.54,1.02,,,-,-,-,-,-,9.86,-0.001,682805.0,2025-08-08 17:44:52
MSDL,1560000000.0,8.22,8.93,,3.84,0.87,22.45,7.9,-16.69%,-3.10%,-,-8.89%,-,17.88,-0.0154,1412009.0,2025-08-08 17:44:52
NYAX,1560000000.0,245.7,36.26,,4.7,8.61,6.26,27.0,593.62%,51.33%,1.03%,-,37.61%,42.53,-0.0021,34934.0,2025-08-08 17:44:52
CNXN,1560000000.0,18.64,15.42,,0.54,1.76,4.5,34.92,7.85%,13.41%,1.18%,-,-0.13%,61.31,0.020099999999999996,67436.0,2025-08-08 17:44:52
NHC,1550000000.0,14.52,,,1.14,1.54,5.25,14.23,-,-,8.03%,-,4.66%,100.38,0.0412,51865.0,2025-08-08 17:44:52
CECO,1550000000.0,30.69,28.1,0.81,2.37,5.2,42.05,,43.01%,49.74%,-6.53%,38.04%,10.29%,43.93,-0.002,415785.0,2025-08-08 17:44:52
LKFN,1550000000.0,16.57,14.57,,3.7,2.19,,16.64,7.93%,6.48%,1.43%,-,10.75%,60.77,0.0086,79209.0,2025-08-08 17:44:52
TWST,1550000000.0,,,,4.27,3.23,6.17,,61.74%,2.89%,1.70%,36.80%,41.91%,25.64,0.0256,1968799.0,2025-08-08 17:44:52
NEGG,1550000000.0,,,,,,,,-,-,43.78%,-,403.07%,79.79,0.34240000000000004,1746125.0,2025-08-08 17:44:52
WB,1550000000.0,7.31,5.44,9.75,0.88,0.7,0.74,,-3.07%,2.98%,-11.92%,0.75%,-0.14%,9.89,0.0175,901277.0,2025-08-08 17:44:52
ADEA,1540000000.0,19.19,9.61,1.66,4.08,3.86,13.26,7.68,10.40%,6.40%,-,11.57%,6.07%,14.23,0.0327,541460.0,2025-08-08 17:44:52
ZD,1540000000.0,25.25,5.03,5.61,1.07,0.82,3.38,6.62,3.20%,6.81%,-20.26%,4.50%,0.43%,36.68,-0.0268,1175086.0,2025-08-08 17:44:52
KMT,1540000000.0,16.94,13.51,2.2,0.78,1.25,10.98,12.93,-10.09%,24.38%,-,7.71%,0.85%,20.25,0.013999999999999999,3010421.0,2025-08-08 17:44:52
TNK,1540000000.0,5.54,6.88,,1.6,0.83,2.11,7.8,-42.23%,8.90%,56.72%,-9.50%,5.43%,44.63,-0.0176,630665.0,2025-08-08 17:44:52
TXG,1530000000.0,,,,2.38,2.14,3.43,33.83,49.17%,-21.76%,-36.10%,25.66%,19.96%,12.29,-0.0398,4792232.0,2025-08-08 17:44:52
COGT,1530000000.0,,,,,26.5,6.44,,12.52%,15.53%,10.02%,29.62%,-,10.96,0.0092,1331775.0,2025-08-08 17:44:52
ACMR,1530000000.0,14.5,10.15,1.82,1.88,1.61,3.03,16.44,-8.46%,13.98%,36.00%,7.98%,48.71%,23.94,-0.013600000000000001,1433545.0,2025-08-08 17:44:52
BSTZ,1530000000.0,2.76,,,,,,,-,-,-,-,-,21.68,0.0037,190576.0,2025-08-08 17:44:52
TASK,1530000000.0,28.61,9.99,1.64,1.46,2.95,7.76,20.65,24.03%,6.62%,7.33%,17.45%,22.57%,17.04,0.0012,159834.0,2025-08-08 17:44:52
PGRE,1530000000.0,,,,2.05,0.47,2.32,17.56,-57.14%,-54.55%,-5.94%,-,0.37%,6.41,-0.0031,2418765.0,2025-08-08 17:44:52
NMAX,1520000000.0,,,,,8.54,7.04,,-,-,-,-,-,11.82,-0.0059,877252.0,2025-08-08 17:44:52
WS,1520000000.0,13.52,9.37,0.85,0.49,1.38,16.4,15.25,23.15%,20.11%,-,15.87%,-,29.94,0.008100000000000001,126160.0,2025-08-08 17:44:52
IDT,1520000000.0,15.91,16.25,0.56,1.24,5.31,4.38,14.6,67.18%,13.80%,243.59%,28.63%,-3.07%,60.27,-0.0002,122452.0,2025-08-08 17:44:52
NVEE,1510000000.0,41.26,14.81,2.51,1.54,1.75,38.41,20.06,14.62%,16.58%,-1.28%,16.45%,13.09%,22.56,0.0,0.0,2025-08-08 17:44:52
CCOI,1510000000.0,,,,1.51,32.31,4.93,,2.58%,29.15%,-,29.79%,13.66%,30.62,-0.1336,5250018.0,2025-08-08 17:44:52
TVTX,1510000000.0,,31.5,,4.52,46.09,4.73,,72.40%,147.75%,-3.34%,-,5.87%,16.94,0.0018,1843104.0,2025-08-08 17:44:52
AMPL,1510000000.0,,105.03,,4.77,5.46,7.22,76.92,9.88%,66.51%,-18.39%,46.63%,34.32%,11.53,-0.0849,3465928.0,2025-08-08 17:44:52
CWH,1510000000.0,,12.39,,0.24,2.72,12.76,62.18,203.21%,188.48%,13.10%,-,4.51%,14.76,-0.0219,1654178.0,2025-08-08 17:44:52
BHVN,1510000000.0,,,,,5.8,4.65,,16.89%,17.59%,-49.78%,18.05%,-,14.74,-0.0322,2261011.0,2025-08-08 17:44:52
OXLC,1500000000.0,11.07,3.16,,3.49,0.77,,,32.50%,-0.94%,-,-,-,3.32,0.024700000000000003,9458874.0,2025-08-08 17:44:52
CLBK,1500000000.0,241.25,23.49,,3.27,1.34,,168.38,527.27%,29.79%,-,-,9.04%,14.33,0.0149,85493.0,2025-08-08 17:44:52
TNC,1500000000.0,25.03,12.44,,1.2,2.28,18.7,23.7,-11.97%,11.59%,12.05%,-,2.47%,80.3,0.0073,113405.0,2025-08-08 17:44:52
BLX,1500000000.0,7.62,6.77,1.07,1.78,1.15,,4.66,4.64%,7.68%,20.84%,7.15%,23.41%,42.7,0.0059,90455.0,2025-08-08 17:44:52
AUPH,1500000000.0,26.59,14.93,0.14,5.75,4.5,4.75,16.22,1520.83%,17.48%,-,187.44%,274.78%,11.37,-0.0052,2496763.0,2025-08-08 17:44:52
SEM,1500000000.0,11.31,9.55,0.67,0.26,0.89,28.59,8.22,20.32%,11.70%,8.51%,16.85%,-1.00%,12.07,0.0143,1213112.0,2025-08-08 17:44:52
CCB,1490000000.0,30.52,15.19,,2.2,3.24,,5.76,3.22%,94.02%,24.66%,-,65.46%,99.17,0.0383,157099.0,2025-08-08 17:44:52
LZB,1490000000.0,15.35,10.34,1.66,0.71,1.46,4.5,13.19,8.79%,10.18%,7.27%,9.27%,4.36%,36.19,-0.0079,584952.0,2025-08-08 17:44:52
GB,1490000000.0,16.89,,,2.73,10.66,11.14,12.97,-,-,31.71%,-,-,7.47,0.0067,70789.0,2025-08-08 17:44:52
AKO-A,1490000000.0,11.57,10.08,1.04,0.42,2.72,6.69,12.65,14.32%,10.20%,-0.04%,11.15%,6.19%,18.87,0.0,25.0,2025-08-08 17:44:52
SPNS,1480000000.0,20.47,17.53,5.39,2.72,3.21,7.2,17.17,-4.90%,7.46%,19.63%,3.80%,10.74%,26.52,0.0011,208967.0,2025-08-08 17:44:52
IAS,1480000000.0,31.62,23.24,0.95,2.7,1.42,24.94,12.21,43.14%,17.37%,-,33.15%,19.95%,8.98,0.1281,2434853.0,2025-08-08 17:44:52
PRCH,1480000000.0,30.6,63.96,,3.4,,16.78,155.69,118.79%,258.06%,-,-,-,14.2,-0.0463,1872509.0,2025-08-08 17:44:52
LNN,1480000000.0,19.51,20.71,4.14,2.18,2.79,7.0,16.72,15.54%,-5.53%,97.35%,4.71%,6.45%,135.87,0.0032,33728.0,2025-08-08 17:44:52
NNE,1470000000.0,,,,,10.01,12.42,,-164.10%,-29.13%,-,-,-,35.46,-0.039,2389779.0,2025-08-08 17:44:52
SEDG,1470000000.0,,,,1.52,2.87,1.88,,86.90%,95.30%,-,-,-8.76%,24.94,0.0213,4117126.0,2025-08-08 17:44:52
FSCO,1470000000.0,7.88,,,,,,,-,-,-,-,-,7.41,0.0054,660767.0,2025-08-08 17:44:52
BXMX,1470000000.0,6.36,,,64.86,0.93,,,-,-,-,-,-,14.11,0.0021,56190.0,2025-08-08 17:44:52
STEL,1460000000.0,13.4,14.51,,2.4,0.91,,18.68,-11.45%,0.92%,1.28%,-,29.45%,28.52,0.005600000000000001,238681.0,2025-08-08 17:44:52
UTI,1460000000.0,23.6,26.78,2.26,1.81,4.76,12.12,19.56,41.52%,-5.52%,-,10.43%,17.19%,26.86,-0.01,1761846.0,2025-08-08 17:44:52
CGAU,1460000000.0,20.57,6.12,5.44,1.24,0.84,2.79,22.56,28.33%,26.10%,-,3.78%,-0.96%,7.03,-0.0676,1636059.0,2025-08-08 17:44:52
FLOC,1450000000.0,,10.41,,,9.67,156.46,,-86.74%,11.65%,-,-,-,16.05,0.0184,247738.0,2025-08-08 17:44:52
TILE,1450000000.0,15.37,12.82,1.12,1.07,2.53,11.93,11.98,17.12%,13.45%,1.79%,13.77%,-0.41%,24.87,-0.0004,367808.0,2025-08-08 17:44:52
SPHR,1450000000.0,,,,1.22,0.67,3.03,,-,-,-50.11%,-,-0.42%,40.29,-0.0273,1128515.0,2025-08-08 17:44:52
ELME,1450000000.0,,,,5.89,1.38,204.3,28.58,9.58%,48.04%,-,41.34%,-4.79%,16.43,-0.0073,1492340.0,2025-08-08 17:44:52
TWFG,1450000000.0,34.8,31.28,2.01,6.79,5.12,6.95,22.59,15.06%,21.64%,-,17.32%,-,25.83,-0.05,374504.0,2025-08-08 17:44:52
AESI,1450000000.0,90.07,18.02,3.56,1.25,1.14,18.37,,-46.14%,119.20%,-,25.28%,75.32%,11.7,-0.0085,1459315.0,2025-08-08 17:44:52
KARO,1450000000.0,27.37,21.74,,5.53,7.57,23.7,,5.35%,14.39%,12.08%,-,13.43%,46.86,0.0125,57629.0,2025-08-08 17:44:52
ERO,1450000000.0,10.17,4.94,0.18,2.7,1.76,21.16,,173.43%,32.53%,-,55.67%,10.55%,13.95,0.0131,516743.0,2025-08-08 17:44:52
TRS,1440000000.0,39.0,15.1,,1.48,2.02,47.7,45.53,23.55%,15.45%,-22.86%,-,5.04%,35.53,0.011699999999999999,645540.0,2025-08-08 17:44:52
SRCE,1440000000.0,10.18,9.35,,2.48,1.2,,7.0,16.29%,0.96%,8.67%,-,8.40%,58.84,0.009300000000000001,47797.0,2025-08-08 17:44:52
ARCO,1440000000.0,10.76,9.24,1.43,0.32,2.8,2.92,,-16.11%,24.54%,12.81%,7.53%,8.60%,6.85,-0.018600000000000002,889418.0,2025-08-08 17:44:52
BV,1440000000.0,453.13,17.21,42.67,0.53,1.13,18.21,46.03,6.14%,9.37%,-13.92%,10.62%,2.85%,15.18,-0.0098,1682889.0,2025-08-08 17:44:52
BTT,1440000000.0,37.12,,,17.33,0.93,,,-,-,-,-,-,22.27,0.0018,55451.0,2025-08-08 17:44:52
OPEN,1440000000.0,,,,0.28,2.27,1.21,2.81,47.13%,9.20%,33.36%,39.78%,1.68%,1.95,0.0541,88288647.0,2025-08-08 17:44:52
FLYW,1430000000.0,286.86,38.24,1.52,2.66,1.82,5.23,15.41,309.24%,276.67%,-,188.87%,38.98%,11.79,-0.0438,3989908.0,2025-08-08 17:44:52
GABC,1430000000.0,14.51,10.53,,3.47,1.34,,13.2,2.83%,24.68%,4.27%,-,9.77%,38.19,-0.0003,55403.0,2025-08-08 17:44:52
ARR,1430000000.0,,4.71,,1.9,0.83,3.39,5.42,-12.76%,3.24%,53.38%,-8.56%,2.41%,15.62,-0.0126,7142973.0,2025-08-08 17:44:52
DFIN,1430000000.0,18.33,12.15,1.4,1.89,3.3,42.23,13.06,11.24%,11.67%,22.79%,13.12%,-2.22%,51.92,-0.0116,228853.0,2025-08-08 17:44:52
PLTK,1430000000.0,16.49,6.33,1.09,0.53,,2.4,3.21,12.60%,21.21%,-9.18%,15.16%,6.27%,3.8,-0.038,2427721.0,2025-08-08 17:44:52
PD,1430000000.0,,13.73,,2.99,9.78,2.39,12.92,14.06%,16.14%,5.07%,15.66%,22.96%,15.46,-0.0083,2388957.0,2025-08-08 17:44:52
OPRA,1420000000.0,21.84,13.38,1.25,2.73,1.53,13.76,16.03,4.44%,26.60%,28.67%,17.50%,22.00%,15.92,-0.0218,338658.0,2025-08-08 17:44:52
DSGR,1420000000.0,366.35,25.65,,0.74,2.19,23.0,149.38,504.17%,85.05%,-,-,37.22%,30.7,0.0007000000000000001,53961.0,2025-08-08 17:44:52
VECO,1420000000.0,23.29,15.58,8.06,2.03,1.66,4.0,26.9,-24.32%,15.11%,-,2.89%,11.33%,23.61,0.0292,1355508.0,2025-08-08 17:44:52
LOB,1420000000.0,25.41,9.3,,1.44,1.33,,2.15,22.29%,61.61%,30.94%,-,26.76%,31.05,0.0167,184573.0,2025-08-08 17:44:52
NVTS,1420000000.0,,,,20.82,3.65,8.81,,13.69%,16.80%,6.32%,24.04%,62.83%,6.66,-0.0191,20619914.0,2025-08-08 17:44:52
PZZA,1420000000.0,19.09,19.18,4.88,0.68,,42.59,25.09,-26.22%,30.83%,-,3.91%,4.93%,43.32,-0.0155,861095.0,2025-08-08 17:44:52
SHCO,1420000000.0,,,,1.16,,9.17,30.52,107.74%,-269.23%,-6.07%,-,13.40%,7.29,0.1198,532422.0,2025-08-08 17:44:52
BGM,1420000000.0,,,,52.76,4.16,97.42,,-,-,-,-,-11.45%,7.7,0.0039000000000000003,79913.0,2025-08-08 17:44:52
OMCL,1420000000.0,62.5,18.23,12.25,1.23,1.13,3.28,13.25,-9.50%,9.29%,-28.29%,5.10%,4.39%,30.83,-0.0064,634920.0,2025-08-08 17:44:52
DQ,1420000000.0,,,,1.92,0.33,1.47,,28.33%,75.84%,-,-,24.07%,21.21,-0.0176,431622.0,2025-08-08 17:44:52
CET,1410000000.0,4.82,,,59.71,0.9,,,-,-,-,-,-,48.9,0.0042,26509.0,2025-08-08 17:44:52
LADR,1410000000.0,15.82,9.51,,3.21,0.94,9.76,11.99,-22.59%,24.56%,-5.68%,-,0.37%,11.1,0.0054,397702.0,2025-08-08 17:44:52
NABL,1410000000.0,488.89,17.31,122.22,2.93,1.74,15.07,19.14,-24.58%,19.34%,-,4.00%,12.08%,7.48,-0.08779999999999999,1019371.0,2025-08-08 17:44:52
WKC,1410000000.0,,9.24,,0.04,0.88,3.5,12.71,3.21%,22.37%,-15.88%,13.41%,2.96%,25.43,0.009899999999999999,495445.0,2025-08-08 17:44:52
MBIN,1410000000.0,6.77,6.13,,0.99,0.86,,6.0,-44.23%,42.69%,31.88%,-3.11%,40.84%,30.74,0.0223,126759.0,2025-08-08 17:44:52
SDGR,1410000000.0,,,,5.92,4.12,3.05,57.84,8.30%,22.75%,-45.98%,23.77%,19.39%,19.21,-0.0077,1482106.0,2025-08-08 17:44:52
DSL,1400000000.0,11.28,,,,,,,-,-,-,-,-,12.3,0.009000000000000001,314821.0,2025-08-08 17:44:52
ASTH,1400000000.0,38.72,13.37,0.81,0.62,1.85,5.37,26.9,74.72%,33.55%,18.32%,47.96%,29.41%,28.08,0.3085,1808242.0,2025-08-08 17:44:52
PX,1400000000.0,99.76,11.63,12.03,4.68,4.13,18.59,17.54,-10.63%,20.28%,-3.78%,8.29%,45.86%,12.5,0.0365,843068.0,2025-08-08 17:44:52
RVLV,1400000000.0,31.21,27.51,2.16,1.18,2.99,4.51,23.18,-20.28%,29.79%,-,14.47%,13.46%,19.64,-0.0046,1466231.0,2025-08-08 17:44:52
SILA,1400000000.0,35.8,25.39,2.63,7.38,1.03,56.39,11.92,9.33%,21.95%,56.56%,13.62%,-2.39%,25.39,0.0063,196589.0,2025-08-08 17:44:52
CCEC,1400000000.0,7.43,11.86,0.05,3.29,0.97,4.16,18.8,1370.00%,-2.53%,30.66%,140.81%,24.65%,23.79,0.0471,18997.0,2025-08-08 17:44:52
ARIS,1400000000.0,28.65,15.96,2.25,3.09,1.89,56.85,50.9,0.99%,16.32%,4.61%,12.73%,29.67%,23.62,-0.0067,3984907.0,2025-08-08 17:44:52
EVO,1400000000.0,,,,1.65,1.42,3.48,,58.54%,73.41%,-,-,11.52%,3.93,0.0181,57832.0,2025-08-08 17:44:52
TALO,1400000000.0,,,,0.72,0.54,3.58,2.05,-263.95%,-85.81%,-,-,16.30%,7.82,-0.0038,2828718.0,2025-08-08 17:44:52
STBA,1390000000.0,10.7,10.63,,2.49,0.97,,10.37,-0.71%,1.14%,3.79%,-,8.66%,36.39,0.0058,72633.0,2025-08-08 17:44:52
STGW,1390000000.0,485.59,5.32,36.57,0.49,1.88,7.69,6.58,5.38%,24.82%,-,13.28%,14.71%,5.39,-0.0426,1258035.0,2025-08-08 17:44:52
ARI,1390000000.0,,9.87,,2.2,0.75,7.84,27.2,104.68%,15.39%,-,46.98%,7.48%,10.02,0.006999999999999999,697041.0,2025-08-08 17:44:52
DOLE,1390000000.0,14.84,9.76,2.41,0.16,1.04,5.33,14.4,2.12%,15.64%,25.94%,6.17%,13.42%,14.63,0.0027,792167.0,2025-08-08 17:44:52
NBHC,1390000000.0,11.79,10.73,2.26,2.33,1.03,,10.14,4.08%,5.53%,3.91%,5.22%,12.41%,36.54,0.0111,160041.0,2025-08-08 17:44:52
HI,1390000000.0,,8.44,,0.46,1.05,2.98,10.66,-32.83%,4.82%,-,-7.83%,11.98%,19.72,-0.006,460132.0,2025-08-08 17:44:52
UMH,1390000000.0,122.2,77.3,,5.55,2.27,17.53,17.1,566.67%,51.07%,-12.35%,-,10.41%,16.35,-0.0103,287078.0,2025-08-08 17:44:52
GBX,1390000000.0,6.31,9.04,,0.39,0.92,4.06,16.77,30.54%,-23.17%,18.21%,-,3.14%,44.96,0.009000000000000001,252761.0,2025-08-08 17:44:52
OUST,1390000000.0,,,,11.03,8.26,6.11,,34.63%,43.18%,56.80%,40.13%,55.70%,25.8,0.11689999999999999,7378863.0,2025-08-08 17:44:52
PARR,1390000000.0,,8.48,,0.18,1.21,8.18,11.54,480.72%,49.86%,-,101.41%,8.10%,27.3,0.0063,1117709.0,2025-08-08 17:44:52
INOD,1390000000.0,34.97,40.68,2.6,6.08,15.98,23.19,38.43,-12.38%,37.21%,-,13.46%,25.00%,43.53,0.0163,2537458.0,2025-08-08 17:44:52
CRTO,1390000000.0,10.04,5.21,2.59,0.71,1.27,6.19,7.14,-1.78%,2.38%,6.16%,3.87%,-3.12%,23.95,0.017,521070.0,2025-08-08 17:44:52
SPB,1380000000.0,21.04,12.46,2.47,0.49,0.73,11.33,18.4,-5.80%,18.24%,-,8.53%,-4.86%,56.33,-0.009300000000000001,566093.0,2025-08-08 17:44:52
BHE,1380000000.0,36.64,15.11,,0.53,1.25,5.21,17.1,0.55%,10.42%,23.31%,-,3.21%,38.42,0.0026,301891.0,2025-08-08 17:44:52
CMPR,1380000000.0,110.17,14.53,1.39,0.4,,5.89,6.31,441.38%,21.34%,-27.84%,79.24%,6.52%,55.36,-0.0022,178538.0,2025-08-08 17:44:52
LOT,1380000000.0,,,,1.63,,2.6,,52.91%,57.63%,-,64.96%,-,2.03,-0.0049,227041.0,2025-08-08 17:44:52
BST,1370000000.0,5.04,,,,,,,-,-,-,-,-,39.6,0.0060999999999999995,81049.0,2025-08-08 17:44:52
JBI,1370000000.0,31.78,12.72,2.19,1.53,2.51,7.91,8.02,16.78%,15.85%,-,14.48%,-,9.81,-0.003,1967157.0,2025-08-08 17:44:52
WINA,1370000000.0,34.45,31.2,,16.46,,47.46,30.79,6.06%,7.36%,6.80%,-,2.09%,386.9,-0.0171,35294.0,2025-08-08 17:44:52
CLDX,1370000000.0,,,,236.91,2.09,2.2,,-39.93%,-19.46%,6.91%,-17.73%,14.46%,20.66,-0.0259,770909.0,2025-08-08 17:44:52
CDTX,1370000000.0,,,,4570.97,5.34,7.86,,75.11%,-16.52%,1.30%,35.76%,-42.85%,62.0,0.0044,424781.0,2025-08-08 17:44:52
SONO,1370000000.0,,,,0.97,3.46,5.39,24.02,-90.32%,48.31%,-46.49%,45.57%,3.78%,11.33,0.032799999999999996,2065857.0,2025-08-08 17:44:52
NVAX,1360000000.0,3.71,,0.1,1.26,36.07,2.18,,305.22%,-101.02%,25.88%,37.60%,105.39%,8.37,-0.0467,9959486.0,2025-08-08 17:44:52
NRP,1360000000.0,9.7,,,6.18,2.34,44.71,5.46,-,-,-,-,3.10%,103.25,-0.01,13068.0,2025-08-08 17:44:52
LOMA,1350000000.0,13.46,11.37,0.2,2.01,1.61,136.78,97.28,195.41%,36.51%,9.65%,68.65%,-5.05%,11.36,-0.0787,1292985.0,2025-08-08 17:44:52
SMA,1350000000.0,,60.77,,5.35,1.55,31.37,22.32,107.71%,854.62%,2.89%,-,16.69%,33.98,-0.018500000000000003,281702.0,2025-08-08 17:44:52
AAUC,1350000000.0,,,,1.41,3.55,6.18,,-,-,-,-,-,11.72,-0.0282,133738.0,2025-08-08 17:44:52
TCBK,1350000000.0,12.14,10.91,4.89,2.55,1.06,,13.19,-0.05%,8.96%,2.84%,2.48%,10.24%,41.12,0.006500000000000001,58249.0,2025-08-08 17:44:52
JANX,1350000000.0,,,,144.64,1.33,1.33,,-71.89%,-29.55%,-67.90%,-,-,22.83,0.0111,855591.0,2025-08-08 17:44:52
STAA,1350000000.0,,128.23,,6.02,3.99,7.11,,-511.80%,124.03%,-,24.38%,15.89%,27.26,0.0115,2382069.0,2025-08-08 17:44:52
MLKN,1350000000.0,,8.74,,0.37,1.06,6.97,13.32,-8.21%,27.37%,-28.22%,-,8.10%,19.92,0.003,415562.0,2025-08-08 17:44:52
FLNG,1350000000.0,13.29,12.16,,3.8,1.75,3.29,7.15,-22.90%,14.82%,47.35%,-0.10%,24.33%,25.4,0.0008,347418.0,2025-08-08 17:44:52
IE,1350000000.0,,,,353.48,4.59,15.08,,33.74%,15.38%,-32.06%,20.55%,-5.01%,10.14,0.041100000000000005,1138226.0,2025-08-08 17:44:52
BASE,1340000000.0,,299.93,,6.25,10.41,9.46,,28.14%,156.38%,-14.79%,-,20.48%,24.3,-0.0008,363657.0,2025-08-08 17:44:52
VRDN,1340000000.0,,,,4466.93,2.6,2.38,,-9.90%,0.22%,31.28%,17.56%,-41.64%,16.41,-0.0073,879613.0,2025-08-08 17:44:52
ETNB,1340000000.0,,,,,2.21,2.38,,39.16%,-5.35%,32.21%,13.76%,-,9.16,0.0161,2015181.0,2025-08-08 17:44:52
TUYA,1340000000.0,76.36,21.0,20.58,4.29,1.53,1.57,,-12.31%,5.26%,-,3.71%,23.07%,2.52,0.0202,803142.0,2025-08-08 17:44:52
SFL,1330000000.0,22.17,34.68,,1.55,1.17,7.52,,-97.08%,783.33%,3.93%,-,14.54%,9.19,-0.0118,838640.0,2025-08-08 17:44:52
EWTX,1330000000.0,,,,,2.27,2.25,,-13.75%,-18.83%,-49.00%,-11.49%,-,12.68,-0.0208,568036.0,2025-08-08 17:44:52
GRPN,1330000000.0,,37.34,,2.73,26.04,4.49,20.52,147.24%,23.83%,-13.82%,-,-25.99%,32.98,-0.106,2427200.0,2025-08-08 17:44:52
AFYA,1330000000.0,11.38,7.65,1.03,2.18,1.73,6.61,7.84,-2.45%,20.12%,20.41%,11.05%,26.36%,14.75,-0.0067,62150.0,2025-08-08 17:44:52
USPH,1330000000.0,38.36,29.21,3.99,1.83,2.66,39.07,21.45,11.41%,9.95%,-5.57%,9.62%,6.85%,87.68,0.046900000000000004,294510.0,2025-08-08 17:44:52
IMAX,1330000000.0,41.25,16.69,2.29,3.67,4.16,12.19,20.01,29.76%,20.36%,-8.74%,17.99%,-2.30%,24.76,0.0045000000000000005,557438.0,2025-08-08 17:44:52
AZTA,1330000000.0,,37.29,,2.2,0.79,4.14,29.14,22.87%,54.56%,-,34.75%,-3.41%,29.03,-0.0034000000000000002,865934.0,2025-08-08 17:44:52
LMB,1330000000.0,39.09,24.08,2.73,2.41,7.8,34.09,56.4,15.62%,14.11%,-,14.33%,-1.28%,114.39,-0.0104,246938.0,2025-08-08 17:44:52
GIC,1330000000.0,20.28,16.62,1.78,1.0,4.36,24.13,24.9,24.84%,6.38%,4.17%,11.39%,6.80%,34.65,0.0038,133515.0,2025-08-08 17:44:52
DCO,1330000000.0,33.84,19.85,2.07,1.67,1.88,35.82,32.72,14.14%,20.63%,-5.29%,16.38%,1.75%,89.36,-0.027200000000000002,135074.0,2025-08-08 17:44:52
ARMN,1330000000.0,226.75,,,2.05,1.5,4.28,288.21,-,-,-,-,9.36%,7.46,-0.0687,2142284.0,2025-08-08 17:44:52
LUCK,1330000000.0,,,,1.12,,16.79,,148.96%,-103.44%,-783.61%,-,-,9.47,-0.0115,118006.0,2025-08-08 17:44:52
ALEX,1320000000.0,17.01,25.29,,5.76,1.31,131.17,19.97,9.09%,-25.00%,-,-3.94%,-11.47%,18.21,0.0022,242737.0,2025-08-08 17:44:52
FOR,1320000000.0,8.16,8.23,,0.86,0.79,6.99,,-28.78%,10.86%,38.51%,-0.01%,28.65%,26.0,-0.0031,169153.0,2025-08-08 17:44:52
GSBD,1320000000.0,26.16,8.21,,3.14,0.85,,,-27.84%,-13.70%,-,-,-,11.25,0.0199,1232113.0,2025-08-08 17:44:52
DRD,1320000000.0,14.15,7.59,0.39,3.41,3.24,37.63,,71.89%,41.70%,150.85%,36.11%,11.36%,15.29,-0.0347,352830.0,2025-08-08 17:44:52
MXL,1320000000.0,,19.2,,3.49,2.69,12.13,,129.80%,193.83%,-59.94%,-,2.60%,15.13,-0.0118,1809875.0,2025-08-08 17:44:52
QQQX,1320000000.0,4.12,,,,,,,-,-,-,-,-,26.97,0.0075,90895.0,2025-08-08 17:44:52
LGIH,1320000000.0,8.61,10.69,,0.64,0.64,22.11,,-52.33%,34.96%,3.41%,-12.29%,3.68%,57.11,-0.0021,299085.0,2025-08-08 17:44:52
VRTS,1310000000.0,9.25,7.06,3.36,1.5,1.43,5.4,5.38,-1.27%,4.08%,9.52%,2.75%,9.51%,190.11,0.0159,98606.0,2025-08-08 17:44:52
SSII,1310000000.0,,,,47.57,31.19,75.93,,-,-,41.03%,-,-,6.77,0.013500000000000002,33187.0,2025-08-08 17:44:52
LPG,1310000000.0,26.73,9.58,5.59,4.05,1.27,4.71,11.71,72.98%,-18.34%,0.65%,4.78%,1.17%,30.72,0.0115,816915.0,2025-08-08 17:44:52
UVV,1300000000.0,12.73,,,0.44,0.89,7.3,9.84,-,-,5.79%,-,9.06%,52.37,0.0137,315788.0,2025-08-08 17:44:52
ANDE,1300000000.0,16.16,10.36,,0.11,0.95,3.7,48.38,-32.93%,64.52%,43.12%,-,6.62%,37.94,0.0077,424975.0,2025-08-08 17:44:52
VRE,1300000000.0,,,,4.64,1.19,43.23,24.41,33.24%,32.19%,-,51.78%,-5.37%,13.89,-0.0225,266688.0,2025-08-08 17:44:52
NMM,1290000000.0,4.03,3.35,0.57,0.98,0.42,3.77,3.82,-10.32%,32.43%,-,7.11%,43.48%,44.3,0.0011,44185.0,2025-08-08 17:44:52
LASR,1290000000.0,,762.61,,5.96,6.08,11.37,,99.34%,899.95%,-29.60%,-,2.37%,26.15,0.2775,2723396.0,2025-08-08 17:44:52
GRDN,1290000000.0,,19.84,,1.01,8.1,92.33,26.72,147.27%,20.32%,-,-,-,19.97,-0.024900000000000002,136048.0,2025-08-08 17:44:52
CTOS,1290000000.0,,81.43,,0.68,1.63,245.51,,-26.67%,146.05%,31.78%,-,46.84%,5.7,-0.0138,899977.0,2025-08-08 17:44:52
FINV,1290000000.0,6.72,4.94,0.38,0.7,0.61,0.89,,30.19%,14.01%,2.19%,17.66%,15.24%,9.23,0.0336,1447211.0,2025-08-08 17:44:52
PHVS,1290000000.0,,,,,4.5,5.05,,-19.60%,-0.33%,-7.73%,3.16%,-,20.12,-0.0098,123961.0,2025-08-08 17:44:52
WVE,1290000000.0,,,,13.7,9.04,6.18,,-65.21%,-2.19%,34.27%,-10.16%,46.62%,8.09,-0.0049,1058816.0,2025-08-08 17:44:52
IIPR,1280000000.0,9.91,11.57,,4.46,0.7,12.24,7.02,-33.15%,7.32%,22.13%,-,47.18%,45.83,-0.0059,603532.0,2025-08-08 17:44:52
RDW,1280000000.0,,,,4.9,1.41,16.32,,58.83%,72.09%,-53.57%,-,51.69%,8.99,-0.0507,9975435.0,2025-08-08 17:44:52
CMRE,1280000000.0,4.51,3.92,1.09,0.74,0.66,2.65,,37.56%,-3.47%,33.01%,4.13%,33.93%,10.66,-0.013000000000000001,479902.0,2025-08-08 17:44:52
HDL,1280000000.0,33.09,22.17,0.82,1.62,3.49,4.99,,73.33%,27.88%,-,40.38%,27.22%,19.66,-0.017,2360.0,2025-08-08 17:44:52
EOS,1280000000.0,4.54,,,192.86,1.03,,,-,-,-,-,-,24.11,0.0070999999999999995,52034.0,2025-08-08 17:44:52
HOPE,1280000000.0,27.96,8.23,,1.34,0.57,,12.33,-43.60%,161.62%,-9.41%,-,6.60%,9.96,0.0070999999999999995,1035290.0,2025-08-08 17:44:52
CBRL,1280000000.0,22.23,17.19,6.76,0.36,2.72,129.99,50.89,-10.68%,5.96%,-27.68%,3.29%,2.47%,57.27,-0.0054,754573.0,2025-08-08 17:44:52
ROG,1270000000.0,,26.15,,1.6,1.05,8.09,24.85,-35.11%,52.12%,-11.11%,9.28%,-1.57%,70.21,-0.0274,330639.0,2025-08-08 17:44:52
HIMX,1270000000.0,14.53,13.5,0.81,1.39,1.4,1.62,12.74,-25.15%,57.81%,-,18.04%,6.10%,7.27,0.0154,1467181.0,2025-08-08 17:44:52
TFIN,1270000000.0,122.43,27.49,,2.57,1.46,,26.18,-10.74%,304.15%,-24.76%,-,7.32%,53.55,0.0034000000000000002,271772.0,2025-08-08 17:44:52
AMC,1270000000.0,,,,0.28,,2.97,,49.14%,53.58%,39.13%,52.10%,-3.25%,2.93,0.042699999999999995,10036321.0,2025-08-08 17:44:52
ABCL,1270000000.0,,,,54.87,1.24,2.01,,-3.33%,18.56%,-107.74%,4.74%,19.95%,4.25,0.0024,13240820.0,2025-08-08 17:44:52
TEO,1270000000.0,21.47,17.51,,0.28,0.77,2.62,8.85,-92.57%,180.88%,-,-,-2.46%,10.09,0.0233,304610.0,2025-08-08 17:44:52
PSEC,1260000000.0,,5.96,,1.65,0.39,,,-47.06%,-12.96%,-,-,-,2.8,0.014499999999999999,3004173.0,2025-08-08 17:44:52
VRNT,1260000000.0,27.05,6.55,2.55,1.41,1.42,6.97,11.69,11.74%,9.52%,19.45%,10.60%,-6.95%,21.01,0.0067,691461.0,2025-08-08 17:44:52
HROW,1260000000.0,,22.6,,5.94,21.75,18.94,3008.48,129.49%,953.99%,-,-,31.29%,34.43,0.036699999999999997,531106.0,2025-08-08 17:44:52
VERA,1260000000.0,,,,,2.7,2.27,,-53.21%,-5.91%,4.49%,1.94%,-,19.79,0.0034999999999999996,1047827.0,2025-08-08 17:44:52
IPX,1260000000.0,,,,,11.27,16.3,,-607.40%,35.86%,-41.39%,-,-,37.65,-0.0181,59391.0,2025-08-08 17:44:52
FUBO,1260000000.0,19.17,,,0.77,3.14,3.91,8.59,174.04%,-116.14%,19.08%,-,228.06%,3.68,-0.0054,34294962.0,2025-08-08 17:44:52
ATEN,1260000000.0,25.44,18.59,3.61,4.54,6.14,3.42,17.78,-5.65%,15.39%,-,7.05%,4.24%,17.41,-0.0241,958665.0,2025-08-08 17:44:52
ARDX,1260000000.0,,88.68,,3.25,8.99,5.27,,-90.24%,118.17%,35.34%,-,129.14%,5.21,0.013600000000000001,4028201.0,2025-08-08 17:44:52
CSWC,1260000000.0,14.37,9.75,,6.84,1.38,25.86,11.77,-3.40%,-1.12%,-,-2.73%,8.63%,22.9,0.0178,510734.0,2025-08-08 17:44:52
UPBD,1250000000.0,12.06,4.18,0.65,0.28,1.83,11.72,9.56,10.48%,22.13%,-6.57%,18.54%,10.11%,21.62,-0.0123,936045.0,2025-08-08 17:44:52
CNNE,1250000000.0,,,,2.81,0.73,9.9,,43.02%,55.84%,-,-,-15.81%,19.88,0.0102,580498.0,2025-08-08 17:44:52
MD,1250000000.0,11.14,8.02,1.75,0.64,1.49,3.58,5.5,15.26%,2.61%,41.89%,6.37%,2.49%,14.33,-0.0104,1202160.0,2025-08-08 17:44:52
GHLD,1250000000.0,51.33,9.91,3.69,1.07,1.02,10.89,,26.21%,10.38%,75.85%,13.91%,2.73%,20.02,0.006,122996.0,2025-08-08 17:44:52
KSS,1250000000.0,10.3,23.74,,0.08,0.33,8.14,11.03,-71.75%,10.52%,-25.96%,-,-4.08%,11.12,-0.0151,4717670.0,2025-08-08 17:44:52
CLMT,1240000000.0,,302.53,,0.3,,6.12,,-2.90%,101.73%,-37.36%,-,3.94%,14.37,-0.0362,1172108.0,2025-08-08 17:44:52
NVCR,1240000000.0,,,,1.97,3.56,1.36,,-1.22%,-6.58%,-83.87%,8.18%,11.49%,11.13,-0.033,1374499.0,2025-08-08 17:44:52
AHCO,1240000000.0,17.18,8.18,2.49,0.38,0.78,18.12,5.38,-15.54%,25.18%,-,6.91%,43.84%,9.19,-0.0097,950107.0,2025-08-08 17:44:52
CDRE,1240000000.0,32.85,21.41,1.72,2.17,3.74,9.04,37.15,37.30%,15.49%,-,19.09%,6.17%,30.55,-0.0171,584684.0,2025-08-08 17:44:52
DK,1240000000.0,,,,0.11,47.99,2.02,,11.26%,64.12%,-,36.68%,4.97%,20.65,-0.0043,2206045.0,2025-08-08 17:44:52
DVAX,1240000000.0,,21.3,,3.92,2.41,2.02,18.77,-318.75%,210.86%,-,52.07%,51.08%,10.33,-0.066,4776514.0,2025-08-08 17:44:52
PRG,1240000000.0,6.19,8.53,0.71,0.49,1.85,5.58,5.66,-2.28%,10.27%,57.49%,8.66%,2.63%,31.35,-0.0003,514094.0,2025-08-08 17:44:52
AVDL,1240000000.0,,15.81,,5.59,13.6,15.15,209.74,145.86%,244.90%,10.39%,-,23.35%,12.75,0.0008,1540103.0,2025-08-08 17:44:52
NAVI,1230000000.0,38.21,9.6,,0.34,0.48,0.59,6.33,-49.94%,29.17%,-14.36%,-10.06%,-4.95%,12.41,-0.0016,579643.0,2025-08-08 17:44:52
TDUP,1230000000.0,,,,4.26,20.44,23.95,733.1,-,-,-7.65%,32.65%,9.68%,10.0,0.0101,2736028.0,2025-08-08 17:44:52
TDOC,1230000000.0,,,,0.48,0.86,1.81,4.22,80.61%,29.46%,-33.66%,55.63%,35.95%,6.96,0.0014000000000000002,5991786.0,2025-08-08 17:44:52
PRA,1230000000.0,25.24,22.99,2.03,1.09,0.96,,,-0.82%,10.40%,123.13%,12.43%,2.87%,23.91,0.0008,402847.0,2025-08-08 17:44:52
CRAI,1230000000.0,22.59,21.38,,1.72,6.21,63.11,58.09,5.96%,8.28%,21.60%,-,8.78%,186.42,-0.0039000000000000003,57064.0,2025-08-08 17:44:52
EFC,1230000000.0,10.7,7.54,1.94,2.4,0.95,5.32,6.24,11.00%,6.17%,-5.26%,5.53%,19.51%,12.98,0.0253,1181289.0,2025-08-08 17:44:52
ROOT,1230000000.0,18.57,30.06,0.56,0.9,5.56,,6.21,26.78%,26.55%,-,32.95%,32.31%,88.26,-0.0218,1431911.0,2025-08-08 17:44:52
MLNK,1230000000.0,,34.98,,3.83,2.82,9.51,13.51,59.13%,24.04%,6.49%,36.11%,15.67%,15.88,-0.009399999999999999,289606.0,2025-08-08 17:44:52
DMLP,1230000000.0,12.78,,,7.35,3.55,29.53,,-25.10%,-,7.40%,-,15.30%,25.89,-0.0143,260886.0,2025-08-08 17:44:52
CVAC,1220000000.0,6.03,,,2.13,1.75,2.59,7.67,-164.90%,3.86%,-,-,97.04%,5.44,-0.0037,258900.0,2025-08-08 17:44:52
PFBC,1220000000.0,9.63,9.16,,2.44,1.51,,,2.47%,0.73%,13.32%,-,17.44%,91.15,0.0146,129827.0,2025-08-08 17:44:52
WSR,1220000000.0,18.38,26.6,,7.79,1.43,152.11,24.39,-49.07%,22.73%,4.73%,-10.28%,5.19%,11.97,-0.010700000000000001,95445.0,2025-08-08 17:44:52
GDRX,1220000000.0,37.39,7.52,2.37,1.52,1.9,4.34,6.44,12.35%,20.72%,-17.73%,15.77%,15.34%,3.47,0.0,3259681.0,2025-08-08 17:44:52
PENG,1220000000.0,,10.97,,0.91,2.08,1.66,7.93,47.11%,15.34%,-,26.50%,-0.69%,23.26,0.0184,482262.0,2025-08-08 17:44:52
PLAB,1220000000.0,10.51,10.19,,1.42,1.08,2.18,13.51,-16.26%,15.53%,36.44%,-,9.50%,20.21,0.0217,414197.0,2025-08-08 17:44:52
AAOI,1210000000.0,,27.95,,3.93,3.72,18.14,,70.51%,431.53%,-6.34%,-,5.49%,21.59,-0.0331,12199715.0,2025-08-08 17:44:52
WABC,1210000000.0,9.94,11.7,,4.17,1.32,,9.03,-15.10%,-7.93%,11.78%,-,8.64%,47.58,0.0015,122499.0,2025-08-08 17:44:52
BBSI,1210000000.0,23.2,19.15,,1.01,5.32,6.67,,9.22%,13.87%,4.82%,-,3.96%,47.15,0.006,187832.0,2025-08-08 17:44:52
YALA,1210000000.0,11.82,10.75,,3.51,2.04,1.75,,7.43%,6.29%,27.89%,-,39.86%,9.08,0.01,820632.0,2025-08-08 17:44:52
ESRT,1210000000.0,30.02,,,1.57,1.17,8.85,19.37,-,-,0.44%,-,0.98%,7.18,-0.0271,1359593.0,2025-08-08 17:44:52
DCOM,1210000000.0,32.53,7.46,,1.85,0.92,,8.69,82.19%,38.42%,-26.62%,-,25.54%,27.46,0.0092,154477.0,2025-08-08 17:44:52
MRC,1200000000.0,,12.54,,0.4,2.24,16.03,11.24,43.94%,18.60%,10.92%,24.05%,-3.84%,14.13,0.0086,1070472.0,2025-08-08 17:44:52
XHR,1200000000.0,19.73,62.65,,1.12,0.99,4.78,23.66,166.67%,-50.00%,-20.52%,-,-1.99%,12.53,-0.0196,1615632.0,2025-08-08 17:44:52
AVAH,1200000000.0,81.65,17.07,1.09,0.55,,11.89,15.93,466.80%,5.75%,32.73%,75.21%,7.90%,6.14,0.056799999999999996,2493914.0,2025-08-08 17:44:52
IRS,1200000000.0,9.94,,,2.67,0.93,2.92,9.26,-,-,49.01%,-,-21.84%,15.7,-0.0163,154689.0,2025-08-08 17:44:52
KALU,1200000000.0,18.99,11.77,,0.38,1.54,91.3,,84.86%,35.34%,-5.60%,-,14.84%,73.93,0.0046,88958.0,2025-08-08 17:44:52
EVLV,1200000000.0,,,,10.49,9.83,34.14,,36.23%,0.00%,42.09%,-,115.85%,7.29,0.0444,3737202.0,2025-08-08 17:44:52
NFJ,1190000000.0,9.2,,,37.09,0.87,,,-,-,-,-,-,12.6,0.0016,137090.0,2025-08-08 17:44:52
QCRH,1190000000.0,10.63,9.73,5.18,2.04,1.14,,3.01,-2.99%,6.28%,13.30%,2.05%,16.22%,70.54,0.009000000000000001,88441.0,2025-08-08 17:44:52
CRCT,1190000000.0,16.97,22.9,,1.68,3.91,3.17,4.74,-4.03%,-10.89%,-52.55%,-1.25%,7.93%,5.68,-0.0018,1019720.0,2025-08-08 17:44:52
RBCAA,1190000000.0,10.83,11.32,,2.3,1.25,,7.05,29.85%,-10.50%,9.25%,-,7.81%,68.57,0.011399999999999999,23384.0,2025-08-08 17:44:52
XPRO,1190000000.0,16.92,10.76,0.59,0.71,0.78,5.73,10.62,85.56%,14.37%,-,28.73%,24.18%,10.28,-0.0019,1276763.0,2025-08-08 17:44:52
DGII,1180000000.0,27.93,14.93,7.07,2.81,1.9,58.82,11.45,2.26%,4.83%,11.78%,3.95%,10.78%,31.85,-0.0078000000000000005,196239.0,2025-08-08 17:44:52
EVV,1180000000.0,14.32,,,8.41,0.98,,,-,-,-,-,-,10.17,-0.0001,249055.0,2025-08-08 17:44:52
GRAL,1180000000.0,,,,9.03,0.48,1.75,,78.36%,1.96%,-89.93%,42.76%,-,32.82,-0.0042,645651.0,2025-08-08 17:44:52
OCSL,1180000000.0,111.67,8.13,,3.34,0.8,,,-16.83%,-11.13%,-,-,-,13.4,0.0083,647561.0,2025-08-08 17:44:52
MFIC,1170000000.0,10.49,8.44,,3.76,0.84,,,-12.53%,-0.29%,-,-,-,12.59,0.0104,383737.0,2025-08-08 17:44:52
FOXF,1170000000.0,,11.55,,0.81,1.22,14.38,12.87,29.97%,40.58%,-41.92%,-,13.17%,28.07,-0.0674,1565414.0,2025-08-08 17:44:52
NBXG,1170000000.0,9.37,,,,,,,-,-,-,-,-,14.81,0.0060999999999999995,124792.0,2025-08-08 17:44:52
LEG,1160000000.0,8.39,7.26,0.91,0.27,1.36,3.15,4.71,2.38%,10.23%,-,9.27%,-1.61%,8.6,-0.0034999999999999996,1735128.0,2025-08-08 17:44:52
WBTN,1160000000.0,,,,0.86,0.79,2.11,,51.62%,81.99%,-,-,-,8.92,-0.0273,207339.0,2025-08-08 17:44:52
VET,1160000000.0,,51.46,,0.85,0.59,22.88,8.62,58.68%,268.01%,-,27.55%,1.00%,7.51,-0.0409,1400555.0,2025-08-08 17:44:52
SPH,1160000000.0,12.05,9.76,1.81,0.81,1.81,250.58,11.12,4.68%,6.09%,0.78%,6.67%,0.92%,17.86,0.0223,251352.0,2025-08-08 17:44:52
METC,1160000000.0,,20.56,,1.85,3.58,40.09,108.7,-735.57%,266.55%,-19.33%,108.57%,23.68%,22.55,0.0406,4768286.0,2025-08-08 17:44:52
NMZ,1160000000.0,43.74,,,10.61,0.96,,,-,-,-,-,-,10.06,0.002,286915.0,2025-08-08 17:44:52
INVA,1160000000.0,55.27,8.25,0.67,3.01,1.62,2.32,5.77,189.81%,113.10%,-24.00%,82.91%,6.27%,18.34,-0.006500000000000001,612967.0,2025-08-08 17:44:52
SBH,1160000000.0,6.29,5.88,0.75,0.31,1.52,10.25,6.88,8.17%,8.75%,-8.67%,8.36%,-0.84%,11.68,-0.0051,1637152.0,2025-08-08 17:44:52
CTS,1150000000.0,18.5,16.26,,2.22,2.1,11.61,13.2,2.30%,8.56%,11.62%,-,1.91%,39.18,0.0158,127413.0,2025-08-08 17:44:52
AAT,1150000000.0,15.49,41.0,,2.32,0.97,8.02,11.74,-56.38%,12.20%,2.19%,-23.55%,4.54%,18.86,-0.0068000000000000005,234963.0,2025-08-08 17:44:52
ORC,1150000000.0,36.52,7.03,,3.85,0.99,1.98,24.54,630.56%,6.28%,-23.20%,-,12.51%,7.14,0.014199999999999999,2579619.0,2025-08-08 17:44:52
RPD,1150000000.0,42.79,9.0,,1.34,21.76,2.24,6.42,-14.76%,2.19%,-,-2.51%,20.89%,17.88,-0.0981,2165709.0,2025-08-08 17:44:52
FPF,1150000000.0,12.33,,,,,,,-,-,-,-,-,18.87,0.0005,121106.0,2025-08-08 17:44:52
BFC,1150000000.0,16.84,15.54,,4.88,1.87,,17.8,9.77%,5.86%,10.90%,-,18.14%,116.45,0.0078000000000000005,41370.0,2025-08-08 17:44:52
SG,1150000000.0,,,,1.67,2.72,6.8,,6.76%,21.57%,-4.72%,17.61%,19.81%,9.74,-0.2306,34758219.0,2025-08-08 17:44:52
CNOB,1150000000.0,26.59,7.14,,2.09,0.83,,22.41,-23.30%,136.85%,-3.25%,-,13.85%,22.83,0.0062,203782.0,2025-08-08 17:44:52
KLC,1150000000.0,,10.07,,0.43,1.29,8.73,,97.90%,21.80%,-30.49%,41.81%,7.26%,9.71,0.02,355995.0,2025-08-08 17:44:52
ETWO,1140000000.0,,14.94,,1.88,1.2,4.77,14.67,3.21%,12.64%,-42.92%,-,-,3.3,0.0,0.0,2025-08-08 17:44:52
JFR,1140000000.0,8.9,,,6.34,0.93,,,-,-,-,-,-,8.54,0.0023,383344.0,2025-08-08 17:44:52
JCAP,1140000000.0,8.35,6.5,,2.35,,42.27,6.4,-,-15.58%,-,-,-,17.61,0.0292,261325.0,2025-08-08 17:44:52
AIV,1140000000.0,,,,5.4,9.98,14.85,,-,-,-,-,7.75%,8.04,-0.036000000000000004,4207550.0,2025-08-08 17:44:52
PAHC,1140000000.0,35.96,12.11,1.18,0.96,4.28,16.19,23.22,70.80%,14.17%,-46.42%,30.38%,4.21%,28.1,0.0282,241993.0,2025-08-08 17:44:52
IMKTA,1140000000.0,20.64,,,0.21,0.72,3.39,138.04,-,-,6.65%,-,6.06%,61.26,-0.006,104565.0,2025-08-08 17:44:52
AVAL,1140000000.0,10.69,5.77,0.24,0.1,0.28,,,94.13%,34.46%,-24.04%,45.43%,0.12%,3.02,0.023700000000000002,196399.0,2025-08-08 17:44:52
ALX,1140000000.0,30.59,,,5.22,7.82,2.92,13.38,-,-,-6.33%,-,0.00%,222.79,-0.0098,43439.0,2025-08-08 17:44:52
MMI,1130000000.0,,52.85,,1.56,1.87,5.09,34.07,81.36%,1022.13%,-,-,-2.90%,29.07,0.0115,162411.0,2025-08-08 17:44:52
PCRX,1130000000.0,,7.42,,1.6,1.49,2.54,9.66,-9.27%,16.93%,-51.99%,8.61%,10.73%,25.18,0.0593,1207511.0,2025-08-08 17:44:52
BHLB,1130000000.0,9.52,7.23,,1.62,0.92,,8.85,20.42%,26.00%,-6.08%,-,1.71%,24.35,0.0129,347799.0,2025-08-08 17:44:52
EFXT,1130000000.0,8.75,11.18,0.16,0.48,0.99,15.21,5.53,302.44%,-22.15%,-27.37%,56.14%,9.39%,9.11,0.024700000000000003,452068.0,2025-08-08 17:44:52
VZLA,1120000000.0,,,,,3.31,10.75,,-90.29%,-24.65%,23.49%,-,-,3.28,-0.012,2587065.0,2025-08-08 17:44:52
COLL,1120000000.0,33.72,4.36,9.14,1.59,4.75,4.64,5.56,22.75%,1.26%,-,3.69%,16.31%,34.93,0.0604,809607.0,2025-08-08 17:44:52
AMPH,1120000000.0,8.91,6.58,15.64,1.55,1.46,4.79,10.0,-15.11%,10.38%,25.59%,0.57%,17.82%,23.81,0.1013,1004807.0,2025-08-08 17:44:52
NTLA,1120000000.0,,,,21.14,1.43,1.77,,21.41%,7.35%,-20.04%,29.83%,6.07%,10.79,-0.058499999999999996,4063266.0,2025-08-08 17:44:52
PTA,1120000000.0,15.41,,,,,,,-,-,-,-,-,20.19,0.0034999999999999996,88276.0,2025-08-08 17:44:52
PEB,1120000000.0,,,,0.76,0.42,4.36,5.85,-64.10%,18.75%,-,-7.17%,-2.05%,9.41,-0.0339,1672137.0,2025-08-08 17:44:52
OBK,1110000000.0,15.99,9.84,,1.9,0.92,,10.07,22.61%,20.77%,1.50%,-,17.87%,35.69,0.0085,104408.0,2025-08-08 17:44:52
INVX,1110000000.0,5.61,10.98,0.51,1.28,1.12,16.2,6.19,-6.38%,19.01%,125.44%,10.93%,9.76%,16.2,0.0144,343787.0,2025-08-08 17:44:52
PRLB,1110000000.0,77.47,28.59,,2.19,1.67,10.79,16.89,-8.83%,9.73%,-22.50%,-,1.77%,46.62,0.0070999999999999995,235307.0,2025-08-08 17:44:52
CLOV,1110000000.0,,,,0.69,3.12,,,46.02%,93.84%,-237.67%,-,-,2.18,-0.013600000000000001,10778830.0,2025-08-08 17:44:52
SCL,1110000000.0,19.31,11.6,,0.49,0.89,12.44,,36.59%,40.27%,-13.06%,-,3.24%,48.91,-0.0077,68294.0,2025-08-08 17:44:52
JKS,1110000000.0,,28.73,,0.1,0.44,0.25,,-525.99%,111.94%,-45.68%,38.12%,24.39%,22.06,-0.0054,202615.0,2025-08-08 17:44:52
NMFC,1110000000.0,10.35,8.16,,3.01,0.82,,,10.15%,-2.01%,-,-,-,10.25,0.0049,605348.0,2025-08-08 17:44:52
HPK,1100000000.0,9.96,11.89,1.52,1.06,0.68,21.39,23.21,-38.57%,14.21%,-,6.55%,165.44%,8.76,0.0222,508822.0,2025-08-08 17:44:52
NEOG,1100000000.0,,,,1.23,0.53,8.55,,95.68%,36.78%,-,73.84%,16.43%,5.08,0.016,5797630.0,2025-08-08 17:44:52
NVGS,1100000000.0,12.48,9.16,2.25,1.88,0.89,7.9,10.98,11.80%,14.78%,-,5.55%,13.46%,15.86,0.0063,301452.0,2025-08-08 17:44:52
XERS,1100000000.0,,28.26,,4.45,,18.48,,89.73%,736.84%,40.01%,-,136.89%,6.84,0.0364,11440469.0,2025-08-08 17:44:52
VTOL,1090000000.0,9.5,8.06,0.72,0.76,1.11,4.28,,-4.94%,30.90%,-,13.21%,44.32%,38.0,-0.011699999999999999,188004.0,2025-08-08 17:44:52
PDX,1090000000.0,4.61,,,,,,,-,-,-,-,-,24.46,-0.0045000000000000005,41094.0,2025-08-08 17:44:52
CIM,1090000000.0,10.74,6.95,0.86,1.36,0.64,4.35,9.02,23.49%,5.73%,-27.34%,12.44%,-4.84%,13.43,0.009000000000000001,388157.0,2025-08-08 17:44:52
GOOS,1090000000.0,35.39,12.77,,1.11,3.44,8.23,5.64,-13.97%,26.11%,-7.45%,-0.61%,6.19%,11.21,-0.020099999999999996,1053434.0,2025-08-08 17:44:52
BLFS,1080000000.0,,191.15,,10.28,3.06,12.25,93.61,-13.71%,141.74%,-55.83%,-,24.62%,22.68,0.09880000000000001,814604.0,2025-08-08 17:44:52
KBDC,1080000000.0,8.64,9.77,,,,,,-20.55%,-2.90%,-,-,-,15.3,0.0046,122725.0,2025-08-08 17:44:52
GRC,1080000000.0,20.86,16.85,,1.61,2.72,40.15,15.01,21.90%,14.53%,2.22%,-,10.62%,41.17,-0.0046,45364.0,2025-08-08 17:44:52
OMDA,1080000000.0,,,,5.71,,18.23,,35.90%,52.21%,-,-,-,19.02,-0.0226,931440.0,2025-08-08 17:44:52
MNKD,1080000000.0,32.2,30.28,1.27,3.58,,6.03,38.27,-8.75%,27.40%,-,25.39%,35.27%,3.52,0.0262,3592391.0,2025-08-08 17:44:52
CYD,1080000000.0,25.94,,,0.41,0.94,1.22,,-,-,-11.83%,-,0.39%,28.75,0.1182,792826.0,2025-08-08 17:44:52
FWRG,1080000000.0,270.03,47.35,13.3,0.98,1.79,56.19,,-41.35%,111.98%,-,20.31%,18.41%,17.66,-0.0073,938600.0,2025-08-08 17:44:52
BY,1080000000.0,9.62,8.97,,1.73,0.99,,9.91,2.96%,0.94%,13.22%,-,14.36%,25.74,0.0098,166530.0,2025-08-08 17:44:52
SNDX,1080000000.0,,,,13.75,6.82,2.36,,14.85%,37.86%,-15.16%,39.74%,73.25%,12.48,-0.0189,2853968.0,2025-08-08 17:44:52
IGIC,1070000000.0000001,8.63,7.62,,2.01,1.55,,,-3.94%,9.13%,101.29%,-,-,23.8,-0.0058,146416.0,2025-08-08 17:44:52
ATRO,1070000000.0000001,,16.67,,1.3,3.98,79.38,30.26,426.09%,22.00%,-,-,0.58%,30.51,0.0167,970469.0,2025-08-08 17:44:52
NSSC,1070000000.0000001,24.35,25.06,6.54,5.88,6.6,11.94,20.98,-15.05%,4.83%,32.57%,3.72%,12.90%,29.9,0.011200000000000002,217987.0,2025-08-08 17:44:52
GSL,1060000000.0,2.78,3.14,,1.44,0.65,2.22,7.49,-1.40%,-3.38%,46.26%,-9.16%,22.19%,29.9,-0.0063,389112.0,2025-08-08 17:44:52
EVGO,1060000000.0,,,,3.45,,6.01,,14.94%,11.67%,-85.31%,27.32%,-,3.46,-0.0086,4043165.0,2025-08-08 17:44:52
AMRC,1060000000.0,17.28,17.67,1.34,0.57,1.02,6.22,,-33.02%,41.56%,2.77%,12.91%,15.34%,20.11,0.005,623701.0,2025-08-08 17:44:52
RLJ,1060000000.0,26.62,114.78,,0.77,0.57,2.85,8.06,-69.91%,-25.48%,-14.29%,-,-2.65%,6.95,-0.057,3273916.0,2025-08-08 17:44:52
SAFT,1060000000.0,12.41,10.13,0.66,0.88,1.21,,6.98,44.30%,16.65%,-5.83%,18.94%,5.16%,70.95,-0.0034999999999999996,77994.0,2025-08-08 17:44:52
EVH,1060000000.0,,15.07,,0.48,1.16,6.03,,-27.27%,100.32%,25.98%,23.07%,24.73%,9.0,-0.0712,6353312.0,2025-08-08 17:44:52
GIII,1060000000.0,5.64,7.99,,0.33,0.63,4.1,3.22,-33.27%,3.49%,7.37%,-10.32%,0.13%,24.39,0.0037,412432.0,2025-08-08 17:44:52
SEMR,1060000000.0,,16.37,,2.55,3.91,4.08,25.96,29.66%,35.23%,-,31.18%,32.55%,7.12,-0.0481,1352113.0,2025-08-08 17:44:52
RNP,1050000000.0,11.47,,,15.2,1.05,,,-,-,-,-,-,22.02,-0.0009,73780.0,2025-08-08 17:44:52
IIIV,1050000000.0,5.91,26.76,0.14,4.43,1.97,18.96,201.01,127.83%,13.07%,-68.47%,41.02%,-9.38%,31.71,0.11259999999999999,581537.0,2025-08-08 17:44:52
UDMY,1050000000.0,,12.77,,1.32,4.5,2.68,20.13,187.71%,19.08%,-2.45%,58.46%,23.27%,7.0,-0.0196,1349285.0,2025-08-08 17:44:52
UCTT,1050000000.0,,16.14,,0.49,1.46,3.21,37.98,-30.21%,43.03%,-,12.49%,14.49%,23.2,0.013500000000000002,354097.0,2025-08-08 17:44:52
KW,1050000000.0,,,,1.99,1.36,3.4,5.26,-,-,-,-,-1.38%,7.6,0.018799999999999997,1399805.0,2025-08-08 17:44:52
RDWR,1050000000.0,76.48,21.04,6.41,3.63,3.1,3.84,17.89,28.55%,4.47%,-22.00%,11.93%,1.75%,24.58,-0.0109,146008.0,2025-08-08 17:44:52
TIXT,1040000000.0,,8.71,,0.38,0.62,6.91,5.27,-24.36%,47.46%,-,22.96%,21.12%,3.79,0.024300000000000002,765075.0,2025-08-08 17:44:52
ELVN,1040000000.0,,,,,3.01,3.6,,-12.63%,-16.43%,19.02%,-20.14%,-,17.69,-0.011699999999999999,574228.0,2025-08-08 17:44:52
JAMF,1040000000.0,,7.98,,1.57,1.35,2.16,16.76,38.87%,17.04%,-13.80%,20.98%,25.19%,7.91,0.0791,4232290.0,2025-08-08 17:44:52
HCSG,1040000000.0,101.7,15.31,3.93,0.59,2.18,6.35,11.47,64.08%,8.05%,-9.23%,25.85%,-1.40%,14.39,0.0481,879774.0,2025-08-08 17:44:52
PFLT,1040000000.0,12.35,8.93,,4.47,0.95,,,3.02%,-3.25%,-,-,-,10.5,0.0096,942175.0,2025-08-08 17:44:52
PMT,1040000000.0,16.52,7.79,2.63,0.68,0.79,2.21,,-51.48%,131.23%,-10.82%,6.29%,-2.62%,11.97,-0.0008,749067.0,2025-08-08 17:44:52
TV,1040000000.0,,14.25,,0.34,0.23,0.51,1.86,87.37%,266.60%,-,-,-8.46%,2.38,-0.0325,1792671.0,2025-08-08 17:44:52
TBLA,1040000000.0,89.37,30.75,,0.57,1.05,9.02,6.28,583.33%,120.69%,44.12%,-,1329.41%,3.28,-0.0409,1727258.0,2025-08-08 17:44:52
MDXG,1040000000.0,32.55,21.94,2.86,2.86,4.79,8.74,17.84,-4.29%,19.40%,-,11.36%,3.12%,7.02,-0.0127,575056.0,2025-08-08 17:44:52
BTZ,1040000000.0,16.09,,,9.67,0.99,,,-,-,-,-,-,11.1,0.0045000000000000005,132962.0,2025-08-08 17:44:52
FSLY,1030000000.0,,216.81,,1.8,1.09,3.21,65.46,38.74%,143.86%,-8.70%,-,22.08%,6.99,-0.063,3618490.0,2025-08-08 17:44:52
SBR,1030000000.0,13.19,,,12.56,108.4,103.76,,-11.70%,-,12.60%,-,12.10%,70.46,0.0074,35325.0,2025-08-08 17:44:52
TWO,1030000000.0,,6.89,,1.51,0.8,1.28,3.7,129.02%,13.55%,-8.55%,45.38%,-14.93%,9.85,-0.0070999999999999995,1639195.0,2025-08-08 17:44:52
EPC,1020000000.0,16.27,8.03,34.62,0.46,0.65,5.13,23.97,-12.98%,3.42%,-,0.47%,1.03%,22.03,-0.0036,740884.0,2025-08-08 17:44:52
TRIN,1020000000.0,7.09,7.71,,4.26,1.21,,,-1.33%,-1.42%,-,-,-,15.82,0.022000000000000002,1059576.0,2025-08-08 17:44:52
UAN,1020000000.0,11.6,,,1.77,3.22,8.92,7.26,-,-,-,-,5.38%,96.53,0.0063,59883.0,2025-08-08 17:44:52
GLIBK,1020000000.0,11.96,,,0.98,0.7,,,-,-,-,-,-,35.42,-0.016200000000000003,387513.0,2025-08-08 17:44:52
WLFC,1020000000.0,8.89,10.26,59.24,1.7,1.85,1.3,,-6.71%,1.89%,7.88%,0.15%,5.08%,149.53,0.0023,67176.0,2025-08-08 17:44:52
BOW,1020000000.0,21.09,15.71,1.22,2.07,2.49,,3.05,11.01%,23.41%,-,17.24%,-,31.0,-0.0074,835714.0,2025-08-08 17:44:52
PEBO,1020000000.0,9.73,8.57,,1.64,0.88,,6.63,-14.47%,12.75%,4.69%,-,21.50%,28.47,0.008100000000000001,100798.0,2025-08-08 17:44:52
CGBD,1020000000.0,10.63,8.65,,4.5,0.84,,,-21.47%,2.58%,-,-,-,13.93,0.019799999999999998,539807.0,2025-08-08 17:44:52
DGNX,1010000000.0,,,,607.1,271.32,352.03,,-,-,-,-,-,44.1,-0.0516,28122.0,2025-08-08 17:44:52
HLIT,1010000000.0,15.23,12.05,0.98,1.47,2.26,8.16,8.58,-50.84%,92.80%,-,15.60%,11.00%,8.91,0.0195,976990.0,2025-08-08 17:44:52
BBN,1010000000.0,86.26,,,,,,,-,-,-,-,-,16.39,-0.0036,113966.0,2025-08-08 17:44:52
FIGS,1010000000.0,1036.67,71.77,11.29,1.8,2.65,4.02,16.59,220.00%,35.42%,84.83%,91.82%,38.13%,6.22,-0.0504,3799787.0,2025-08-08 17:44:52
GLIBA,1010000000.0,12.0,,,0.97,0.7,,,-103.90%,4.20%,81.25%,-,-,35.52,-0.012199999999999999,69195.0,2025-08-08 17:44:52
ACDC,1010000000.0,,,,0.47,1.02,38.87,11.89,-58.03%,6.14%,-13.22%,8.59%,41.42%,6.31,0.031,548727.0,2025-08-08 17:44:52
BBDC,1010000000.0,10.21,9.66,,3.6,0.85,,,-17.10%,-3.31%,-,-,-,9.6,0.0446,711344.0,2025-08-08 17:44:52
RES,1010000000.0,18.41,15.79,,0.71,0.93,6.23,11.18,-37.67%,8.21%,-,-7.23%,2.97%,4.58,0.0223,1644812.0,2025-08-08 17:44:52
IART,1010000000.0,,5.35,,0.62,0.97,3.98,,-13.49%,9.43%,-,1.54%,1.20%,12.96,0.026099999999999998,1442766.0,2025-08-08 17:44:52
ESTA,1010000000.0,,,,5.67,26.1,18.42,,31.10%,47.73%,-10.09%,70.69%,13.14%,34.8,-0.0323,807837.0,2025-08-08 17:44:52
WTTR,1010000000.0,25.99,11.78,0.5,0.69,1.09,19.66,,65.08%,43.47%,54.15%,52.36%,2.37%,8.37,-0.013000000000000001,966003.0,2025-08-08 17:44:52
ATUS,1010000000.0,,,,0.11,,3.6,,-38.98%,60.39%,-,2.35%,-1.71%,2.15,-0.0183,1820051.0,2025-08-08 17:44:52
SAFE,1000000000.0,9.63,8.57,6.06,2.63,0.42,43.79,9.52,2.26%,1.71%,-42.37%,1.59%,-4.89%,14.0,0.0219,687337.0,2025-08-08 17:44:52
GCT,1000000000.0,8.7,9.49,,0.84,2.52,3.3,6.16,-12.30%,13.83%,160.76%,-,56.85%,28.91,0.30519999999999997,4395188.0,2025-08-08 17:44:52
TGB,1000000000.0,,10.15,,2.41,2.44,11.06,,-15.71%,176.72%,27.43%,55.68%,12.21%,3.17,0.019299999999999998,3442453.0,2025-08-08 17:44:52
DEA,1000000000.0,56.09,31.08,3.53,3.17,0.75,71.24,6.85,2.22%,54.35%,12.33%,15.87%,6.38%,22.07,-0.0134,374781.0,2025-08-08 17:44:52
THRM,999220000.0,32.29,12.69,,0.69,1.43,7.79,20.74,-4.22%,15.61%,7.05%,-,8.43%,32.74,-0.0109,150247.0,2025-08-08 17:44:52
MTAL,997070000.0,,8.16,,2.93,1.79,5.8,15.89,185.44%,76.86%,-,-,-,12.08,0.0008,342747.0,2025-08-08 17:44:52
ECVT,993200000.0,,9.48,,1.37,1.4,14.27,15.31,11.62%,37.87%,-,26.04%,-10.10%,8.46,0.0317,3948174.0,2025-08-08 17:44:52
OCS,993060000.0,,,,,5.16,4.83,,3.10%,2.31%,-,-0.68%,-,18.21,0.0005,4544.0,2025-08-08 17:44:52
OPK,992230000.0,,,,1.49,0.75,3.65,,-377.08%,41.05%,32.04%,-4.00%,-4.59%,1.25,0.0163,3493698.0,2025-08-08 17:44:52
VERV,992130000.0,,,,16.64,2.09,2.0,,1.49%,-14.47%,-42.43%,-,-,11.13,0.0,0.0,2025-08-08 17:44:52
PRSU,989810000.0,3.04,28.36,,1.51,1.75,40.07,,-92.93%,36.09%,66.15%,-,-22.40%,35.03,0.0006,511021.0,2025-08-08 17:44:52
PLSE,989600000.0,,,,,8.35,8.3,,-70.15%,-14.81%,16.53%,-,-,14.71,-0.0007000000000000001,101099.0,2025-08-08 17:44:52
LENZ,989150000.0,,,,197.83,4.79,4.72,,-11.08%,2.23%,-181.63%,40.21%,-,34.68,0.0797,1135693.0,2025-08-08 17:44:52
ASTE,987850000.0,21.64,13.11,,0.75,1.46,10.78,12.76,21.22%,10.94%,-28.16%,-,2.22%,43.19,0.0066,267215.0,2025-08-08 17:44:52
BCSF,986010000.0,9.14,9.19,,3.89,0.87,4.18,8.81,-13.90%,-8.13%,-0.26%,-10.67%,6.70%,15.2,0.0174,327843.0,2025-08-08 17:44:52
SVM,982950000.0,15.49,9.2,,3.29,1.4,2.66,19.28,49.65%,12.91%,7.40%,-,13.48%,4.51,-0.0643,7083394.0,2025-08-08 17:44:52
INMD,981470000.0,5.72,8.37,3.81,2.44,1.56,1.92,9.37,-10.77%,7.34%,16.55%,1.50%,20.35%,14.11,-0.0181,770935.0,2025-08-08 17:44:52
MSC,980920000.0,,,,1.44,2.01,5.66,,-,-,-,-,0.39%,5.09,-0.012,1800.0,2025-08-08 17:44:52
MGIC,980020000.0,26.09,18.15,2.67,1.72,3.64,9.33,16.26,7.53%,10.00%,23.48%,9.77%,11.15%,19.96,-0.0077,21396.0,2025-08-08 17:44:52
UP,978430000.0,,,,1.28,,9.14,,78.81%,-41.44%,43.68%,-,3.32%,1.4,0.0219,931518.0,2025-08-08 17:44:52
FSUN,973620000.0,11.16,9.88,,1.73,0.89,,8.69,11.42%,1.51%,21.16%,-,19.10%,34.98,0.0183,68346.0,2025-08-08 17:44:52
IQ,972260000.0,44.34,9.88,8.78,0.25,0.94,1.34,,-57.58%,102.10%,-,5.05%,-0.65%,1.84,-0.0054,7237138.0,2025-08-08 17:44:52
MUC,971980000.0,172.0,,,12.07,0.85,,,-,-,-,-,-,10.32,0.001,206146.0,2025-08-08 17:44:52
AMPX,971610000.0,,,,29.34,13.8,19.98,,46.35%,71.01%,-56.97%,-,50.75%,8.06,0.044000000000000004,21530088.0,2025-08-08 17:44:52
MOMO,969940000.0,7.56,7.41,0.18,0.67,0.83,0.8,5.78,171.64%,3.25%,-17.88%,43.18%,-9.83%,8.05,-0.0111,309209.0,2025-08-08 17:44:52
CTBI,969660000.0,10.54,9.7,,2.48,1.2,,9.01,15.84%,3.37%,4.83%,-,10.38%,53.54,0.0079,42711.0,2025-08-08 17:44:52
EIG,968680000.0,10.03,14.65,,1.09,0.9,,12.97,-26.62%,2.77%,-0.51%,-17.48%,1.05%,41.2,0.0007000000000000001,219026.0,2025-08-08 17:44:52
MRTN,967330000.0,46.26,25.26,,1.05,1.26,27.6,,-6.39%,52.11%,-14.86%,-,2.71%,11.87,-0.0008,574009.0,2025-08-08 17:44:52
PRAX,966840000.0,,,,124.59,2.39,3.21,,-27.81%,7.95%,8.54%,-2.75%,-,45.94,-0.0281,438540.0,2025-08-08 17:44:52
ETW,966520000.0,8.81,,,40.58,0.96,,,-,-,-,-,-,8.9,0.0068000000000000005,391344.0,2025-08-08 17:44:52
RCUS,964270000.0,,,,3.68,1.76,1.06,,-20.20%,-11.37%,-10.20%,-4.44%,76.65%,9.06,-0.023700000000000002,750980.0,2025-08-08 17:44:52
AWF,960600000.0,13.93,,,12.95,0.99,,,-,-,-,-,-,11.14,0.0009,129090.0,2025-08-08 17:44:52
HPP,960200000.0,,,,1.2,0.32,3.59,13.55,69.38%,32.91%,-,41.94%,0.60%,2.5,-0.0458,7189511.0,2025-08-08 17:44:52
YEXT,959600000.0,,13.75,,2.21,6.82,7.27,20.4,43.57%,13.43%,27.34%,25.39%,7.09%,7.84,-0.0101,524104.0,2025-08-08 17:44:52
VTS,959550000.0,23.88,34.2,,3.66,1.5,489.56,18.32,-34.47%,2.35%,-12.20%,-6.00%,7.15%,24.85,0.0089,211467.0,2025-08-08 17:44:52
AOD,958370000.0,13.77,,,14.59,1.0,,,-,-,-,-,-,9.09,0.014499999999999999,918094.0,2025-08-08 17:44:52
BTBT,956700000.0,,38.33,,9.3,1.34,6.82,,-249.12%,127.53%,-,-3.64%,-,2.99,0.013600000000000001,35841051.0,2025-08-08 17:44:52
MFA,955850000.0,10.64,6.55,,1.33,0.52,1.75,7.7,-24.08%,19.26%,-23.75%,-0.39%,2.36%,9.31,-0.0032,957456.0,2025-08-08 17:44:52
MSEX,955610000.0,22.01,19.22,,4.88,2.09,373.28,,-0.61%,12.42%,4.16%,-,7.35%,53.04,-0.0043,62931.0,2025-08-08 17:44:52
CRSR,955570000.0,,12.68,,0.71,1.55,9.34,13.55,1788.44%,40.60%,-59.79%,-,3.71%,9.03,0.0192,1870335.0,2025-08-08 17:44:52
EEX,952250000.0,120.55,24.05,0.86,2.2,2.45,6.09,17.31,51.94%,110.53%,37.40%,140.52%,2.02%,4.81,-0.0302,59516.0,2025-08-08 17:44:52
CSR,948450000.0,,,,3.55,1.26,52.14,14.41,112.28%,-326.55%,-,-,6.99%,53.51,-0.009399999999999999,76795.0,2025-08-08 17:44:52
AVXL,946420000.0,,7.87,,,9.48,8.17,,-6.85%,353.41%,0.85%,-,-,11.08,-0.012,695946.0,2025-08-08 17:44:52
OCFC,941690000.0,11.65,9.06,,1.39,0.57,,17.66,-13.38%,30.63%,-1.15%,-,14.40%,16.41,0.0018,193300.0,2025-08-08 17:44:52
THS,940810000.0,47.61,9.29,10.94,0.28,0.62,55.02,9.98,-9.05%,15.40%,-,4.35%,-4.80%,18.63,-0.026099999999999998,574194.0,2025-08-08 17:44:52
MVST,940230000.0,,15.76,,2.27,2.06,7.64,291.09,153.09%,27.91%,-,-,-,2.89,0.0704,9650203.0,2025-08-08 17:44:52
PDM,940000000.0,,,,1.66,0.61,120.21,,-,-,-,-,-0.44%,7.55,-0.0118,921167.0,2025-08-08 17:44:52
GPCR,938970000.0,,,,,1.22,1.19,,-54.85%,-36.23%,-51.75%,-,-,16.31,0.0068000000000000005,1139225.0,2025-08-08 17:44:52
KRUS,938610000.0,,7159.59,,3.48,4.13,15.51,,75.19%,105.53%,-,-,29.93%,77.61,-0.0664,301482.0,2025-08-08 17:44:52
HSII,938110000.0,28.47,13.1,5.03,0.8,1.9,2.35,8.46,-6.57%,18.47%,-29.69%,5.66%,8.98%,45.24,-0.0033,79064.0,2025-08-08 17:44:52
EH,936720000.0,,80.38,,16.04,7.36,6.1,,31.93%,237.27%,-18.85%,-,29.17%,17.89,0.0252,680768.0,2025-08-08 17:44:52
CRF,934390000.0,5.56,,,81.52,1.18,,,-,-,-,-,-,7.89,0.0077,611714.0,2025-08-08 17:44:52
OPFI,934050000.0,,7.08,,1.68,41.25,11.93,2.98,44.47%,10.75%,-12.30%,25.55%,27.31%,10.76,0.039599999999999996,1397260.0,2025-08-08 17:44:52
CTEV,933750000.0,,,,1.0,,13.88,,85.28%,25.10%,-,51.03%,-1.09%,56.81,0.0344,184719.0,2025-08-08 17:44:52
SCSC,933650000.0,14.9,10.96,1.24,0.31,1.05,6.38,6.13,12.99%,8.33%,6.42%,12.02%,0.06%,41.32,0.0398,305612.0,2025-08-08 17:44:52
IBTA,933080000.0,18.88,17.07,,2.53,2.41,3.14,8.14,-56.73%,73.53%,-,-0.95%,-,32.8,-0.0159,302180.0,2025-08-08 17:44:52
EZPW,930490000.0,12.39,10.62,0.96,0.76,0.94,1.93,9.06,22.71%,4.71%,89.24%,12.86%,6.52%,15.28,0.0,589662.0,2025-08-08 17:44:52
SSYS,929500000.0,,27.78,,1.65,1.02,6.19,,437.83%,23.37%,-53.39%,-,-2.04%,11.06,0.0356,266617.0,2025-08-08 17:44:52
XPEL,928980000.0,19.09,16.07,,2.07,3.63,18.73,17.81,10.30%,14.84%,26.59%,-,26.47%,33.58,-0.0384,242994.0,2025-08-08 17:44:52
ACEL,928920000.0,27.01,12.02,10.72,0.73,3.57,3.51,19.79,3.39%,-1.69%,-,2.52%,23.49%,11.02,-0.0072,542849.0,2025-08-08 17:44:52
CRI,923920000.0,6.74,10.78,,0.33,1.08,2.73,6.58,-52.40%,-14.93%,-2.63%,-23.70%,-4.17%,25.36,-0.0132,914117.0,2025-08-08 17:44:52
EXOD,921040000.0,18.1,21.35,,7.48,3.79,14.67,,-96.50%,1111.35%,-,-,71.13%,31.9,0.0179,152877.0,2025-08-08 17:44:52
FWRD,920300000.0,,171.22,,0.36,5.95,7.89,,96.41%,116.72%,-,-,15.28%,30.25,0.0192,452599.0,2025-08-08 17:44:52
RCAT,918300000.0,,107.65,,55.76,27.64,118.95,,29.34%,121.67%,-47.70%,-,78.28%,9.33,0.0,5698316.0,2025-08-08 17:44:52
HLF,917640000.0,2.8,3.49,0.13,0.19,,2.82,5.35,3.61%,25.40%,2.65%,21.50%,0.47%,8.9,0.0325,2603737.0,2025-08-08 17:44:52
SYRE,915680000.0,,,,,2.02,1.74,,8.66%,-14.08%,44.65%,-3.18%,-,15.16,-0.0052,263009.0,2025-08-08 17:44:52
HEPS,912720000.0,,,,0.51,12.77,4.02,,-8.21%,53.37%,-,-,30.52%,2.84,0.0216,550408.0,2025-08-08 17:44:52
HNRG,911950000.0,,33.95,,2.27,7.91,56.26,24.13,102.01%,443.48%,-24.05%,-,4.68%,21.22,0.0626,1821724.0,2025-08-08 17:44:52
AGRO,907940000.0,14.52,8.0,,0.62,0.64,3.8,12.88,3.69%,-1.47%,-,-3.11%,12.22%,9.08,-0.0066,264949.0,2025-08-08 17:44:52
NGVC,906540000.0,22.2,17.25,,0.7,4.7,42.74,21.44,31.29%,18.65%,28.63%,-,6.56%,39.5,0.067,704422.0,2025-08-08 17:44:52
PHAR,906390000.0,,169.62,,2.66,3.99,7.04,31.92,42.50%,184.78%,-,-,9.42%,13.23,0.0889,11315.0,2025-08-08 17:44:52
DCBO,905490000.0,41.07,21.89,1.97,4.06,17.47,9.86,30.78,3.34%,29.92%,-,20.83%,39.24%,30.56,0.0509,192165.0,2025-08-08 17:44:52
COHU,905160000.0,,31.68,,2.3,1.16,4.32,348.14,46.96%,601.64%,2.55%,-,-7.19%,19.39,-0.008199999999999999,382226.0,2025-08-08 17:44:52
BRKL,904410000.0,11.53,4.5,,1.39,0.73,,8.52,5.19%,178.60%,-6.87%,-,12.08%,10.15,0.0069,695450.0,2025-08-08 17:44:52
NX,902450000.0,33.06,6.89,,0.56,0.9,13.93,42.15,19.29%,9.09%,-,-,7.41%,19.63,-0.003,345754.0,2025-08-08 17:44:52
CII,902240000.0,7.71,,,87.49,1.03,,,-,-,-,-,-,22.05,0.0046,54891.0,2025-08-08 17:44:52
ECPG,902060000.0,,4.82,,0.61,1.01,5.22,9.36,236.64%,2.09%,-,-,-1.34%,39.2,-0.0060999999999999995,400068.0,2025-08-08 17:44:52
TMP,899670000.0,11.23,9.22,,1.97,1.18,,11.31,22.33%,11.18%,-1.55%,-,5.30%,62.34,-0.0005,37551.0,2025-08-08 17:44:52
SPTN,898930000.0,,15.08,,0.09,1.22,45.01,12.59,-16.89%,4.37%,-44.02%,-6.49%,2.27%,26.55,-0.0004,401434.0,2025-08-08 17:44:52
PNTG,898620000.0,33.25,19.87,1.9,1.12,2.86,62.49,44.38,20.31%,15.71%,52.31%,17.50%,15.48%,26.0,0.0779,1024984.0,2025-08-08 17:44:52
ASIC,898500000.0,161.78,10.38,,2.56,1.81,9.76,,313.80%,49.44%,-,-,-,19.09,-0.031,130243.0,2025-08-08 17:44:52
AKBA,898210000.0,,53.44,,4.41,30.78,6.54,,83.03%,214.29%,32.58%,-,-13.72%,3.42,0.1362,5819641.0,2025-08-08 17:44:52
ALGT,898060000.0,,8.33,,0.35,0.85,1.04,9.75,-5.20%,149.77%,-,49.39%,6.42%,48.94,-0.0109,436341.0,2025-08-08 17:44:52
SLRC,897970000.0,10.16,10.1,,3.95,0.91,,,-7.46%,0.10%,-,-,-,16.46,0.0123,155902.0,2025-08-08 17:44:52
FMBH,894310000.0,10.58,10.13,1.76,1.95,1.0,,45.33,17.14%,-4.77%,2.85%,6.03%,17.16%,37.28,0.0027,47975.0,2025-08-08 17:44:52
MEG,894070000.0,,653.25,,1.15,1.96,85.31,14.36,93.69%,128.57%,-5.11%,69.99%,24.39%,26.13,0.0652,943688.0,2025-08-08 17:44:52
APOG,893910000.0,17.72,10.07,,0.65,1.86,23.41,13.88,-20.45%,4.26%,10.90%,-,-0.38%,41.52,-0.0022,101821.0,2025-08-08 17:44:52
FBRT,893500000.0,11.11,7.93,,1.7,0.73,2.11,5.24,-2.61%,52.90%,-11.65%,-,18.98%,10.86,-0.0018,487922.0,2025-08-08 17:44:52
CMP,892340000.0,,31.53,,0.74,3.77,18.03,9.71,-118.75%,4633.33%,-,134.00%,-5.64%,21.44,0.035699999999999996,448498.0,2025-08-08 17:44:52
IRMD,889510000.0,43.37,34.03,,11.46,9.87,16.78,60.93,11.45%,11.08%,13.91%,-,13.72%,69.93,0.0139,28321.0,2025-08-08 17:44:52
ALM,889340000.0,,,,42.8,66.3,75.37,,-,-,11.62%,-,-33.73%,4.12,0.0352,543926.0,2025-08-08 17:44:52
CRON,886470000.0,48.42,,,6.8,0.82,1.06,,-,-,-50.98%,-,37.71%,2.3,0.0132,3313116.0,2025-08-08 17:44:52
WOOF,884390000.0,,20.2,,0.15,0.8,6.37,18.87,196.86%,105.57%,-0.52%,-,6.64%,3.17,0.0128,2868135.0,2025-08-08 17:44:52
TRVI,884060000.0,,,,,7.45,8.56,,15.10%,-25.82%,27.09%,-12.07%,-,7.42,0.016399999999999998,1944959.0,2025-08-08 17:44:52
AMWD,881340000.0,9.33,9.48,,0.52,0.97,18.29,13.46,-27.88%,28.29%,8.04%,-,0.71%,60.54,0.003,386586.0,2025-08-08 17:44:52
WRLD,875850000.0,10.85,10.52,,1.54,2.05,107.73,3.37,-28.50%,31.15%,35.71%,-,-0.87%,160.83,0.0078000000000000005,33362.0,2025-08-08 17:44:52
INR,875400000.0,,4.31,,,,180.12,,21.82%,46.99%,-,23.29%,-,14.38,0.0235,168410.0,2025-08-08 17:44:52
CBL,873240000.0,13.5,,,1.62,3.02,4.27,4.06,-50.80%,-,-,-,-7.68%,28.23,0.0039000000000000003,101614.0,2025-08-08 17:44:52
AVO,870020000.0,23.85,22.0,,0.62,1.58,22.31,34.8,-18.24%,-7.44%,-12.65%,-,6.93%,12.32,-0.0104,206686.0,2025-08-08 17:44:52
EMO,868580000.0,5.28,,,,,,,-,-,-,-,-,47.75,0.0021,43256.0,2025-08-08 17:44:52
HTD,868430000.0,5.35,,,12.86,1.0,,,-,-,-,-,-,24.51,-0.0012,57092.0,2025-08-08 17:44:52
EVER,867180000.0,19.13,15.02,0.71,1.41,5.09,5.85,9.94,49.43%,20.25%,-,26.86%,14.99%,23.75,-0.016200000000000003,567265.0,2025-08-08 17:44:52
SUPV,865840000.0,13.45,6.07,0.75,0.51,0.98,,,-25.12%,59.65%,10.09%,17.84%,13.14%,10.96,-0.026600000000000002,1054550.0,2025-08-08 17:44:52
SBSI,865110000.0,10.22,9.52,,1.93,1.36,,23.08,-0.53%,3.25%,5.79%,-,10.00%,28.76,0.017,72004.0,2025-08-08 17:44:52
QNST,865100000.0,193.75,12.43,,0.79,3.67,8.56,10.43,19.51%,16.24%,-24.96%,-,17.40%,15.19,-0.0623,896962.0,2025-08-08 17:44:52
REX,864950000.0,16.29,,,1.35,1.61,2.73,90.19,-,-,53.12%,-,8.96%,52.52,0.0202,61655.0,2025-08-08 17:44:52
CHY,864390000.0,14.73,,,33.84,1.11,,,-,-,-,-,-,10.9,-0.0046,185527.0,2025-08-08 17:44:52
SLSR,864150000.0,,,,,,60.68,,22.45%,32.89%,-52.48%,54.88%,-,5.25,0.0038,15897.0,2025-08-08 17:44:52
EOI,863540000.0,13.73,,,103.65,1.12,,,-,-,-,-,-,21.14,0.0043,56001.0,2025-08-08 17:44:52
AEBI,862910000.0,,,,,0.14,15.97,,-,-,-,-,-,11.12,0.0703,528888.0,2025-08-08 17:44:52
UPB,862560000.0,,,,317.12,2.11,2.19,,50.04%,-6.73%,-,21.01%,-,16.0,0.0101,214758.0,2025-08-08 17:44:52
SWIM,860080000.0,,41.84,,1.65,2.16,31.93,72.52,267.19%,77.95%,-,-,9.85%,7.38,0.0096,660249.0,2025-08-08 17:44:52
DEFT,859710000.0,128.57,7.47,,12.34,16.7,1.5,,453.86%,5.96%,-28.61%,-,-,2.61,0.0276,3005605.0,2025-08-08 17:44:52
ATLC,859470000.0,11.0,7.33,0.32,0.63,1.61,1.86,1.8,22.83%,32.31%,23.59%,34.68%,23.62%,56.82,0.14529999999999998,66714.0,2025-08-08 17:44:52
OLPX,859040000.0,,18.09,,2.03,0.98,2.97,8.56,-44.24%,16.25%,-20.78%,-7.34%,23.32%,1.29,-0.09789999999999999,2751573.0,2025-08-08 17:44:52
BMEZ,858770000.0,65.43,,,,,,,-,-,-,-,-,13.74,0.0,320925.0,2025-08-08 17:44:52
HLX,858400000.0,18.06,13.44,0.93,0.67,0.55,2.68,7.95,-39.08%,98.05%,-1.27%,19.33%,12.56%,5.84,0.0,958815.0,2025-08-08 17:44:52
BHRB,858010000.0,8.3,7.47,,1.72,1.12,,7.77,6.18%,2.82%,4.45%,-,25.56%,57.18,0.0131,44638.0,2025-08-08 17:44:52
DLX,856320000.0,14.91,5.12,,0.41,1.35,22.32,6.37,4.10%,9.05%,-,-,1.10%,19.14,-0.0036,731794.0,2025-08-08 17:44:52
INDI,854300000.0,,172.31,,3.92,2.1,4.21,,27.14%,109.15%,-,-,-,4.02,0.0524,8804012.0,2025-08-08 17:44:52
WGO,852130000.0,,12.73,,0.31,0.7,81.15,,-56.51%,61.48%,-34.02%,-3.84%,8.41%,30.4,-0.013600000000000001,526058.0,2025-08-08 17:44:52
ASPI,851890000.0,,,,193.17,15.8,15.22,,38.10%,33.33%,-,-6.45%,-,9.32,-0.037200000000000004,4248716.0,2025-08-08 17:44:52
PHK,850600000.0,8.0,,,9.47,1.05,,,-,-,-,-,-,4.96,0.002,708535.0,2025-08-08 17:44:52
AMSF,850590000.0,16.99,20.12,,2.78,3.21,,107.4,-9.61%,-2.67%,-9.61%,-6.02%,-3.56%,44.79,0.0043,92399.0,2025-08-08 17:44:52
LX,849900000.0,5.06,2.9,0.06,0.44,0.55,1.56,,257.02%,37.40%,-13.56%,80.77%,4.98%,6.41,-0.0031,2567625.0,2025-08-08 17:44:52
AIO,849540000.0,5.24,,,,,,,-,-,-,-,-,24.7,0.006500000000000001,58510.0,2025-08-08 17:44:52
MLYS,847280000.0,,,,,2.47,2.47,,15.68%,-1.51%,-170.42%,2.14%,-,13.0,0.0101,501893.0,2025-08-08 17:44:52
BH,847080000.0,,,,2.3,1.58,6.26,65.01,-,-,-,-,-11.55%,275.24,-0.0216,19286.0,2025-08-08 17:44:52
ZYME,844440000.0,,,,9.04,2.59,3.18,,32.26%,9.93%,15.81%,-7.69%,20.90%,12.02,-0.0115,872724.0,2025-08-08 17:44:52
IMNM,843460000.0,,,,66.99,3.13,3.15,,57.04%,-10.39%,-38.15%,25.36%,-,9.69,-0.0182,579893.0,2025-08-08 17:44:52
HQH,841870000.0,120.23,,,82.56,0.89,,,-,-,-,-,-,15.63,0.0032,83926.0,2025-08-08 17:44:52
AMAL,839740000.0,8.33,6.73,,1.9,1.12,,6.85,0.57%,18.43%,18.62%,-,15.08%,27.89,0.0134,142799.0,2025-08-08 17:44:52
TH,839630000.0,79.12,,,2.71,2.1,43.64,23.2,-138.57%,48.15%,40.86%,-,3.77%,8.45,0.033,572111.0,2025-08-08 17:44:52
ITRN,839310000.0,15.2,13.31,1.49,2.49,4.4,11.09,13.71,10.19%,6.55%,52.45%,10.17%,3.78%,42.19,0.012199999999999999,74064.0,2025-08-08 17:44:52
ARRY,839000000.0,,6.39,,0.72,,2.22,6.9,8.72%,31.99%,-,17.84%,7.17%,5.5,-0.0582,15185653.0,2025-08-08 17:44:52
KOS,836940000.0,,11.04,,0.56,0.82,16.19,,-162.23%,160.63%,-,-5.92%,2.32%,1.75,-0.0385,12754560.0,2025-08-08 17:44:52
DAKT,834930000.0,,14.17,,1.1,3.07,6.55,10.67,15.12%,23.29%,-,-,4.43%,17.0,0.0089,220500.0,2025-08-08 17:44:52
SBGI,829930000.0,14.93,12.49,,0.24,1.9,1.35,29.64,-176.78%,126.50%,56.20%,-,-3.50%,11.93,-0.0348,876433.0,2025-08-08 17:44:52
ATAI,829100000.0,,,,2512.44,5.43,7.66,,50.18%,-4.68%,18.62%,28.50%,-,4.13,-0.0048,3576502.0,2025-08-08 17:44:52
NRK,827860000.0,11.3,,,10.88,0.82,,,-,-,-,-,-,9.49,-0.0021,344634.0,2025-08-08 17:44:52
PLAY,826020000.0,23.6,9.69,0.96,0.39,5.62,69.41,,2.35%,64.93%,-13.10%,24.54%,9.50%,23.89,-0.0701,1148299.0,2025-08-08 17:44:52
SMP,822120000.0,12.67,8.65,,0.5,1.19,13.98,20.27,21.81%,11.95%,-1.02%,-,5.17%,37.39,0.024399999999999998,515744.0,2025-08-08 17:44:52
UVSP,822100000.0,10.43,9.47,,1.62,0.9,,9.56,12.79%,3.61%,2.91%,-,12.44%,28.54,0.011000000000000001,88305.0,2025-08-08 17:44:52
FBYD,821310000.0,,,,118.34,,739.92,,-,-,-,-,-,6.78,0.0908,2329.0,2025-08-08 17:44:52
YB,821160000.0,,,,,,2.15,,-,-,-,-,-,26.16,-0.035,23812.0,2025-08-08 17:44:52
URGN,819840000.0,,,,8.7,,5.19,,-0.79%,72.67%,10.39%,-,449.77%,17.75,-0.0455,1177608.0,2025-08-08 17:44:52
NCDL,817070000.0,8.69,9.31,,,,,,-16.25%,-7.80%,-,-,-,16.25,0.0137,93407.0,2025-08-08 17:44:52
GERN,816660000.0,,,,4.97,3.15,2.09,,64.41%,82.00%,5.60%,-,178.45%,1.28,-0.0154,11302979.0,2025-08-08 17:44:52
NOAH,814840000.0,12.36,8.13,0.9,2.27,0.58,1.09,,20.35%,14.45%,-13.73%,13.74%,-5.79%,12.18,-0.0016,49715.0,2025-08-08 17:44:52
PCN,813160000.0,9.35,,,10.36,1.07,,,-,-,-,-,-,12.71,0.0039000000000000003,243572.0,2025-08-08 17:44:52
TIPT,813010000.0,16.73,,,0.4,1.63,,7.1,-,-,21.22%,-,22.36%,21.68,0.0438,122801.0,2025-08-08 17:44:52
SPT,812740000.0,,15.63,,1.89,4.44,7.7,25.26,48.05%,20.52%,-2.58%,33.33%,31.63%,13.94,-0.054299999999999994,1214883.0,2025-08-08 17:44:52
REAX,812430000.0,,,,0.5,16.67,8.04,16.97,67.86%,94.44%,-20.83%,-,140.40%,3.94,-0.036699999999999997,1393671.0,2025-08-08 17:44:52
DHC,811150000.0,,,,0.53,0.44,5.46,,57.74%,-1.53%,-33.00%,-,7.53%,3.36,-0.0088,628971.0,2025-08-08 17:44:52
UTL,809560000.0,17.06,15.06,,1.64,1.52,95.24,,3.70%,7.14%,-0.29%,-,2.46%,49.69,0.0108,63592.0,2025-08-08 17:44:52
CNL,808620000.0,,,,,10.27,10.36,,-11.85%,13.08%,-87.72%,2.39%,-,9.53,-0.0256,102835.0,2025-08-08 17:44:52
ANGI,805700000.0,15.17,11.7,0.43,0.74,0.82,2.22,10.73,102.47%,9.62%,1.11%,34.90%,-2.22%,18.17,-0.038599999999999995,751003.0,2025-08-08 17:44:52
TXO,805330000.0,47.45,21.94,,2.41,1.07,101.3,,-36.94%,35.35%,-,-18.50%,33.39%,14.7,-0.0174,182749.0,2025-08-08 17:44:52
RSKD,804130000.0,,102.72,,2.41,2.22,2.25,24.97,29.98%,134.90%,-5.04%,-,20.16%,5.02,-0.0138,258868.0,2025-08-08 17:44:52
CHI,802080000.0,14.51,,,33.4,1.11,,,-,-,-,-,-,10.3,-0.0048,103840.0,2025-08-08 17:44:52
THR,801160000.0,15.26,11.49,,1.63,1.56,21.93,15.27,-0.40%,12.57%,34.27%,-,5.37%,24.1,-0.0341,258927.0,2025-08-08 17:44:52
FVRR,800320000.0,45.71,7.75,5.62,1.91,1.98,1.1,8.52,14.07%,3.20%,-,8.14%,29.60%,21.71,-0.0524,1229670.0,2025-08-08 17:44:52
CTLP,798850000.0,13.72,23.59,0.23,2.73,3.31,17.24,106.51,480.00%,-46.90%,-,59.62%,13.21%,10.9,-0.016200000000000003,6310797.0,2025-08-08 17:44:52
NXDR,795790000.0,,,,3.2,1.83,1.9,,23.00%,20.78%,16.48%,32.56%,19.01%,2.08,0.1366,3930043.0,2025-08-08 17:44:52
HSTM,793050000.0,39.05,36.0,,2.69,2.19,8.75,24.96,0.84%,8.44%,8.39%,-,2.79%,25.98,0.0015,116904.0,2025-08-08 17:44:52
MQY,793040000.0,58.11,,,11.94,0.86,,,-,-,-,-,-,11.04,-0.0045000000000000005,198127.0,2025-08-08 17:44:52
BFS,791850000.0,24.81,29.46,,2.84,5.82,149.4,7.05,-36.20%,6.73%,0.77%,-7.26%,2.97%,32.7,-0.0006,59316.0,2025-08-08 17:44:52
ESQ,791740000.0,17.29,15.2,,5.28,3.02,,18.15,8.88%,10.01%,23.14%,-,23.32%,93.57,0.0062,131047.0,2025-08-08 17:44:52
NXRT,789990000.0,,,,3.11,2.26,16.46,9.58,-3255.68%,3.24%,-59.80%,-,7.48%,31.02,-0.0134,94097.0,2025-08-08 17:44:52
SHLS,789950000.0,37.37,9.81,2.09,1.97,1.37,168.43,65.34,14.26%,20.29%,-12.58%,17.90%,22.54%,4.72,-0.0105,5865508.0,2025-08-08 17:44:52
ORIC,787470000.0,,,,,2.99,3.87,,4.39%,0.43%,-15.32%,3.17%,-,9.24,-0.0405,1049844.0,2025-08-08 17:44:52
AMTB,787390000.0,,8.24,,1.33,0.85,,5.13,31.63%,23.38%,-,-,9.28%,18.86,0.016200000000000003,175192.0,2025-08-08 17:44:52
GLDD,787390000.0,11.0,12.19,,0.95,1.6,269.65,,14.58%,-1.30%,1.10%,-,1.40%,11.58,0.026600000000000002,403642.0,2025-08-08 17:44:52
FFC,787230000.0,9.84,,,8.76,0.94,,,-,-,-,-,-,16.34,0.0037,120019.0,2025-08-08 17:44:52
UXIN,787030000.0,,,,2.84,,54.85,,-,-,70.98%,-,3.81%,3.82,0.0187,183682.0,2025-08-08 17:44:52
ODC,786420000.0,16.82,,,1.66,3.19,21.56,17.24,-,-,26.93%,-,9.57%,57.95,0.0199,69058.0,2025-08-08 17:44:52
VTEX,786220000.0,54.15,24.96,0.92,3.44,3.24,3.83,27.65,90.20%,46.44%,-,58.78%,29.89%,4.31,-0.272,4518385.0,2025-08-08 17:44:52
SKYH,786130000.0,,,,43.8,3.56,9.14,,70.62%,82.87%,-77.28%,-,-,10.36,0.0,98176.0,2025-08-08 17:44:52
NPKI,784380000.0,16.55,18.51,,3.34,2.39,30.16,,73.04%,26.13%,-,-,-23.31%,9.29,0.0334,1574204.0,2025-08-08 17:44:52
PLPC,783640000.0,18.59,,,1.24,1.7,11.71,19.76,-,-,10.36%,-,5.94%,159.12,0.030299999999999997,20178.0,2025-08-08 17:44:52
NUVB,782610000.0,,,,54.5,2.11,1.29,,69.19%,13.46%,-49.14%,38.33%,-,2.3,-0.0171,4784512.0,2025-08-08 17:44:52
CARS,781690000.0,20.24,5.61,2.1,1.09,1.59,28.22,5.82,4.77%,23.61%,-,9.66%,3.46%,12.43,0.056100000000000004,1881746.0,2025-08-08 17:44:52
CSIQ,780900000.0,,10.31,,0.13,0.28,0.39,,-113.43%,1658.95%,-28.41%,72.39%,13.37%,11.66,-0.028300000000000002,487401.0,2025-08-08 17:44:52
CFFN,780860000.0,12.52,9.8,0.61,1.9,0.73,,25.39,40.54%,15.38%,-15.73%,20.66%,2.36%,5.88,0.0226,605413.0,2025-08-08 17:44:52
DSP,780210000.0,414.29,46.95,19.88,2.55,21.6,4.49,18.85,11.19%,70.61%,-24.76%,20.84%,11.89%,12.47,-0.0356,237743.0,2025-08-08 17:44:52
SION,779680000.0,,,,,2.21,2.89,,83.43%,-8.40%,-,40.90%,-,17.67,0.0226,165142.0,2025-08-08 17:44:52
WDI,778890000.0,11.06,,,,,,,-,-,-,-,-,15.04,0.004699999999999999,92688.0,2025-08-08 17:44:52
NAGE,776000000.0,45.32,37.87,0.84,6.67,12.06,12.83,37.16,32.20%,76.69%,-,53.78%,16.56%,9.73,0.0125,1844581.0,2025-08-08 17:44:52
VALN,774620000.0,,,,3.88,3.91,4.69,,-558.97%,54.23%,-33.67%,-,5.37%,9.11,0.1042,185104.0,2025-08-08 17:44:52
ECO,774260000.0,9.85,6.22,0.65,2.14,1.91,20.12,8.61,-16.29%,41.29%,57.14%,15.17%,25.22%,24.44,-0.0169,173839.0,2025-08-08 17:44:52
CAPL,774140000.0,18.4,338.67,,0.2,,79.64,14.37,-1.92%,-88.24%,0.48%,-26.08%,13.78%,20.32,0.0074,49512.0,2025-08-08 17:44:52
WLKP,773490000.0,14.69,9.34,2.78,0.7,1.53,21.15,3.17,-16.33%,58.70%,0.03%,5.29%,0.81%,21.95,-0.0005,52384.0,2025-08-08 17:44:52
NBN,772840000.0,9.62,7.6,,2.2,1.67,,253.39,11.21%,13.74%,31.86%,-,29.31%,96.88,0.0285,61302.0,2025-08-08 17:44:52
PDFS,772230000.0,545.03,17.73,38.46,4.15,3.1,14.26,,0.89%,31.27%,-,14.17%,15.96%,19.73,-0.1105,958414.0,2025-08-08 17:44:52
GHRS,769770000.0,,,,,2.54,2.64,,-21.67%,-68.22%,-179.37%,-28.78%,-,12.41,0.0256,204990.0,2025-08-08 17:44:52
CRMD,768850000.0,13.83,5.37,,6.33,3.49,4.03,25.28,508.57%,56.88%,29.80%,-,173.65%,10.33,-0.0444,8502471.0,2025-08-08 17:44:52
AOSL,768700000.0,,38.74,,1.1,0.94,5.01,81.34,-33.33%,354.54%,-65.51%,-,8.41%,25.83,0.0462,301078.0,2025-08-08 17:44:52
HBT,768180000.0,10.06,9.91,,2.63,1.32,,9.51,4.39%,-0.49%,-7.42%,-1.57%,10.23%,24.39,0.0184,22946.0,2025-08-08 17:44:52
AC,767700000.0,14.34,,,10.1,0.84,1.96,247.65,-,-,3.61%,-,-7.98%,36.37,0.0086,3940.0,2025-08-08 17:44:52
HFWA,767040000.0,15.7,9.73,,2.36,0.86,,10.95,49.46%,24.73%,-7.45%,-,4.93%,22.49,0.015300000000000001,146324.0,2025-08-08 17:44:52
RWT,764090000.0,,7.83,,0.89,0.72,2.53,,-149.70%,546.82%,-26.10%,35.86%,5.80%,5.74,0.0034999999999999996,1758560.0,2025-08-08 17:44:52
ULCC,762040000.0,,33.3,,0.2,1.51,1.35,,-428.83%,113.86%,-19.57%,50.81%,8.52%,3.34,0.006,3550589.0,2025-08-08 17:44:52
NXTT,759100000.0,0.77,,,421.72,1.8,1.57,,-,-,-,-,-,1.74,-0.0794,209855.0,2025-08-08 17:44:52
TNDM,758800000.0,,,,0.76,5.69,2.41,,-37.20%,56.88%,-28.23%,49.28%,21.01%,11.23,-0.0252,4457323.0,2025-08-08 17:44:52
PBT,758330000.0,33.69,,,31.47,,399.12,,-9.20%,-,5.50%,-,5.70%,16.27,0.0429,175063.0,2025-08-08 17:44:52
PROK,758120000.0,,,,2445.54,,2.31,,10.31%,-9.51%,-,-4.46%,-,2.59,0.0097,2337968.0,2025-08-08 17:44:52
GSM,755830000.0,,6.75,,0.51,0.93,5.1,,-101.79%,12100.00%,-,36.69%,0.35%,4.05,-0.0334,1503299.0,2025-08-08 17:44:52
CSV,755780000.0,14.47,13.6,,1.84,3.39,539.84,20.43,73.21%,-2.68%,21.25%,-,8.24%,48.16,0.0044,150995.0,2025-08-08 17:44:52
TYG,755270000.0,2.24,,,55.23,0.84,,,-,-,-,-,-,43.82,0.0111,59906.0,2025-08-08 17:44:52
ERII,754890000.0,34.33,20.97,1.22,5.32,4.11,9.49,37.41,30.83%,29.30%,15.42%,28.06%,10.76%,14.19,-0.031400000000000004,450256.0,2025-08-08 17:44:52
OSBC,754240000.0,9.14,8.02,,2.21,1.05,,7.09,-13.37%,28.91%,7.57%,-,17.67%,16.74,0.0109,124628.0,2025-08-08 17:44:52
NRIX,752260000.0,,,,8.51,1.68,1.55,,0.33%,-23.55%,-38.86%,-5.78%,11.88%,9.84,-0.022799999999999997,518500.0,2025-08-08 17:44:52
IMTX,751180000.0,,,,4.84,1.3,1.28,,-990.67%,-8.74%,-,-,52.19%,6.18,-0.0222,189902.0,2025-08-08 17:44:52
BCX,750650000.0,,,,,,,,-,-,-,-,-,9.6,0.0052,114331.0,2025-08-08 17:44:52
DLY,750630000.0,13.12,,,,,,,-,-,-,-,-,15.48,0.0032,125873.0,2025-08-08 17:44:52
LINC,750320000.0,61.35,29.08,,1.65,4.22,26.18,,9.61%,33.15%,32.54%,-,9.99%,23.75,0.0089,532165.0,2025-08-08 17:44:52
JQC,749920000.0,9.37,,,6.64,0.94,,,-,-,-,-,-,5.53,0.0036,323999.0,2025-08-08 17:44:52
MNMD,749470000.0,,,,,4.03,4.1,,-14.70%,-4.79%,12.11%,1.56%,-,9.85,-0.013999999999999999,1182053.0,2025-08-08 17:44:52
OPY,749260000.0,9.29,,,0.5,0.84,19.92,3.92,-,-,10.76%,-,6.70%,71.9,0.0087,36073.0,2025-08-08 17:44:52
NEO,749240000.0,,32.22,,1.09,0.87,4.58,,-16.87%,96.85%,-,47.33%,10.07%,5.8,0.0069,1844076.0,2025-08-08 17:44:52
PDS,748840000.0,10.65,11.07,3.55,0.57,0.6,21.88,4.82,-12.25%,2.88%,75.45%,3.00%,3.63%,54.9,0.006999999999999999,56579.0,2025-08-08 17:44:52
ECC,748740000.0,7.24,6.56,,3.91,0.86,,,-8.00%,-6.13%,-,-,-,6.23,-0.0281,6586679.0,2025-08-08 17:44:52
LQDT,748360000.0,29.02,17.12,,1.61,4.28,4.48,17.75,31.07%,3.70%,-,-,9.91%,23.97,0.0127,566659.0,2025-08-08 17:44:52
CABO,748320000.0,,4.85,,0.49,0.56,4.89,2.07,-1386.29%,162.13%,-39.25%,103.63%,6.22%,132.94,-0.0212,143128.0,2025-08-08 17:44:52
FDUS,748200000.0,9.17,10.84,,5.06,1.1,,,-10.93%,-4.16%,-,-,-,21.37,0.0409,417155.0,2025-08-08 17:44:52
MEGI,747400000.0,7.4,,,,,,,-,-,-,-,-,14.36,-0.0021,94268.0,2025-08-08 17:44:52
ACP,746550000.0,17.5,,,8.86,1.0,,,-,-,-,-,-,5.95,0.0,330295.0,2025-08-08 17:44:52
NFE,745820000.0,,,,0.35,0.43,0.9,,-50.37%,51.71%,5.11%,-,65.73%,2.72,-0.11109999999999999,9444825.0,2025-08-08 17:44:52
KMTS,745580000.0,,,,12.47,3.63,3.14,,53.46%,17.07%,-,37.13%,-,14.52,-0.015600000000000001,138998.0,2025-08-08 17:44:52
ETD,744080000.0,14.54,13.93,,1.21,1.55,5.47,14.39,-1.96%,5.00%,42.60%,-,0.83%,29.26,-0.0017000000000000001,197520.0,2025-08-08 17:44:52
BJRI,743980000.0,28.23,14.16,1.27,0.54,2.03,28.66,61.69,48.86%,8.59%,-20.40%,22.26%,3.17%,33.64,-0.0152,599400.0,2025-08-08 17:44:52
AEVA,742400000.0,,,,53.72,,14.89,,17.43%,7.07%,-678.17%,11.26%,-,13.18,0.0616,3327469.0,2025-08-08 17:44:52
UFCS,740800000.0,8.26,9.74,0.75,0.56,0.88,,2.54,11.99%,4.02%,32.78%,10.96%,0.85%,29.06,0.0007000000000000001,91965.0,2025-08-08 17:44:52
STKL,739840000.0,,21.34,,0.97,4.64,342.52,20.83,84.85%,44.26%,-8.99%,-,0.06%,6.26,0.0451,1151101.0,2025-08-08 17:44:52
JBSS,739740000.0,13.3,,,0.67,2.11,573.44,,-,-,8.48%,-,4.01%,62.91,-0.0066,86262.0,2025-08-08 17:44:52
MAX,738790000.0,,12.19,,0.69,,8.65,10.31,-35.02%,345.91%,-10.21%,53.56%,16.21%,10.95,-0.038599999999999995,737852.0,2025-08-08 17:44:52
HOV,738550000.0,4.71,16.47,,0.24,1.13,6.19,,-61.67%,-32.81%,-,-,8.36%,133.23,0.0079,79710.0,2025-08-08 17:44:52
TRNS,737890000.0,55.19,35.31,,2.56,2.52,396.71,37.72,-10.39%,9.28%,7.80%,-3.54%,9.97%,79.18,-0.0104,100107.0,2025-08-08 17:44:52
TREE,737740000.0,,19.72,,0.73,6.24,4.95,9.63,130.96%,182.44%,-,-,-4.04%,54.17,0.0001,238319.0,2025-08-08 17:44:52
DEC,737460000.0,,6.03,,0.93,1.63,42.33,4.33,-0.19%,-15.10%,-,-4.59%,11.45%,14.56,0.0097,244035.0,2025-08-08 17:44:52
TNGX,735430000.0,,,,30.26,5.43,4.06,,2.87%,-19.35%,7.47%,-7.26%,53.11%,6.61,0.0,981199.0,2025-08-08 17:44:52
SABR,731020000.0,,5.18,,0.25,,1.63,,125.51%,650.03%,-,-,-5.29%,1.88,-0.0233,24599807.0,2025-08-08 17:44:52
RZLV,731010000.0,,,,,4.08,73101.35,,69.10%,30.53%,-,69.53%,-,3.0,0.0169,6025177.0,2025-08-08 17:44:52
NTGR,729270000.0,11.67,209.5,,1.04,1.39,2.01,6.66,92.31%,271.43%,-12.39%,-,-7.51%,25.14,0.0166,476255.0,2025-08-08 17:44:52
QURE,728630000.0,,,,50.81,,1.93,,33.97%,4.62%,-9.66%,51.22%,30.08%,13.28,-0.0126,435379.0,2025-08-08 17:44:52
RA,726600000.0,11.14,,,,,,,-,-,-,-,-,13.15,-0.0045000000000000005,187856.0,2025-08-08 17:44:52
MATW,726050000.0,,37.73,,0.45,1.41,35.63,,-54.61%,-36.55%,-9.80%,-19.08%,3.16%,23.58,-0.0063,241721.0,2025-08-08 17:44:52
CPF,725800000.0,12.04,8.54,,2.08,1.28,,8.31,39.09%,14.96%,-0.67%,-,6.09%,26.9,0.0174,107313.0,2025-08-08 17:44:52
REAL,723820000.0,,,,1.17,,5.18,,48.14%,57.22%,-0.97%,-,13.68%,6.4,0.16149999999999998,15799489.0,2025-08-08 17:44:52
MBWM,723550000.0,8.85,8.24,2.2,1.97,1.15,,23.42,4.55%,4.89%,10.36%,4.03%,14.33%,44.53,0.0109,38556.0,2025-08-08 17:44:52
MCB,723450000.0,11.25,7.34,,1.44,1.0,,6.61,26.70%,25.95%,10.73%,-,28.53%,69.42,0.0219,53579.0,2025-08-08 17:44:52
HIPO,721560000.0,,,,1.7,2.21,,24.54,80.71%,89.62%,-6.38%,-,-,28.83,-0.0338,234140.0,2025-08-08 17:44:52
GES,720430000.0,,8.33,,0.24,1.49,4.77,,-25.96%,14.60%,-10.34%,-2.09%,2.26%,13.85,0.0124,373133.0,2025-08-08 17:44:52
DNA,719360000.0,,,,3.03,0.98,1.37,,43.58%,20.91%,-27.97%,-,31.19%,12.29,-0.08689999999999999,1964547.0,2025-08-08 17:44:52
CINT,718100000.0,31.87,12.3,1.04,1.62,2.49,11.43,15.26,64.37%,22.12%,-71.11%,30.50%,20.66%,5.38,-0.0055000000000000005,73502.0,2025-08-08 17:44:52
EMBC,717670000.0,13.54,4.24,1.92,0.66,,3.38,18.08,16.53%,1.40%,-,7.06%,0.25%,12.28,0.18530000000000002,2062229.0,2025-08-08 17:44:52
STOK,715220000.0,16.65,,,3.75,2.04,2.0,10.34,110.07%,-1834.68%,1.74%,-14.91%,-,13.1,-0.0113,381129.0,2025-08-08 17:44:52
TLRY,713910000.0,,,,0.87,0.45,2.78,,95.98%,28.02%,-2.69%,83.21%,31.30%,0.65,-0.0028000000000000004,28671030.0,2025-08-08 17:44:52
SENEA,712790000.0,17.49,,,0.45,1.13,14.15,2.39,-,-,1.10%,-,3.40%,103.11,0.0040999999999999995,49038.0,2025-08-08 17:44:52
SSTK,712320000.0,11.13,8.78,,0.7,1.21,6.12,1515.57,133.33%,-2.97%,12.26%,-,7.53%,20.08,-0.0138,285999.0,2025-08-08 17:44:52
NPK,712150000.0,16.69,,,1.58,1.92,129.25,,-,-,-0.65%,-,4.70%,99.64,-0.0006,64911.0,2025-08-08 17:44:52
GGN,711930000.0,15.78,,,33.06,1.18,,,-,-,-,-,-,4.57,-0.0011,289662.0,2025-08-08 17:44:52
NXP,711920000.0,66.67,,,21.6,0.98,,,-,-,-,-,-,14.0,-0.0007000000000000001,53914.0,2025-08-08 17:44:52
ALNT,711770000.0,48.96,18.39,2.5,1.37,2.46,14.26,12.86,29.08%,18.72%,-7.94%,19.61%,7.39%,42.0,-0.0067,259002.0,2025-08-08 17:44:52
PLOW,711500000.0,11.18,12.81,,1.22,2.6,89.16,19.2,43.08%,14.58%,2.14%,-,-0.11%,30.88,0.0036,126056.0,2025-08-08 17:44:52
TSHA,711360000.0,,,,98.53,10.13,6.08,,13.55%,-18.06%,-63.99%,11.39%,-,2.72,-0.032,1098206.0,2025-08-08 17:44:52
PFN,709510000.0,,,,8.65,1.05,,,-,-,-,-,-,7.6,0.009300000000000001,444315.0,2025-08-08 17:44:52
JMIA,707820000.0,,,,4.57,8.16,6.39,,43.02%,32.65%,24.25%,28.07%,-1.38%,5.78,-0.0069,6124229.0,2025-08-08 17:44:52
USAS,706200000.0,,54.5,,6.86,12.11,80.25,,-3.70%,100.00%,18.10%,-,11.40%,1.09,0.009300000000000001,1860019.0,2025-08-08 17:44:52
BLND,705770000.0,,31.29,,4.59,,6.43,,116.59%,338.26%,8.48%,-,26.17%,2.73,-0.2353,12978424.0,2025-08-08 17:44:52
AACT,705200000.0,31.54,,,,1.34,1068.48,,-,-,-,-,-,11.4,0.0009,33619.0,2025-08-08 17:44:52
PAXS,704780000.0,6.78,,,,,,,-,-,-,-,-,15.67,0.0008,106189.0,2025-08-08 17:44:52
PRO,704760000.0,,17.02,,2.06,,3.94,24.17,58.26%,32.65%,24.03%,35.94%,5.71%,14.65,0.0048,859520.0,2025-08-08 17:44:52
IOVA,704600000.0,,,,2.92,1.03,2.34,,10.97%,41.47%,4.17%,47.20%,-,2.11,-0.20079999999999998,43378293.0,2025-08-08 17:44:52
AHH,704360000.0,75.54,55.6,,1.29,1.16,12.9,61.57,-86.36%,177.78%,-10.14%,-26.69%,22.41%,6.95,0.0029,1005875.0,2025-08-08 17:44:52
EYPT,703940000.0,,,,13.56,2.86,2.75,,-30.19%,0.01%,15.65%,-2.81%,16.27%,10.23,0.0159,450409.0,2025-08-08 17:44:52
MSIF,701570000.0,9.85,9.74,,5.23,0.97,,,2.34%,4.40%,-,-,-,14.88,0.0369,308216.0,2025-08-08 17:44:52
GETY,701030000.0,,14.42,,0.74,1.18,5.91,42.0,-252.84%,176.66%,-,2.96%,-,1.69,-0.0506,410303.0,2025-08-08 17:44:52
SLDP,699510000.0,,,,30.86,1.9,3.03,,-5.56%,10.53%,-27.17%,11.84%,75.91%,3.9,-0.1295,12600310.0,2025-08-08 17:44:52
TRTX,698670000.0,13.74,7.9,2.22,2.13,0.65,4.2,7.82,3.39%,13.35%,-15.43%,6.20%,0.54%,8.89,-0.005600000000000001,358520.0,2025-08-08 17:44:52
GNK,698090000.0,46.57,14.05,14.46,1.99,0.78,19.53,56.07,-82.35%,294.81%,-,3.22%,1.66%,16.25,0.008100000000000001,691943.0,2025-08-08 17:44:52
MYI,697910000.0,58.33,,,11.85,0.86,,,-,-,-,-,-,10.5,-0.0028000000000000004,132556.0,2025-08-08 17:44:52
NVRI,697600000.0,,216.25,,0.31,1.85,6.14,,-366.67%,112.24%,-14.29%,-,9.28%,8.65,-0.0204,956818.0,2025-08-08 17:44:52
MCBS,696510000.0,10.68,8.57,,2.91,1.61,,20.43,8.33%,17.22%,6.88%,-,13.90%,27.42,0.009399999999999999,28788.0,2025-08-08 17:44:52
IIIN,696230000.0,22.52,12.97,0.47,1.15,1.95,12.97,13.33,121.72%,25.97%,27.79%,47.86%,3.04%,35.87,0.013600000000000001,83681.0,2025-08-08 17:44:52
AMBQ,696100000.0,,,,9.09,,,,-,-,-,-,-,39.47,-0.0326,251405.0,2025-08-08 17:44:52
RC,693970000.0,,14.97,,0.92,0.39,3.16,,-163.60%,710.63%,-,78.47%,18.34%,4.07,-0.0378,2424033.0,2025-08-08 17:44:52
BRSP,692870000.0,,7.64,,2.06,0.7,2.75,8.26,-20.00%,3.79%,20.19%,-,-8.39%,5.33,-0.0019,696953.0,2025-08-08 17:44:52
BZH,692010000.0,10.56,11.75,,0.29,0.57,7.65,,-69.98%,45.74%,-,-11.22%,2.22%,23.28,-0.013999999999999999,307680.0,2025-08-08 17:44:52
BDN,691630000.0,,,,1.4,0.78,5.59,5.54,38.60%,23.15%,-,21.28%,-2.73%,3.97,-0.0173,2040946.0,2025-08-08 17:44:52
BITF,691360000.0,,,,3.3,1.03,4.27,,27.88%,89.33%,-,-,42.85%,1.24,-0.031200000000000002,20139570.0,2025-08-08 17:44:52
IGR,687670000.0,,,,16.36,0.95,,,-,-,-,-,-,4.86,-0.0060999999999999995,560029.0,2025-08-08 17:44:52
ADTN,687640000.0,,23.91,,0.7,4.04,6.47,6.42,158.10%,71.78%,-39.20%,-,11.72%,8.59,-0.0138,777519.0,2025-08-08 17:44:52
HAFC,687620000.0,10.54,8.27,,1.59,0.9,,14.81,16.46%,15.29%,14.13%,-,9.48%,22.76,0.0174,143312.0,2025-08-08 17:44:52
BFST,687290000.0,9.21,7.63,0.99,1.39,0.88,,8.6,7.71%,12.98%,5.36%,9.29%,32.33%,23.13,0.0092,62357.0,2025-08-08 17:44:52
GRNT,685720000.0,21.32,7.91,2.19,1.59,1.07,46.43,,1.92%,13.81%,28.64%,9.74%,-,5.23,0.0717,718988.0,2025-08-08 17:44:52
LUXE,685570000.0,,,,0.72,1.53,44.58,48.76,213.45%,-136.99%,-,40.70%,16.02%,8.04,0.0126,192199.0,2025-08-08 17:44:52
NRDS,684030000.0,23.31,13.07,0.77,0.93,1.84,7.42,12.37,15.96%,59.38%,0.94%,30.14%,24.67%,9.18,-0.17149999999999999,2327499.0,2025-08-08 17:44:52
KRNT,683990000.0,,47.11,,3.29,0.97,1.58,24.64,11.00%,44.27%,-,43.42%,1.63%,15.09,0.0203,530663.0,2025-08-08 17:44:52
AMLX,681040000.0,,,,,4.06,3.77,,60.06%,17.78%,-78.71%,29.94%,127.75%,7.64,-0.0255,880305.0,2025-08-08 17:44:52
PHAT,679990000.0,,,,5.96,,4.55,,42.29%,89.68%,12.50%,-,-,9.74,0.0362,1374242.0,2025-08-08 17:44:52
BTO,678360000.0,4.81,,,26.73,0.98,,,-,-,-,-,-,34.32,0.0079,24459.0,2025-08-08 17:44:52
LIND,677190000.0,,130.11,,0.96,,2.74,11.55,67.16%,143.18%,-,-,13.45%,12.36,0.0024,381704.0,2025-08-08 17:44:52
SANA,676670000.0,,,,,3.24,6.21,,34.68%,6.84%,-10.60%,14.13%,-,3.0,0.0101,8462140.0,2025-08-08 17:44:52
SIBN,676450000.0,,,,3.65,3.96,4.65,,20.52%,21.38%,13.67%,29.22%,19.96%,15.68,-0.0392,371646.0,2025-08-08 17:44:52
SKYT,676370000.0,,,,2.34,15.0,13.7,15.34,-872.43%,30.54%,19.37%,-,20.14%,14.08,0.09570000000000001,3532488.0,2025-08-08 17:44:52
PRME,674470000.0,,,,135.98,8.36,6.63,,26.60%,25.47%,-124.13%,20.61%,-,3.79,0.0285,3586619.0,2025-08-08 17:44:52
PSFE,674020000.0,,3.78,,0.4,0.79,2.88,2.92,11.53%,25.86%,-,13.30%,4.56%,11.36,-0.022400000000000003,414193.0,2025-08-08 17:44:52
CRESY,673670000.0,10.61,,,0.73,0.74,1.41,,-,-,-,-,-11.94%,10.97,-0.020499999999999997,162758.0,2025-08-08 17:44:52
FAX,672910000.0,12.73,,,10.08,0.98,,,-,-,-,-,-,16.3,0.0012,90324.0,2025-08-08 17:44:52
NIE,672220000.0,5.16,,,,,,,-,-,-,-,-,24.26,-0.0004,53694.0,2025-08-08 17:44:52
HBNC,671160000.0,12.92,7.96,,1.79,0.84,,8.94,28.40%,4.84%,-12.03%,-,7.42%,15.22,0.0126,117791.0,2025-08-08 17:44:52
RBBN,671140000.0,,11.26,,0.78,1.81,10.78,56.21,-2.00%,37.42%,23.45%,-,8.17%,3.79,0.0026,236456.0,2025-08-08 17:44:52
LVWR,668260000.0,,,,28.05,8.39,22.79,,-,-,-3.60%,-,-,3.28,-0.026699999999999998,60229.0,2025-08-08 17:44:52
SHEN,668100000.0,,,,1.91,0.74,22.97,,-18.64%,2.86%,-,-,9.66%,12.17,-0.044000000000000004,507204.0,2025-08-08 17:44:52
CCBG,667470000.0,11.46,11.33,,2.35,1.27,,9.73,14.96%,-3.72%,11.24%,-,10.38%,39.11,0.0109,32759.0,2025-08-08 17:44:52
RYI,667160000.0,,13.81,,0.15,0.82,20.72,4.89,55.56%,1975.00%,-,-,0.43%,20.72,0.0019,222564.0,2025-08-08 17:44:52
GDEN,666700000.0,46.67,34.01,,1.03,1.44,12.75,13.45,-73.36%,62.78%,-,-11.83%,-7.29%,25.22,-0.0575,511774.0,2025-08-08 17:44:52
CCNE,666310000.0,9.41,6.29,,1.78,0.81,,11.71,15.20%,29.06%,-1.95%,-,14.94%,22.36,0.0271,167548.0,2025-08-08 17:44:52
HRTG,664800000.0,6.19,5.32,,0.79,1.74,,9.04,96.52%,2.11%,15.43%,-,9.85%,21.45,0.0382,707045.0,2025-08-08 17:44:52
UVE,664630000.0,10.28,8.02,0.41,0.42,1.43,,2.47,43.79%,13.66%,8.18%,25.03%,10.11%,23.47,0.0073,135787.0,2025-08-08 17:44:52
ASA,662800000.0,2.52,,,168.92,1.0,,,-,-,-,-,-,35.12,0.0104,145297.0,2025-08-08 17:44:52
WEST,661540000.0,,60.78,,0.76,9.26,15.74,,-17.05%,123.47%,-,-,-,6.99,0.0495,1062909.0,2025-08-08 17:44:52
ALTI,661130000.0,,16.89,,3.04,1.24,12.51,,106.54%,170.00%,-796.67%,-,-,4.56,-0.0076,108092.0,2025-08-08 17:44:52
PDT,661050000.0,6.22,,,11.61,1.01,,,-,-,-,-,-,13.44,-0.0015,69694.0,2025-08-08 17:44:52
HTB,660520000.0,10.99,10.96,,2.25,1.14,,12.06,9.62%,-2.11%,19.59%,-,12.19%,37.64,-0.0011,34432.0,2025-08-08 17:44:52
AVBP,660150000.0,,,,,3.02,3.75,,-42.17%,14.71%,-,9.66%,-,17.99,-0.0297,134339.0,2025-08-08 17:44:52
AMN,660020000.0,,14.42,,0.24,0.92,15.9,2.55,-66.08%,6.44%,-,-19.45%,6.07%,17.24,0.0189,2129402.0,2025-08-08 17:44:52
ZVRA,657250000.0,,19.08,,16.19,16.02,10.49,,108.44%,227.27%,29.64%,-,12.96%,12.02,-0.0091,985818.0,2025-08-08 17:44:52
MTUS,654300000.0,,11.34,,0.62,0.95,3.41,,21.49%,98.19%,-,49.90%,-2.16%,15.57,0.0325,525294.0,2025-08-08 17:44:52
BOE,653520000.0,11.24,,,36.46,0.95,,,-,-,-,-,-,11.46,0.0044,93191.0,2025-08-08 17:44:52
BMBL,652800000.0,,5.65,,0.63,1.14,2.49,3.41,87.28%,293.60%,-,-,16.99%,6.32,-0.0171,3873580.0,2025-08-08 17:44:52
BBW,652640000.0,11.87,11.12,,1.28,4.38,14.72,14.59,3.27%,13.21%,192.69%,-,7.96%,49.41,-0.006,144289.0,2025-08-08 17:44:52
ABUS,651780000.0,,,,42.27,7.85,6.64,,48.68%,4.27%,33.46%,-,0.53%,3.4,0.0,637103.0,2025-08-08 17:44:52
GSBC,651150000.0,9.68,10.6,,1.82,1.04,,10.06,13.78%,-10.53%,0.47%,-,5.92%,56.78,0.0083,26937.0,2025-08-08 17:44:52
GDYN,650260000.0,37.93,16.7,12.73,1.67,1.22,1.93,24.7,-20.85%,23.66%,-36.62%,2.98%,24.26%,7.68,-0.0424,1270239.0,2025-08-08 17:44:52
EQBK,650170000.0,9.18,8.43,1.26,1.9,1.02,,8.75,-7.44%,19.49%,19.87%,7.26%,11.23%,37.12,0.015,67711.0,2025-08-08 17:44:52
GYRE,649430000.0,150.1,,,6.45,9.25,21.73,,140.00%,-,-,-,-,7.19,-0.0014000000000000002,85320.0,2025-08-08 17:44:52
PLYM,647290000.0,4.98,,,3.37,1.19,17.27,8.89,-114.86%,-36.33%,-,-,21.38%,14.37,-0.0055000000000000005,460722.0,2025-08-08 17:44:52
FUFU,645900000.0,363.3,3.94,6.14,1.63,4.28,4.48,,-42.65%,415.38%,-,59.13%,-,3.96,0.0449,286222.0,2025-08-08 17:44:52
NEXA,644970000.0,,6.95,,0.23,0.74,1.61,12.13,144.87%,39.48%,-7.18%,-,3.24%,4.87,-0.008100000000000001,5886.0,2025-08-08 17:44:52
FCBC,644870000.0,12.93,12.4,,3.48,1.28,,13.5,-9.86%,10.94%,2.60%,-,8.72%,35.21,0.0,28446.0,2025-08-08 17:44:52
IMOS,644760000.0,18.08,,,0.92,0.87,1.57,,-34.36%,-,-11.72%,-,1.44%,17.98,0.005600000000000001,12897.0,2025-08-08 17:44:52
VMEO,644610000.0,51.25,39.9,15.25,1.55,1.64,2.13,13.25,-56.25%,39.29%,-,3.36%,16.30%,3.89,-0.0371,1374290.0,2025-08-08 17:44:52
DOMO,642550000.0,,943.3,,2.03,,13.62,,61.03%,108.36%,14.16%,-,12.83%,15.97,-0.0226,662973.0,2025-08-08 17:44:52
VLRS,642290000.0,,,,0.21,2.53,0.81,,-184.43%,84.69%,-4.40%,-12.22%,11.68%,5.59,-0.042800000000000005,411975.0,2025-08-08 17:44:52
SIGA,641590000.0,7.8,,,3.57,3.06,3.52,5.39,-,-,-,-,38.99%,8.96,0.048,830357.0,2025-08-08 17:44:52
VEL,641520000.0,8.01,7.08,0.86,1.17,1.1,6.6,18.4,9.52%,11.69%,17.03%,9.29%,23.41%,17.58,0.0765,172936.0,2025-08-08 17:44:52
NESR,641410000.0,8.32,5.6,0.46,0.49,0.7,8.15,7.69,19.53%,24.20%,11.99%,18.17%,14.61%,6.65,-0.0089,349602.0,2025-08-08 17:44:52
BBNX,640750000.0,,,,8.21,2.12,2.57,,75.78%,11.89%,-,40.27%,-,14.74,-0.0232,488823.0,2025-08-08 17:44:52
AXGN,639580000.0,,29.16,,3.15,5.67,17.81,129.47,106.41%,77.64%,21.24%,86.44%,11.91%,13.9,-0.0121,1060862.0,2025-08-08 17:44:52
TBLD,638620000.0,8.53,,,,,,,-,-,-,-,-,19.87,0.0011,61265.0,2025-08-08 17:44:52
HY,637810000.0,28.88,13.28,,0.16,1.17,9.53,7.02,-101.80%,1968.97%,30.29%,-18.77%,5.53%,35.99,-0.037200000000000004,77079.0,2025-08-08 17:44:52
CDNA,637130000.0,11.72,231.66,,1.87,1.95,3.42,53.63,-142.65%,113.03%,-,-11.41%,21.31%,11.97,-0.0083,1640109.0,2025-08-08 17:44:52
CGNT,636810000.0,,32.78,,1.75,3.31,6.19,44.72,208.33%,45.95%,-,-,-5.17%,8.85,-0.0264,253232.0,2025-08-08 17:44:52
VSTS,636790000.0,,17.44,,0.24,0.72,26.82,2.47,-62.50%,19.11%,-34.27%,-5.55%,2.30%,4.83,-0.0694,3352918.0,2025-08-08 17:44:52
FSBC,636560000.0,12.21,9.21,,2.72,1.53,,9.34,21.46%,17.85%,5.64%,-,24.95%,29.8,0.0195,25344.0,2025-08-08 17:44:52
BWMN,635820000.0,59.55,20.57,,1.38,2.55,40.91,18.78,16.17%,28.69%,3.31%,-,30.26%,36.9,0.0329,200448.0,2025-08-08 17:44:52
THQ,634760000.0,118.0,,,,,,,-,-,-,-,-,15.34,0.0052,381439.0,2025-08-08 17:44:52
TRST,634310000.0,11.88,,,2.37,0.91,,15.14,-,-,-2.98%,-,4.31%,33.35,0.013999999999999999,77252.0,2025-08-08 17:44:52
SXC,634140000.0,8.7,11.52,,0.34,0.94,3.41,4.12,-50.89%,18.18%,-,-16.16%,3.88%,7.49,0.0067,729064.0,2025-08-08 17:44:52
MGTX,633270000.0,,,,18.35,18.91,9.52,,57.08%,73.19%,-5.10%,22.68%,20.15%,7.88,0.0341,324339.0,2025-08-08 17:44:52
ADSE,632310000.0,,,,5.32,,26.71,,158.57%,-,-,-,-,11.53,0.0721,76213.0,2025-08-08 17:44:52
THFF,631760000.0,10.18,8.5,,1.88,1.08,,9.65,56.92%,-0.05%,1.05%,-,10.38%,53.31,0.0141,42276.0,2025-08-08 17:44:52
CAC,630790000.0,11.83,7.31,,1.9,0.97,,26.13,16.64%,19.91%,-0.40%,-,7.04%,37.32,0.018000000000000002,43642.0,2025-08-08 17:44:52
IBCP,630610000.0,9.92,9.06,,1.98,1.34,,8.37,8.43%,3.70%,9.58%,-,10.35%,30.45,0.0083,43984.0,2025-08-08 17:44:52
MPB,629260000.0,11.48,8.16,,1.96,0.81,,13.86,4.50%,15.66%,6.80%,-,23.41%,27.41,0.0051,48745.0,2025-08-08 17:44:52
AXL,626530000.0,30.07,9.14,1.47,0.11,1.05,1.14,2.95,-19.33%,40.39%,-,20.39%,-1.28%,5.28,0.1528,7656497.0,2025-08-08 17:44:52
LDP,625780000.0,7.34,,,,,,,-,-,-,-,-,21.52,0.0028000000000000004,54271.0,2025-08-08 17:44:52
DAWN,624830000.0,,,,3.33,1.36,1.38,,-21.29%,37.24%,-38.09%,-,-,6.1,0.0116,2121852.0,2025-08-08 17:44:52
EDN,624830000.0,5.03,4.34,,0.27,0.79,1.8,,-86.97%,1814.71%,3.43%,-,3.63%,28.26,-0.031200000000000002,117797.0,2025-08-08 17:44:52
ORRF,624280000.0,14.29,7.43,,1.73,1.14,,21.21,10.48%,3.71%,-1.69%,-,18.70%,32.0,0.0123,116285.0,2025-08-08 17:44:52
FLGT,623200000.0,,,,2.06,0.56,2.13,,-170.80%,-88.90%,-129.89%,-,54.19%,20.36,-0.0022,224313.0,2025-08-08 17:44:52
VMO,621130000.0,25.58,,,11.68,0.86,,,-,-,-,-,-,9.21,0.0,100519.0,2025-08-08 17:44:52
TK,620860000.0,5.2,,,0.63,0.96,0.67,1.58,-,-,-,-,-8.90%,7.43,-0.019799999999999998,657100.0,2025-08-08 17:44:52
ASGI,620850000.0,12.92,,,,,,,-,-,-,-,-,21.45,0.0009,102526.0,2025-08-08 17:44:52
ASPN,620420000.0,,85.47,,1.56,1.97,3.69,,-2351.26%,102.31%,-,51.97%,26.57%,7.55,-0.0026,3907219.0,2025-08-08 17:44:52
ONDS,620400000.0,,,,57.34,17.38,24.42,,49.84%,49.67%,11.28%,53.84%,86.31%,3.55,0.09230000000000001,40965425.0,2025-08-08 17:44:52
AUTL,620110000.0,,,,68.82,1.67,1.2,,-4.86%,20.30%,21.35%,19.46%,-,2.33,-0.0085,1320911.0,2025-08-08 17:44:52
KALV,619920000.0,,,,,6.47,2.81,,8.75%,35.80%,-17.63%,56.58%,-,12.41,-0.0197,585108.0,2025-08-08 17:44:52
BIT,617120000.0,12.09,,,,,,,-,-,-,-,-,14.75,-0.0014000000000000002,555480.0,2025-08-08 17:44:52
NEXN,615860000.0,15.26,7.69,0.92,1.67,1.22,3.74,4.92,14.50%,17.89%,35.64%,16.62%,2.33%,9.65,-0.0253,390901.0,2025-08-08 17:44:52
SCHL,614460000.0,,11.68,,0.38,0.65,4.96,8.53,191.67%,50.00%,44.15%,-,1.80%,24.53,-0.0049,175700.0,2025-08-08 17:44:52
CVLG,613700000.0,17.69,9.46,,0.54,1.38,54.6,383.57,-11.45%,39.29%,41.63%,-,5.03%,23.11,-0.012,61049.0,2025-08-08 17:44:52
GOOD,613050000.0,36.3,43.12,6.23,3.99,3.45,28.34,9.31,-11.11%,26.39%,-,5.83%,5.48%,13.08,0.0038,321890.0,2025-08-08 17:44:52
ULH,612780000.0,10.05,10.16,,0.37,0.95,17.92,,-74.65%,83.20%,29.78%,-,4.07%,23.27,-0.0004,23499.0,2025-08-08 17:44:52
INN,612750000.0,,,,0.84,0.61,12.71,7.89,-177.27%,-94.12%,-19.44%,-,5.90%,5.03,-0.0401,1044722.0,2025-08-08 17:44:52
MBUU,612190000.0,,12.35,,0.81,1.2,15.81,32.25,-18.02%,64.07%,-,18.07%,3.92%,31.9,-0.011200000000000002,125277.0,2025-08-08 17:44:52
ZBIO,612040000.0,,,,40.8,2.15,1.96,,66.58%,6.09%,-,32.39%,-,14.63,-0.0115,84361.0,2025-08-08 17:44:52
BUI,610820000.0,16.92,,,,,,,-,-,-,-,-,26.9,0.0040999999999999995,58884.0,2025-08-08 17:44:52
LAC,610760000.0,,,,,1044.94,1454.19,,7.10%,-36.33%,-,-11.50%,-,2.79,0.022000000000000002,6391795.0,2025-08-08 17:44:52
TEN,610690000.0,4.52,2.91,0.13,0.76,0.36,1.75,,14.97%,79.48%,-,34.27%,6.12%,20.27,-0.0131,214745.0,2025-08-08 17:44:52
GLAD,610270000.0,6.94,13.65,,6.57,1.28,,,-5.45%,0.39%,-,-,-,27.33,0.008100000000000001,164763.0,2025-08-08 17:44:52
PRTH,610110000.0,29.4,6.76,,0.66,,9.42,16.39,376.77%,31.93%,9.31%,-,18.79%,7.65,0.0268,433276.0,2025-08-08 17:44:52
IFN,609240000.0,4.82,,,117.25,0.83,,,-,-,-,-,-,15.27,-0.006500000000000001,146969.0,2025-08-08 17:44:52
KREF,609060000.0,,11.3,,1.18,0.67,5.65,5.83,143.92%,82.59%,-34.59%,-,16.53%,9.24,-0.0043,435260.0,2025-08-08 17:44:52
DGICA,607940000.0,7.1,8.46,0.52,0.61,1.0,,7.71,34.65%,5.39%,-1.76%,13.78%,4.03%,16.92,0.0036,156022.0,2025-08-08 17:44:52
NAT,607720000.0,16.75,8.61,0.71,1.9,1.21,5.89,8.24,19.85%,26.38%,-,23.47%,1.97%,2.87,-0.0171,1838991.0,2025-08-08 17:44:52
ABL,606180000.0,,6.08,,3.71,1.31,8.1,,17.44%,26.03%,-7.85%,21.40%,-,5.94,0.08,1558161.0,2025-08-08 17:44:52
SGML,605360000.0,,15.16,,3.26,5.71,19.46,,97.09%,2913.33%,-52.40%,-,-,5.44,0.0462,4384924.0,2025-08-08 17:44:52
ETJ,605040000.0,4.49,,,,,,,-,-,-,-,-,8.99,-0.0055000000000000005,104120.0,2025-08-08 17:44:52
NBBK,604280000.0,12.92,9.01,,1.87,0.95,,9.6,42.48%,18.01%,-,-,-,17.12,0.0012,119798.0,2025-08-08 17:44:52
VINP,603980000.0,24.8,10.42,1.37,4.72,1.83,2.09,278.33,20.27%,18.42%,-10.04%,18.12%,8.18%,9.55,0.0053,30604.0,2025-08-08 17:44:52
DNTH,603320000.0,,,,124.4,1.99,2.34,,-33.57%,-5.35%,40.14%,-14.97%,-,18.76,-0.0204,307019.0,2025-08-08 17:44:52
HTLD,602510000.0,,128.71,,0.65,0.76,26.33,55.68,-19.11%,113.17%,-,-,11.91%,7.67,-0.0116,519404.0,2025-08-08 17:44:52
PRAA,602120000.0,6.64,7.26,,0.51,0.45,4.45,,-3.07%,22.33%,-1.14%,-,2.27%,15.41,-0.016,266504.0,2025-08-08 17:44:52
PHLT,601960000.0,,60.16,,4.38,7.64,60.32,145.05,95.83%,5166.68%,23.94%,-,-3.95%,7.62,-0.0013,2203987.0,2025-08-08 17:44:52
TCPC,601220000.0,,6.97,,2.32,0.77,,,-22.60%,-21.47%,-,-,-,7.07,0.0187,749832.0,2025-08-08 17:44:52
BEAG,599990000.0,72.7,,,,1.29,29999.34,,-,-,-,-,-,10.44,0.0019,138396.0,2025-08-08 17:44:52
NYMT,599680000.0,34.98,7.6,,1.03,0.71,2.24,7.81,172.35%,5.89%,-,-,-7.48%,6.64,0.0,538266.0,2025-08-08 17:44:52
ICHR,598670000.0,,16.08,,0.64,0.86,6.49,,119.84%,174.01%,-,97.18%,6.46%,17.44,0.046799999999999994,2498311.0,2025-08-08 17:44:52
SERV,598090000.0,,,,404.11,2.83,3.26,,22.12%,22.40%,-,13.38%,-,10.47,-0.0113,5511911.0,2025-08-08 17:44:52
EMD,597580000.0,9.7,,,8.57,0.97,,,-,-,-,-,-,10.28,0.0029,124595.0,2025-08-08 17:44:52
FOA,597500000.0,30.12,7.24,0.34,0.31,0.84,2.52,,366.97%,21.25%,-3.64%,88.49%,-,24.61,0.0053,77700.0,2025-08-08 17:44:52
FTRE,597460000.0,,8.17,,0.22,1.01,7.36,,59.90%,52.66%,3.94%,46.43%,1.11%,6.58,-0.09119999999999999,1576440.0,2025-08-08 17:44:52
VIR,597340000.0,,,,31.44,0.63,0.86,,15.74%,11.15%,-18.74%,12.11%,55.77%,4.3,-0.0115,1544577.0,2025-08-08 17:44:52
ADV,596730000.0,,4.97,,0.17,0.87,4.96,,143.32%,-9.15%,-,-,-,1.84,0.122,1736769.0,2025-08-08 17:44:52
SPFI,596210000.0,11.46,10.57,,2.03,1.31,,12.03,11.37%,6.86%,11.23%,-,6.39%,36.72,0.0197,45656.0,2025-08-08 17:44:52
BKSY,595650000.0,,,,5.69,6.82,6.27,,39.95%,46.14%,-12.83%,66.60%,-,17.09,-0.006999999999999999,2859531.0,2025-08-08 17:44:52
KFRC,594430000.0,13.51,12.84,7.68,0.44,4.42,240.66,9.83,-21.98%,19.06%,4.33%,1.76%,0.85%,31.96,0.008199999999999999,247258.0,2025-08-08 17:44:52
NGL,594060000.0,,10.98,,0.11,,43.84,11.07,115.00%,355.56%,33.51%,-,-14.48%,4.5,0.125,1732238.0,2025-08-08 17:44:52
SIFY,593270000.0,,272.97,,1.23,3.03,7.5,,23.80%,200.00%,-,-,7.82%,8.2,0.036699999999999997,181679.0,2025-08-08 17:44:52
SMWB,593060000.0,,36.97,,2.3,24.94,8.44,25.31,-81.32%,509.73%,35.99%,30.95%,28.77%,7.16,-0.0529,644086.0,2025-08-08 17:44:52
MYE,592570000.0,60.05,10.35,,0.72,2.08,14.35,10.37,0.96%,45.71%,-22.36%,-,10.15%,15.84,0.0013,183605.0,2025-08-08 17:44:52
OEC,591260000.0,39.1,5.98,6.05,0.32,1.27,13.88,,-25.68%,34.67%,-12.17%,6.46%,4.92%,10.53,-0.0322,825554.0,2025-08-08 17:44:52
LEGH,590650000.0,10.62,9.65,,3.34,1.17,173.21,28.83,-11.37%,12.28%,16.01%,-,1.74%,24.49,0.0382,110969.0,2025-08-08 17:44:52
RDVT,590560000.0,70.17,36.0,4.15,7.17,6.14,15.2,22.61,29.38%,10.61%,-,16.90%,19.95%,42.25,-0.0045000000000000005,116322.0,2025-08-08 17:44:52
NPWR,589290000.0,,,,2357.16,0.33,1.2,,4.86%,32.75%,-,14.95%,-,2.69,-0.0037,779100.0,2025-08-08 17:44:52
ANAB,588780000.0,,,,4.78,,2.22,,13.31%,-3.52%,-7.30%,-0.75%,62.73%,21.03,0.032400000000000005,1049965.0,2025-08-08 17:44:52
SITC,588430000.0,1.66,,,2.92,1.21,3.62,470.75,-106.22%,-,49.17%,-,-11.41%,11.22,-0.0132,1127120.0,2025-08-08 17:44:52
SMBC,588270000.0,10.06,8.68,,1.93,1.08,,9.37,7.72%,7.53%,11.59%,-,20.17%,52.06,0.0040999999999999995,17848.0,2025-08-08 17:44:52
MYGN,588040000.0,,52.68,,0.71,1.52,7.9,,-97.98%,4136.16%,-,16.36%,-0.32%,6.32,0.0361,2410006.0,2025-08-08 17:44:52
MHD,583990000.0,50.91,,,12.3,0.85,,,-,-,-,-,-,11.2,-0.0044,46577.0,2025-08-08 17:44:52
ODP,583930000.0,16.1,6.73,,0.09,0.73,3.3,6.15,-9.32%,-3.60%,7.27%,-8.23%,-8.07%,19.41,-0.011200000000000002,353956.0,2025-08-08 17:44:52
NDMO,583710000.0,29.7,,,,,,,-,-,-,-,-,9.8,0.0,173649.0,2025-08-08 17:44:52
MGPI,583420000.0,,10.1,,0.96,0.69,33.68,9.87,-54.23%,5.04%,-7.22%,-18.26%,14.17%,27.4,-0.02,219570.0,2025-08-08 17:44:52
SFIX,583280000.0,,,,0.46,2.91,2.49,51.3,76.76%,-17.58%,-,54.41%,-3.25%,4.47,-0.0111,1296148.0,2025-08-08 17:44:52
MUJ,582380000.0,52.14,,,12.06,0.85,,,-,-,-,-,-,10.95,-0.0018,89871.0,2025-08-08 17:44:52
REPX,581040000.0,5.83,4.74,,1.48,1.04,41.41,5.05,-14.97%,17.08%,-,-1.58%,142.30%,26.36,0.0076,144505.0,2025-08-08 17:44:52
OXM,580840000.0,7.56,10.39,,0.38,0.98,71.01,50.95,-57.40%,31.46%,7.72%,-11.24%,6.20%,38.89,0.0039000000000000003,239465.0,2025-08-08 17:44:52
ECX,579290000.0,,15.54,,0.71,,3.95,,77.25%,213.63%,-562.29%,-,-,1.55,-0.0127,3447142.0,2025-08-08 17:44:52
ORGO,577820000.0,,13.2,,1.35,2.48,7.84,,366.67%,1193.73%,-,-,13.06%,4.55,0.0077,1386398.0,2025-08-08 17:44:52
BORR,577710000.0,12.71,149.45,,0.58,0.53,3.37,,-50.86%,-90.77%,-,-17.36%,24.78%,2.17,-0.0398,3926200.0,2025-08-08 17:44:52
FPH,577570000.0,4.96,,,2.93,0.48,1.26,3.84,-,-,50.01%,-,5.23%,5.36,-0.0019,154198.0,2025-08-08 17:44:52
KOP,577090000.0,25.18,5.6,,0.28,1.16,17.33,13.24,12.08%,11.87%,-4.88%,-,5.03%,28.84,-0.1332,405339.0,2025-08-08 17:44:52
DSU,576800000.0,11.49,,,10.13,0.99,,,-,-,-,-,-,10.57,-0.0009,255225.0,2025-08-08 17:44:52
TBPH,576010000.0,,,,8.83,3.47,4.4,17.84,132.78%,-225.62%,22.95%,58.16%,-2.59%,11.52,0.0277,586118.0,2025-08-08 17:44:52
MAZE,575500000.0,,,,,1.97,1.96,,-396.53%,8.18%,-,-,-,13.14,-0.013500000000000002,72288.0,2025-08-08 17:44:52
VTLE,573520000.0,,3.09,,0.3,0.27,19.0,,10.16%,-39.56%,30.67%,-1.70%,18.45%,14.82,-0.0074,1521061.0,2025-08-08 17:44:52
HTBK,572840000.0,14.65,10.64,,2.2,0.82,,12.58,7.58%,23.10%,-4.85%,-,10.46%,9.3,-0.0021,519853.0,2025-08-08 17:44:52
SNCY,571550000.0,10.07,5.83,0.33,0.52,0.93,3.7,4.33,12.29%,56.03%,3.58%,30.85%,8.93%,10.72,-0.0147,994968.0,2025-08-08 17:44:52
FIP,571510000.0,,,,1.49,1.53,1.27,,95.64%,-336.11%,-,-,7.64%,4.98,-0.20190000000000002,7220461.0,2025-08-08 17:44:52
YSG,570900000.0,,47.07,,1.19,2.0,3.23,,117.14%,2233.33%,-82.23%,-,1.45%,9.18,0.0166,297493.0,2025-08-08 17:44:52
LDI,570740000.0,,12.82,,0.49,1.33,1.19,,42.93%,181.14%,-,-,-7.75%,1.73,-0.005699999999999999,2497924.0,2025-08-08 17:44:52
GCI,570340000.0,5.99,53.4,0.73,0.24,2.41,6.44,13.51,50.44%,-71.61%,36.36%,8.25%,6.08%,3.89,-0.0347,1555787.0,2025-08-08 17:44:52
BXC,569440000.0,21.34,20.3,,0.19,0.92,1.47,,-77.02%,140.20%,-,-,2.28%,72.15,-0.023399999999999997,128957.0,2025-08-08 17:44:52
WEAV,569130000.0,,72.79,,2.58,7.38,7.31,43.51,20.00%,73.33%,5.67%,71.62%,34.89%,7.57,-0.0232,1734885.0,2025-08-08 17:44:52
HCKT,568920000.0,34.54,12.19,,1.8,4.75,56.11,16.09,-9.33%,11.38%,8.02%,-,2.13%,20.68,-0.0096,446216.0,2025-08-08 17:44:52
KODK,568690000.0,14.66,,,0.55,1.01,3.41,,-,-,-,-,-3.43%,7.04,-0.011200000000000002,1048157.0,2025-08-08 17:44:52
RIGL,568610000.0,5.86,9.9,0.12,2.12,6.94,5.25,8.64,462.47%,-42.51%,-,49.88%,24.77%,31.7,0.0414,1373576.0,2025-08-08 17:44:52
VENU,568510000.0,,33.58,,32.69,7.2,23.05,,17.83%,163.21%,-,-,-,15.0,0.0,26559.0,2025-08-08 17:44:52
BVS,568440000.0,,9.2,,1.01,2.87,17.27,16.67,15.14%,33.38%,-113.92%,23.81%,11.00%,6.92,-0.0014000000000000002,499051.0,2025-08-08 17:44:52
CNCK,568390000.0,,,,,1.69,,,-,-,-,-,-,4.34,-0.0513,99216.0,2025-08-08 17:44:52
MOFG,567140000.0,,7.63,,2.77,0.97,,9.36,181.53%,24.39%,-,-,-0.78%,27.39,0.0126,73651.0,2025-08-08 17:44:52
AMBR,567050000.0,,,,17.31,4.47,21.63,,-,-,16.23%,-,-30.30%,6.56,-0.0902,79371.0,2025-08-08 17:44:52
DJCO,566410000.0,5.36,,,7.73,1.69,1.27,89.48,-,-,-,-,7.52%,411.21,-0.0101,70455.0,2025-08-08 17:44:52
SMBK,565500000.0,13.45,10.35,,1.89,1.09,,10.23,37.44%,12.89%,2.53%,-,19.28%,33.23,0.0088,34530.0,2025-08-08 17:44:52
THRY,565460000.0,,20.83,,0.75,2.63,45.71,11.53,127.70%,11.55%,-,-,-10.33%,12.87,0.0023,540936.0,2025-08-08 17:44:52
DH,564860000.0,,14.6,,2.28,1.31,2.81,11.8,-35.55%,17.18%,-70.74%,-6.08%,24.15%,3.86,-0.0277,991755.0,2025-08-08 17:44:52
CION,564830000.0,,8.52,,2.4,0.75,73.36,,-63.70%,-7.15%,-7.00%,-,4.60%,10.74,0.0397,396182.0,2025-08-08 17:44:52
SLI,564020000.0,5.48,,,,2.35,17.61,,-113.15%,-21.88%,-31.82%,-,-,2.84,0.059699999999999996,2639710.0,2025-08-08 17:44:52
BLMN,563950000.0,,6.05,,0.14,1.42,11.21,9.16,-41.02%,3.84%,-,-11.22%,-0.93%,6.63,-0.0178,4307254.0,2025-08-08 17:44:52
NKX,563690000.0,13.88,,,12.08,0.92,,,-,-,-,-,-,11.8,0.0,98350.0,2025-08-08 17:44:52
HOUS,563500000.0,,51.7,,0.1,0.37,2.03,,74.23%,132.89%,6.89%,-,-0.61%,5.04,-0.0079,806584.0,2025-08-08 17:44:52
VVR,562280000.0,13.56,,,5.71,0.95,,,-,-,-,-,-,3.66,0.0027,1239859.0,2025-08-08 17:44:52
CSTL,561600000.0,,,,1.62,1.23,2.04,13.62,-419.35%,4.60%,-,-,44.97%,19.36,-0.0148,536830.0,2025-08-08 17:44:52
MRVI,560260000.0,,,,2.32,1.05,1.97,,-186.20%,20.41%,-64.27%,-29.53%,12.61%,2.2,0.0864,1582650.0,2025-08-08 17:44:52
NMCO,559530000.0,37.81,,,9.75,0.93,,,-,-,-,-,-,10.21,0.0049,145307.0,2025-08-08 17:44:52
KRO,559160000.0,8.28,5.21,0.51,0.3,0.66,25.07,,-19.56%,54.57%,-0.07%,16.11%,1.74%,4.86,-0.026099999999999998,305373.0,2025-08-08 17:44:52
PTLO,559090000.0,16.25,19.11,5.0,0.77,1.16,33.64,,-26.59%,14.97%,-,3.25%,8.19%,7.42,-0.038900000000000004,5147974.0,2025-08-08 17:44:52
NBR,558340000.0,,,,0.18,1.68,1.44,,94.85%,-288.37%,26.66%,73.68%,-0.76%,35.48,0.0635,950424.0,2025-08-08 17:44:52
KROS,557650000.0,43.82,,14.14,2.39,0.79,0.81,10.51,109.03%,-1105.92%,-48.13%,3.10%,-18.71%,13.73,0.0277,716794.0,2025-08-08 17:44:52
BCAX,556270000.0,,,,,1.21,1.2,,41.07%,-13.30%,-,11.75%,-,10.2,0.0,185109.0,2025-08-08 17:44:52
DAVA,555800000.0,32.16,8.29,5.66,0.56,0.9,6.3,10.35,-0.94%,0.92%,-9.83%,5.68%,20.14%,12.49,0.0255,745580.0,2025-08-08 17:44:52
TYRA,555710000.0,,,,,1.71,1.74,,-40.21%,-12.32%,-73.69%,-19.53%,-,10.45,-0.0279,159842.0,2025-08-08 17:44:52
CCD,555170000.0,16.82,,,,,,,-,-,-,-,-,20.52,-0.001,67208.0,2025-08-08 17:44:52
BGB,554280000.0,9.93,,,,,,,-,-,-,-,-,12.41,-0.0008,40819.0,2025-08-08 17:44:52
BAK,552100000.0,,,,0.04,,0.24,,86.41%,47.87%,-24.21%,-,1.60%,3.2,0.0526,1761529.0,2025-08-08 17:44:52
RLAY,552050000.0,,,,71.88,0.76,0.78,,21.06%,10.55%,-23.05%,12.70%,-,3.22,-0.0774,4399447.0,2025-08-08 17:44:52
MUX,551880000.0,,9.06,,3.28,1.14,7.94,,129.37%,345.73%,12.31%,-,8.32%,10.2,-0.050300000000000004,1300705.0,2025-08-08 17:44:52
ASM,551570000.0,40.15,15.39,0.66,7.85,3.67,20.71,34.13,175.00%,50.00%,-,60.91%,16.40%,3.81,0.027000000000000003,5349014.0,2025-08-08 17:44:52
GROY,550670000.0,,378.22,,44.48,0.99,170.49,,-28.67%,166.37%,-36.30%,-,-,3.23,0.0487,2722153.0,2025-08-08 17:44:52
LYTS,550580000.0,25.68,16.83,2.04,1.01,2.48,128.04,15.11,-5.00%,20.78%,-,12.57%,7.39%,18.35,0.006,48021.0,2025-08-08 17:44:52
ARKO,549060000.0,62.76,85.94,,0.07,2.08,1.7,5.95,10.26%,-60.46%,-,-9.93%,16.16%,4.87,0.0362,501653.0,2025-08-08 17:44:52
PEO,546310000.0,,,,27.45,0.88,,,-,-,-,-,-,20.79,-0.0019,28341.0,2025-08-08 17:44:52
CASS,545030000.0,22.17,13.52,0.61,2.59,2.27,2.5,17.49,58.99%,38.01%,-7.63%,36.05%,6.21%,41.24,-0.001,66349.0,2025-08-08 17:44:52
SAGE,544930000.0,,,,7.74,1.47,1.49,,47.31%,34.96%,13.20%,-,43.12%,8.68,0.0,0.0,2025-08-08 17:44:52
AEHR,544450000.0,,57.47,,9.23,4.43,21.58,,-24.44%,179.41%,-1.55%,52.31%,21.48%,18.2,-0.032400000000000005,993175.0,2025-08-08 17:44:52
GBFH,543690000.0,27.87,16.08,,5.45,3.58,,,27.74%,35.43%,24.76%,-,33.53%,38.1,0.0184,33311.0,2025-08-08 17:44:52
OMI,543200000.0,,3.67,,0.05,0.96,9.14,,6.95%,18.12%,-35.63%,14.54%,3.04%,7.09,0.12359999999999999,1696931.0,2025-08-08 17:44:52
AMRK,542980000.0,14.83,9.16,4.36,0.05,0.84,4.75,3.72,-71.76%,209.98%,78.46%,3.40%,15.19%,22.05,-0.0059,204026.0,2025-08-08 17:44:52
BLW,542900000.0,11.27,,,8.53,1.01,,,-,-,-,-,-,14.2,-0.0028000000000000004,69186.0,2025-08-08 17:44:52
GHY,542240000.0,8.03,,,,,,,-,-,-,-,-,13.25,-0.003,110060.0,2025-08-08 17:44:52
AVK,540380000.0,12.0,,,13.52,1.06,,,-,-,-,-,-,12.24,0.0016,79112.0,2025-08-08 17:44:52
IIM,540350000.0,25.51,,,12.24,0.87,,,-,-,-,-,-,11.48,-0.0069,128888.0,2025-08-08 17:44:52
MMU,540180000.0,,,,13.69,0.84,,,-,-,-,-,-,9.89,-0.003,194729.0,2025-08-08 17:44:52
BLDP,539690000.0,,,,7.64,0.83,0.93,,68.62%,8.43%,-45.23%,36.61%,-7.99%,1.8,-0.027000000000000003,2508807.0,2025-08-08 17:44:52
WIW,539640000.0,17.64,,,14.69,0.91,,,-,-,-,-,-,8.82,0.0,123892.0,2025-08-08 17:44:52
APEI,538940000.0,28.28,12.97,0.62,0.84,1.98,3.05,10.73,45.09%,54.99%,-2.10%,45.72%,16.89%,29.83,0.0276,349119.0,2025-08-08 17:44:52
CTO,538240000.0,,112.69,,3.82,0.94,28.57,9.52,-120.00%,118.83%,-,-,22.61%,16.34,-0.0055000000000000005,190281.0,2025-08-08 17:44:52
STK,537920000.0,3.94,,,,,,,-,-,-,-,-,31.15,0.0006,49462.0,2025-08-08 17:44:52
RGR,537390000.0,107.54,15.95,,1.0,1.87,5.3,14.09,-81.07%,522.39%,-0.52%,-,5.47%,33.25,0.0,154299.0,2025-08-08 17:44:52
AIRO,536309999.99999994,,,,6.31,0.61,39.73,39.15,-19.20%,-361.31%,-,-,-,20.49,-0.013000000000000001,437014.0,2025-08-08 17:44:52
UHT,536190000.00000006,30.01,22.38,3.19,5.44,3.25,81.86,11.87,13.67%,9.49%,0.16%,9.40%,5.11%,38.71,0.0179,63683.0,2025-08-08 17:44:52
FTHY,535780000.0,10.48,,,,,,,-,-,-,-,-,14.57,-0.0021,50790.0,2025-08-08 17:44:52
CCAP,535539999.99999994,10.78,8.59,,2.83,0.74,,,-23.89%,-7.94%,-,-,-,14.45,0.0183,149094.0,2025-08-08 17:44:52
SCVL,534960000.00000006,8.19,11.23,68.22,0.45,0.82,5.76,13.5,-31.40%,-6.61%,12.93%,0.12%,3.02%,19.57,-0.04769999999999999,481694.0,2025-08-08 17:44:52
SMLR,534900000.0,14.88,,,12.45,1.29,38.51,43.92,-163.48%,84.54%,22.23%,-,11.43%,36.13,-0.037599999999999995,580203.0,2025-08-08 17:44:52
BGY,534390000.0,52.27,,,32.91,0.97,,,-,-,-,-,-,5.75,0.0052,210042.0,2025-08-08 17:44:52
TRML,532270000.0,,,,,1.9,2.13,,-19.25%,-20.53%,8.04%,-18.42%,-,20.72,-0.0286,178434.0,2025-08-08 17:44:52
TERN,532059999.99999994,,,,,1.74,1.69,,-3.28%,-8.36%,16.38%,-8.19%,-,6.08,0.078,798851.0,2025-08-08 17:44:52
GUT,532030000.0,12.06,,,52.46,1.95,,,-,-,-,-,-,6.03,-0.0115,201185.0,2025-08-08 17:44:52
CCO,531799999.99999994,,,,0.31,,3.8,,112.56%,-344.24%,20.67%,49.56%,-10.92%,1.07,-0.036000000000000004,2193273.0,2025-08-08 17:44:52
RAPP,531039999.99999994,,,,,2.02,2.04,,17.57%,-32.75%,-,-7.79%,-,14.55,-0.0558,104519.0,2025-08-08 17:44:52
CLMB,530840000.00000006,23.89,18.38,2.71,0.92,5.05,18.57,37.49,4.28%,14.04%,21.97%,8.83%,17.40%,114.97,0.013000000000000001,36254.0,2025-08-08 17:44:52
PUBM,530480000.0,128.89,489.91,12.5,1.84,1.92,3.68,20.46,-192.74%,110.46%,90.42%,10.31%,20.66%,10.93,-0.022400000000000003,818667.0,2025-08-08 17:44:52
ZIMV,530460000.00000006,,25.99,,1.2,1.28,7.56,94.39,-0.58%,17.41%,-4.63%,8.59%,-15.69%,18.81,-0.0021,213224.0,2025-08-08 17:44:52
GHM,530130000.0,38.54,26.61,,2.46,4.3,49.31,,9.23%,49.69%,42.29%,-,18.30%,48.3,-0.019299999999999998,109599.0,2025-08-08 17:44:52
BCYC,529380000.0,,,,20.55,0.72,0.67,,-36.07%,-12.96%,-0.87%,-11.85%,20.56%,7.65,0.0255,256013.0,2025-08-08 17:44:52
CPAC,529360000.0,9.33,9.84,0.92,0.97,1.44,23.3,7.44,-3.89%,6.05%,6.01%,10.15%,4.78%,6.24,0.0088,3694.0,2025-08-08 17:44:52
GDOT,529150000.0,,6.79,,0.29,0.56,0.28,24.36,-11.31%,16.87%,-,5.96%,9.23%,9.64,-0.0062,587672.0,2025-08-08 17:44:52
WASH,527909999.99999994,,8.99,,1.77,1.01,,8.4,267.42%,12.28%,-,-,3.46%,27.56,0.0125,132300.0,2025-08-08 17:44:52
CCCX,527830000.00000006,,,,,,,,-,-,-,-,-,10.14,0.0001,2303.0,2025-08-08 17:44:52
GAIN,527230000.0,8.02,16.38,,5.63,1.05,,,16.84%,-1.80%,-,-,-,14.28,0.0207,149314.0,2025-08-08 17:44:52
USNA,527140000.0,16.01,8.5,,0.59,0.99,3.48,10.34,0.97%,29.83%,-13.02%,-,-4.23%,28.85,-0.0048,93458.0,2025-08-08 17:44:52
ALRS,526720000.0,12.34,8.53,0.66,1.39,0.99,,164.6,69.72%,-0.49%,-15.35%,18.76%,10.33%,20.74,0.012199999999999999,80656.0,2025-08-08 17:44:52
DNUT,526059999.99999994,,,,0.34,0.76,24.11,,-236.27%,74.73%,-,-28.90%,11.66%,3.08,-0.031400000000000004,3461666.0,2025-08-08 17:44:52
PGEN,525419999.99999994,,,,125.1,,6.55,,25.00%,88.65%,25.76%,-,-46.64%,1.78,-0.053200000000000004,1904616.0,2025-08-08 17:44:52
XRX,524539999.99999994,,2.69,,0.08,0.47,0.55,1.74,-51.20%,227.47%,-,25.12%,-7.26%,4.17,-0.0118,3675155.0,2025-08-08 17:44:52
TWI,523940000.00000006,,18.72,,0.29,0.92,2.84,,-168.46%,346.07%,37.33%,-,4.97%,8.2,-0.047599999999999996,509310.0,2025-08-08 17:44:52
BHK,523809999.99999994,53.72,,,10.04,0.94,,,-,-,-,-,-,9.67,-0.0031,148473.0,2025-08-08 17:44:52
TTI,522460000.00000006,4.53,13.33,0.08,0.86,1.8,7.59,48.06,29.41%,33.64%,-,59.51%,1.31%,3.92,0.0077,1751125.0,2025-08-08 17:44:52
HIFS,522429999.99999994,15.62,,,2.4,1.17,,23.71,-,-,-6.34%,-,13.44%,239.62,-0.013500000000000002,97006.0,2025-08-08 17:44:52
CBNK,522280000.0,11.79,8.78,,1.95,1.38,,8.92,26.83%,3.75%,11.83%,-,17.12%,31.53,0.0106,61786.0,2025-08-08 17:44:52
VGM,521710000.00000006,25.32,,,12.33,0.87,,,-,-,-,-,-,9.62,0.0021,179597.0,2025-08-08 17:44:52
EIM,521299999.99999994,,,,10.76,0.84,,,-,-,-,-,-,9.64,-0.0021,87831.0,2025-08-08 17:44:52
DIAX,521140000.0,8.58,,,46.29,0.86,,,-,-,-,-,-,14.33,0.0007000000000000001,83116.0,2025-08-08 17:44:52
SEPN,520880000.0,,,,531.51,1.3,1.55,,112.13%,-350.88%,-,25.50%,-,11.69,-0.0009,140379.0,2025-08-08 17:44:52
CEVA,519460000.00000006,,28.58,,4.76,1.93,3.28,494.73,25.00%,68.89%,-,39.15%,4.18%,21.72,0.0255,322444.0,2025-08-08 17:44:52
LZMH,517039999.99999994,,,,,,,,-,-,-,-,-,3.4,-0.09570000000000001,825200.0,2025-08-08 17:44:52
AIOT,516429999.99999994,,15.28,,1.42,1.16,10.58,,118.60%,216.67%,1.47%,-,26.12%,3.87,-0.0252,2028330.0,2025-08-08 17:44:52
XNCR,515659999.99999994,,,,3.51,0.83,1.16,,26.91%,-2.89%,-,14.27%,-6.75%,7.23,-0.0123,872504.0,2025-08-08 17:44:52
KIO,515380000.0,30.76,,,,,,,-,-,-,-,-,12.61,-0.0171,297173.0,2025-08-08 17:44:52
EVTL,515299999.99999994,,,,,,5.9,,107.17%,-139.46%,-85.59%,69.63%,-,5.33,0.0076,1207383.0,2025-08-08 17:44:52
LXU,515070000.00000006,,18.6,,0.96,1.04,4.12,,148.74%,192.53%,36.70%,-,7.43%,7.16,-0.032400000000000005,317105.0,2025-08-08 17:44:52
IAUX,513549999.99999994,,,,9.17,0.85,38.04,,-3.40%,-,-,-,36.80%,0.62,0.0471,7790030.0,2025-08-08 17:44:52
SUPX,513460000.00000006,,,,,,,,-,-,-50.17%,-,-18.29%,23.16,-0.13970000000000002,225609.0,2025-08-08 17:44:52
MATV,513000000.0,,8.9,,0.26,1.23,4.84,11.15,1.61%,67.46%,-,27.00%,14.16%,9.39,0.1099,1355773.0,2025-08-08 17:44:52
SHBI,512960000.00000006,9.54,8.25,,1.53,0.91,,9.24,35.61%,4.10%,0.72%,-,36.32%,15.37,0.0125,106289.0,2025-08-08 17:44:52
CTKB,512710000.00000006,,,,2.62,1.36,1.96,47.17,-173.26%,43.89%,18.28%,-16.20%,28.20%,4.03,-0.0195,1543293.0,2025-08-08 17:44:52
RMR,511190000.0,13.93,8.96,,0.68,1.17,4.21,10.1,29.41%,1.70%,-21.37%,-,4.70%,16.04,-0.0012,111248.0,2025-08-08 17:44:52
GUG,511190000.0,6.35,,,,,,,-,-,-,-,-,15.5,-0.0026,61286.0,2025-08-08 17:44:52
FMNB,510410000.0,10.11,7.84,,1.84,1.17,,9.5,27.87%,10.90%,-0.92%,-,15.59%,13.56,0.0067,68192.0,2025-08-08 17:44:52
NPB,510320000.0,,5.43,,,0.84,,,21.80%,22.37%,-,17.41%,-,14.85,0.022000000000000002,91415.0,2025-08-08 17:44:52
CODI,510100000.0,,2.54,,0.23,0.58,8.54,,12.51%,10.79%,7.00%,-,8.67%,6.78,-0.0015,837329.0,2025-08-08 17:44:52
VKQ,509640000.0,25.58,,,11.97,0.86,,,-,-,-,-,-,9.21,0.0033,115017.0,2025-08-08 17:44:52
WDH,509460000.0,12.47,27.99,0.77,1.3,0.98,1.45,,318.43%,10.95%,-,16.22%,11.99%,1.81,0.04019999999999999,208406.0,2025-08-08 17:44:52
MRNO,507620000.0,,,,,,,,-,-,-,-,-,6.4,0.030600000000000002,6768.0,2025-08-08 17:44:52
HONE,507110000.0,18.14,12.91,,1.63,0.87,,26.77,21.83%,18.18%,15.05%,-,13.14%,11.75,0.0103,95911.0,2025-08-08 17:44:52
SRDX,506340000.0,,,,4.16,4.59,16.25,,12.50%,7.14%,-,-,4.73%,35.41,0.011399999999999999,186175.0,2025-08-08 17:44:52
EGBN,506080000.0,,9.8,,0.75,0.43,,6.4,-223.67%,173.12%,-,11.70%,9.17%,16.66,0.0233,361980.0,2025-08-08 17:44:52
CLNE,506050000.0,,,,1.19,0.85,2.08,8.85,-1097.73%,50.25%,-,-,3.48%,2.29,0.1225,7196433.0,2025-08-08 17:44:52
RZLT,505450000.0,,,,,4.26,5.82,,30.68%,-1.63%,40.87%,12.86%,-,5.81,0.0431,420618.0,2025-08-08 17:44:52
TSSI,504160000.0,56.25,,,1.92,50.37,13.69,50.57,-,-,108.83%,-,35.21%,20.15,-0.0886,4148668.0,2025-08-08 17:44:52
KRT,503120000.0,15.79,13.96,2.16,1.14,3.28,8.83,11.2,-3.66%,13.61%,67.34%,7.32%,13.45%,25.06,-0.06280000000000001,123391.0,2025-08-08 17:44:52
AVNS,502070000.0,,12.02,,0.73,0.65,5.56,5.71,-40.74%,12.50%,-54.63%,-,-0.28%,10.82,0.0074,787704.0,2025-08-08 17:44:52
TCBX,502050000.0,12.07,10.05,,1.44,1.01,,12.15,23.67%,4.86%,69.60%,-,46.00%,36.22,0.0154,26765.0,2025-08-08 17:44:52
IVR,501820000.0,19.23,3.55,,1.86,0.94,2.63,3.46,-17.70%,-9.66%,-51.53%,-10.09%,12.86%,7.61,0.0013,909571.0,2025-08-08 17:44:52
GILT,501610000.0,22.41,14.35,1.94,1.43,1.59,7.67,23.61,-26.53%,70.14%,-7.96%,11.54%,3.00%,8.79,-0.0222,784528.0,2025-08-08 17:44:52
PUMP,501120000.0,,,,0.37,0.61,6.04,14.54,97.43%,77.17%,-,-,-6.79%,4.82,0.0433,2115140.0,2025-08-08 17:44:52
FISI,500820000.0,,6.41,,1.95,0.86,,18.03,-0.57%,11.82%,-,-,4.99%,24.88,0.0077,85078.0,2025-08-08 17:44:52
HELE,500660000.0,,4.37,,0.27,0.41,19.81,4.47,-36.92%,10.25%,-2.26%,-,2.23%,21.81,-0.008199999999999999,397467.0,2025-08-08 17:44:52
OTLY,500420000.0,,,,0.6,5.24,7.37,,65.82%,27.20%,-41.20%,37.88%,32.15%,16.51,0.003,90089.0,2025-08-08 17:44:52
BWMX,498930000.0,17.01,5.96,,0.69,7.99,24.06,13.96,6.71%,19.82%,7.93%,-,36.86%,13.37,0.0015,52607.0,2025-08-08 17:44:52
IQI,498170000.0,24.79,,,12.28,0.87,,,-,-,-,-,-,9.42,-0.0011,125716.0,2025-08-08 17:44:52
IVA,498010000.0,,,,50.0,,4.98,,76.08%,-8.74%,-18.31%,39.18%,4.90%,3.58,-0.0165,36214.0,2025-08-08 17:44:52
TROX,497760000.0,,11.93,,0.17,0.3,3.74,,-538.05%,151.57%,17.16%,-,3.09%,3.14,-0.0279,4065140.0,2025-08-08 17:44:52
BHB,497660000.0,11.6,8.65,,2.21,0.97,,10.31,7.04%,13.49%,14.40%,-,6.94%,29.83,-0.009000000000000001,52062.0,2025-08-08 17:44:52
POET,497390000.0,,,,2486.97,13.21,10.23,,156.55%,-130.77%,-13.09%,-,-,5.49,0.024300000000000002,1140503.0,2025-08-08 17:44:52
EU,497310000.0,,53.05,,10.77,1.86,11.17,,33.26%,122.18%,-70.82%,-,-,2.67,-0.0074,1681610.0,2025-08-08 17:44:52
KELYA,497000000.0,,5.02,,0.11,0.39,26.86,4.73,-9.08%,32.43%,-,-,-4.15%,14.15,0.10460000000000001,669321.0,2025-08-08 17:44:52
GNTY,496000000.0,13.9,13.17,,2.69,1.5,,11.13,19.34%,1.53%,6.08%,-,9.00%,43.71,0.0076,25664.0,2025-08-08 17:44:52
FRPH,495980000.0,92.77,,,11.72,1.16,3.21,17.11,-,-,-16.21%,-,11.95%,25.99,0.0499,59403.0,2025-08-08 17:44:52
LAB,495670000.0,,,,2.92,1.09,1.92,,55.47%,37.16%,11.61%,66.44%,8.27%,1.3,0.0116,1284939.0,2025-08-08 17:44:52
ACIC,495140000.0,6.21,7.06,,1.55,1.71,,3.37,-13.46%,7.41%,-,-1.30%,-18.50%,10.24,-0.043899999999999995,348733.0,2025-08-08 17:44:52
RSVR,494970000.0,66.23,75.5,,3.06,1.34,33.31,11.92,-4.17%,-13.04%,-,-,-,7.55,-0.0066,146256.0,2025-08-08 17:44:52
OSPN,494770000.0,8.51,8.77,2.49,2.06,2.04,5.33,9.16,7.95%,3.33%,49.45%,3.42%,-0.83%,12.91,0.015700000000000002,699628.0,2025-08-08 17:44:52
OFIX,494080000.0,,,,0.61,1.08,7.19,,37.01%,35.16%,-17.02%,32.01%,11.69%,12.51,-0.015,453384.0,2025-08-08 17:44:52
BCAL,493330000.0,17.61,9.4,,2.09,0.9,,10.52,31.06%,-6.36%,-22.41%,-,35.23%,15.22,0.0026,65470.0,2025-08-08 17:44:52
NLOP,493160000.0,,,,4.16,0.99,8.78,11.76,-,-,-,-,-,33.29,-0.0054,100739.0,2025-08-08 17:44:52
NML,491800000.0,2.88,,,,,,,-,-,-,-,-,8.68,-0.0023,150714.0,2025-08-08 17:44:52
CVGW,491060000.0,48.13,13.94,,0.71,2.4,8.14,15.06,60.95%,16.86%,-,-,-11.17%,27.53,0.021099999999999997,184177.0,2025-08-08 17:44:52
MCVT,490850000.0,31.28,,,199.53,1.85,61.51,358.28,-,-,-,-,-5.75%,5.99,-0.0292,441101.0,2025-08-08 17:44:52
OLP,490100000.0,17.55,,,5.17,1.56,25.74,12.21,-,-,9.86%,-,1.37%,22.69,-0.0013,56799.0,2025-08-08 17:44:52
ORKA,490090000.0,,,,,1.35,1.4,,47.54%,-18.20%,36.88%,13.33%,-,13.09,-0.0424,71538.0,2025-08-08 17:44:52
VCV,490050000.0,28.39,,,12.74,0.93,,,-,-,-,-,-,10.22,-0.0029,179215.0,2025-08-08 17:44:52
YRD,489940000.0,2.66,,,0.59,0.36,0.82,,-,-,6.86%,-,-8.50%,5.67,-0.0034999999999999996,56808.0,2025-08-08 17:44:52
NUTX,488400000.0,7.39,7.41,,0.78,2.47,5.57,7.03,-44.97%,121.96%,-,-,222.94%,87.92,-0.0147,108618.0,2025-08-08 17:44:52
SLDB,487570000.0,,,,,1.66,1.59,,28.86%,0.72%,41.25%,15.42%,-,6.29,0.016200000000000003,1125760.0,2025-08-08 17:44:52
RMT,487320000.0,7.26,,,76.04,0.86,,,-,-,-,-,-,9.44,0.0032,75623.0,2025-08-08 17:44:52
GOTU,486780000.0,,247.46,,0.69,3.33,1.44,,76.61%,111.12%,-,-,15.63%,3.66,0.0055000000000000005,287709.0,2025-08-08 17:44:52
RPAY,486730000.0,,5.47,,1.57,0.61,2.48,3.84,-9.27%,12.83%,36.17%,2.58%,24.51%,5.15,-0.032,945027.0,2025-08-08 17:44:52
ASIX,486680000.0,6.39,,,0.32,0.59,26.38,18.16,-,-,2.51%,-,3.18%,18.13,-0.0141,183485.0,2025-08-08 17:44:52
NAK,486100000.0,,,,,12.29,59.21,,-6.72%,46.85%,19.53%,24.98%,-,0.9,0.0594,11101028.0,2025-08-08 17:44:52
KE,485650000.0,27.9,19.77,,0.32,0.89,9.1,3.99,-34.33%,8.04%,-7.68%,-8.16%,7.72%,19.92,0.022099999999999998,129955.0,2025-08-08 17:44:52
GPRE,483960000.0,,,,0.2,0.61,3.82,,-16.76%,95.80%,21.65%,-,0.28%,7.4,0.0123,1371775.0,2025-08-08 17:44:52
NOA,482650000.0,18.83,5.93,0.65,0.56,1.51,8.88,,125.98%,15.37%,1.93%,28.76%,9.44%,16.4,0.023700000000000002,143132.0,2025-08-08 17:44:52
HZO,482290000.0,,12.11,,0.21,0.51,3.19,,-63.85%,140.92%,1.01%,8.64%,14.46%,22.47,-0.0256,297788.0,2025-08-08 17:44:52
FPI,481830000.0,8.93,61.75,,8.76,1.04,9.43,35.2,-70.13%,-44.21%,87.15%,-,1.68%,10.91,0.0028000000000000004,411104.0,2025-08-08 17:44:52
ISD,480980000.0,9.77,,,,,,,-,-,-,-,-,14.46,0.0014000000000000002,43681.0,2025-08-08 17:44:52
BYRN,480190000.0,34.04,29.05,1.73,4.64,7.98,36.99,,-22.18%,70.09%,-,19.70%,147.45%,21.15,-0.0042,372589.0,2025-08-08 17:44:52
KURA,479630000.0,,,,7.05,1.23,0.73,4.34,4.99%,-5.07%,-6.05%,6.80%,-,5.54,-0.0705,3433572.0,2025-08-08 17:44:52
PFIS,479550000.0,14.34,7.57,,1.69,0.97,,12.85,65.92%,1.36%,-22.23%,-,16.16%,47.98,0.0148,12397.0,2025-08-08 17:44:52
CLB,479260000.0,16.44,12.74,8.1,0.93,1.82,15.37,12.22,-18.70%,13.42%,-20.53%,2.03%,-4.75%,10.22,-0.0049,324350.0,2025-08-08 17:44:52
NWPX,478100000.0,14.57,13.13,,0.96,1.28,235.52,9.23,-14.02%,26.11%,3.56%,-0.59%,12.00%,48.4,0.133,128018.0,2025-08-08 17:44:52
GMRE,478020000.0,97.62,103.74,0.9,3.05,1.03,48.88,,625.00%,-12.64%,-34.34%,108.01%,17.14%,6.57,-0.015,777824.0,2025-08-08 17:44:52
GTN,477400000.0,1.79,1.59,,0.13,0.19,2.27,0.69,-122.78%,439.84%,21.51%,-,11.42%,4.13,-0.0024,3053971.0,2025-08-08 17:44:52
PML,477290000.0,,,,10.43,0.84,,,-,-,-,-,-,7.18,-0.0055000000000000005,505749.0,2025-08-08 17:44:52
ASTL,476380000.0,,,,0.29,0.5,7.87,,-,-,-10.89%,-,4.03%,4.54,-0.0381,1247388.0,2025-08-08 17:44:52
RERE,475340000.0,49.59,7.12,,0.2,1.53,1.39,,3191.28%,134.84%,65.96%,-,31.87%,3.6,0.0315,1444207.0,2025-08-08 17:44:52
PNNT,474700000.0,9.96,10.05,,3.43,0.97,,,-18.78%,-3.16%,-,-,-,7.27,0.0055000000000000005,403398.0,2025-08-08 17:44:52
KIDS,474140000.0,,,,2.15,1.33,6.57,,-17.40%,11.33%,-11.79%,10.05%,23.06%,18.91,-0.0151,157582.0,2025-08-08 17:44:52
NPFD,473860000.0,9.16,,,10.5,0.98,,,-,-,-,-,-,19.61,0.0031,45153.0,2025-08-08 17:44:52
BLE,473450000.0,41.33,,,12.43,0.84,,,-,-,-,-,-,9.92,-0.004,48804.0,2025-08-08 17:44:52
NXJ,473350000.0,12.62,,,25.47,0.86,,,-,-,-,-,-,11.48,0.0079,179292.0,2025-08-08 17:44:52
CBLL,473330000.0,,,,6.11,2.74,2.67,,54.24%,7.65%,-,34.51%,-,12.91,0.0262,629190.0,2025-08-08 17:44:52
UNTY,472860000.0,9.52,8.44,,2.69,1.48,,14.66,21.18%,13.48%,13.19%,-,12.32%,47.13,0.013999999999999999,34779.0,2025-08-08 17:44:52
ATYR,471720000.0,,,,,6.29,6.18,,26.96%,2.32%,34.28%,-,-11.05%,5.3,0.0115,3225285.0,2025-08-08 17:44:52
APPS,471430000.0,,5.96,,0.94,3.08,13.81,,-12.86%,139.34%,-,-,28.74%,4.35,-0.0745,4919405.0,2025-08-08 17:44:52
GCL,471160000.0,,,,3.32,12.69,22.04,,-,-,-,-,-,3.73,-0.046,8838.0,2025-08-08 17:44:52
BALY,470530000.0,,,,0.19,0.59,1.78,,89.99%,-17.67%,-,53.07%,36.16%,9.6,0.0073,27429.0,2025-08-08 17:44:52
HPS,470230000.0,8.63,,,9.13,1.01,,,-,-,-,-,-,14.67,0.0027,92752.0,2025-08-08 17:44:52
ANSC,469630000.0,56.96,,,,1.35,,2471.72,-,-,-,-,-,10.89,0.0014000000000000002,486.0,2025-08-08 17:44:52
FRA,468460000.0,11.83,,,8.62,1.03,,,-,-,-,-,-,13.25,0.0038,57040.0,2025-08-08 17:44:52
EBF,468440000.0,12.03,,,1.21,1.55,14.36,10.19,1.30%,-,0.89%,-,-2.08%,18.16,0.01,189073.0,2025-08-08 17:44:52
CMTG,468410000.0,,,,4.73,0.27,2.06,31.44,-17.42%,90.03%,-,-,-7.33%,3.35,0.006,634721.0,2025-08-08 17:44:52
DPG,467450000.0,3.59,,,,,,,-,-,-,-,-,12.73,-0.0016,115753.0,2025-08-08 17:44:52
CWCO,466200000.0,17.65,18.36,,3.64,2.19,4.32,13.49,-19.20%,76.24%,12.16%,-,14.26%,29.29,0.013500000000000002,55773.0,2025-08-08 17:44:52
CCSI,465850000.0,5.52,4.35,,1.33,,8.72,5.4,-4.83%,2.40%,-15.35%,-0.24%,-11.94%,23.84,0.1369,369390.0,2025-08-08 17:44:52
GTEN,465610000.0,,,,,,,,-,-,-,-,-,10.3,0.0078000000000000005,92139.0,2025-08-08 17:44:52
EBS,465160000.0,3.49,8.93,,0.55,0.86,1.72,3.0,611.59%,-18.41%,-,-,-1.15%,8.57,0.04,2710853.0,2025-08-08 17:44:52
TATT,465160000.0,31.39,22.3,1.3,2.9,3.47,92.66,,29.75%,27.94%,61.44%,24.07%,9.31%,37.01,-0.0209,103740.0,2025-08-08 17:44:52
NBB,464440000.0,20.26,,,,,,,-,-,-,-,-,15.8,-0.009399999999999999,27310.0,2025-08-08 17:44:52
EMPD,464340000.0,,,,124.16,0.28,26.28,,-,-,65.44%,-,-,9.8,-0.021,64715.0,2025-08-08 17:44:52
VLGEA,464240000.0,8.99,,,0.2,0.97,4.02,12.67,-,-,13.89%,-,6.36%,34.88,0.0034999999999999996,16092.0,2025-08-08 17:44:52
ARQQ,464090000.0,,,,1933.69,27.27,18.73,,32.05%,47.83%,-,-,-,32.33,-0.0003,314553.0,2025-08-08 17:44:52
EQV,463560000.0,46.55,,,,1.34,433.23,,-,-,-,-,-,10.4,0.001,70982.0,2025-08-08 17:44:52
CHW,462380000.0,12.27,,,25.63,1.01,,,-,-,-,-,-,7.24,0.0,143377.0,2025-08-08 17:44:52
ATNF,462100000.0,,,,,3.37,208.15,,-,-,55.37%,-,-,3.0,-0.12539999999999998,7267856.0,2025-08-08 17:44:52
DDI,461810000.0,3.93,0.21,,1.37,0.51,1.02,2.98,-16.31%,3.56%,24.93%,-3.10%,4.49%,9.32,0.0,12957.0,2025-08-08 17:44:52
ARVN,461800000.0,,,,2.87,0.76,0.54,,55.64%,-136.93%,-5.32%,-2.41%,43.71%,6.29,0.008,2117756.0,2025-08-08 17:44:52
AAM,461290000.0,49.88,,,,1.33,7688.15,,-,-,-,-,-,10.49,0.0029,1012.0,2025-08-08 17:44:52
IGD,460590000.0,6.87,,,31.48,0.95,,,-,-,-,-,-,5.84,0.0069,139990.0,2025-08-08 17:44:52
AUNA,460360000.0,10.94,5.57,0.32,0.4,1.11,5.64,21.39,48.20%,36.03%,-,34.56%,23.04%,6.22,-0.0111,11365.0,2025-08-08 17:44:52
MYD,460080000.0,59.18,,,12.29,0.85,,,-,-,-,-,-,10.06,-0.002,19224.0,2025-08-08 17:44:52
SNDA,459940000.0,,,,1.4,7.83,13.77,,-466.67%,8.17%,49.71%,-,-7.41%,24.38,0.0045000000000000005,20400.0,2025-08-08 17:44:52
PERI,459830000.0,,8.53,,1.07,0.64,1.28,,-19.88%,17.69%,-12.51%,-,13.77%,10.21,0.0241,971072.0,2025-08-08 17:44:52
ETON,459660000.0,,16.38,,7.9,19.18,18.11,37.62,224.44%,460.71%,32.22%,-,109.83%,17.14,0.1232,803613.0,2025-08-08 17:44:52
CAL,458960000.0,5.67,4.74,,0.17,0.76,13.85,156.11,-30.94%,25.82%,15.12%,-0.41%,-1.40%,13.58,-0.0167,471505.0,2025-08-08 17:44:52
SMC,458630000.0,,,,1.03,0.67,15.49,,-,-,19.91%,-,-0.64%,24.44,-0.0161,51506.0,2025-08-08 17:44:52
AROW,458070000.0,15.0,9.16,,1.99,1.11,,16.11,24.39%,17.65%,-4.40%,-,10.03%,27.47,0.0347,36532.0,2025-08-08 17:44:52
DC,458070000.0,,,,,3.5,9.83,,-,-,-242.79%,-,-,4.08,0.0175,675252.0,2025-08-08 17:44:52
TRC,457790000.0,,,,10.1,0.97,22.28,,-10.00%,-,-24.34%,-,-3.29%,17.03,0.0012,138534.0,2025-08-08 17:44:52
SOHU,457360000.0,3.65,,1.37,0.83,0.43,0.55,,-13.57%,7.45%,3.80%,2.66%,-2.34%,15.21,-0.0337,45215.0,2025-08-08 17:44:52
CRML,456530000.0,,,,,5.63,3043.54,,-,-,-1061.66%,-,-,4.63,0.0946,7269368.0,2025-08-08 17:44:52
SVRA,456290000.0,,,,,3.08,2.65,,-0.89%,5.36%,24.35%,27.89%,-,2.64,0.0038,433988.0,2025-08-08 17:44:52
NRIM,456180000.0,10.32,8.57,,2.05,1.57,,58.11,39.88%,4.10%,16.85%,-,12.43%,82.6,0.0137,37381.0,2025-08-08 17:44:52
CPS,456170000.0,16.01,13.25,,0.17,,3.64,19.1,104.54%,1232.26%,-,-,-2.56%,25.87,0.0461,192798.0,2025-08-08 17:44:52
MLR,455460000.0,10.86,9.7,,0.47,1.09,14.31,13.33,-71.85%,166.23%,9.79%,-,8.98%,39.75,0.0003,196227.0,2025-08-08 17:44:52
BME,455320000.0,21.61,,,60.17,0.86,,,-,-,-,-,-,35.23,0.0017000000000000001,73476.0,2025-08-08 17:44:52
BYON,455230000.0,,,,0.4,3.48,3.09,,50.85%,47.55%,-9.95%,48.48%,-0.90%,7.93,-0.0388,2042709.0,2025-08-08 17:44:52
LAR,455140000.0,,29.78,,,0.55,6.16,,41.50%,279.22%,-,-,-,2.81,0.0446,1198891.0,2025-08-08 17:44:52
MNRO,455080000.0,,18.13,,0.38,0.75,58.34,5.73,26.67%,37.75%,-,-,-0.99%,15.18,-0.0206,642448.0,2025-08-08 17:44:52
NFBK,453540000.0,12.32,8.12,,1.77,0.63,,12.98,35.42%,34.36%,-3.35%,-,6.91%,10.64,0.0076,154585.0,2025-08-08 17:44:52
CLFD,453520000.0,1821.67,52.46,,2.53,1.71,3.87,19.98,118.53%,296.83%,-,-,14.41%,32.79,-0.0141,429314.0,2025-08-08 17:44:52
MITK,452680000.0,30.15,9.85,17.63,2.54,1.91,2.71,8.11,-7.64%,13.72%,-,1.71%,15.26%,9.94,0.0882,1093822.0,2025-08-08 17:44:52
TTGT,452520000.0,,82.82,,2.0,0.43,5.75,10.44,103.60%,-19.92%,-,-,17.71%,6.33,-0.0216,427495.0,2025-08-08 17:44:52
MAGN,452470000.0,,,,0.35,0.4,1.64,,-,-,15.44%,-,9.85%,12.71,0.0192,879287.0,2025-08-08 17:44:52
PVLA,452170000.0,,,,334.94,8.11,5.98,,61.80%,-1.12%,29.42%,18.63%,-,40.9,0.047400000000000005,106507.0,2025-08-08 17:44:52
SBC,451910000.0,18.14,7.59,,3.12,2.01,3.42,8.43,20.83%,0.00%,-,-,-,4.4,0.04019999999999999,20872.0,2025-08-08 17:44:52
CMCL,450730000.0,17.62,10.11,2.15,2.37,2.04,51.63,23.56,110.82%,-12.45%,-24.58%,8.21%,19.28%,23.36,0.0268,246801.0,2025-08-08 17:44:52
CRD-A,447720000.0,13.11,8.25,,0.33,2.54,7.6,6.07,23.75%,11.11%,18.29%,-,5.10%,9.07,0.0123,41690.0,2025-08-08 17:44:52
MCS,447560000.0,33.05,22.67,,0.58,1.0,26.8,,260.00%,61.25%,-,-,-2.17%,14.62,-0.0318,320334.0,2025-08-08 17:44:52
ETO,447230000.0,13.58,,,23.06,1.03,,,-,-,-,-,-,27.29,0.0063,18751.0,2025-08-08 17:44:52
ITOS,446920000.0,,,,,0.9,0.87,,-8.49%,54.86%,-34.39%,3.89%,-,10.11,-0.002,1018707.0,2025-08-08 17:44:52
INNV,446890000.0,,81.73,,0.54,1.88,4.39,27.95,-8.62%,123.30%,-,-,10.41%,3.31,0.012199999999999999,11607.0,2025-08-08 17:44:52
PSBD,445780000.0,28.1,8.79,,,,,,-16.44%,-2.84%,-,-,-,13.77,-0.0022,21211.0,2025-08-08 17:44:52
YORW,445400000.0,22.62,19.58,,5.88,1.92,,,-6.34%,18.80%,4.99%,-,7.76%,30.93,0.0016,84639.0,2025-08-08 17:44:52
URG,445090000.0,,122.0,,11.27,4.36,7.73,,26.47%,108.00%,-26.05%,-,0.88%,1.22,0.0,3163934.0,2025-08-08 17:44:52
ACNB,444400000.0,15.73,9.11,,2.76,1.13,,12.56,23.97%,0.67%,2.12%,-,8.55%,42.43,0.012199999999999999,9211.0,2025-08-08 17:44:52
CRD-B,444290000.0,12.82,8.06,,0.33,2.48,7.54,6.02,23.75%,11.11%,18.29%,-,5.10%,8.87,0.0045000000000000005,2048.0,2025-08-08 17:44:52
PKST,444220000.0,,107.54,,1.98,0.6,1.63,4.74,-311.22%,109.11%,-,-,-10.04%,12.08,-0.1259,924750.0,2025-08-08 17:44:52
JELD,444100000.0,,16.02,,0.13,0.93,3.29,,-99.75%,16392.12%,-,-4.54%,-2.52%,5.2,-0.0424,1473176.0,2025-08-08 17:44:52
ALMS,443710000.0,,,,25.52,1.39,2.13,,57.97%,30.84%,-,36.71%,-,4.3,-0.0069,718358.0,2025-08-08 17:44:52
HIVE,443620000.0,,4.86,,3.85,0.76,1.94,,-240.00%,726.91%,1.63%,-,31.59%,2.07,-0.0143,9119250.0,2025-08-08 17:44:52
GLRE,442870000.0,11.82,8.09,,0.65,0.67,,2.96,4.68%,23.33%,-,-,6.49%,12.95,-0.0008,80423.0,2025-08-08 17:44:52
PGC,442510000.0,13.7,6.72,,1.05,0.7,,13.2,19.63%,67.88%,-5.42%,-,11.54%,24.95,0.0016,69977.0,2025-08-08 17:44:52
NUS,441260000.0,4.46,,,0.27,0.56,1.66,6.69,-,-,-,-,-6.47%,8.93,0.08900000000000001,1141599.0,2025-08-08 17:44:52
FINS,439770000.0,8.33,,,13.83,0.93,,,-,-,-,-,-,13.16,0.0015,23574.0,2025-08-08 17:44:52
ASLE,439490000.0,58.46,12.42,0.65,1.25,0.94,76.43,,163.89%,40.00%,20.47%,89.25%,-,8.26,0.0883,1116748.0,2025-08-08 17:44:52
ANPA,438630000.0,480.68,,,74.34,152.57,1462.08,,1.40%,-,-,-,-,35.09,0.1543,44917.0,2025-08-08 17:44:52
VHI,438560000.0,3.77,,,0.21,0.41,1.93,,-,-,17.04%,-,2.10%,15.5,0.0144,5231.0,2025-08-08 17:44:52
TITN,438150000.0,,,,0.16,0.72,20.37,2.0,-29.01%,60.36%,-,-,15.67%,18.98,-0.0026,103088.0,2025-08-08 17:44:52
HNST,437850000.0,70.02,31.48,,1.12,2.35,6.07,,258.33%,31.58%,29.25%,-,9.94%,3.93,0.0521,7726050.0,2025-08-08 17:44:52
PSTL,434230000.0,37.41,41.33,2.26,5.01,1.4,207.76,12.33,58.03%,5.27%,-,16.57%,46.57%,14.44,-0.0116,124582.0,2025-08-08 17:44:52
GNE,434090000.0,50.8,8.13,3.12,0.95,2.2,3.31,9.63,24.64%,15.70%,36.41%,16.29%,6.16%,16.17,0.005,297150.0,2025-08-08 17:44:52
UAMY,433530000.0,,16.3,,22.69,12.97,23.12,,437.50%,230.86%,21.57%,-,12.56%,3.64,0.0341,4817389.0,2025-08-08 17:44:52
ETB,432690000.0,5.64,,,65.95,0.94,,,-,-,-,-,-,14.73,0.0007000000000000001,52969.0,2025-08-08 17:44:52
GRVY,432640000.0,7.54,,,1.16,1.12,1.1,,-,-,12.74%,-,3.48%,62.25,-0.025099999999999997,23137.0,2025-08-08 17:44:52
SNDL,432430000.0,,400.95,,0.64,0.54,2.58,4.15,90.37%,116.62%,59.44%,-,69.58%,1.68,0.006,3108995.0,2025-08-08 17:44:52
COFS,431990000.0,23.28,8.24,10.21,2.44,1.0,,17.54,3.26%,0.48%,15.53%,2.28%,27.24%,28.83,0.013000000000000001,31323.0,2025-08-08 17:44:52
CGEM,430510000.0,,,,,0.88,0.84,,-30.86%,6.25%,-45.66%,-2.89%,-,7.3,0.0377,544965.0,2025-08-08 17:44:52
THW,430380000.0,216.0,,,,,,,-,-,-,-,-,10.8,0.0131,109749.0,2025-08-08 17:44:52
NETD,429290000.0,47.53,,,,1.34,294.03,,-,-,-,-,-,11.26,0.0,52.0,2025-08-08 17:44:52
BWB,429000000.0,12.86,9.11,0.64,1.59,1.05,,12.45,41.59%,15.25%,-0.33%,20.13%,18.50%,15.61,0.011000000000000001,38368.0,2025-08-08 17:44:52
ASC,428990000.0,10.25,8.25,,1.32,0.7,8.67,5.27,-68.25%,41.97%,-,-10.74%,12.02%,10.56,-0.0204,652038.0,2025-08-08 17:44:52
SB,428730000.0,9.82,5.78,1.58,1.54,0.55,3.65,,-39.71%,76.83%,81.06%,6.22%,9.24%,4.19,0.0121,373306.0,2025-08-08 17:44:52
DFP,428630000.0,10.08,,,,,,,-,-,-,-,-,20.87,0.0029,45704.0,2025-08-08 17:44:52
QD,427900000.0,17.65,,,16.53,0.44,0.34,,-,-,-47.46%,-,-52.87%,4.21,0.0268,624495.0,2025-08-08 17:44:52
HPI,427770000.0,8.29,,,8.94,0.98,,,-,-,-,-,-,16.0,0.0,192195.0,2025-08-08 17:44:52
BFK,424080000.0,48.35,,,11.9,0.87,,,-,-,-,-,-,9.67,-0.0021,207371.0,2025-08-08 17:44:52
HDSN,423150000.0,24.59,16.52,,1.88,1.66,5.02,6.37,-11.06%,26.85%,-,-,7.91%,9.69,-0.0092,288304.0,2025-08-08 17:44:52
NMAI,422830000.0,11.93,,,,,,,-,-,-,-,-,12.65,0.0016,35281.0,2025-08-08 17:44:52
SY,422250000.0,,28.85,,2.11,2.04,2.77,,89.33%,256.68%,-,-,4.10%,4.99,0.0331,874112.0,2025-08-08 17:44:52
LWAY,421890000.0,41.79,25.46,,2.24,5.69,21.69,88.82,46.67%,23.86%,83.46%,-,14.81%,27.75,0.0115,24439.0,2025-08-08 17:44:52
AURA,421630000.0,,,,,2.67,3.29,,-16.40%,3.93%,-11.09%,-1.60%,-,6.8,0.0382,148382.0,2025-08-08 17:44:52
EVN,420870000.0,,,,14.46,1.01,,,-,-,-,-,-,10.61,0.0009,130079.0,2025-08-08 17:44:52
BSVN,419540000.0,9.55,10.47,,3.03,1.81,,9.7,-10.47%,-2.15%,42.94%,-,21.92%,44.4,0.027999999999999997,9653.0,2025-08-08 17:44:52
FFA,419350000.0,5.54,,,59.57,0.99,,,-,-,-,-,-,20.98,0.0019,27619.0,2025-08-08 17:44:52
EAD,418960000.0,11.82,,,8.58,0.96,,,-,-,-,-,-,7.09,-0.0014000000000000002,76918.0,2025-08-08 17:44:52
TALK,418290000.0,154.32,22.06,0.92,2.06,3.7,4.07,459.66,316.67%,172.00%,-,166.84%,37.49%,2.5,0.0121,1283860.0,2025-08-08 17:44:52
ITIC,417090000.0,12.65,,,1.55,1.57,,19.13,-,-,-0.20%,-,7.08%,221.12,-0.0012,47754.0,2025-08-08 17:44:52
KOD,416830000.0,,,,,3.83,3.0,,-18.63%,17.82%,-21.78%,-1.70%,-,7.9,-0.0366,416645.0,2025-08-08 17:44:52
CCRN,416730000.0,,33.65,,0.35,1.0,5.13,12.22,-52.44%,72.81%,23.00%,-2.13%,10.33%,12.72,0.0152,264126.0,2025-08-08 17:44:52
TECX,416580000.0,,,,,1.38,1.45,,40.25%,-16.66%,26.54%,5.12%,-,22.31,0.0178,369780.0,2025-08-08 17:44:52
RHLD,416410000.0,3.9,,,0.99,46.96,5.86,3.24,-,-,-,-,-,48.84,0.174,43886.0,2025-08-08 17:44:52
PRTC,416240000.0,8.4,,,87.08,1.07,1.13,,-345.71%,-5.04%,-32.37%,-,-13.21%,17.25,-0.039,2313.0,2025-08-08 17:44:52
CAPR,414570000.0,,,,23.88,3.25,2.86,,-66.26%,75.58%,11.01%,85.74%,85.83%,9.07,0.12390000000000001,2467152.0,2025-08-08 17:44:52
SES,414540000.0,,,,36.49,1.66,1.81,,46.14%,26.59%,-646.96%,-,-,1.13,-0.0088,4857012.0,2025-08-08 17:44:52
NCMI,414200000.0,,40.18,,1.76,1.18,10.28,18.25,29.35%,167.69%,-,-,-11.55%,4.42,-0.02,463520.0,2025-08-08 17:44:52
XFLT,414080000.0,27.2,,,,,,,-,-,-,-,-,5.44,-0.0091,636238.0,2025-08-08 17:44:52
SDHY,414010000.0,10.36,,,,,,,-,-,-,-,-,16.78,0.0006,22263.0,2025-08-08 17:44:52
PRTA,413960000.0,,,,40.03,1.28,1.11,,-103.30%,86.73%,-3.15%,17.12%,178.00%,7.69,-0.0039000000000000003,919604.0,2025-08-08 17:44:52
BOC,413290000.0,464.31,97.33,,3.74,0.77,4.43,,150.00%,575.00%,8.89%,-,21.21%,13.14,-0.0076,149254.0,2025-08-08 17:44:52
SCM,412890000.0,10.16,11.59,,3.98,1.1,,,-17.28%,-7.62%,-,-,-,14.53,0.0189,202813.0,2025-08-08 17:44:52
MCI,412870000.0,11.62,,,9.54,1.21,,,-,-,-,-,-,20.34,-0.014499999999999999,16878.0,2025-08-08 17:44:52
RRBI,412620000.0,10.88,9.75,,2.52,1.23,,12.06,21.68%,5.09%,7.24%,-,11.94%,61.74,0.0171,7286.0,2025-08-08 17:44:52
FFIC,412080000.0,,8.43,,0.97,0.58,,18.93,60.96%,23.19%,-,-,6.73%,12.2,0.0184,167958.0,2025-08-08 17:44:52
FTK,411990000.0,31.2,14.59,,1.92,5.73,80.31,221.5,102.94%,37.10%,-,-,9.40%,13.8,0.0866,459347.0,2025-08-08 17:44:52
MTRX,411680000.0,,23.86,,0.55,2.73,2.22,3.52,29.12%,196.90%,-,-,-12.46%,14.91,0.004,79135.0,2025-08-08 17:44:52
REPL,411600000.0,,,,,1.22,1.02,,2.43%,40.04%,-14.85%,21.10%,-,5.29,-0.0347,4842519.0,2025-08-08 17:44:52
CMPS,410860000.0,,,,,2.53,1.85,,35.78%,-2.95%,-,14.34%,-,4.39,0.018600000000000002,837101.0,2025-08-08 17:44:52
AHG,410250000.0,,,,48.49,2.05,4.49,,-,-,-,-,-47.64%,1.71,-0.0172,8482.0,2025-08-08 17:44:52
RWAY,410080000.0,6.59,7.22,,2.86,0.81,22.34,9.24,-6.90%,-0.34%,23.18%,-4.55%,20.51%,10.98,0.0101,416213.0,2025-08-08 17:44:52
HBNB,409760000.0,6.44,,,,0.22,238.23,,-,-,-,-,-,1.75,0.0174,50953.0,2025-08-08 17:44:52
GBAB,409730000.0,7.83,,,,,,,-,-,-,-,-,15.34,-0.0052,46319.0,2025-08-08 17:44:52
CHCT,409620000.0,,32.09,,3.47,0.94,84.28,11.23,-4.35%,287.50%,-,-,13.73%,14.44,-0.0636,470480.0,2025-08-08 17:44:52
ABSI,409610000.0,,,,84.98,1.82,2.73,,7.58%,11.17%,-29.30%,3.62%,17.09%,2.84,-0.0274,3214029.0,2025-08-08 17:44:52
KMDA,409470000.0,25.48,18.1,0.97,2.45,1.63,5.37,11.21,23.59%,20.10%,-14.54%,26.39%,4.82%,7.12,0.009899999999999999,33212.0,2025-08-08 17:44:52
NQP,409400000.0,12.5,,,13.09,0.85,,,-,-,-,-,-,11.0,0.0009,78006.0,2025-08-08 17:44:52
GBLI,409160000.0,14.45,7.62,,0.93,0.59,,36.31,-27.28%,66.56%,-8.56%,-,-6.10%,28.62,0.022099999999999998,25028.0,2025-08-08 17:44:52
MBX,406440000.0,,,,,1.86,1.81,,52.47%,-2.21%,-,15.99%,-,12.16,0.0925,690201.0,2025-08-08 17:44:52
PACB,405120000.0,,,,2.66,4.42,1.18,,-31.33%,63.59%,-23.55%,27.54%,11.12%,1.35,0.07139999999999999,10413455.0,2025-08-08 17:44:52
WNC,404880000.0,,13.18,,0.24,1.05,7.05,7.14,-196.25%,163.92%,-,-,-3.44%,9.89,-0.0256,637869.0,2025-08-08 17:44:52
SENS,403600000.0,,,,15.85,4.26,3.18,,37.50%,17.78%,27.24%,27.36%,1.08%,0.5,0.0702,5429512.0,2025-08-08 17:44:52
BAND,402980000.0,,6.12,,0.53,1.05,5.89,7.1,18.78%,37.28%,-,22.67%,26.33%,13.37,-0.0184,208203.0,2025-08-08 17:44:52
FFWM,402870000.0,,15.98,,0.63,0.42,,,176.28%,282.50%,-,-,17.99%,4.89,-0.002,1288685.0,2025-08-08 17:44:52
MUA,402100000.0,11.61,,,12.32,0.9,,,-,-,-,-,-,10.45,-0.001,95407.0,2025-08-08 17:44:52
OBE,400730000.0,,6.14,,0.81,0.38,342.5,13.43,134.72%,44.77%,24.91%,-,12.71%,5.79,-0.0069,212473.0,2025-08-08 17:44:52
GOSS,400190000.0,,,,9.95,,1.88,,-169.81%,30.88%,40.29%,9.82%,-,1.76,0.0115,3068949.0,2025-08-08 17:44:52
PSNL,399940000.0,,,,4.98,2.1,2.31,,29.74%,3.90%,-11.31%,17.18%,5.35%,4.51,-0.0077,1154067.0,2025-08-08 17:44:52
SD,399860000.0,5.32,6.22,0.23,2.74,0.83,3.84,,58.06%,19.05%,-,22.75%,-13.96%,10.88,0.0102,289098.0,2025-08-08 17:44:52
CMCO,399280000.0,,4.72,,0.42,0.44,13.9,21.9,-1.11%,20.01%,-,-,3.54%,13.9,-0.0232,257684.0,2025-08-08 17:44:52
NKTR,398960000.0,,,,5.32,20.83,2.27,,-30.48%,-5.66%,25.49%,-16.71%,-3.00%,23.06,0.0602,900584.0,2025-08-08 17:44:52
NATH,397700000.0,16.56,,,2.68,,14.31,15.9,-,-,12.98%,-,7.48%,97.25,-0.0202,33165.0,2025-08-08 17:44:52
MTA,396910000.0,,78.98,,62.51,1.57,44.25,,96.53%,2707.87%,13.98%,-,16.90%,4.29,0.0288,491799.0,2025-08-08 17:44:52
CRNC,396810000.0,,18.47,,1.61,2.55,5.01,9.51,-63.41%,10.22%,-,-21.28%,1.79%,9.16,0.0044,2527723.0,2025-08-08 17:44:52
AIP,396640000.0,,,,6.27,,10.42,,16.86%,72.03%,-,-,12.88%,9.3,-0.0011,1465464.0,2025-08-08 17:44:52
ERAS,396600000.0,,,,,0.99,1.3,,33.52%,-8.07%,-46.86%,9.14%,-,1.4,-0.041100000000000005,489806.0,2025-08-08 17:44:52
HBCP,396090000.0,9.7,9.1,,1.93,0.97,,10.01,18.32%,0.62%,8.30%,-,11.32%,50.62,0.011200000000000002,23040.0,2025-08-08 17:44:52
RGNX,395550000.0,,,,2.54,1.85,1.22,,57.88%,-1.06%,-12.18%,30.51%,18.79%,7.85,-0.0063,637476.0,2025-08-08 17:44:52
ATEX,395050000.0,,,,65.51,2.51,8.24,,41.80%,-497.18%,23.19%,-,30.99%,21.13,-0.006999999999999999,159977.0,2025-08-08 17:44:52
LE,394920000.0,94.19,15.61,,0.3,1.73,19.44,22.99,62.50%,27.69%,-19.89%,-,-1.23%,12.96,-0.031400000000000004,459190.0,2025-08-08 17:44:52
CARE,394680000.0,12.81,8.76,,1.58,0.97,,13.52,87.30%,1.02%,1.07%,-,7.26%,17.41,0.0187,66418.0,2025-08-08 17:44:52
VREX,393410000.0,,11.97,,0.48,0.86,2.58,11.21,12.59%,27.87%,-,21.64%,0.77%,9.48,0.2138,1980425.0,2025-08-08 17:44:52
TOI,393390000.0,,,,0.98,75.09,9.9,,32.86%,61.19%,-488.57%,-,-,4.28,0.0288,1761545.0,2025-08-08 17:44:52
SGU,393200000.0,7.61,,,0.22,1.15,14.0,4.81,-,-,21.16%,-,0.14%,11.7,-0.0043,53370.0,2025-08-08 17:44:52
FBIZ,393200000.0,8.41,7.91,1.02,1.46,1.18,,5.6,5.46%,8.86%,14.16%,8.23%,15.77%,47.24,0.0118,26426.0,2025-08-08 17:44:52
SAR,392800000.0,10.23,9.56,,2.76,0.98,,,-30.71%,-0.71%,-,-,-,25.07,0.0216,127922.0,2025-08-08 17:44:52
LXRX,392470000.0,,,,6.72,3.03,2.82,,69.35%,-42.11%,-,31.56%,-37.35%,1.08,-0.035699999999999996,2812622.0,2025-08-08 17:44:52
CLCO,392230000.0,4.0,14.16,,1.21,0.51,2.9,,-54.70%,-37.68%,-,-,-,7.3,-0.0040999999999999995,35588.0,2025-08-08 17:44:52
BLZE,391980000.0,,106.69,,2.86,5.06,7.76,20.48,88.30%,242.96%,-102.29%,-,25.65%,7.14,0.0689,1960734.0,2025-08-08 17:44:52
LAES,391900000.0,,,,31.4,3.35,4.2,,-,-,-1.11%,-,-4.91%,2.68,-0.0219,4447835.0,2025-08-08 17:44:52
CNDT,391780000.0,80.52,148.77,,0.13,0.51,1.33,,25.49%,104.39%,-,-,-5.56%,2.48,0.0,1024867.0,2025-08-08 17:44:52
GCBC,391620000.0,12.58,,,2.95,1.64,,15.52,-,-,10.75%,-,16.49%,23.0,0.0097,6957.0,2025-08-08 17:44:52
GAU,391460000.0,,2.76,,1.42,1.8,3.68,,30.98%,147.74%,-,59.12%,-,1.52,0.013300000000000001,1387511.0,2025-08-08 17:44:52
ZKH,390810000.0,,28.08,,0.32,1.16,1.57,,75.63%,291.93%,19.03%,-,15.72%,3.0,0.0033,7883953.0,2025-08-08 17:44:52
MVF,390470000.0,39.06,,,11.72,0.85,,,-,-,-,-,-,6.64,-0.0045000000000000005,95576.0,2025-08-08 17:44:52
KFS,390370000.0,,,,3.41,67.18,27.63,,-,-,-5.78%,-,12.41%,13.52,-0.0273,48980.0,2025-08-08 17:44:52
TACO,390210000.0,,,,,,39020.8,,-,-,-,-,-,10.4,0.001,129115.0,2025-08-08 17:44:52
AIRS,389610000.0,,468.12,,2.36,4.27,47.57,,-350.00%,126.67%,-29.15%,49.38%,34.33%,6.24,0.006500000000000001,375822.0,2025-08-08 17:44:52
EGY,389330000.0,10.18,12.23,,0.83,0.77,5.74,,-93.45%,1015.15%,66.90%,-1.61%,41.47%,3.75,0.053399999999999996,1152574.0,2025-08-08 17:44:52
NPAC,388510000.0,,,,,53263.16,,,-,-,-,-,-,10.12,-0.003,97616.0,2025-08-08 17:44:52
DHIL,388090000.0,8.09,,,2.51,2.27,7.91,7.71,-,-,-0.42%,-,0.74%,142.41,0.0105,27898.0,2025-08-08 17:44:52
RDAG,387750000.0,,,,,,,,-,-,-,-,-,10.34,-0.0048,61813.0,2025-08-08 17:44:52
BSRR,387730000.0,9.84,8.95,,1.91,1.1,,7.3,6.95%,5.64%,3.88%,-,8.02%,28.53,0.0053,29445.0,2025-08-08 17:44:52
AQST,387380000.0,,,,7.14,,5.64,,-37.04%,15.22%,27.90%,20.57%,1.82%,3.9,-0.0076,780944.0,2025-08-08 17:44:52
GRRR,386730000.0,,15.1,,,,11.45,,-62.87%,50.67%,-90.18%,-15.24%,13.72%,17.06,0.08460000000000001,1355401.0,2025-08-08 17:44:52
MSB,386640000.0,4.14,,,3.98,19.72,15.96,4.13,-,-,25.42%,-,25.25%,29.47,0.0187,23095.0,2025-08-08 17:44:52
CCIX,386400000.0,33.51,,,,1.32,174.05,,-,-,-,-,-,10.54,-0.0009,30163.0,2025-08-08 17:44:52
DDL,386080000.0,11.75,7.95,0.27,0.12,3.4,0.65,,75.90%,23.40%,-,42.89%,41.67%,2.14,0.0594,270781.0,2025-08-08 17:44:52
EHAB,385860000.0,,13.6,,0.37,0.71,9.92,7.83,153.72%,5.14%,-,43.64%,-1.07%,7.62,-0.0231,913039.0,2025-08-08 17:44:52
NEON,385840000.0,,,,112.49,26.47,25.74,,-8.11%,10.00%,7.42%,4.72%,-14.10%,22.99,0.011000000000000001,95932.0,2025-08-08 17:44:52
TMCI,385610000.0,,,,1.8,3.96,5.57,,9.92%,13.24%,-56.40%,9.30%,39.65%,6.13,0.07919999999999999,916488.0,2025-08-08 17:44:52
YMAB,385470000.0,,,,4.35,4.3,6.39,,-22.52%,-14.02%,21.90%,-14.90%,-,8.51,-0.0012,2820126.0,2025-08-08 17:44:52
HUMA,384690000.0,,,,739.79,10.67,6.11,,79.88%,2.45%,42.43%,-,-,2.48,0.004,10018366.0,2025-08-08 17:44:52
HIX,384450000.0,11.86,,,7.48,1.0,,,-,-,-,-,-,4.27,0.0,201389.0,2025-08-08 17:44:52
PFL,383920000.0,8.65,,,9.55,1.05,,,-,-,-,-,-,8.56,0.0023,166470.0,2025-08-08 17:44:52
VIGL,383880000.0,,,,,9.3,5.73,,15.70%,11.17%,-19.68%,8.74%,-,8.05,0.0,0.0,2025-08-08 17:44:52
ISOU,383800000.0,,,,,1.38,4.18,,-,-,-49.13%,-,-,7.19,-0.0151,83686.0,2025-08-08 17:44:52
JOUT,383620000.0,,35.6,,0.68,0.85,2.38,11.14,54.23%,188.24%,-,-,1.06%,37.38,0.011899999999999999,72697.0,2025-08-08 17:44:52
OPAL,383150000.0,90.95,5.6,,1.19,1.12,9.35,,862.34%,105.10%,-,-,-,2.21,-0.022099999999999998,154943.0,2025-08-08 17:44:52
WENN,382690000.0,,,,,,,,-,-,-,-,-,10.19,-0.0029,34284.0,2025-08-08 17:44:52
KRNY,382310000.0,14.22,,,1.11,0.51,,17.65,82.14%,-,-5.29%,-,6.31%,5.92,0.0102,397015.0,2025-08-08 17:44:52
EOLS,381640000.0,,20.24,,1.37,,6.18,,-85.58%,162.54%,23.91%,-,50.12%,5.9,-0.027999999999999997,2722189.0,2025-08-08 17:44:52
IPI,381260000.0,,552.6,,1.35,0.77,4.48,14.7,402.91%,-94.30%,-,28.56%,2.96%,28.63,-0.0262,343427.0,2025-08-08 17:44:52
HQL,381120000.0,,,,116.32,0.96,,,-,-,-,-,-,13.2,-0.0045000000000000005,69322.0,2025-08-08 17:44:52
LSAK,381060000.0,,17.37,,0.66,2.06,5.36,,8.56%,314.51%,44.83%,-,27.69%,4.69,0.042199999999999994,21052.0,2025-08-08 17:44:52
FRBA,380290000.0,10.0,8.03,,1.61,0.89,,11.0,1.76%,10.92%,19.23%,-,21.01%,15.13,0.0087,28378.0,2025-08-08 17:44:52
SVC,379930000.0,,,,0.2,0.55,4.42,,10.78%,26.17%,-,-,-3.89%,2.28,-0.07690000000000001,1759562.0,2025-08-08 17:44:52
PBPB,379770000.0,35.25,34.51,,0.81,6.19,23.46,22.66,-15.00%,42.63%,-,-,2.46%,12.55,-0.0361,329319.0,2025-08-08 17:44:52
CDRO,379510000.0,,15.32,,1.7,15.77,6.08,104.26,-8.21%,533.33%,-,96.50%,25.79%,8.31,0.0253,18699.0,2025-08-08 17:44:52
GPAT,379140000.0,32.57,,,,1.33,997.74,,-,-,-,-,-,10.55,-0.0009,32214.0,2025-08-08 17:44:52
CYRX,379040000.0,5.67,,0.15,1.87,1.05,0.89,,153.90%,-152.87%,-35.29%,36.74%,46.42%,7.56,-0.078,981785.0,2025-08-08 17:44:52
ILPT,378780000.0,,,,0.85,0.73,2.38,313.04,35.96%,30.48%,-,57.76%,14.05%,5.71,0.0018,545886.0,2025-08-08 17:44:52
IBEX,378710000.0,12.43,9.24,0.71,0.71,3.05,29.18,19.2,22.86%,18.80%,24.36%,17.42%,6.66%,28.32,0.012199999999999999,66760.0,2025-08-08 17:44:52
LND,378520000.0,6.47,,,2.42,1.0,26.69,18.46,-,-,-11.78%,-,10.81%,3.8,-0.0155,24384.0,2025-08-08 17:44:52
ALF,378480000.0,35.09,,,,1.32,772.42,,-,-,-,-,-,10.53,0.0001,563.0,2025-08-08 17:44:52
MBAV,378450000.0,46.41,,,,1.33,461.52,,-,-,-,-,-,10.53,0.0,177878.0,2025-08-08 17:44:52
MSBI,377810000.0,10.95,6.69,,0.68,0.66,,2.19,-360.95%,154.24%,-10.19%,-,11.37%,17.56,0.0197,90875.0,2025-08-08 17:44:52
BGL,377250000.0,186.12,,,,63.44,9431.24,,-,-,-,-,-,12.34,0.2051,308275.0,2025-08-08 17:44:52
HIO,376590000.0,15.23,,,10.92,0.98,,,-,-,-,-,-,3.96,-0.005,205585.0,2025-08-08 17:44:52
SPOK,374960000.0,22.04,22.48,,2.66,2.48,18.53,14.81,17.81%,-5.81%,-,-,-3.00%,18.21,0.0066,94280.0,2025-08-08 17:44:52
HLLY,373930000.0,,8.7,,0.63,0.86,5.86,40.29,15.51%,56.24%,-,31.36%,10.31%,3.14,0.079,1213696.0,2025-08-08 17:44:52
CIVB,373510000.0,7.65,7.32,,1.5,0.74,,9.3,29.02%,1.86%,0.04%,-,15.20%,19.34,0.0031,88147.0,2025-08-08 17:44:52
CMPX,373370000.0,,,,439.26,3.39,3.31,,-39.17%,-10.78%,-104.70%,8.37%,-,2.7,-0.0288,567982.0,2025-08-08 17:44:52
RMNI,371920000.0,,9.35,,0.87,,3.63,,-41.29%,51.76%,-27.32%,-,8.81%,4.02,0.0152,344035.0,2025-08-08 17:44:52
ZIP,370680000.0,,,,0.8,,0.79,11.34,-317.63%,30.72%,-7.16%,-,1.99%,3.99,0.0528,2496079.0,2025-08-08 17:44:52
ESPR,370630000.0,,,,1.38,,4.31,,70.54%,83.33%,40.11%,-,17.50%,1.87,0.0331,5147651.0,2025-08-08 17:44:52
MTW,370390000.0,8.31,16.63,0.18,0.17,0.54,11.26,,-49.30%,202.39%,3.63%,47.33%,3.50%,10.45,-0.16469999999999999,848122.0,2025-08-08 17:44:52
VSTM,370350000.0,,,,37.04,,3.15,,24.83%,26.21%,31.36%,36.55%,-10.54%,6.74,0.1993,3887973.0,2025-08-08 17:44:52
CTMX,370230000.0,4.74,,,2.51,7.56,4.63,,-96.94%,-3393.97%,-,-,19.16%,2.35,0.11900000000000001,2193101.0,2025-08-08 17:44:52
VKI,369900000.0,25.24,,,11.55,0.87,,,-,-,-,-,-,8.33,0.0,159098.0,2025-08-08 17:44:52
SPMC,369600000.0,,7.33,,4.38,0.97,,,8.90%,2.59%,-,-,-,18.19,0.0078000000000000005,3666.0,2025-08-08 17:44:52
JRI,368340000.0,14.45,,,,,,,-,-,-,-,-,13.44,0.0019,74987.0,2025-08-08 17:44:52
LEO,367520000.0,147.5,,,12.47,0.87,,,-,-,-,-,-,5.9,-0.0051,108368.0,2025-08-08 17:44:52
RTAC,366150000.0,,,,,,,,-,-,-,-,-,11.75,0.0147,297693.0,2025-08-08 17:44:52
TBN,364460000.0,,,,,1.24,14.21,,27.25%,10.46%,13.76%,6.86%,-,20.51,0.0029,16510.0,2025-08-08 17:44:52
NFGC,362990000.0,,,,,7.91,39.41,,49.70%,2.92%,-22.73%,-,-,1.58,-0.0125,426142.0,2025-08-08 17:44:52
AGL,362040000.0,,,,0.06,0.89,1.11,,15.21%,41.49%,3.29%,35.44%,50.14%,0.87,-0.0016,30385113.0,2025-08-08 17:44:52
HUSA,361450000.0,,,,708.73,2.4,68.07,,-,-,-6.94%,-,-10.91%,10.73,0.014199999999999999,74241.0,2025-08-08 17:44:52
VPG,361190000.0,,21.85,,1.22,1.09,4.0,36.71,-31.58%,91.54%,-14.62%,-,1.54%,27.2,0.0,54298.0,2025-08-08 17:44:52
CLW,361050000.0,,11.93,,0.23,0.43,7.73,,-104.48%,448.15%,-81.16%,-,-4.71%,22.42,-0.0235,181663.0,2025-08-08 17:44:52
SOR,360550000.0,9.17,,,17.51,1.01,,,-,-,-,-,-,43.83,0.0016,4552.0,2025-08-08 17:44:52
MYN,360530000.0,313.67,,,12.22,0.83,,,-,-,-,-,-,9.41,-0.0032,33467.0,2025-08-08 17:44:52
CAEP,360260000.0,,,,,,,,-,-,-,-,-,10.54,-0.0019,48176.0,2025-08-08 17:44:52
BMRC,359840000.0,51.01,11.59,,2.62,0.82,,12.75,220.19%,206.40%,-,-,1.83%,22.19,0.0146,68607.0,2025-08-08 17:44:52
TCI,359740000.0,45.36,,,7.62,0.43,3.37,,-,-,-,-,-0.41%,41.64,0.0,1490.0,2025-08-08 17:44:52
FOF,358840000.0,5.92,,,,,,,-,-,-,-,-,12.97,0.0,52081.0,2025-08-08 17:44:52
CWBC,358730000.0,13.56,8.36,,1.89,0.95,,14.72,325.56%,17.62%,-22.41%,-,15.94%,18.82,0.0129,22275.0,2025-08-08 17:44:52
BRCC,357450000.0,,,,0.92,11.6,83.13,,-68.75%,88.89%,-,-,24.32%,1.44,-0.071,968009.0,2025-08-08 17:44:52
BBCP,357430000.0,29.69,35.55,,0.89,1.37,9.46,6.77,-66.99%,125.17%,-,-,8.52%,6.87,0.0103,54551.0,2025-08-08 17:44:52
SATL,357100000.0,,,,27.75,,19.82,,-,-,51.72%,-,-,3.43,0.0148,936315.0,2025-08-08 17:44:52
BRW,355970000.0,6.92,,,9.74,1.03,,,-,-,-,-,-,8.37,0.0024,187824.0,2025-08-08 17:44:52
VALU,354890000.0,17.16,,,10.12,3.56,4.59,17.68,-,-,7.24%,-,-2.74%,37.7,-0.022000000000000002,6202.0,2025-08-08 17:44:52
CRMT,354770000.0,20.49,6.63,0.37,0.26,0.62,2.85,,54.79%,79.48%,-20.61%,54.66%,13.31%,42.94,0.0385,146093.0,2025-08-08 17:44:52
SWBI,354660000.0,26.65,12.76,,0.75,0.95,14.06,,-17.78%,155.41%,-,-,-2.17%,8.04,0.0063,741168.0,2025-08-08 17:44:52
ATXS,354410000.0,,,,,1.83,1.2,,-35.57%,-2.46%,34.65%,-11.81%,-,6.28,-0.058499999999999996,177444.0,2025-08-08 17:44:52
GAMB,354250000.0,10.36,7.82,0.95,2.56,2.4,16.48,9.93,-8.00%,19.19%,-,10.96%,45.77%,9.95,0.003,471439.0,2025-08-08 17:44:52
MLAB,353690000.0,,8.35,,1.46,2.05,16.62,10.43,-30.12%,5.28%,-,-,15.41%,64.29,0.0129,139979.0,2025-08-08 17:44:52
NBTX,353650000.0,,49.06,,9.03,,4.97,,53.80%,120.34%,9.96%,-,-,7.38,0.0264,6741.0,2025-08-08 17:44:52
IPCX,353010000.0,,,,,,,,-,-,-,-,-,10.24,0.001,7681.0,2025-08-08 17:44:52
FLWS,352140000.0,,,,0.21,1.11,4.16,,-488.89%,53.33%,-,21.14%,7.96%,5.54,-0.0089,259620.0,2025-08-08 17:44:52
CMRC,352000000.0,,14.36,,1.04,9.04,2.6,12.77,-23.60%,41.97%,14.13%,13.46%,24.32%,4.36,-0.0354,915029.0,2025-08-08 17:44:52
PPT,351690000.0,16.73,,,13.38,0.97,,,-,-,-,-,-,3.68,-0.0027,125373.0,2025-08-08 17:44:52
FULC,351050000.0,,,,,1.64,1.64,,-615.62%,-4.15%,54.59%,-,-,6.49,-0.047,411895.0,2025-08-08 17:44:52
TACH,350170000.0,,,,,,17508.75,,-,-,-,-,-,10.15,0.0,0.0,2025-08-08 17:44:52
DCTH,350160000.0,220.0,19.79,,4.99,3.33,4.32,90.48,94.62%,1111.43%,69.36%,-,88.10%,10.01,-0.0177,1128481.0,2025-08-08 17:44:52
UROY,350140000.0,,,,31.01,1.64,23.95,,134.09%,-614.69%,2.97%,-7.82%,-,2.62,-0.0113,2440237.0,2025-08-08 17:44:52
ZTR,349960000.0,11.17,,,12.85,1.1,,,-,-,-,-,-,6.3,0.0032,114184.0,2025-08-08 17:44:52
ESEA,349840000.0,2.69,3.2,0.39,1.57,0.93,3.92,,34.69%,-11.98%,-,6.81%,39.69%,49.93,-0.026000000000000002,25150.0,2025-08-08 17:44:52
BACQ,349080000.0,88.0,,,,,186.67,,-,-,-,-,-,10.34,-0.001,1340.0,2025-08-08 17:44:52
CYH,348900000.0,,,,0.03,,0.77,2.57,55.12%,66.38%,8.02%,-,-0.89%,2.49,0.004,1840782.0,2025-08-08 17:44:52
ZEUS,348580000.0,25.41,13.12,,0.19,0.6,23.54,4.97,-44.50%,117.07%,42.49%,-,4.22%,31.13,0.0137,47908.0,2025-08-08 17:44:52
HPF,347830000.0,8.43,,,9.01,1.0,,,-,-,-,-,-,16.11,-0.0019,18797.0,2025-08-08 17:44:52
KFII,347750000.0,,,,,1.42,337.62,,-,-,-,-,-,10.18,0.0,1939.0,2025-08-08 17:44:52
PKE,347080000.0,50.4,,,5.47,3.31,5.29,,-,-,-8.88%,-,0.66%,17.48,-0.0085,84457.0,2025-08-08 17:44:52
ARTNA,346960000.0,15.46,15.19,,3.14,1.43,93.52,,9.09%,2.31%,4.36%,-,5.25%,33.58,0.011399999999999999,21694.0,2025-08-08 17:44:52
CGCT,346730000.0,,,,,,,,-,-,-,-,-,10.05,-0.0003,2656.0,2025-08-08 17:44:52
RM,346690000.0,10.2,5.33,0.21,0.57,0.97,2.84,1.26,10.79%,44.77%,1.73%,49.31%,10.59%,35.38,0.030600000000000002,42358.0,2025-08-08 17:44:52
XYF,346430000.0,2.84,,,0.38,0.55,0.59,,-,-,15.35%,-,12.79%,13.58,-0.0362,450506.0,2025-08-08 17:44:52
IDR,346210000.0,38.07,32.84,,11.35,7.02,26.51,85.06,11.76%,-1.32%,-,-,33.31%,24.63,0.09179999999999999,685025.0,2025-08-08 17:44:52
ANGO,345800000.0,,,,1.18,1.91,6.19,,-106.67%,70.97%,28.31%,-,2.06%,8.51,-0.0023,719167.0,2025-08-08 17:44:52
GIG,345670000.0,86.2,,,,412.98,371.69,,-,-,-,-,-,10.37,0.0,832.0,2025-08-08 17:44:52
AMWL,345440000.0,,,,1.28,8.29,1.58,,55.90%,18.41%,-12.84%,36.76%,11.31%,7.28,-0.0109,65356.0,2025-08-08 17:44:52
ARDC,345200000.0,8.71,,,,,,,-,-,-,-,-,14.46,0.006999999999999999,96668.0,2025-08-08 17:44:52
ZH,345190000.0,,25.86,,0.74,0.64,0.55,,38.16%,203.42%,34.56%,-,38.81%,4.33,0.009300000000000001,103188.0,2025-08-08 17:44:52
NB,344350000.0,,,,,29.7,266.94,,30.77%,-22.22%,1.47%,-8.63%,-,4.74,0.11789999999999999,9203878.0,2025-08-08 17:44:52
NRC,344060000.0,19.67,,,2.45,16.36,65.29,23.03,-,-,-3.68%,-,2.25%,15.1,0.0279,116434.0,2025-08-08 17:44:52
XPOF,343970000.0,,6.17,,1.09,,8.89,35.1,501.92%,120.10%,-,-,-,7.09,-0.2638,4581645.0,2025-08-08 17:44:52
AII,343880000.0,0.03,6.58,0.0,1.48,1.85,1.45,1.46,5.30%,-38.86%,-,15.00%,-,17.57,-0.0045000000000000005,45364.0,2025-08-08 17:44:52
KCHV,343600000.0,,,,,,,,-,-,-,-,-,10.03,0.0005,83537.0,2025-08-08 17:44:52
HVT,343580000.0,18.0,8.66,,0.48,1.13,3.02,12.77,-5.46%,117.33%,1.97%,-,-2.06%,21.18,-0.0042,115822.0,2025-08-08 17:44:52
JACK,343470000.0,,3.86,,0.23,,5.04,6.96,-23.89%,-0.02%,-,-5.60%,10.59%,18.19,-0.0236,1193905.0,2025-08-08 17:44:52
CEP,343420000.0,150.9,,,,3.35,11447.47,,-,-,-,-,-,26.83,-0.006999999999999999,307530.0,2025-08-08 17:44:52
EFR,343360000.0,20.05,,,6.49,0.94,,,-,-,-,-,-,11.63,-0.0009,200849.0,2025-08-08 17:44:52
NAN,343050000.0,13.08,,,12.32,0.92,,,-,-,-,-,-,11.12,-0.0036,42936.0,2025-08-08 17:44:52
ODV,342990000.0,,,,168.13,0.93,6.36,,-,-,-13.72%,-,-,2.51,-0.0195,607199.0,2025-08-08 17:44:52
TNXP,342040000.0,,,,34.07,1.77,2.6,,93.13%,49.90%,73.03%,88.07%,-,46.49,-0.0092,692370.0,2025-08-08 17:44:52
LZM,341800000.0,,,,335.09,9.54,5.38,,13.56%,-,-,-,-,4.32,0.0746,117272.0,2025-08-08 17:44:52
VSTA,341660000.0,4.56,9.28,0.11,1.18,0.39,7.58,10.88,88.04%,31.98%,-,42.30%,4.36%,4.26,0.0070999999999999995,3793.0,2025-08-08 17:44:52
SNWV,340720000.0,,,,9.41,,40.08,,-,-,18.26%,-,99.65%,39.76,0.1585,85332.0,2025-08-08 17:44:52
EDD,340330000.0,8.8,,,,,,,-,-,-,-,-,5.28,0.0096,567587.0,2025-08-08 17:44:52
PDLB,340100000.0,19.87,14.76,,1.88,1.09,,21.27,102.17%,3.23%,-,-,26.18%,14.17,0.0078000000000000005,15377.0,2025-08-08 17:44:52
KTF,340020000.0,9.75,,,12.53,0.84,,,-,-,-,-,-,8.68,0.0023,31066.0,2025-08-08 17:44:52
BGT,337750000.0,11.27,,,9.86,1.0,,,-,-,-,-,-,12.51,0.0008,89882.0,2025-08-08 17:44:52
CARL,337290000.0,,,,10.44,,7.77,,-25.70%,-,-,-,-,12.72,0.046900000000000004,170110.0,2025-08-08 17:44:52
AWP,337170000.0,7.48,,,33.93,1.02,,,-,-,-,-,-,3.89,-0.0026,337440.0,2025-08-08 17:44:52
BGR,337170000.0,27.59,,,25.27,0.96,,,-,-,-,-,-,13.24,0.0004,61171.0,2025-08-08 17:44:52
ASG,336440000.0,6.62,,,160.57,0.89,,,-,-,-,-,-,5.43,0.0037,101483.0,2025-08-08 17:44:52
BRR,336330000.0,,,,,,,,-,-,-,-,-,10.18,-0.011699999999999999,1049676.0,2025-08-08 17:44:52
NWTN,336030000.0,,,,28.03,,260.49,,-,-,-,-,-,1.15,-0.11539999999999999,379837.0,2025-08-08 17:44:52
CANG,335100000.0,,15.21,,1.35,0.97,0.96,,-162.11%,247.30%,-0.90%,-,-11.52%,4.98,0.0184,359298.0,2025-08-08 17:44:52
SLQT,335080000.0,,55.43,,0.23,0.96,3.95,8.25,78.75%,182.35%,-,-,31.40%,1.94,0.043,1660340.0,2025-08-08 17:44:52
BFLY,334820000.0,,,,3.83,1.43,2.26,,25.51%,-13.34%,66.40%,8.67%,15.41%,1.33,-0.0432,2684540.0,2025-08-08 17:44:52
RCS,334040000.0,11.02,,,11.75,1.62,,,-,-,-,-,-,7.16,-0.0042,118374.0,2025-08-08 17:44:52
CLDT,334030000.0,257.36,136.4,,1.07,0.44,13.8,8.41,62.50%,266.67%,-,-,-0.69%,6.82,-0.0015,261756.0,2025-08-08 17:44:52
EMX,333840000.0,,31.75,,11.28,2.91,12.89,,31.00%,169.44%,26.00%,-,47.70%,3.08,0.0199,568980.0,2025-08-08 17:44:52
SFST,333770000.0,15.14,10.02,,1.54,0.97,,10.3,72.51%,23.52%,-11.80%,-,14.35%,40.8,0.0137,23332.0,2025-08-08 17:44:52
HSHP,333760000.0,25.75,5.28,0.43,2.74,2.05,12.37,,-5.66%,200.01%,-,59.95%,-,7.17,-0.0097,51069.0,2025-08-08 17:44:52
VBNK,333660000.0,12.89,6.15,,1.56,0.87,,10.0,-12.00%,79.62%,11.33%,-,26.61%,10.26,-0.024700000000000003,153585.0,2025-08-08 17:44:52
MLP,333440000.0,,,,22.39,12.47,35.25,,-,-,6.93%,-,2.86%,16.89,-0.0070999999999999995,3812.0,2025-08-08 17:44:52
ADUR,333320000.0,,,,1754.32,37.54,57.37,,-9.41%,18.97%,-25.73%,9.57%,24.59%,11.38,-0.0265,215717.0,2025-08-08 17:44:52
PACK,333230000.0,,,,0.88,0.62,6.77,,-6.60%,48.61%,12.72%,-,6.48%,3.95,-0.0075,404126.0,2025-08-08 17:44:52
ALLT,332900000.0,,26.57,,3.56,5.91,5.48,48.6,150.00%,180.00%,9.82%,-,-3.49%,7.44,-0.008,274191.0,2025-08-08 17:44:52
CIX,332840000.0,17.92,,,2.18,2.23,5.92,25.29,-,-,0.93%,-,3.27%,27.01,-0.0178,8090.0,2025-08-08 17:44:52
DXYZ,332710000.0,19.11,,,,,,,-,-,-,-,-,30.58,-0.013500000000000002,351184.0,2025-08-08 17:44:52
CRVS,332360000.0,,,,,5.96,7.52,,63.89%,-66.52%,8.47%,14.99%,-,4.31,0.0436,699538.0,2025-08-08 17:44:52
INVZ,332270000.0,,,,9.6,3.58,3.89,,45.61%,14.52%,-463.21%,30.06%,-,1.67,0.0245,5264134.0,2025-08-08 17:44:52
FMAO,331710000.0,11.32,9.92,,1.81,0.95,,9.25,19.47%,7.34%,2.74%,-,17.52%,24.17,0.021099999999999997,13250.0,2025-08-08 17:44:52
BRBS,331650000.0,,,,2.16,0.96,,,-,-,-,-,28.14%,3.6,-0.0028000000000000004,278274.0,2025-08-08 17:44:52
GPRK,331460000.0,7.79,7.46,,0.59,1.64,1.25,4.6,-53.74%,3.98%,13.96%,-11.86%,1.00%,6.46,-0.0152,297671.0,2025-08-08 17:44:52
AZ,331130000.0,,,,44.51,10.45,9.45,,-,-,-7.89%,-,38.94%,9.45,0.0011,114866.0,2025-08-08 17:44:52
HYAC,330370000.0,30.78,,,,1.36,11012.3,,-,-,-,-,-,11.18,0.0,105.0,2025-08-08 17:44:52
HFRO,330300000.0,,,,,,,,-,-,-,-,-,5.97,0.0258,348489.0,2025-08-08 17:44:52
CCIR,329800000.0,,,,,,4122.46,,-,-,-,-,-,10.43,0.0038,2071631.0,2025-08-08 17:44:52
OYSEU,329150000.0,,,,,,,,-,-,-,-,-,10.19,0.0039000000000000003,77.0,2025-08-08 17:44:52
VACH,328850000.0,49.64,,,,1.31,730.77,,-,-,-,-,-,10.4,0.0,2700.0,2025-08-08 17:44:52
OYSE,328830000.0,,,,,,,,-,-,-,-,-,10.0,0.0018,5336.0,2025-08-08 17:44:52
ACCO,328080000.0,7.55,3.38,,0.21,0.52,2.46,3.48,-16.34%,26.17%,-,-,-3.15%,3.64,0.0168,523915.0,2025-08-08 17:44:52
NCV,328060000.0,1.25,,,13.63,0.92,,,-,-,-,-,-,14.52,0.0021,110991.0,2025-08-08 17:44:52
OFLX,327860000.0,19.26,,,3.26,3.9,6.46,17.38,-,-,0.83%,-,-1.80%,32.48,0.0115,16314.0,2025-08-08 17:44:52
CPZ,327860000.0,21.14,,,,,,,-,-,-,-,-,16.7,0.0085,52626.0,2025-08-08 17:44:52
EAF,327850000.0,,,,0.64,,2.07,,-47.72%,67.70%,-,-,-21.35%,1.27,0.016,1210570.0,2025-08-08 17:44:52
PCAP,327550000.0,,,,,,,,-,-,-,-,-,10.31,-0.0048,83371.0,2025-08-08 17:44:52
MIY,327300000.0,70.63,,,12.75,0.89,,,-,-,-,-,-,11.3,0.0027,39809.0,2025-08-08 17:44:52
RBB,326940000.0,14.28,9.61,,1.39,0.63,,5.24,-8.71%,42.92%,-5.24%,-,7.79%,18.43,0.0121,55650.0,2025-08-08 17:44:52
LXFR,326470000.0,13.51,10.34,,0.81,1.37,48.01,9.06,4.04%,14.56%,43.30%,-,0.97%,12.2,0.0167,100128.0,2025-08-08 17:44:52
JFIN,326460000.0,3.6,,,0.39,1.31,6.79,,-,-,14.35%,-,20.09%,12.38,-0.026699999999999998,56894.0,2025-08-08 17:44:52
SDHI,325860000.0,,,,,,103.12,,-,-,-,-,-,10.12,0.0,112.0,2025-08-08 17:44:52
BGS,325620000.0,,7.71,,0.17,0.65,6.02,2.61,-27.97%,4.64%,-,3.23%,3.08%,4.07,0.0025,1768307.0,2025-08-08 17:44:52
ALMU,325550000.0,,,,89.68,18.09,20.51,,-,-,-,-,-,20.61,-0.02,258107.0,2025-08-08 17:44:52
BZAI,325390000.0,,,,322.16,6.54,4.15,,76.48%,86.64%,-,-,-,3.2,-0.0698,2569865.0,2025-08-08 17:44:52
UPXI,324900000.0,,,,,4.67,1412.62,,-,-,-96.18%,87.96%,63.76%,6.04,0.08439999999999999,11862297.0,2025-08-08 17:44:52
USCB,324590000.0,11.02,8.88,,2.14,1.44,,8.03,32.19%,12.18%,12.86%,-,25.13%,16.19,0.0068000000000000005,8204.0,2025-08-08 17:44:52
ANNA,324530000.0,,,,157.54,6.85,11.67,,-,-,-1346.82%,-,-,4.87,0.08439999999999999,1345.0,2025-08-08 17:44:52
CEPT,324450000.0,,,,,,,,-,-,-,-,-,10.58,-0.0009,67125.0,2025-08-08 17:44:52
LTBR,324260000.0,,,,,5.18,5.7,,-,-,25.98%,-,-,13.77,-0.0213,748864.0,2025-08-08 17:44:52
DIN,323880000.0,7.04,4.32,1.42,0.38,,1.34,3.5,-15.11%,7.58%,-6.33%,4.94%,-2.25%,21.06,0.008100000000000001,885404.0,2025-08-08 17:44:52
LFMD,323390000.0,,28.08,,1.32,,8.93,18.08,83.56%,378.69%,-10.98%,-,76.32%,6.82,0.0318,2884387.0,2025-08-08 17:44:52
SPXX,323100000.0,5.34,,,74.39,0.98,,,-,-,-,-,-,17.99,0.0011,43061.0,2025-08-08 17:44:52
ARCT,323000000.0,,,,2.46,1.38,1.26,,-6.45%,22.00%,-6.84%,-,46.10%,11.91,-0.0058,396222.0,2025-08-08 17:44:52
EFT,322390000.0,16.39,,,6.5,0.95,,,-,-,-,-,-,12.13,-0.0016,56639.0,2025-08-08 17:44:52
AMBC,322200000.0,64.08,210.94,,0.93,0.38,,,-165.69%,106.88%,-,-,-13.82%,6.94,-0.1628,2736078.0,2025-08-08 17:44:52
PANL,322200000.0,22.47,8.59,,0.56,0.77,5.44,,-86.56%,554.19%,18.43%,-,5.41%,4.91,0.0166,378612.0,2025-08-08 17:44:52
CUB,322040000.0,39.95,,,,1.4,460.05,,-,-,-,-,-,10.5,0.0,696984.0,2025-08-08 17:44:52
BGH,322030000.0,7.64,,,,,,,-,-,-,-,-,16.05,0.0012,50222.0,2025-08-08 17:44:52
BLDE,321880000.0,,,,1.27,1.44,2.8,,57.37%,20.58%,-,55.32%,-,3.94,0.0451,971664.0,2025-08-08 17:44:52
AREN,321030000.0,120.54,8.44,,2.49,,110.7,,400.00%,21.21%,34.07%,-,18.74%,6.75,-0.0074,63545.0,2025-08-08 17:44:52
CADL,321010000.0,,,,,3.97,3.48,,72.53%,-42.26%,-43.86%,44.14%,-,6.02,0.0308,473447.0,2025-08-08 17:44:52
PBFS,320830000.0,14.88,,,2.77,1.0,,53.03,-,-,16.54%,-,7.37%,12.41,0.0032,4158.0,2025-08-08 17:44:52
MCFT,320810000.0,,16.3,,1.18,1.77,4.82,,-42.35%,68.48%,-17.05%,5.19%,-4.70%,19.32,-0.0087,48901.0,2025-08-08 17:44:52
LPAA,320570000.0,40.27,,,,1.32,478.47,,-,-,-,-,-,10.43,0.0018,19.0,2025-08-08 17:44:52
ABEO,320240000.0,,45.8,,,7.4,3.79,,66.02%,125.95%,47.21%,-,-,6.26,-0.0016,414462.0,2025-08-08 17:44:52
OPRX,319970000.0,,23.75,,3.05,2.69,19.29,30.21,88.31%,17.24%,-36.18%,-,30.23%,17.3,0.34740000000000004,2326689.0,2025-08-08 17:44:52
SIMA,319890000.0,45.71,,,,1.41,627.23,,-,-,-,-,-,10.43,-0.0003,801401.0,2025-08-08 17:44:52
PDYN,318810000.0,,,,73.12,5.7,5.08,,100.36%,-6400.00%,7.09%,-,-3.05%,7.6,0.0512,2308441.0,2025-08-08 17:44:52
BFZ,318670000.0,81.54,,,12.77,0.85,,,-,-,-,-,-,10.6,0.0,149551.0,2025-08-08 17:44:52
RFI,318430000.0,18.94,,,28.69,1.03,,,-,-,-,-,-,11.93,-0.0042,75759.0,2025-08-08 17:44:52
MLAC,317960000.0,129.55,,,,1.4,260.62,,-,-,-,-,-,10.26,0.0,110.0,2025-08-08 17:44:52
FERA,317700000.0,,,,,1.18,256.21,,-,-,-,-,-,10.16,-0.0005,50000.0,2025-08-08 17:44:52
AACI,317480000.0,,,,,,,,-,-,-,-,-,10.05,-0.002,1025.0,2025-08-08 17:44:52
OLMA,317480000.0,,,,,0.83,0.81,,17.94%,-20.53%,-83.00%,6.64%,-,4.64,-0.0169,515165.0,2025-08-08 17:44:52
XOMA,317120000.0,,82.17,,7.39,3.74,3.37,,93.48%,400.00%,-48.78%,-,9.17%,26.5,0.0255,38873.0,2025-08-08 17:44:52
BLUWU,316990000.0,,,,,,,,-,-,-,-,-,10.02,-0.0005,64.0,2025-08-08 17:44:52
PMTR,316010000.0,,,,,,,,-,-,-,-,-,10.25,-0.0029,27680.0,2025-08-08 17:44:52
TBCH,315900000.0,21.62,13.08,1.18,0.83,2.58,27.05,21.62,13.71%,35.11%,-5.70%,18.26%,9.70%,15.68,0.08810000000000001,556973.0,2025-08-08 17:44:52
NPCT,315730000.0,11.2,,,,,,,-,-,-,-,-,10.98,-0.0045000000000000005,89103.0,2025-08-08 17:44:52
BLUW,315250000.0,,,,,,,,-,-,-,-,-,9.97,0.001,100361.0,2025-08-08 17:44:52
BTM,315130000.0,,9.74,,0.53,,7.27,11.73,146.46%,23.77%,-,-,-,4.9,-0.0040999999999999995,732240.0,2025-08-08 17:44:52
ALDX,315050000.0,,41.42,,,4.97,3.5,,14.68%,115.84%,15.99%,-,-,5.26,0.0174,1314007.0,2025-08-08 17:44:52
DRDB,314980000.0,,,,,1.34,331.56,,-,-,-,-,-,10.27,0.0,117606.0,2025-08-08 17:44:52
QUAD,314450000.0,,5.56,,0.12,3.65,46.93,4.39,12.35%,17.28%,19.31%,53.93%,-7.39%,6.23,-0.0401,282062.0,2025-08-08 17:44:52
LAND,314450000.0,,,,3.85,0.46,7.33,12.54,32.99%,-164.10%,-17.95%,-21.35%,15.93%,8.69,-0.0492,1574407.0,2025-08-08 17:44:52
CRAQ,313930000.0,,,,,,10464.22,,-,-,-,-,-,10.02,0.0019,5700.0,2025-08-08 17:44:52
BWFG,313830000.0,15.45,7.84,,1.58,1.11,,13.11,260.97%,20.36%,-11.85%,-,17.30%,39.86,0.022099999999999998,26784.0,2025-08-08 17:44:52
SPIR,312800000.0,,,,3.14,53.52,8.71,,21.72%,60.98%,26.67%,45.39%,40.32%,9.6,0.0021,411758.0,2025-08-08 17:44:52
HOND,312800000.0,76.3,,,,1.39,601.54,,-,-,-,-,-,10.88,-0.0073,41509.0,2025-08-08 17:44:52
KOPN,312570000.0,,,,6.15,14.49,9.59,,88.89%,81.82%,2.12%,-,11.26%,1.92,0.0159,2739347.0,2025-08-08 17:44:52
ACTG,312560000.0,,,,1.26,0.46,0.91,,-164.29%,-488.89%,1.92%,-,61.17%,3.25,-0.0226,282250.0,2025-08-08 17:44:52
AMRN,311340000.0,,,,1.41,0.67,1.04,,58.75%,65.05%,-24.69%,50.68%,-11.92%,14.99,-0.0073,75706.0,2025-08-08 17:44:52
OBT,310960000.0,9.28,7.82,,2.09,1.26,,8.83,14.59%,7.21%,14.02%,-,19.84%,23.73,0.0115,36415.0,2025-08-08 17:44:52
TSAT,310950000.0,,,,0.89,0.63,0.78,,-9.65%,-49.22%,-,-20.14%,-9.50%,21.01,-0.049800000000000004,99367.0,2025-08-08 17:44:52
ISSC,310880000.0,28.72,24.19,0.81,4.78,5.79,252.75,,66.25%,9.77%,29.67%,35.27%,21.85%,17.66,0.0664,527133.0,2025-08-08 17:44:52
NGS,310500000.0,18.31,14.3,1.16,1.93,1.19,144.42,330.32,3.41%,22.35%,-,15.85%,14.85%,24.78,0.029500000000000002,47797.0,2025-08-08 17:44:52
ALDF,310340000.0,53.45,,,,1.3,383.13,,-,-,-,-,-,10.39,-0.0038,8710.0,2025-08-08 17:44:52
RFMZ,310310000.0,13.56,,,,,,,-,-,-,-,-,12.74,0.0018,50255.0,2025-08-08 17:44:52
BNTC,309750000.0,,,,,3.09,2.99,,79.50%,-21.95%,-,33.18%,-,11.8,0.0043,26916.0,2025-08-08 17:44:52
MIN,309530000.0,12.36,,,24.86,0.98,,,-,-,-,-,-,2.72,0.0149,161273.0,2025-08-08 17:44:52
JGH,309190000.0,7.8,,,,,,,-,-,-,-,-,13.34,0.003,39810.0,2025-08-08 17:44:52
GFR,309020000.0,2.16,,,0.66,0.48,6.02,15.77,-,-,-,-,-,4.4,-0.0045000000000000005,15449.0,2025-08-08 17:44:52
ONIT,308920000.0,9.77,3.87,0.24,0.32,0.64,1.2,,116.55%,10.77%,-,40.03%,-3.07%,38.35,-0.0088,44485.0,2025-08-08 17:44:52
RCKT,308130000.0,,,,,0.74,0.97,,23.03%,29.34%,-11.60%,19.76%,-,2.86,-0.07440000000000001,3237037.0,2025-08-08 17:44:52
POLE,307490000.0,57.99,,,,1.35,504.09,,-,-,-,-,-,10.42,-0.001,548034.0,2025-08-08 17:44:52
NEWT,307150000.0,5.83,5.13,,0.94,1.05,1.44,11.22,13.88%,1.81%,-1.68%,-,24.91%,11.66,0.0264,251335.0,2025-08-08 17:44:52
RICK,307060000.0,41.75,,,1.07,1.15,9.4,9.29,-,-,-31.13%,-,10.30%,35.04,-0.0179,94219.0,2025-08-08 17:44:52
CLPT,305820000.0,,,,9.49,15.15,24.68,,-10.00%,14.29%,-10.69%,-,22.85%,10.82,-0.0092,255179.0,2025-08-08 17:44:52
LOCO,305650000.0,12.1,10.91,,0.64,1.12,34.0,14.76,0.22%,4.71%,5.16%,-,1.35%,10.19,-0.013600000000000001,148157.0,2025-08-08 17:44:52
UMAC,305600000.0,,,,43.72,10.68,61.12,,90.10%,43.42%,-,-,-,10.09,0.0521,1879467.0,2025-08-08 17:44:52
DVS,305480000.0,,,,,4.09,13.56,,-,-,1.28%,-,-,3.58,-0.011000000000000001,205754.0,2025-08-08 17:44:52
PAYS,305470000.0,46.29,30.98,1.0,4.46,7.23,2.68,,58.64%,63.06%,-12.87%,46.48%,10.99%,5.61,-0.0483,1279663.0,2025-08-08 17:44:52
OOMA,305260000.0,,12.0,,1.18,3.48,16.07,14.89,22.22%,14.26%,21.95%,22.73%,11.12%,11.06,-0.0018,84978.0,2025-08-08 17:44:52
INBX,304870000.0,0.18,,,1524.33,3.23,1.41,,-109.95%,17.54%,-,-,-,21.06,-0.0131,80424.0,2025-08-08 17:44:52
RYAM,304850000.0,,19.23,,0.2,0.89,4.31,,-8353.33%,105.60%,22.95%,-,-1.69%,4.55,0.0412,1011271.0,2025-08-08 17:44:52
TRAK,304660000.0,50.21,45.05,,13.83,6.23,10.83,34.82,20.69%,5.71%,11.91%,-,-0.69%,16.67,0.0097,60107.0,2025-08-08 17:44:52
WTBA,304430000.0,10.57,8.36,,1.52,1.26,,8.42,33.80%,13.16%,-3.95%,-,13.22%,17.97,0.0096,38546.0,2025-08-08 17:44:52
OIS,304180000.0,44.7,9.25,0.95,0.46,0.44,5.65,10.07,141.18%,32.32%,45.86%,47.00%,-7.40%,5.02,0.022400000000000003,606883.0,2025-08-08 17:44:52
TWN,304160000.0,13.14,,,48.84,1.04,,,-,-,-,-,-,47.57,0.005699999999999999,4748.0,2025-08-08 17:44:52
TVA,303900000.0,,,,,,506.5,,-,-,-,-,-,10.13,0.0016,40.0,2025-08-08 17:44:52
ATII,302710000.0,282.6,,,,1.34,162.74,,-,-,-,-,-,10.23,0.0,106.0,2025-08-08 17:44:52
NGNE,302640000.0,,,,325.42,1.09,1.03,,-10.87%,-10.78%,-10.74%,-9.04%,-,21.22,-0.011200000000000002,66517.0,2025-08-08 17:44:52
CHAC,301680000.0,,,,,,,,-,-,-,-,-,10.06,-0.0015,13152.0,2025-08-08 17:44:52
MAMA,301640000.0,72.12,32.73,,2.34,11.41,25.12,98.9,80.56%,50.77%,16.11%,-,29.59%,8.02,-0.0147,162546.0,2025-08-08 17:44:52
GSRT,301620000.0,142.82,,,,1.34,226.78,,-,-,-,-,-,10.34,-0.0077,2098229.0,2025-08-08 17:44:52
MVBF,301350000.0,17.88,11.67,,1.51,0.98,,16.97,-32.46%,92.26%,-7.02%,-,8.03%,23.19,0.0017000000000000001,59767.0,2025-08-08 17:44:52
GRAF,301300000.0,40.45,,,,1.32,836.95,,-,-,-,-,-,10.48,0.0,74.0,2025-08-08 17:44:52
LPBB,299580000.0,67.62,,,,1.33,365.34,,-,-,-,-,-,10.42,0.0,9173.0,2025-08-08 17:44:52
BCML,299500000.0,12.48,10.12,,2.15,0.9,,9.44,6.67%,20.09%,7.32%,-,9.95%,27.21,0.008199999999999999,9241.0,2025-08-08 17:44:52
SEG,298580000.0,,,,2.65,0.56,2.26,,-,-,-,-,-,23.52,0.018600000000000002,102940.0,2025-08-08 17:44:52
STRT,298480000.0,14.47,17.4,1.54,0.54,1.37,4.81,5.62,3.69%,-2.49%,-,9.37%,2.00%,71.61,0.0425,97290.0,2025-08-08 17:44:52
NVEC,298260000.0,20.52,,,11.84,4.88,18.84,,-,-,0.76%,-,0.36%,61.66,-0.001,53840.0,2025-08-08 17:44:52
PCB,298060000.0,9.77,8.01,,1.49,0.97,,9.97,35.63%,10.17%,3.14%,-,12.86%,20.83,0.0034000000000000002,11188.0,2025-08-08 17:44:52
VCIC,298000000.0,73.83,,,,1.4,363.41,,-,-,-,-,-,10.41,-0.0528,4.0,2025-08-08 17:44:52
AFB,297800000.0,,,,11.26,0.88,,,-,-,-,-,-,10.36,0.0039000000000000003,51241.0,2025-08-08 17:44:52
NL,297570000.0,5.56,,,1.95,0.75,2.25,,-,-,21.02%,-,3.27%,6.09,-0.0016,13517.0,2025-08-08 17:44:52
AACB,297230000.0,,,,,1.32,1238.47,,-,-,-,-,-,10.11,-0.0039000000000000003,6563.0,2025-08-08 17:44:52
MTLS,297120000.0,48.55,21.48,5.03,1.03,1.01,2.17,146.37,-53.20%,86.36%,49.01%,9.66%,5.56%,5.03,-0.0059,114344.0,2025-08-08 17:44:52
NNOX,296490000.0,,,,25.67,1.68,4.75,,13.56%,47.15%,-13.07%,36.35%,-,4.65,0.006500000000000001,1056407.0,2025-08-08 17:44:52
LRMR,296350000.0,,,,,1.59,1.88,,-43.50%,2.47%,50.78%,-5.92%,-,3.58,-0.0219,1199349.0,2025-08-08 17:44:52
BNED,295930000.0,,,,0.19,1.04,20.58,,-,-,-19.60%,-,-5.09%,8.69,0.0023,377082.0,2025-08-08 17:44:52
FSBW,295890000.0,9.13,8.52,1.25,1.4,0.97,,5.18,-4.43%,8.32%,11.76%,7.29%,12.90%,38.44,0.005,4559.0,2025-08-08 17:44:52
LOKV,295840000.0,,,,,1.34,131.48,,-,-,-,-,-,10.29,-0.001,18497.0,2025-08-08 17:44:52
MKTW,295770000.0,1.7,14.54,0.04,0.83,,4.28,15.2,183.59%,-38.48%,-,42.88%,2.93%,18.19,-0.015700000000000002,11182.0,2025-08-08 17:44:52
EVI,295490000.0,47.12,,,0.8,2.11,50.0,15.29,-,-,5.18%,-,9.14%,23.16,-0.0004,3440.0,2025-08-08 17:44:52
OMSE,295450000.0,,6.66,,,,,,-12.73%,8.85%,-,-,-,6.96,-0.0645,66237.0,2025-08-08 17:44:52
WILC,295420000.0,15.29,,,1.86,1.83,4.71,,-,-,4.59%,-,6.97%,21.28,-0.0060999999999999995,11534.0,2025-08-08 17:44:52
JOF,294960000.0,38.56,,,36.2,1.1,,,-,-,-,-,-,10.41,0.015600000000000001,205232.0,2025-08-08 17:44:52
NPCE,294530000.0,,,,3.49,12.12,4.45,,11.65%,27.05%,5.83%,34.22%,16.67%,8.98,0.0067,137059.0,2025-08-08 17:44:52
AUDC,294450000.0,21.83,20.74,,1.21,1.52,3.72,9.16,-43.10%,-4.04%,29.73%,-7.89%,3.87%,9.85,0.0103,94438.0,2025-08-08 17:44:52
MBI,294350000.0,,,,2.86,,,,87.56%,10.31%,-16.29%,47.02%,-31.62%,5.83,-0.0761,475055.0,2025-08-08 17:44:52
MPX,293970000.0,21.28,,,1.31,2.31,5.86,18.97,-,-,-9.36%,-,-4.13%,8.4,0.0108,11708.0,2025-08-08 17:44:52
MHN,293950000.0,486.0,,,11.21,0.83,,,-,-,-,-,-,9.72,-0.0031,14830.0,2025-08-08 17:44:52
NMG,293860000.0,,,,,2.92,4.6,,32.85%,34.99%,1.71%,-,-,1.93,0.0,27039.0,2025-08-08 17:44:52
AMCX,293370000.0,,2.96,,0.12,0.33,0.34,1.09,-40.55%,-3.98%,-,-17.55%,-4.58%,6.53,0.0883,3150127.0,2025-08-08 17:44:52
CVEO,292830000.0,,79.53,,0.46,1.41,20.0,36.24,45.38%,145.13%,22.72%,-,5.27%,23.33,-0.016,39411.0,2025-08-08 17:44:52
RXST,292180000.0,,,,1.97,1.04,1.27,,-71.34%,4.14%,-,-8.52%,128.61%,7.19,-0.077,1664005.0,2025-08-08 17:44:52
OCGN,291830000.0,,,,61.44,95.54,10.8,,-7.50%,-16.28%,32.82%,-,-,1.0,-0.0016,2056430.0,2025-08-08 17:44:52
THM,291030000.0,,,,,4.89,68.32,,-,-,2.47%,-,-,1.4,-0.021,715006.0,2025-08-08 17:44:52
DBL,290710000.0,10.2,,,,,,,-,-,-,-,-,15.4,0.0026,65430.0,2025-08-08 17:44:52
PNRG,290370000.0,8.21,,,1.21,1.43,138.27,26.18,-,-,77.39%,-,16.50%,174.87,0.0484,157812.0,2025-08-08 17:44:52
NBH,290260000.0,326.67,,,10.49,0.88,,,-,-,-,-,-,9.8,-0.0060999999999999995,64919.0,2025-08-08 17:44:52
CZNC,289600000.0,10.74,8.5,,1.8,1.01,,10.66,11.24%,17.02%,2.98%,-,13.34%,18.69,0.0163,18036.0,2025-08-08 17:44:52
HRZN,289350000.0,,6.44,,2.94,0.95,,,-15.82%,0.13%,-,-,-,7.17,-0.032400000000000005,1686266.0,2025-08-08 17:44:52
AVIR,289250000.0,,,,,0.75,0.76,,19.00%,-0.93%,-63.72%,14.27%,-,3.38,-0.0231,302700.0,2025-08-08 17:44:52
NNDM,288980000.0,,,,4.91,0.34,0.39,,-,-,-56.04%,-,52.26%,1.33,-0.0148,1635795.0,2025-08-08 17:44:52
JPI,288210000.0,9.78,,,,,,,-,-,-,-,-,20.43,0.0029,10270.0,2025-08-08 17:44:52
REFI,287680000.0,7.48,6.94,3.11,4.54,0.93,8.09,11.93,-7.39%,5.14%,-,2.40%,-,13.72,0.0096,80590.0,2025-08-08 17:44:52
NECB,287620000.0,6.12,6.39,,1.8,0.85,,6.27,-11.45%,1.26%,34.39%,-,23.63%,20.51,0.0199,39873.0,2025-08-08 17:44:52
WEYS,287360000.0,11.18,,,1.02,1.16,3.66,8.79,-,-,8.53%,-,-0.92%,30.0,0.0218,11182.0,2025-08-08 17:44:52
FEIM,287270000.0,11.94,16.87,,4.11,5.16,60.86,,-32.26%,4.17%,-,-6.30%,10.96%,29.53,0.0487,251054.0,2025-08-08 17:44:52
RXT,287240000.0,,,,0.11,,2.76,5.36,36.74%,89.37%,-50.09%,-,2.34%,1.21,-0.0472,1207667.0,2025-08-08 17:44:52
DRTS,287130000.0,,,,,4.24,5.23,,-1.41%,2.92%,-19.90%,10.04%,-,3.39,0.036699999999999997,96662.0,2025-08-08 17:44:52
JENA,286480000.0,,,,,,,,-,-,-,-,-,10.15,0.001,8013.0,2025-08-08 17:44:52
TEI,286200000.0,18.94,,,9.26,1.04,,,-,-,-,-,-,6.06,0.0,114153.0,2025-08-08 17:44:52
COSO,285330000.0,8.66,,,2.14,0.99,,,-,-,42.29%,-,28.65%,20.17,-0.0275,45680.0,2025-08-08 17:44:52
API,285220000.0,,23.49,,2.14,0.5,1.95,,109.20%,285.30%,6.95%,-,15.64%,3.83,0.0159,392882.0,2025-08-08 17:44:52
SLP,285200000.0,,16.23,,3.55,2.3,10.02,20.76,89.22%,-12.92%,0.62%,22.32%,15.56%,14.17,0.0078000000000000005,408873.0,2025-08-08 17:44:52
NCA,285060000.0,16.25,,,21.63,0.92,,,-,-,-,-,-,8.61,-0.0014000000000000002,40903.0,2025-08-08 17:44:52
BKT,284940000.0,83.79,,,19.12,0.99,,,-,-,-,-,-,11.73,-0.0026,91381.0,2025-08-08 17:44:52
PLBC,284830000.0,8.45,7.3,,3.02,1.26,,10.93,-10.62%,30.85%,10.08%,-,8.95%,41.0,0.0166,7046.0,2025-08-08 17:44:52
TBRG,284100000.0,,9.47,,0.83,1.64,23.13,8.69,651.04%,10.82%,-,113.63%,4.52%,18.91,-0.1076,338378.0,2025-08-08 17:44:52
TG,283910000.0,37.4,,,0.41,1.48,77.57,21.22,-,-,-27.03%,-,-6.26%,8.13,-0.0037,50532.0,2025-08-08 17:44:52
FNLC,283640000.0,9.77,,,1.64,1.07,,10.44,-,-,0.71%,-,12.49%,25.32,0.012,10418.0,2025-08-08 17:44:52
AGD,282720000.0,,,,,,,,-,-,-,-,-,11.37,0.0070999999999999995,109446.0,2025-08-08 17:44:52
GEVO,282690000.0,,,,6.73,0.6,4.23,,25.00%,64.71%,32.11%,39.58%,-7.13%,1.18,0.026099999999999998,2346651.0,2025-08-08 17:44:52
ANTA,282280000.0,42.28,10.4,,5.49,4.89,117.62,,166.70%,121.70%,-,-,-,12.22,0.0091,15235.0,2025-08-08 17:44:52
NHIC,281900000.0,,,,,1.43,160.17,,-,-,-,-,-,10.21,0.001,30031.0,2025-08-08 17:44:52
BRT,281650000.0,,,,2.92,1.35,10.29,13.32,-2.80%,23.64%,-,-,28.06%,14.9,-0.008,30897.0,2025-08-08 17:44:52
CIO,280530000.0,,,,1.66,0.56,8.13,5.34,-100.53%,69.66%,-37.38%,17.02%,1.83%,6.95,0.0,356194.0,2025-08-08 17:44:52
ATGL,280290000.0,,,,177.4,42.16,52.1,,-,-,-,-,-,18.36,0.0231,1216.0,2025-08-08 17:44:52
ALT,279820000.0,,,,13991.12,1.89,1.87,,7.66%,-6.08%,3.48%,2.73%,-67.83%,3.45,-0.0199,2300745.0,2025-08-08 17:44:52
XPER,279610000.0,,7.12,,0.59,0.67,3.18,,-28.76%,24.46%,-,-,-,6.12,0.0183,738274.0,2025-08-08 17:44:52
NEWP,279540000.0,,,,,2.1,16.38,,-,-,-21.25%,-,-,1.63,-0.0060999999999999995,202241.0,2025-08-08 17:44:52
ARQ,279440000.0,,29.76,,2.44,1.28,44.08,,117.53%,806.00%,-,-,9.23%,6.62,0.0695,259319.0,2025-08-08 17:44:52
XNET,279420000.0,,,,0.84,0.88,1.02,,-,-,-,-,12.34%,4.48,-0.0366,179415.0,2025-08-08 17:44:52
LMNR,279160000.0,,75.37,,1.58,1.62,134.21,18.32,-132.26%,202.50%,-,-24.20%,2.24%,15.45,-0.0048,27620.0,2025-08-08 17:44:52
RLGT,279090000.0,16.81,15.1,,0.31,1.28,14.66,48.62,89.67%,29.22%,-10.15%,-,-2.06%,5.92,0.0,37703.0,2025-08-08 17:44:52
DSM,278780000.0,,,,12.34,0.91,,,-,-,-,-,-,5.64,0.0,104482.0,2025-08-08 17:44:52
TGEN,278720000.0,,,,11.76,24.42,68.48,169.95,-,-,-0.20%,-,-7.51%,9.43,0.128,1287697.0,2025-08-08 17:44:52
CBAN,278330000.0,10.1,8.07,,1.53,0.94,,15.53,15.75%,16.86%,3.98%,-,18.63%,15.94,0.0013,38418.0,2025-08-08 17:44:52
IMXI,278180000.0,5.48,4.14,1.43,0.49,2.02,1.83,11.43,-9.52%,15.67%,27.98%,3.82%,15.65%,9.28,0.0043,320313.0,2025-08-08 17:44:52
MEC,277950000.0,16.16,15.49,0.69,0.53,1.13,1323.58,4.05,-65.75%,315.99%,-,23.50%,2.28%,13.68,-0.0393,317689.0,2025-08-08 17:44:52
LAW,277840000.0,,,,1.88,2.01,2.43,,13.99%,39.91%,-11.98%,40.86%,24.43%,4.5,0.025099999999999997,122252.0,2025-08-08 17:44:52
AVNW,277750000.0,,8.1,,0.64,1.06,5.62,,-58.73%,107.05%,-0.07%,4.45%,10.85%,21.81,0.044500000000000005,108317.0,2025-08-08 17:44:52
NYXH,277730000.0,,,,59.22,2.77,4.08,,-18.70%,12.80%,-34.68%,10.12%,-,7.42,-0.010700000000000001,176835.0,2025-08-08 17:44:52
CDZI,277570000.0,,,,24.26,6.3,12.87,,-,-,13.89%,-,85.20%,3.39,0.011899999999999999,597657.0,2025-08-08 17:44:52
TTSH,277320000.0,,,,0.82,2.24,9.99,116.03,-,-,-,-,0.39%,6.2,0.0256,53459.0,2025-08-08 17:44:52
QSG,276720000.0,7.14,14.39,0.19,0.64,4.18,1.77,,66.54%,5.61%,-,37.98%,-,8.0,-0.030299999999999997,784163.0,2025-08-08 17:44:52
MMD,276620000.0,14.58,,,9.65,0.86,,,-,-,-,-,-,14.73,-0.0007000000000000001,47534.0,2025-08-08 17:44:52
NC,276330000.0,8.73,,,1.04,0.67,5.59,,-,-,-4.25%,-,11.01%,37.14,0.0095,2951.0,2025-08-08 17:44:52
FRST,275900000.0,30.79,7.15,,1.13,0.72,,7.8,390.74%,98.73%,-,-,13.43%,11.16,0.0127,93115.0,2025-08-08 17:44:52
VMD,275380000.0,20.95,12.24,0.67,1.14,2.01,13.76,,45.24%,42.62%,5.18%,31.04%,22.82%,7.1,0.020099999999999996,738722.0,2025-08-08 17:44:52
PMO,275250000.0,245.25,,,12.79,0.9,,,-,-,-,-,-,9.81,-0.003,82653.0,2025-08-08 17:44:52
RNGR,275230000.0,12.76,12.54,1.12,0.48,1.01,5.63,4.92,-2.47%,27.22%,31.03%,11.41%,11.13%,12.6,0.0072,71945.0,2025-08-08 17:44:52
DRUG,274850000.0,,,,,7.1,7.1,,-265.41%,-194.74%,-59.48%,-,-,38.82,0.1155,164372.0,2025-08-08 17:44:52
DAO,274640000.0,51.41,26.82,0.71,0.36,,4.73,,106.72%,62.44%,-,72.08%,32.86%,8.78,0.0034000000000000002,49654.0,2025-08-08 17:44:52
FET,274230000.0,,13.16,,0.34,0.86,8.81,3.08,205.81%,85.16%,36.07%,-,-3.12%,22.17,0.2208,222825.0,2025-08-08 17:44:52
MVIS,274180000.0,,,,106.27,5.07,3.0,,41.52%,33.51%,-36.53%,32.56%,8.73%,1.1,-0.0179,6525441.0,2025-08-08 17:44:52
ORN,274180000.0,24.49,20.91,0.41,0.33,1.79,158.48,15.18,10.00%,100.00%,23.69%,59.62%,2.37%,6.9,-0.0143,535985.0,2025-08-08 17:44:52
BYM,273800000.0,55.63,,,12.16,0.86,,,-,-,-,-,-,10.57,-0.0028000000000000004,39685.0,2025-08-08 17:44:52
TCMD,273740000.0,19.73,13.35,0.64,0.92,1.4,3.36,6.91,-9.64%,45.45%,4.69%,30.62%,9.11%,12.28,-0.0129,225245.0,2025-08-08 17:44:52
MG,273510000.0,24.14,10.15,,0.39,1.28,13.28,7.29,-0.93%,20.56%,23.52%,-,-0.51%,8.73,-0.008,106584.0,2025-08-08 17:44:52
LANV,273360000.0,,,,0.77,,14.63,,21.46%,21.23%,-1011.01%,20.50%,-,2.17,-0.0805,33886.0,2025-08-08 17:44:52
NATR,273360000.0,20.78,17.71,,0.59,1.73,3.36,12.23,113.04%,-10.71%,3.23%,-,4.64%,15.5,0.0098,146997.0,2025-08-08 17:44:52
RNAC,273300000.0,,,,5.7,,1.7,,55.33%,-77.25%,34.24%,5.25%,42.27%,10.53,-0.0009,32132.0,2025-08-08 17:44:52
CATX,273160000.0,,,,185.82,0.96,1.29,,6.46%,-12.06%,-9.86%,-1.94%,-27.61%,3.68,0.0138,369419.0,2025-08-08 17:44:52
RMM,273100000.0,17.51,,,,,,,-,-,-,-,-,13.84,0.0025,71759.0,2025-08-08 17:44:52
STIM,273100000.0,,,,2.46,10.06,15.48,,58.12%,22.57%,2.71%,41.10%,3.63%,4.13,0.031200000000000002,1192503.0,2025-08-08 17:44:52
HYI,272680000.0,12.53,,,,,,,-,-,-,-,-,12.03,0.0059,25679.0,2025-08-08 17:44:52
WOW,272670000.0,,,,0.44,1.39,9.47,,5.15%,12.71%,-,7.73%,-11.25%,3.19,0.0063,605447.0,2025-08-08 17:44:52
OCFT,272610000.0,,,,1.04,0.83,0.86,,-,-,25.52%,-,-1.50%,7.41,0.0040999999999999995,46219.0,2025-08-08 17:44:52
OMER,272540000.0,,,,,,5.2,,28.47%,94.24%,-9.58%,-,-,4.06,0.0741,1056167.0,2025-08-08 17:44:52
SDM,271790000.0,149.56,,,12.64,39.12,2717.93,,-15.00%,-,-,-,-,10.17,-0.022099999999999998,777569.0,2025-08-08 17:44:52
PAMT,271760000.0,,,,0.41,1.01,2.32,,-243.24%,72.44%,-,-,6.81%,12.47,-0.0158,6059.0,2025-08-08 17:44:52
SJT,271730000.0,253.48,,,143.02,97.17,905.76,,-90.00%,-,-8.60%,-,-6.70%,5.83,0.0,315999.0,2025-08-08 17:44:52
TVAI,271180000.0,,,,,,,,-,-,-,-,-,9.97,-0.003,6645.0,2025-08-08 17:44:52
SOUL,270490000.0,,,,,,,,-,-,-,-,-,10.06,-0.004,50356.0,2025-08-08 17:44:52
UIS,270200000.0,,5.16,,0.14,,0.9,,8.89%,50.00%,-55.50%,-,-2.01%,3.79,-0.0405,1213784.0,2025-08-08 17:44:52
JMSB,270010000.0,14.24,,,2.39,1.06,,11.59,-,-,0.56%,-,9.80%,18.91,0.0129,3999.0,2025-08-08 17:44:52
AIRJ,269850000.0,5.24,,,,0.93,11.73,,-99.38%,-1340.00%,-,-,-,4.48,-0.0067,38397.0,2025-08-08 17:44:52
GWRS,269840000.0,42.01,35.75,,5.04,3.49,8.57,,-17.31%,27.91%,18.19%,-,8.24%,9.83,0.0144,28551.0,2025-08-08 17:44:52
CEPO,269790000.0,,,,,1.34,963.54,,-,-,-,-,-,10.58,0.0115,399918.0,2025-08-08 17:44:52
GLUE,269420000.0,12.77,,,1.51,1.01,0.93,11.3,86.83%,-911.64%,-41.09%,-10.25%,-,4.38,0.0355,404889.0,2025-08-08 17:44:52
FRGE,269250000.0,,,,2.96,1.38,3.29,,18.92%,45.67%,-12.26%,33.51%,-,21.84,-0.0018,120564.0,2025-08-08 17:44:52
IMAB,269190000.0,,,,,1.4,1.6,,-80.00%,-62.04%,28.36%,-,-,3.41,-0.0285,1129142.0,2025-08-08 17:44:52
DBVT,268580000.0,,,,,3.12,2.6,,-137.89%,2.08%,24.05%,-0.28%,-,9.82,0.0049,98148.0,2025-08-08 17:44:52
HYLN,268110000.0,,,,134.05,1.18,2.21,,-10.00%,3.03%,-12.81%,3.45%,-,1.53,0.0268,725685.0,2025-08-08 17:44:52
LFCR,268070000.0,,,,2.06,120.27,49.46,,42.91%,40.69%,86.82%,-,-25.46%,7.24,-0.067,171759.0,2025-08-08 17:44:52
SGMT,267790000.00000003,,,,,2.02,1.85,,-46.21%,-23.28%,-16.85%,-21.80%,-,8.73,-0.0354,331546.0,2025-08-08 17:44:52
KLTR,267300000.0,,28.06,,1.47,15.76,3.58,16.74,212.08%,84.39%,-11.42%,-,12.92%,1.74,0.0175,252201.0,2025-08-08 17:44:52
LPRO,267120000.0,,22.96,,16.44,3.34,1.11,132.9,102.43%,253.25%,17.56%,-,-23.69%,2.23,-0.0089,1049607.0,2025-08-08 17:44:52
ITRG,267019999.99999997,,6.39,,3.06,2.02,4.34,28.41,206.86%,36.03%,39.40%,-,-,1.58,0.0,770625.0,2025-08-08 17:44:52
OIA,266990000.0,15.14,,,12.01,0.87,,,-,-,-,-,-,5.6,0.0036,243374.0,2025-08-08 17:44:52
CCIIU,266839999.99999997,,,,,,,,-,-,-,-,-,10.26,0.0005,1235.0,2025-08-08 17:44:52
SBXD,266459999.99999997,49.22,,,,1.36,429.78,,-,-,-,-,-,10.47,0.001,48778.0,2025-08-08 17:44:52
AMBI,266290000.00000003,,,,0.44,1.13,4.59,5.01,-,-,-,-,-,4.8,0.0489,17324.0,2025-08-08 17:44:52
MCR,265829999.99999997,14.49,,,11.89,0.96,,,-,-,-,-,-,6.38,0.0026,28041.0,2025-08-08 17:44:52
ADCT,265800000.0,,,,3.51,,1.37,,5.31%,13.17%,1.38%,17.01%,97.79%,2.68,0.0152,598254.0,2025-08-08 17:44:52
NODK,265560000.0,53.1,,,0.82,1.05,,8.49,-,-,-27.27%,-,3.73%,12.83,-0.01,4075.0,2025-08-08 17:44:52
ERC,265390000.0,12.78,,,8.71,0.95,,,-,-,-,-,-,9.46,0.0021,81093.0,2025-08-08 17:44:52
RIV,265180000.0,6.11,,,,,,,-,-,-,-,-,12.35,0.005699999999999999,47526.0,2025-08-08 17:44:52
HVII,265140000.0,,,,,1.43,129.97,,-,-,-,-,-,10.19,0.002,260.0,2025-08-08 17:44:52
NIU,263430000.0,,8.98,,0.55,2.38,1.98,,240.21%,76.61%,-,-,8.74%,3.78,0.010700000000000001,509540.0,2025-08-08 17:44:52
EGHT,263190000.0,,5.58,,0.37,2.04,3.23,6.15,-17.71%,16.70%,34.38%,-3.35%,9.89%,1.93,0.0432,1628241.0,2025-08-08 17:44:52
IMMP,262750000.0,,,,,2.44,2.66,,8.45%,-59.16%,9.98%,10.61%,-,1.79,-0.011000000000000001,64935.0,2025-08-08 17:44:52
GALT,262660000.00000003,,,,,,35.35,,11.84%,2.99%,-23.89%,-,-,4.15,0.08070000000000001,814304.0,2025-08-08 17:44:52
RMAX,262350000.00000003,17.1,5.77,2.45,0.88,0.36,1.55,6.7,1.42%,5.79%,-23.56%,6.97%,1.74%,8.05,0.0063,297540.0,2025-08-08 17:44:52
JCE,261769999.99999997,4.52,,,,,,,-,-,-,-,-,15.55,0.0097,39843.0,2025-08-08 17:44:52
CTRN,261760000.0,,40.99,,0.34,2.41,6.3,,72.59%,163.64%,-,-,-0.75%,31.56,0.0354,55655.0,2025-08-08 17:44:52
FCT,261390000.0,10.93,,,9.4,0.93,,,-,-,-,-,-,10.06,0.003,73193.0,2025-08-08 17:44:52
MXF,261149999.99999997,,,,20.57,0.93,,,-,-,-,-,-,18.11,0.0095,12906.0,2025-08-08 17:44:52
TDF,260880000.0,9.62,,,40.73,0.99,,,-,-,-,-,-,10.29,-0.0019,22305.0,2025-08-08 17:44:52
FDMT,260810000.0,,,,13040.56,0.56,0.81,,-19.89%,-7.15%,-9.89%,-11.31%,-64.94%,5.63,-0.026000000000000002,551686.0,2025-08-08 17:44:52
SCD,260410000.00000003,13.32,,,25.95,0.94,,,-,-,-,-,-,15.19,0.0033,68610.0,2025-08-08 17:44:52
LOVE,260290000.00000003,25.48,12.7,0.66,0.38,1.29,9.68,,48.07%,37.85%,-,38.55%,23.87%,17.89,-0.0154,344625.0,2025-08-08 17:44:52
AARD,260130000.0,,,,,1.73,1.72,,51.26%,-6.69%,-,16.89%,-,11.99,0.0017000000000000001,25018.0,2025-08-08 17:44:52
WSBF,259810000.0,12.0,,,1.31,0.75,,,-,-,-5.97%,-,-0.74%,13.62,0.0126,17242.0,2025-08-08 17:44:52
FTF,259600000.00000003,12.85,,,7.02,0.93,,,-,-,-,-,-,6.43,0.0023,118066.0,2025-08-08 17:44:52
ZUMZ,259100000.00000003,1325.45,31.59,,0.29,0.87,2.48,102.82,616.67%,48.90%,-,-,-2.97%,14.58,-0.0088,116951.0,2025-08-08 17:44:52
ANNX,258920000.00000003,,,,,1.06,0.98,,-45.07%,1.20%,-0.09%,2.82%,-,2.36,-0.0042,1103273.0,2025-08-08 17:44:52
FHTX,258910000.00000003,,,,10.71,,1.3,,19.44%,4.83%,-2.59%,6.34%,-,4.58,-0.0803,71553.0,2025-08-08 17:44:52
LWLG,258829999.99999997,,,,2875.9,8.18,10.33,,-,-,-18.26%,-,-,2.07,0.0098,690937.0,2025-08-08 17:44:52
VOR,258670000.00000003,,,,,3.91,4.31,,56.45%,36.23%,-38.02%,18.66%,-,2.07,0.0,1952660.0,2025-08-08 17:44:52
CHPT,258550000.0,,,,0.63,2.15,1.32,,37.83%,22.60%,-9.74%,33.77%,-,11.07,0.054299999999999994,747743.0,2025-08-08 17:44:52
SABA,258450000.0,6.47,,,12.23,0.98,,,-,-,-,-,-,9.32,0.0011,15183.0,2025-08-08 17:44:52
OPRT,258399999.99999997,,3.65,,0.27,0.69,,0.64,75.00%,28.17%,-,35.38%,10.79%,5.89,0.0017000000000000001,492471.0,2025-08-08 17:44:52
MMT,258250000.0,12.37,,,11.64,0.95,,,-,-,-,-,-,4.7,-0.0011,68124.0,2025-08-08 17:44:52
RLTY,257860000.0,12.74,,,,,,,-,-,-,-,-,15.42,-0.0045000000000000005,49444.0,2025-08-08 17:44:52
GCO,257730000.00000003,,11.53,,0.11,0.49,11.85,,61.35%,36.70%,-,43.37%,1.14%,23.91,-0.0444,161410.0,2025-08-08 17:44:52
EIC,257529999.99999997,4.33,6.58,,5.03,0.86,,,-11.99%,11.22%,-,-,-,12.18,-0.005699999999999999,500848.0,2025-08-08 17:44:52
QSI,257170000.00000003,,,,75.42,1.06,1.2,,26.29%,3.82%,43.26%,16.28%,-,1.27,-0.0451,6395819.0,2025-08-08 17:44:52
JRVR,257130000.0,,4.93,,0.39,0.52,,,192.54%,14.74%,-,-,-4.85%,5.6,-0.026099999999999998,146725.0,2025-08-08 17:44:52
CZFS,256940000.0,8.12,7.27,,1.51,0.82,,8.76,15.96%,6.52%,2.13%,-,19.35%,53.45,-0.0147,15772.0,2025-08-08 17:44:52
ALTG,256899999.99999997,,,,0.14,4.59,23.14,,0.73%,39.93%,16.55%,-,27.48%,7.74,0.0795,398691.0,2025-08-08 17:44:52
INV,256740000.0,,,,178.29,0.86,186.04,,-48.55%,79.64%,-,-,-,4.8,-0.0083,81726.0,2025-08-08 17:44:52
WTI,256620000.0,,,,0.52,,2.1,,-13.04%,1.92%,-,-,-0.36%,1.73,0.0058,1341337.0,2025-08-08 17:44:52
CURI,256050000.0,,331.58,,4.21,5.12,9.08,25.79,93.06%,180.00%,44.32%,-,23.19%,4.42,0.04,960578.0,2025-08-08 17:44:52
OACC,255880000.0,,,,,1.35,199.9,,-,-,-,-,-,10.41,-0.005699999999999999,1.0,2025-08-08 17:44:52
EM,255530000.0,,,,0.97,0.82,0.62,,-,-,45.46%,-,-2.10%,1.18,0.0043,35420.0,2025-08-08 17:44:52
IIF,255480000.0,4.21,,,129.42,0.88,,,-,-,-,-,-,26.71,-0.0074,21412.0,2025-08-08 17:44:52
MB,255270000.0,45.09,,,3.93,62.0,15.29,41.17,-,-,-,-,-,14.88,0.0027,27145.0,2025-08-08 17:44:52
LNKB,254980000.0,6.77,7.32,,1.5,0.86,,9.81,13.49%,12.29%,-1.05%,-,79.77%,6.81,0.0089,20586.0,2025-08-08 17:44:52
JACS,254960000.0,,,,,523.83,335.48,,-,-,-,-,-,10.33,-0.001,85107.0,2025-08-08 17:44:52
AENT,254790000.0,21.55,7.81,0.28,0.24,2.62,125.51,10.49,183.33%,150.98%,-,78.28%,-,5.0,-0.0385,33544.0,2025-08-08 17:44:52
PACHU,253890000.0,,,,,,8462.88,,-,-,-,-,-,10.03,0.0005,3237.0,2025-08-08 17:44:52
WRN,253680000.0,,,,,1.92,5.62,,-62.50%,-25.06%,-14.90%,-,-,1.27,0.016,199106.0,2025-08-08 17:44:52
OBAWU,253510000.0,,,,,,,,-,-,-,-,-,10.02,-0.001,276.0,2025-08-08 17:44:52
EOT,253120000.0,52.26,,,,,,,-,-,-,-,-,16.2,-0.0012,94025.0,2025-08-08 17:44:52
PKOH,253000000.0,7.38,5.37,,0.16,0.68,5.55,,-13.51%,6.60%,0.44%,-,0.46%,17.78,-0.012199999999999999,34610.0,2025-08-08 17:44:52
TGE,252680000.0,2.27,,,3.28,,,,266.80%,-,-,-,-,3.72,-0.1603,70135.0,2025-08-08 17:44:52
NREF,252430000.0,5.8,7.29,,1.91,0.73,18.37,5.75,-4.17%,13.33%,-12.55%,-,16.46%,14.25,0.005600000000000001,18034.0,2025-08-08 17:44:52
EPSM,252270000.0,,,,,,,,-,-,-24.67%,-,-10.78%,18.77,0.0229,478501.0,2025-08-08 17:44:52
ACB,252000000.0,,13.2,,0.98,0.62,1.85,,-8.09%,237.01%,-,33.78%,4.28%,4.48,0.0641,1604575.0,2025-08-08 17:44:52
MNTK,251790000.0,94.65,19.26,2.44,1.39,0.99,8.64,,-50.12%,163.23%,10.83%,38.87%,11.00%,1.77,-0.09230000000000001,145805.0,2025-08-08 17:44:52
CGC,251700000.0,,,,1.3,0.68,2.63,,85.32%,27.25%,32.50%,64.10%,-8.39%,1.25,0.1905,45541871.0,2025-08-08 17:44:52
NCZ,251180000.0,1.2,,,14.02,0.94,,,-,-,-,-,-,13.2,-0.0015,69969.0,2025-08-08 17:44:52
BCARU,251120000.0,,,,,,,,-,-,-,-,-,9.97,0.0015,26830.0,2025-08-08 17:44:52
PMM,251030000.0,27.81,,,13.03,0.86,,,-,-,-,-,-,5.84,-0.0034000000000000002,78738.0,2025-08-08 17:44:52
FACT,250840000.0,186.18,,,,1.46,205.61,,-,-,-,-,-,10.31,0.0014000000000000002,215.0,2025-08-08 17:44:52
TPVG,250250000.0,6.69,5.98,,2.47,0.72,,,-16.35%,-11.22%,-,-,-,6.22,-0.0174,725172.0,2025-08-08 17:44:52
CTGO,249810000.0,,8.87,,,,7.09,7.42,61.17%,265.56%,-19.59%,-,-,19.9,0.0179,129624.0,2025-08-08 17:44:52
RITR,249720000.0,47.86,,,5.24,10.78,39.64,,-,-,-,-,-,4.02,-0.060700000000000004,109618.0,2025-08-08 17:44:52
TMQ,249640000.0,,,,,1.92,10.14,,-10.00%,-81.82%,23.61%,-21.64%,-,1.52,0.013300000000000001,241736.0,2025-08-08 17:44:52
PLMK,249310000.0,228.56,,,,1.47,429.84,,-,-,-,-,-,10.28,0.0,0.0,2025-08-08 17:44:52
LVRO,249180000.0,,,,0.14,1.55,2.0,102.12,-23.63%,30.47%,-,49.98%,-,2.13,0.065,16113.0,2025-08-08 17:44:52
ONEW,249160000.0,,11.1,,0.14,0.63,3.04,2.6,-31.33%,103.74%,-,45.24%,18.22%,15.22,-0.032400000000000005,87170.0,2025-08-08 17:44:52
NTWO,249160000.0,91.42,,,,1.45,220.5,,-,-,-,-,-,10.33,-0.0019,304.0,2025-08-08 17:44:52
MIMI,248600000.0,,,,591.9,306.88,428.62,,-,-,-,-,-,9.94,0.0541,332550.0,2025-08-08 17:44:52
VNDA,248170000.0,,,,1.22,0.51,0.76,,-427.27%,43.10%,-,10.70%,-2.64%,4.2,0.0,303950.0,2025-08-08 17:44:52
PSF,247860000.0,7.66,,,,,,,-,-,-,-,-,20.61,0.004699999999999999,20753.0,2025-08-08 17:44:52
AEF,247470000.0,15.63,,,30.73,1.02,,,-,-,-,-,-,6.09,0.0074,67869.0,2025-08-08 17:44:52
DYNX,247450000.0,,,,,1.26,164.97,,-,-,-,-,-,11.18,0.0449,1603460.0,2025-08-08 17:44:52
SI,247250000.0,,,,,,,,-,-,-,-,-,12.41,0.0206,142193.0,2025-08-08 17:44:52
ZYBT,246900000.0,156.46,,,9.54,6.32,89.78,64.47,-,-,-,-,-,5.21,-0.08439999999999999,11771.0,2025-08-08 17:44:52
KWM,246660000.0,,,,,,483.66,,-,-,-504.24%,-,-,3.9,0.015600000000000001,141294.0,2025-08-08 17:44:52
GASS,246650000.0,3.57,3.86,,1.47,0.39,3.32,2.52,-25.12%,9.49%,106.54%,-,3.00%,6.67,-0.0045000000000000005,82349.0,2025-08-08 17:44:52
DMAA,246590000.0,363.65,,,,1.52,,,-,-,-,-,-,10.26,-0.0015,324.0,2025-08-08 17:44:52
PKBK,246300000.0,8.11,,,1.79,0.79,,7.9,-,-,0.07%,-,9.09%,20.79,0.011699999999999999,8884.0,2025-08-08 17:44:52
NUW,246150000.0,114.27,,,,,,,-,-,-,-,-,13.71,-0.0013,25282.0,2025-08-08 17:44:52
ALCO,245620000.0,,,,4.97,1.89,16.75,,-269.82%,87.60%,-28.94%,-,-17.53%,32.14,-0.0009,22621.0,2025-08-08 17:44:52
TLSA,245210000.0,,,,,62.31,65.92,,-63.23%,-11.11%,-10.24%,-,-,2.2,0.0526,227060.0,2025-08-08 17:44:52
TSBK,244860000.0,9.12,,,2.19,0.95,,11.34,-,-,1.16%,-,8.71%,30.99,-0.0026,5492.0,2025-08-08 17:44:52
SLND,244600000.0,,,,0.26,1.54,3.02,20.1,69.52%,71.16%,-,-,-,4.53,0.0134,36255.0,2025-08-08 17:44:52
SCPH,244430000.0,,,,5.82,,4.25,,41.57%,75.45%,-1.52%,-,-,4.63,-0.0758,846492.0,2025-08-08 17:44:52
ZVIA,243930000.0,,,,1.54,4.2,9.27,,53.92%,48.94%,-32.77%,51.00%,12.63%,3.31,0.0,876289.0,2025-08-08 17:44:52
MOV,243780000.0,19.11,,,0.37,0.7,1.2,164.72,45.98%,-,-15.02%,-,-1.40%,15.45,0.0,84746.0,2025-08-08 17:44:52
EOD,243750000.0,8.32,,,,,,,-,-,-,-,-,5.66,0.0143,104313.0,2025-08-08 17:44:52
EB,243550000.0,,,,0.78,1.39,0.41,9.14,-35.29%,45.65%,27.55%,27.42%,-0.76%,2.54,0.1493,2795735.0,2025-08-08 17:44:52
MREO,243270000.0,,,,,4.05,3.89,,58.86%,-89.03%,34.82%,25.31%,-,1.53,-0.0316,1468158.0,2025-08-08 17:44:52
DSGN,242970000.0,,,,,1.07,1.12,,-48.48%,6.38%,-88.52%,-11.96%,-,4.28,0.0781,76915.0,2025-08-08 17:44:52
DDD,242820000.0,,,,0.56,1.65,1.8,,7.21%,52.99%,-25.85%,-,-7.11%,1.78,0.011399999999999999,2036612.0,2025-08-08 17:44:52
THRD,242800000.0,,,,,0.89,0.89,,-,-,-34.70%,-,-,5.38,0.0,0.0,2025-08-08 17:44:52
CAF,242180000.0,12.8,,,,,,,-,-,-,-,-,14.21,0.0007000000000000001,15562.0,2025-08-08 17:44:52
DMRC,241820000.0,,,,6.39,4.84,11.21,,31.42%,43.43%,8.05%,-,10.82%,11.22,-0.0319,104415.0,2025-08-08 17:44:52
KNOP,241770000.0,16.7,6.87,0.7,0.74,0.45,3.59,1.66,114.89%,13.47%,-33.12%,23.78%,2.43%,6.92,-0.015600000000000001,18799.0,2025-08-08 17:44:52
OABI,241720000.0,,,,10.5,0.92,5.81,,3.89%,24.95%,-,16.59%,-,1.97,0.0479,368825.0,2025-08-08 17:44:52
GHI,241460000.0,,6.45,,2.35,0.87,4.12,13.42,43.51%,17.36%,-8.66%,-,5.21%,10.32,0.0068000000000000005,65027.0,2025-08-08 17:44:52
JBIO,241450000.0,,,,,0.08,3.17,,96.53%,16.88%,-77.98%,68.22%,-,7.49,0.0232,77761.0,2025-08-08 17:44:52
DMAC,241390000.0,,,,,5.89,6.65,,-29.44%,-2.58%,7.39%,-14.05%,-,4.67,-0.0311,390287.0,2025-08-08 17:44:52
FFAI,241120000.0,,,,283.68,1.53,25.41,,-,-,78.39%,-,-,2.47,0.051100000000000007,9659386.0,2025-08-08 17:44:52
OZ,241010000.0,,,,42.28,0.78,9.66,,-,-,-161.19%,-,126.86%,62.01,-0.015700000000000002,3182.0,2025-08-08 17:44:52
PHT,240890000.0,12.07,,,17.04,1.0,,,-,-,-,-,-,8.21,0.0,91263.0,2025-08-08 17:44:52
HMST,239540000.0,,17.67,,0.72,0.59,,,94.20%,261.65%,-,-,0.49%,12.66,0.0024,67666.0,2025-08-08 17:44:52
BTCS,239270000.0,,,,45.06,5.7,11.71,,-325.00%,-,40.99%,-,-,5.0,0.11109999999999999,9494238.0,2025-08-08 17:44:52
FINW,239050000.0,18.54,10.94,,2.25,1.34,,,23.21%,44.34%,3.48%,-,22.63%,18.09,-0.0174,13095.0,2025-08-08 17:44:52
MFIN,238860000.0,5.87,7.04,,0.72,0.59,1.57,,-35.90%,-3.95%,87.40%,-,14.60%,10.27,-0.0063,39308.0,2025-08-08 17:44:52
SMRT,238850000.0,,,,1.54,1.0,2.27,,-100.00%,61.76%,53.38%,-,35.08%,1.27,0.0855,2127578.0,2025-08-08 17:44:52
PCYO,238580000.0,17.56,,,8.69,1.75,16.58,,-,-,19.14%,-,7.14%,9.91,-0.003,18559.0,2025-08-08 17:44:52
CHMG,238350000.0,21.15,7.04,,1.74,1.02,,9.42,16.23%,22.55%,9.13%,-,11.52%,49.75,0.0102,4318.0,2025-08-08 17:44:52
FC,238300000.0,23.84,21.98,,0.85,3.63,7.07,6.66,-80.46%,152.21%,-,-,4.97%,18.85,-0.0105,79129.0,2025-08-08 17:44:52
ACRE,238170000.0,,82.09,,2.61,0.45,2.53,8.39,74.58%,125.30%,-,-,-8.02%,4.33,-0.027000000000000003,504101.0,2025-08-08 17:44:52
SKIN,238160000.0,,,,0.77,3.24,1.12,6.7,55.03%,-37.27%,-48.09%,2.99%,14.94%,1.89,0.1887,7706522.0,2025-08-08 17:44:52
SLN,238040000.0,,,,11.57,2.11,1.74,,-150.53%,21.35%,0.35%,-23.06%,168.30%,5.04,-0.0632,69065.0,2025-08-08 17:44:52
ISBA,237650000.0,14.72,12.38,,2.22,1.07,,12.92,19.40%,8.33%,2.90%,-,5.91%,32.19,-0.0028000000000000004,10371.0,2025-08-08 17:44:52
DAAQ,237590000.0,,,,,,,,-,-,-,-,-,10.33,-0.0029,122919.0,2025-08-08 17:44:52
GDEV,236590000.0,6.09,6.04,,0.55,,2.24,,110.11%,15.51%,-,-,12.70%,13.05,-0.026099999999999998,9477.0,2025-08-08 17:44:52
HLXB,236510000.0,50.12,,,,1.25,358.35,,-,-,-,-,-,10.06,0.006,55074.0,2025-08-08 17:44:52
NMRA,236440000.0,,,,,1.29,1.09,,12.01%,27.02%,-,15.45%,-,1.46,-0.1152,795296.0,2025-08-08 17:44:52
ACV,236320000.0,4.93,,,,,,,-,-,-,-,-,22.78,0.0026,20888.0,2025-08-08 17:44:52
SWIN,235770000.0,,,,654.91,111.92,206.81,,-,-,-118.12%,-,24.14%,4.13,0.0248,854929.0,2025-08-08 17:44:52
NRDY,235720000.0,,,,1.28,4.45,5.23,,19.57%,84.86%,-317.67%,26.19%,-,1.28,-0.1467,1009832.0,2025-08-08 17:44:52
HUYA,235450000.0,,31.99,,0.28,1.01,0.32,,351.44%,36.87%,-,-,-6.97%,3.22,-0.0183,1241786.0,2025-08-08 17:44:52
GLO,235210000.0,34.38,,,27.21,0.99,,,-,-,-,-,-,5.5,0.0036,122737.0,2025-08-08 17:44:52
FVR,235140000.0,,,,,0.66,71.04,,-127.45%,20.73%,-,-7.64%,-,12.32,0.0182,207510.0,2025-08-08 17:44:52
MITT,234820000.0,8.57,7.32,0.49,0.55,0.7,2.34,3.65,12.14%,18.54%,-29.65%,17.56%,22.91%,7.4,0.0068000000000000005,186569.0,2025-08-08 17:44:52
TSI,234630000.0,13.27,,,13.72,0.98,,,-,-,-,-,-,4.91,-0.0069,84565.0,2025-08-08 17:44:52
LIEN,234360000.0,11.88,6.6,0.55,7.62,0.78,15.71,32.78,54.84%,7.99%,-,21.79%,-,10.27,0.0148,20712.0,2025-08-08 17:44:52
ARAI,233480000.0,,,,,35.35,778.25,,36.40%,-,-,-,-,7.07,-0.057300000000000004,172056.0,2025-08-08 17:44:52
FDBC,233470000.0,9.87,,,1.75,1.07,,7.88,-,-,3.53%,-,20.57%,40.48,0.0148,3778.0,2025-08-08 17:44:52
RAAQ,233450000.0,,,,,,,,-,-,-,-,-,10.15,-0.002,190120.0,2025-08-08 17:44:52
UHG,233240000.0,64.61,,,0.52,2.84,6.12,6.66,-,-,-,-,-,3.98,-0.040999999999999995,50473.0,2025-08-08 17:44:52
FSTR,233150000.0,6.69,10.77,,0.46,1.36,89.33,28.12,-58.10%,25.77%,-1.01%,-,-2.95%,22.08,-0.0187,21838.0,2025-08-08 17:44:52
STRZ,233100000.0,,,,0.06,,0.96,,-,-,-70.97%,-,-18.84%,13.94,-0.0148,73820.0,2025-08-08 17:44:52
JILL,233060000.0,6.8,4.63,,0.39,2.08,7.37,7.59,-17.43%,14.92%,-,-,-2.45%,15.25,-0.0354,97547.0,2025-08-08 17:44:52
BKKT,232960000.0,,,,0.06,1.63,5.45,,-,-,-14.18%,-,-,10.81,0.08529999999999999,2376876.0,2025-08-08 17:44:52
SLSN,232740000.0,45.98,,,3.61,12.87,56.63,,-,-,-,-,33.15%,3.32,0.071,77595.0,2025-08-08 17:44:52
BNY,232370000.0,,,,11.48,0.83,,,-,-,-,-,-,9.64,-0.0046,7600.0,2025-08-08 17:44:52
ELLO,232070000.0,39.67,,,5.25,1.8,2.98,,-,-,-,-,15.55%,18.06,-0.0077,11786.0,2025-08-08 17:44:52
CERS,231960000.0,,,,1.2,4.18,2.97,67.82,-4.55%,41.30%,25.97%,-,13.96%,1.21,-0.0242,760790.0,2025-08-08 17:44:52
FUND,231290000.0,129.33,,,29.06,0.93,,,-,-,-,-,-,7.76,0.0052,9061.0,2025-08-08 17:44:52
DFDV,231130000.0,,,,116.73,55.12,103.65,,-,-,-,-,7.69%,15.68,0.1649,2820467.0,2025-08-08 17:44:52
WOLF,230330000.0,,,,0.3,1.08,0.17,,-27.31%,28.03%,-18.18%,15.19%,-5.66%,1.48,-0.0199,8006301.0,2025-08-08 17:44:52
EWCZ,230210000.0,20.42,7.2,2.26,1.06,2.56,3.55,4.01,20.34%,3.93%,-,9.05%,7.06%,4.17,-0.0118,403201.0,2025-08-08 17:44:52
OVLY,230090000.0,9.39,,,2.59,1.24,,10.23,-,-,14.44%,-,13.49%,27.45,0.0316,17315.0,2025-08-08 17:44:52
FENC,230070000.0,,9.4,,7.44,,10.14,,-,392.22%,52.21%,-,-,8.33,0.0322,40739.0,2025-08-08 17:44:52
CIA,229680000.0,26.47,11.74,,0.95,1.05,,9.13,-25.86%,81.40%,-,-,-0.01%,4.58,0.0676,212688.0,2025-08-08 17:44:52
NWFL,229480000.0,103.42,7.88,,2.12,0.99,,9.58,38.60%,14.77%,-,-,13.42%,24.18,0.0104,10718.0,2025-08-08 17:44:52
CDXS,229480000.0,,,,4.61,4.62,3.81,,22.15%,17.01%,-33.31%,41.30%,-2.82%,2.77,-0.0036,860694.0,2025-08-08 17:44:52
MFH,229280000.0,,,,227.01,9.31,9.22,,-,-,-115.58%,-,-10.33%,3.6,0.0405,350807.0,2025-08-08 17:44:52
WNEB,229270000.0,18.83,13.28,,1.8,0.95,,26.78,25.60%,18.48%,1.81%,-,6.01%,11.07,0.0128,59340.0,2025-08-08 17:44:52
ATNI,229010000.0,,,,0.32,0.48,2.02,5.9,48.72%,95.51%,-25.49%,34.85%,10.69%,15.05,-0.09390000000000001,32087.0,2025-08-08 17:44:52
SDA,228890000.0,,13.12,,0.5,6.57,3.63,35.32,109.03%,161.54%,-,-,-,2.23,-0.013300000000000001,83421.0,2025-08-08 17:44:52
MASS,228420000.0,,,,3.78,1.53,1.93,,69.22%,46.36%,-32.72%,46.76%,27.11%,6.33,-0.013999999999999999,194319.0,2025-08-08 17:44:52
IMMR,228400000.0,2.7,,,0.18,0.72,1.44,,-,-,-9.61%,-,-21.11%,7.05,0.024700000000000003,309541.0,2025-08-08 17:44:52
PRQR,228320000.0,,,,12.76,2.91,1.62,,-26.97%,-21.63%,25.70%,-14.70%,-,2.17,0.058499999999999996,312555.0,2025-08-08 17:44:52
PWOD,228300000.0,10.75,,,1.88,1.08,,15.36,-,-,1.31%,-,9.09%,30.0,0.0,0.0,2025-08-08 17:44:52
MEI,228140000.0,,17.2,,0.22,0.33,2.2,,59.32%,152.31%,-,-,0.47%,6.48,0.0189,522509.0,2025-08-08 17:44:52
INSE,227740000.0,3.89,8.99,,0.75,,4.92,4.95,-78.65%,95.79%,-,-,14.13%,8.46,-0.0059,216978.0,2025-08-08 17:44:52
MPU,227500000.0,,,,14.56,11.33,25.62,37.29,-,-,35.87%,-,-3.51%,3.95,0.04769999999999999,392079.0,2025-08-08 17:44:52
ALLO,227480000.0,,,,,0.59,0.81,,23.79%,2.28%,6.26%,8.47%,-,1.04,-0.0095,3658892.0,2025-08-08 17:44:52
EMF,227110000.0,7.71,,,31.52,1.01,,,-,-,-,-,-,15.11,0.004,9510.0,2025-08-08 17:44:52
NHS,227050000.0,9.38,,,10.07,1.0,,,-,-,-,-,-,7.41,-0.002,272770.0,2025-08-08 17:44:52
OM,226570000.0,,,,1.9,1.51,1.23,,83.97%,39.49%,-4.06%,56.26%,49.79%,12.8,-0.0973,455978.0,2025-08-08 17:44:52
TDAC,226550000.0,,,,,1.33,1078.81,,-,-,-,-,-,10.34,0.0019,15.0,2025-08-08 17:44:52
MACI,226360000.0,38.99,,,,1.41,328.06,,-,-,-,-,-,10.47,-0.001,105195.0,2025-08-08 17:44:52
NRGV,226260000.0,,,,4.37,2.58,4.1,,73.63%,10.42%,-,-,-,1.45,0.035699999999999996,4002131.0,2025-08-08 17:44:52
TKNO,226050000.0,,,,5.81,2.88,9.42,,37.69%,3.50%,-59.63%,-,12.68%,4.23,-0.0253,606997.0,2025-08-08 17:44:52
GPRO,225870000.0,,11.75,,0.29,2.02,3.24,,101.24%,300.00%,-94.63%,-,-7.67%,1.41,0.0722,9252507.0,2025-08-08 17:44:52
DOYU,225750000.0,,19.95,,0.39,0.83,0.85,,93.55%,532.40%,-,-,-10.85%,7.48,0.008100000000000001,70453.0,2025-08-08 17:44:52
STXS,225630000.0,,,,7.09,147.67,32.37,,20.00%,27.08%,-25.52%,48.91%,-1.41%,2.5,0.1416,1115497.0,2025-08-08 17:44:52
MBCN,225550000.0,12.44,11.01,,2.02,1.04,,11.93,30.99%,0.80%,-0.37%,-,12.79%,27.91,0.0212,2495.0,2025-08-08 17:44:52
ASUR,225160000.0,,7.82,,1.8,1.16,3.41,57.29,38.30%,31.05%,35.80%,35.77%,10.37%,8.21,-0.0060999999999999995,122358.0,2025-08-08 17:44:52
LCTX,224790000.0,,,,23.51,2.84,4.69,,-9.73%,49.86%,-2.93%,9.01%,45.08%,0.98,0.0353,657557.0,2025-08-08 17:44:52
YORK,224570000.0,,,,,,,,-,-,-,-,-,10.9,-0.0018,198964.0,2025-08-08 17:44:52
YORKU,224020000.0,,,,,,,,-,-,-,-,-,11.36,-0.0105,9244.0,2025-08-08 17:44:52
TVRD,223960000.0,,,,29.58,,6.54,,-89.43%,-0.52%,12.29%,-,-18.53%,23.92,0.0348,14114.0,2025-08-08 17:44:52
LGI,223560000.0,14.68,,,46.75,0.98,,,-,-,-,-,-,17.18,0.009399999999999999,33189.0,2025-08-08 17:44:52
PMX,223350000.0,,,,10.3,0.85,,,-,-,-,-,-,6.68,0.0,0.0,2025-08-08 17:44:52
LWACU,223240000.0,,,,,,,,-,-,-,-,-,10.07,0.001,2807.0,2025-08-08 17:44:52
FBLA,223170000.0,,,,2.56,0.62,,35.42,-,-,-,-,-,11.25,-0.0044,40641.0,2025-08-08 17:44:52
CMDB,223160000.0,,,,0.19,,,,-,-,-,-,-,9.22,-0.054400000000000004,147155.0,2025-08-08 17:44:52
BWAY,222260000.0,59.39,58.07,,5.11,3.48,3.09,27.71,47.22%,52.83%,-,-,12.17%,11.76,-0.0059,39211.0,2025-08-08 17:44:52
EVM,221810000.0,,,,15.6,0.92,,,-,-,-,-,-,8.99,-0.0022,131613.0,2025-08-08 17:44:52
CURV,221700000.0,22.35,11.57,1.88,0.2,,9.2,10.16,-23.10%,58.10%,-8.78%,11.87%,3.19%,2.11,-0.013999999999999999,378347.0,2025-08-08 17:44:52
QTRX,221610000.0,,,,1.76,0.63,0.85,,-50.39%,38.60%,9.19%,12.71%,19.36%,4.75,-0.1379,1912248.0,2025-08-08 17:44:52
KG,221280000.0,,,,5.32,3.8,,,-,-,-9.44%,-,-37.17%,28.61,-0.001,14681.0,2025-08-08 17:44:52
BPRN,221110000.0,33.85,8.83,,1.58,0.83,,23.35,-7.76%,36.91%,1.02%,-,15.75%,31.91,0.0079,5029.0,2025-08-08 17:44:52
TRON,221090000.0,,,,50.36,24.12,202.83,,-,-,-,-,-,6.97,-0.021099999999999997,1790208.0,2025-08-08 17:44:52
SSP,221030000.0,5.18,,,0.09,0.24,6.98,0.82,-194.53%,95.87%,-,-,13.18%,2.52,-0.1032,1813425.0,2025-08-08 17:44:52
FVCB,220940000.0,11.08,9.52,,1.85,0.91,,13.51,26.84%,7.05%,-0.84%,-,10.83%,12.28,-0.006500000000000001,23002.0,2025-08-08 17:44:52
DHY,220690000.0,13.31,,,8.5,1.0,,,-,-,-,-,-,2.13,0.0,188228.0,2025-08-08 17:44:52
JRS,220450000.0,8.67,,,19.07,0.84,,,-,-,-,-,-,7.63,-0.0013,47466.0,2025-08-08 17:44:52
SMTI,220420000.0,,,,2.41,6.02,10.65,,-36.84%,10.90%,2.90%,-,49.09%,24.8,0.0181,37206.0,2025-08-08 17:44:52
TCX,220040000.0,,,,0.6,,5.09,,-,-,-,-,1.45%,19.9,0.10099999999999999,20272.0,2025-08-08 17:44:52
RGCO,219430000.0,16.53,16.5,,2.4,1.86,102.06,63.24,7.76%,3.20%,1.47%,-,4.47%,21.28,0.0172,11024.0,2025-08-08 17:44:52
MPAA,219230000.0,,4.55,,0.29,0.85,19.38,5.36,166.67%,47.62%,-20.74%,-,7.97%,11.28,0.0027,58914.0,2025-08-08 17:44:52
SGHT,219210000.0,,,,2.87,3.15,2.16,,3.86%,12.89%,-13.18%,11.77%,27.89%,4.24,0.19440000000000002,274948.0,2025-08-08 17:44:52
SRI,218450000.0,,30.0,,0.25,0.84,4.39,7.08,10.64%,161.90%,-,-,1.71%,7.8,-0.0647,341963.0,2025-08-08 17:44:52
EVC,218340000.0,,,,0.55,2.43,3.12,28.39,-,-,-37.88%,-,5.93%,2.4,0.0127,210997.0,2025-08-08 17:44:52
BRY,218040000.0,43.63,,,0.38,0.33,10.91,3.65,-109.72%,10.77%,-14.00%,-,8.97%,2.81,-0.0106,683451.0,2025-08-08 17:44:52
GENC,217810000.0,15.65,,,1.88,1.06,1.52,8.06,-,-,7.46%,-,6.83%,14.86,0.0199,130898.0,2025-08-08 17:44:52
VLN,217780000.0,,,,3.27,1.8,2.1,,-20.00%,30.56%,-,5.90%,-,2.06,-0.028300000000000002,1070667.0,2025-08-08 17:44:52
IHRT,217160000.0,,3.66,,0.06,,1.29,,72.19%,123.55%,-,-,0.91%,1.6,-0.0123,426510.0,2025-08-08 17:44:52
CRGX,217150000.0,,,,,0.88,0.86,,12.46%,62.44%,-,32.19%,-,4.49,0.0022,1245026.0,2025-08-08 17:44:52
LEGT,217150000.0,30.39,,,,1.33,168.33,,-,-,-,-,-,10.73,0.0,0.0,2025-08-08 17:44:52
AOMR,216970000.0,5.9,6.53,0.08,1.8,0.88,4.89,6.85,282.10%,30.61%,43.05%,70.38%,39.93%,9.13,0.0178,101660.0,2025-08-08 17:44:52
SNFCA,216640000.0,9.65,,,0.64,0.63,,5.53,-,-,19.37%,-,3.60%,8.8,0.0,15652.0,2025-08-08 17:44:52
RAC,216390000.0,,,,,1.35,210.09,,-,-,-,-,-,10.26,-0.0019,1687.0,2025-08-08 17:44:52
ALEC,214990000.0,,,,2.65,3.06,0.7,,-31.53%,29.84%,6.31%,14.16%,36.50%,2.15,0.47259999999999996,8817748.0,2025-08-08 17:44:52
KGEI,214830000.0,10.74,7.57,,3.54,1.1,44.02,35.45,14.71%,36.75%,-,-,27.45%,6.06,0.0,93192.0,2025-08-08 17:44:52
BACCU,214700000.0,,,,,,,,-,-,-,-,-,10.09,-0.0015,1040.0,2025-08-08 17:44:52
PVBC,214480000.0,19.44,18.75,,2.28,0.91,,13.22,20.93%,25.00%,-6.25%,-,11.38%,12.19,0.0033,26562.0,2025-08-08 17:44:52
III,214030000.0,28.44,24.4,,0.89,2.25,8.49,8.34,113.33%,42.19%,-4.18%,-,-1.41%,4.44,0.0571,466027.0,2025-08-08 17:44:52
EGHA,212930000.0,,,,,,,,-,-,-,-,-,10.02,-0.001,8227.0,2025-08-08 17:44:52
MVT,212580000.0,44.3,,,12.63,0.84,,,-,-,-,-,-,10.19,0.0039000000000000003,43857.0,2025-08-08 17:44:52
SOPH,212520000.0,,,,3.05,2.8,2.24,,-5.47%,24.35%,-12.32%,17.94%,20.77%,3.18,-0.0062,24088.0,2025-08-08 17:44:52
IONR,212260000.0,,,,,0.87,9.85,,10.71%,0.00%,-51.59%,3.71%,-,3.19,0.0278,11580.0,2025-08-08 17:44:52
FUNC,212240000.0,8.95,7.99,,1.84,1.11,,9.14,13.78%,12.20%,11.21%,-,8.32%,32.76,0.0231,12546.0,2025-08-08 17:44:52
CCRD,212100000.0,31.68,20.16,,3.48,3.92,7.67,46.01,39.24%,22.73%,-11.37%,-,10.84%,27.22,0.008100000000000001,33746.0,2025-08-08 17:44:52
MFM,212090000.0,25.75,,,12.31,0.88,,,-,-,-,-,-,5.15,-0.0097,145927.0,2025-08-08 17:44:52
MQT,212020000.0,63.8,,,11.9,0.85,,,-,-,-,-,-,9.57,-0.0052,50931.0,2025-08-08 17:44:52
MNPR,211890000.0,,,,,3.95,3.88,,52.31%,-67.96%,-15.56%,5.99%,-,34.65,-0.1359,28909.0,2025-08-08 17:44:52
ACIU,211740000.0,,,,6.34,2.01,1.33,,-49.52%,48.71%,-,-,-22.53%,2.14,0.0288,97817.0,2025-08-08 17:44:52
EARN,211460000.0,,5.19,,2.12,0.93,12.17,10.83,-16.60%,10.21%,-31.00%,1.86%,57.94%,5.63,0.0,310616.0,2025-08-08 17:44:52
SZZL,211360000.0,,,,,,,,-,-,-,-,-,10.09,0.0,80810.0,2025-08-08 17:44:52
KINS,211100000.0,9.4,6.15,,1.4,2.52,,3.15,37.93%,22.50%,-,-,-0.66%,15.07,-0.0698,582964.0,2025-08-08 17:44:52
CAN,210230000.0,,3.38,,0.66,0.79,2.17,,82.79%,236.84%,2.48%,-,5.52%,0.73,0.0622,26763036.0,2025-08-08 17:44:52
ISTR,210210000.0,9.56,8.03,0.48,1.35,0.82,,16.4,4.23%,35.19%,4.16%,19.80%,10.37%,21.39,0.0019,17942.0,2025-08-08 17:44:52
RR,210090000.0,,,,47.86,3.76,5.02,,-,-,-,-,-,1.83,-0.0054,3902824.0,2025-08-08 17:44:52
PPIH,209700000.0,17.0,,,1.23,2.69,10.36,18.2,-,-,21.02%,-,4.41%,26.27,0.0696,155711.0,2025-08-08 17:44:52
ONTF,209410000.0,,109.56,,1.44,1.36,1.16,61.59,-71.15%,20.00%,-6.77%,-,10.69%,4.93,0.042300000000000004,258787.0,2025-08-08 17:44:52
ESSA,209190000.0,13.3,,,1.87,0.88,,18.11,-,-,8.67%,-,7.98%,20.61,0.0,0.0,2025-08-08 17:44:52
ARL,209170000.0,,,,4.38,0.35,1.96,,-,-,1.81%,-,-4.31%,12.95,0.0,2322.0,2025-08-08 17:44:52
AFRI,208490000.0,,,,0.76,,17.05,9.61,-,-,-147.28%,-,-,7.75,0.0026,7613.0,2025-08-08 17:44:52
MUE,208440000.0,35.22,,,12.71,0.84,,,-,-,-,-,-,9.51,-0.0073,69702.0,2025-08-08 17:44:52
WTF,208400000.0,,,,217.08,126.99,116.42,5210.01,-,-,-,-,-,4.38,-0.0374,61117.0,2025-08-08 17:44:52
GSHR,208390000.0,,,,,1.48,124.04,,-,-,-,-,-,10.19,0.0,0.0,2025-08-08 17:44:52
CFFI,207300000.0,8.47,,,1.16,0.86,,5.52,-,-,1.92%,-,6.02%,64.0,0.0009,3100.0,2025-08-08 17:44:52
OPP,207140000.0,8.88,,,,,,,-,-,-,-,-,8.7,-0.0046,136173.0,2025-08-08 17:44:52
GTERU,206210000.0,,,,,,,,-,-,-,-,-,10.18,0.001,7610.0,2025-08-08 17:44:52
PESI,206210000.0,,23.8,,3.44,3.63,9.13,,59.22%,188.61%,-,-,-4.25%,11.18,-0.0045000000000000005,83422.0,2025-08-08 17:44:52
GTERA,205700000.0,,,,,,,,-,-,-,-,-,9.95,0.0,116115.0,2025-08-08 17:44:52
OPOF,205470000.0,23.62,,,2.4,1.71,,16.62,-,-,4.42%,-,9.58%,40.25,0.005699999999999999,28081.0,2025-08-08 17:44:52
LCNB,205410000.0,9.7,8.7,,1.61,0.78,,3.77,26.38%,3.74%,-7.56%,-,10.09%,14.49,0.011899999999999999,6252.0,2025-08-08 17:44:52
NRO,205290000.0,6.0,,,19.19,0.97,,,-,-,-,-,-,3.24,0.0062,115836.0,2025-08-08 17:44:52
RDCM,205170000.0,24.25,13.94,,3.23,2.06,2.07,,12.75%,-1.89%,-,-,13.07%,12.8,0.004699999999999999,39306.0,2025-08-08 17:44:52
IPOD,204120000.0,,,,,,,,-,-,-,-,-,10.09,0.0,123.0,2025-08-08 17:44:52
PMF,203950000.0,,,,10.06,0.84,,,-,-,-,-,-,7.76,0.0,0.0,2025-08-08 17:44:52
SAMG,203460000.0,18.56,11.99,1.12,1.63,2.13,6.77,11.82,-3.64%,27.36%,0.36%,16.52%,3.89%,16.19,-0.0060999999999999995,18450.0,2025-08-08 17:44:52
BYND,203410000.0,,,,0.68,,1.94,,26.60%,32.16%,-52.51%,35.90%,1.85%,2.66,-0.05,1623966.0,2025-08-08 17:44:52
NXDT,203390000.0,,,,2.01,0.25,3.99,,-,-,-,-,-5.94%,4.45,-0.0263,432150.0,2025-08-08 17:44:52
OSUR,203320000.0,,,,1.47,0.54,0.87,,-221.15%,21.56%,-,-27.98%,3.75%,2.78,0.0128,547602.0,2025-08-08 17:44:52
TWNP,202940000.0,,,,0.59,,10.53,,-,-,-,-,-,3.54,-0.0275,4977.0,2025-08-08 17:44:52
SSSS,202570000.0,,,,55.58,1.27,,,-,-,-,-,-,8.48,0.0083,141717.0,2025-08-08 17:44:52
XGN,202430000.0,,,,3.44,9.62,6.74,,16.91%,45.16%,19.20%,36.75%,6.62%,9.2,0.023399999999999997,166713.0,2025-08-08 17:44:52
SNBR,202200000.0,,19.28,,0.13,,149.78,,-9.20%,146.88%,-,-,-0.19%,8.88,-0.0348,371236.0,2025-08-08 17:44:52
MHI,202050000.0,38.58,,,13.21,0.93,,,-,-,-,-,-,8.87,-0.0053,52896.0,2025-08-08 17:44:52
NEN,201630000.0,15.78,,,2.48,,2.27,5.66,-,-,20.14%,-,5.90%,72.01,-0.0066,2297.0,2025-08-08 17:44:52
HRTX,201390000.0,,22.0,,1.36,,3.97,,66.67%,300.00%,48.68%,-,-0.23%,1.32,-0.2826,14948344.0,2025-08-08 17:44:52
MDWD,201350000.0,,,,10.48,6.7,5.26,,31.07%,-14.04%,-,12.32%,-8.65%,18.63,-0.008,35170.0,2025-08-08 17:44:52
WALD,201260000.0,,,,0.73,0.28,12.35,,20.51%,7.10%,-689.39%,-,-,1.64,0.018600000000000002,147228.0,2025-08-08 17:44:52
APADU,201200000.0,,,,,,,,-,-,-,-,-,10.06,0.0034999999999999996,20423.0,2025-08-08 17:44:52
FT,201060000.0,5.84,,,13.85,0.98,,,-,-,-,-,-,8.0,0.0025,56400.0,2025-08-08 17:44:52
VNMEU,200800000.0,,,,,,,,-,-,-,-,-,10.05,0.003,500.0,2025-08-08 17:44:52
NPV,200340000.0,10.66,,,13.37,0.88,,,-,-,-,-,-,10.98,-0.0018,33058.0,2025-08-08 17:44:52
KULR,200330000.0,,,,17.51,2.06,8.19,,22.22%,71.43%,-30.61%,-,66.85%,5.19,0.0097,1058275.0,2025-08-08 17:44:52
MYFW,200290000.0,17.45,10.25,,1.13,0.77,,20.17,65.90%,39.26%,-3.01%,-,18.30%,20.61,0.0,42793.0,2025-08-08 17:44:52
PINE,200190000.0,,447.89,,3.55,0.87,16.5,,-212.88%,119.98%,-21.32%,-,31.06%,14.14,-0.0028000000000000004,58429.0,2025-08-08 17:44:52
EHI,199980000.0,12.0,,,9.31,0.94,,,-,-,-,-,-,6.6,0.0,50446.0,2025-08-08 17:44:52
VTYX,199960000.0,,,,,0.86,0.87,,14.22%,-14.57%,-87.13%,1.09%,-,2.81,0.1907,1892359.0,2025-08-08 17:44:52
HWBK,199620000.0,9.72,,,1.82,1.31,,8.42,-,-,3.51%,-,8.52%,28.8,-0.0034999999999999996,3784.0,2025-08-08 17:44:52
TE,199600000.0,,64.0,,2.95,0.99,3.91,,90.00%,106.25%,-,-,-,1.28,0.0079,1009905.0,2025-08-08 17:44:52
MPV,198960000.0,11.56,,,9.71,1.2,,,-,-,-,-,-,18.73,-0.0121,18588.0,2025-08-08 17:44:52
ABAT,198930000.0,,,,106.95,2.9,25.34,,44.12%,85.96%,-55.75%,-,-,2.15,0.0337,3574648.0,2025-08-08 17:44:52
VABK,198860000.0,11.15,,,2.39,1.16,,14.95,-,-,4.82%,-,21.08%,36.88,0.0063,1429.0,2025-08-08 17:44:52
DOUG,198710000.0,,,,0.19,1.44,1.4,,-,-,-,-,4.89%,2.24,0.0516,725698.0,2025-08-08 17:44:52
ETX,198500000.0,29.89,,,,,,,-,-,-,-,-,18.23,0.0005,24243.0,2025-08-08 17:44:52
RCKY,198240000.0,10.69,9.01,,0.43,0.83,71.31,6.29,9.65%,5.92%,-8.30%,-,10.91%,26.57,-0.0134,75358.0,2025-08-08 17:44:52
SMID,198130000.0,20.15,,,2.35,4.4,21.99,62.9,-,-,30.69%,-,10.95%,37.35,0.0298,9022.0,2025-08-08 17:44:52
BETR,197960000.0,,,,1.29,,0.78,,-,-,-421.19%,-,-,13.02,-0.0151,15074.0,2025-08-08 17:44:52
MERC,197600000.0,,,,0.1,0.44,1.35,,-120.28%,79.98%,-54.02%,-,4.70%,2.95,-0.0232,1055395.0,2025-08-08 17:44:52
PERF,197590000.0,32.01,22.17,0.68,3.07,1.34,1.18,12.99,5.00%,66.67%,-,47.36%,-,1.94,0.0,233865.0,2025-08-08 17:44:52
PLL,197550000.0,,,,1.86,0.7,2.87,,-21.40%,38.77%,-191.07%,-,-,9.0,0.0429,583603.0,2025-08-08 17:44:52
TRDA,197420000.0,,,,2.48,0.52,0.56,,-310.05%,-29.22%,-,-,-,5.19,-0.0208,308302.0,2025-08-08 17:44:52
HCAT,196970000.0,,6.87,,0.62,0.57,2.02,,-12.51%,68.26%,38.24%,30.90%,14.62%,2.83,-0.23309999999999997,3210203.0,2025-08-08 17:44:52
WHF,196870000.0,21.72,7.5,,2.29,0.7,,,-23.80%,-7.47%,-,-,-,8.47,-0.0059,95311.0,2025-08-08 17:44:52
LPA,196060000.0,10.97,,,4.34,0.84,7.27,,-,-,-,-,-,6.2,0.0368,17485.0,2025-08-08 17:44:52
SANG,195530000.0,,,,0.82,0.77,11.31,4.65,38.01%,85.22%,-,-,24.45%,5.84,-0.0177,721.0,2025-08-08 17:44:52
GMGI,195280000.0,,12.73,,1.13,1.6,8.69,8.86,333.33%,371.44%,-,-,112.14%,1.4,-0.0070999999999999995,392485.0,2025-08-08 17:44:52
MGRM,195260000.0,,,,,16.33,14.71,,17.39%,78.95%,-52.47%,-,-,5.4,-0.0074,111266.0,2025-08-08 17:44:52
WIA,194640000.0,17.76,,,14.95,0.92,,,-,-,-,-,-,8.35,-0.0029,26966.0,2025-08-08 17:44:52
BIOX,194400000.0,,20.0,,0.51,0.62,4.94,13.37,-143.73%,464.71%,-,61.59%,23.73%,3.1,-0.0663,178874.0,2025-08-08 17:44:52
GF,193830000.0,9.74,,,59.76,1.27,,,-,-,-,-,-,11.98,0.0059,11465.0,2025-08-08 17:44:52
IPHA,193540000.0,,,,14.18,19.24,2.31,,24.48%,92.89%,-13.71%,-,-29.28%,2.1,-0.0187,5487.0,2025-08-08 17:44:52
OGI,193460000.0,24.29,,,1.39,0.71,3.34,,133.89%,-100.61%,-11.39%,-,14.13%,1.45,0.0248,601158.0,2025-08-08 17:44:52
VFF,193220000.0,,16.42,,0.58,0.78,12.78,,80.92%,271.56%,-,-,18.39%,1.72,0.029900000000000003,1183925.0,2025-08-08 17:44:52
SAFX,192600000.0,,,,,2.17,9630.0,,-,-,-,-,-,1.29,0.0,817517.0,2025-08-08 17:44:52
MAV,192510000.0,100.63,,,13.6,0.91,,,-,-,-,-,-,8.05,-0.0074,56643.0,2025-08-08 17:44:52
PEW,192120000.0,31.95,,,,0.75,436.63,,-,-,-,-,-,6.09,-0.0333,1020387.0,2025-08-08 17:44:52
HGLB,191720000.0,5.17,,,,,,,-,-,-,-,-,8.27,-0.0036,35781.0,2025-08-08 17:44:52
FCCO,191650000.0,11.18,8.55,,1.76,,,16.54,39.41%,15.59%,4.62%,-,13.59%,24.95,0.0138,14424.0,2025-08-08 17:44:52
FXNC,191420000.0,21.51,8.96,,1.75,1.1,,,-5.29%,19.50%,-12.28%,-,17.46%,21.3,0.013300000000000001,19446.0,2025-08-08 17:44:52
COOK,191330000.0,,18.89,,0.33,0.7,18.58,16.84,-65.36%,330.91%,-1.17%,47.36%,10.70%,1.41,0.0070999999999999995,330429.0,2025-08-08 17:44:52
SRV,191290000.0,2.93,,,,,,,-,-,-,-,-,44.27,0.0165,37757.0,2025-08-08 17:44:52
ELPW,191210000.0,17.62,,,,0.48,2124.58,,-,-,-,-,-,3.82,-0.0354,436734.0,2025-08-08 17:44:52
MIO,191140000.0,28.3,,,,,,,-,-,-,-,-,11.32,-0.0013,29731.0,2025-08-08 17:44:52
INBK,190990000.0,12.45,4.54,,0.54,0.49,,9.29,-32.19%,183.67%,2.79%,-,15.80%,21.92,0.0078000000000000005,15659.0,2025-08-08 17:44:52
FORR,190450000.0,,6.84,,0.46,1.19,1.41,9.95,-12.93%,14.06%,10.27%,-,-1.30%,9.98,-0.0177,48910.0,2025-08-08 17:44:52
CVRX,189340000.0,,,,3.46,3.27,1.99,,23.39%,7.10%,-28.44%,13.75%,52.31%,7.24,0.0432,280251.0,2025-08-08 17:44:52
GNFT,189240000.0,,,,2.61,2.65,2.23,12.29,-287.85%,-877.74%,-,-,15.99%,3.8,0.020099999999999996,16482.0,2025-08-08 17:44:52
HBB,189220000.0,5.97,,,0.3,1.15,16.69,210.24,-,-,-,-,1.36%,14.04,-0.0429,18972.0,2025-08-08 17:44:52
OPBK,188880000.0,8.56,6.8,,1.18,0.89,,9.41,21.22%,10.98%,6.25%,-,17.05%,12.72,0.0127,21555.0,2025-08-08 17:44:52
EPRX,188570000.0,,,,,,6.87,,4.61%,-9.43%,-12.32%,5.57%,-,5.26,-0.0232,5123.0,2025-08-08 17:44:52
ENGN,188070000.0,,,,,0.83,0.86,,-36.24%,-10.98%,-,-8.93%,-,3.68,0.0308,29863.0,2025-08-08 17:44:52
NVX,188000000.0,,,,32.19,1.26,4.27,,15.00%,29.41%,-8.75%,41.52%,15.42%,1.18,-0.0635,225836.0,2025-08-08 17:44:52
CLLS,187430000.0,,,,3.32,2.69,0.95,,-113.80%,-10.23%,29.94%,-,22.27%,2.6,-0.0226,151017.0,2025-08-08 17:44:52
FLD,187330000.0,,,,26.42,2.58,9.82,,80.38%,36.90%,-,-,-,4.01,-0.0025,76378.0,2025-08-08 17:44:52
DENN,186950000.0,11.77,8.07,18.68,0.41,,159.78,,-20.45%,4.77%,-26.40%,0.63%,-3.53%,3.63,0.013999999999999999,1022893.0,2025-08-08 17:44:52
DHF,186930000.0,11.68,,,8.4,0.95,,,-,-,-,-,-,2.57,0.0039000000000000003,260875.0,2025-08-08 17:44:52
BLFY,186800000.0,,,,2.05,0.58,,31.5,25.45%,73.17%,-,-,5.28%,8.6,0.0058,54425.0,2025-08-08 17:44:52
BKN,185820000.0,51.43,,,12.1,0.85,,,-,-,-,-,-,10.8,0.0,33427.0,2025-08-08 17:44:52
DMB,185720000.0,24.61,,,12.01,0.83,,,-,-,-,-,-,10.09,-0.0039000000000000003,51149.0,2025-08-08 17:44:52
GEOS,185580000.0,,,,1.61,1.38,7.26,,-,-,-114.95%,-,7.19%,14.49,-0.1634,429930.0,2025-08-08 17:44:52
ELVA,185310000.0,,12.95,,3.86,8.77,661.81,,383.33%,214.71%,19.90%,-,55.60%,4.62,-0.0253,119941.0,2025-08-08 17:44:52
EDIT,185010000.0,,,,5.16,2.96,0.84,,34.40%,42.87%,-1.48%,27.74%,9.50%,2.21,-0.1124,2261661.0,2025-08-08 17:44:52
IDE,184910000.0,12.32,,,,,,,-,-,-,-,-,12.2,0.0074,49334.0,2025-08-08 17:44:52
MRT,184510000.0,,,,9.89,,35.83,,45.60%,51.47%,-,-,-,2.42,0.0062,75514.0,2025-08-08 17:44:52
SXTC,184480000.0,,,,106.02,1.42,10.18,,-,-,79.65%,-,-19.54%,1.59,0.0063,25684.0,2025-08-08 17:44:52
NKSH,184220000.0,16.32,10.27,,2.22,1.09,,39.28,402.86%,13.25%,-14.16%,-,7.96%,28.95,0.0395,10338.0,2025-08-08 17:44:52
BSL,183970000.0,9.89,,,6.72,0.96,,,-,-,-,-,-,14.14,-0.0014000000000000002,34008.0,2025-08-08 17:44:52
ASMB,183910000.0,,,,5.53,10.16,2.45,,23.87%,6.02%,31.58%,58.30%,12.31%,23.97,0.12960000000000002,480655.0,2025-08-08 17:44:52
TIL,183570000.0,,,,,1.27,1.75,,5.16%,-21.36%,-62.10%,-,-,27.99,0.0788,120462.0,2025-08-08 17:44:52
PBYI,183170000.0,4.79,11.42,,0.79,1.89,1.97,5.88,-20.24%,-34.68%,-,-18.96%,-3.28%,3.69,0.1216,1349303.0,2025-08-08 17:44:52
KRMD,183090000.0,,,,4.97,11.08,22.74,,54.60%,89.96%,-,-,7.75%,3.96,0.0233,247339.0,2025-08-08 17:44:52
JAKK,183030000.0,4.85,5.44,,0.27,0.77,4.25,4.62,-47.49%,51.76%,-,-,2.91%,16.42,-0.030699999999999998,146384.0,2025-08-08 17:44:52
UTMD,182910000.0,15.06,,,4.71,1.54,2.23,13.42,-,-,0.11%,-,-2.70%,56.31,0.011000000000000001,5922.0,2025-08-08 17:44:52
FLYX,182690000.0,,,,0.54,,8.02,,-,-,-,-,-,2.28,0.0044,4703.0,2025-08-08 17:44:52
CXDO,181320000.0,59.92,18.13,4.14,2.81,3.11,7.73,28.83,20.88%,5.45%,-5.25%,14.47%,33.34%,6.01,-0.0935,594069.0,2025-08-08 17:44:52
CV,181130000.0,,,,,,41.17,,-,-,-,-,-,3.93,-0.0839,120364.0,2025-08-08 17:44:52
COPL,181090000.0,,,,,,,,-,-,-,-,-,10.1,0.001,5350.0,2025-08-08 17:44:52
ONCHU,180950000.0,,,,,,,,-,-,-,-,-,10.49,-0.0029,36982.0,2025-08-08 17:44:52
SWKH,180730000.0,9.97,12.88,,3.81,0.62,6.06,6.78,-6.60%,-16.31%,-10.11%,-,8.36%,14.73,0.0124,14366.0,2025-08-08 17:44:52
FLXS,180720000.0,13.49,9.14,0.57,0.41,1.14,7.99,7.01,72.99%,2.74%,-,23.76%,-1.43%,34.27,0.0273,7909.0,2025-08-08 17:44:52
DSX,180610000.0,11.96,8.67,,0.81,0.37,1.04,,4247.83%,200.00%,-,-,0.67%,1.56,0.013000000000000001,133952.0,2025-08-08 17:44:52
INFU,180360000.0,37.23,25.37,0.57,1.29,3.31,250.5,7.03,116.36%,46.22%,10.59%,65.65%,10.70%,8.83,0.17420000000000002,648813.0,2025-08-08 17:44:52
VPV,179970000.0,17.67,,,10.43,0.87,,,-,-,-,-,-,10.07,0.0025,18028.0,2025-08-08 17:44:52
TRUE,179740000.0,,,,1.0,1.61,1.83,,39.29%,34.78%,7.87%,-,-12.12%,2.05,-0.0097,361953.0,2025-08-08 17:44:52
FLC,179650000.0,9.99,,,8.54,0.93,,,-,-,-,-,-,17.18,0.0040999999999999995,35954.0,2025-08-08 17:44:52
FRAF,179620000.0,12.34,,,1.46,1.14,,7.91,-,-,-7.26%,-,12.27%,40.29,0.0336,17441.0,2025-08-08 17:44:52
OXSQ,179420000.0,,9.83,,4.26,1.13,,,-,-25.00%,-,-,-,2.36,0.0172,415354.0,2025-08-08 17:44:52
SGC,179010000.0,22.01,12.94,2.07,0.31,0.93,8.51,12.01,-40.21%,94.17%,-1.65%,10.63%,8.47%,11.21,-0.0184,32255.0,2025-08-08 17:44:52
SPCE,178530000.0,,,,105.02,0.66,0.36,,53.31%,35.04%,8.53%,69.93%,13.23%,3.1,-0.09359999999999999,4288842.0,2025-08-08 17:44:52
CBIO,178520000.0,,,,,1319.3,1.17,,81.67%,51.47%,15.18%,52.07%,-,12.85,0.16820000000000002,44364.0,2025-08-08 17:44:52
EFSI,177970000.0,15.31,8.63,6.8,1.75,0.99,,10.08,-13.45%,30.13%,8.75%,2.25%,20.61%,33.09,0.0027,18753.0,2025-08-08 17:44:52
VBF,177770000.0,13.41,,,16.4,0.95,,,-,-,-,-,-,15.56,-0.0006,23430.0,2025-08-08 17:44:52
SOCAU,177720000.0,,,,,,,,-,-,-,-,-,10.04,-0.0009,10831.0,2025-08-08 17:44:52
XTKG,177710000.0,,,,15.31,0.25,41.72,,-,-,74.68%,-,-10.39%,1.85,-0.2194,161406.0,2025-08-08 17:44:52
WLAC,177550000.0,,,,,1.41,143.19,,-,-,-,-,-,10.27,-0.0044,2425.0,2025-08-08 17:44:52
CCCC,177520000.0,,,,5.18,1.02,0.83,,-7.24%,-14.72%,-8.92%,3.03%,10.72%,2.5,-0.031,3318600.0,2025-08-08 17:44:52
FSFG,177060000.0,8.26,7.35,,1.23,0.97,,,62.46%,8.29%,-2.70%,-,7.50%,25.59,0.0034999999999999996,9987.0,2025-08-08 17:44:52
CRNT,176790000.0,12.99,7.3,,0.46,1.02,6.05,12.43,-62.80%,78.69%,-,-,6.66%,1.99,0.0815,1417710.0,2025-08-08 17:44:52
ACRS,176500000.0,,,,10.51,1.34,0.98,,69.51%,-4.11%,15.24%,28.41%,34.66%,1.63,0.0382,779482.0,2025-08-08 17:44:52
DERM,176350000.0,,8.36,,3.14,8.12,8.37,,72.92%,564.10%,-,-,9.96%,7.57,0.037000000000000005,71427.0,2025-08-08 17:44:52
CUPR,176100000.0,,,,4402.61,,1956.72,,-,-,-,-,-,8.21,-0.0138,783850.0,2025-08-08 17:44:52
HITI,175860000.0,,42.71,,0.45,1.73,6.94,16.7,-36.58%,207.23%,51.48%,-,74.74%,2.17,-0.0046,313232.0,2025-08-08 17:44:52
CBNA,175590000.0,8.19,6.58,,2.92,1.12,,8.97,-26.46%,33.04%,-,-,-,26.86,0.0022,24817.0,2025-08-08 17:44:52
PHOE,175180000.0,108.29,,,26.54,58.79,103.05,291.97,200.00%,-,-,-,-,8.23,-0.0318,16463.0,2025-08-08 17:44:52
ZEPP,174940000.0,,,,0.87,1.58,1.82,,52.16%,50.00%,-,-,-26.32%,24.85,0.0226,270874.0,2025-08-08 17:44:52
TLS,174900000.0,,,,1.6,1.38,3.03,,52.20%,94.40%,-49.19%,-,-7.42%,2.38,-0.0364,654668.0,2025-08-08 17:44:52
INGN,174230000.0,,,,0.51,0.88,1.41,,37.06%,23.35%,-,30.97%,-1.49%,6.48,0.1039,651610.0,2025-08-08 17:44:52
VYGR,174170000.0,,,,4.09,0.71,0.81,,-87.11%,29.74%,1.48%,-8.48%,-5.18%,3.14,-0.0248,1225068.0,2025-08-08 17:44:52
NXG,174030000.0,2.64,,,,,,,-,-,-,-,-,47.3,0.0049,64621.0,2025-08-08 17:44:52
TBI,174020000.0,,16.17,,0.11,0.57,7.95,,-10.87%,170.59%,-,-,-7.93%,5.82,-0.039599999999999996,150809.0,2025-08-08 17:44:52
BRLT,173790000.0,,22.21,,0.41,1.7,1.3,15.53,-48.76%,28.15%,-,-,15.96%,1.75,-0.0789,1367604.0,2025-08-08 17:44:52
SMHI,173190000.0,,,,0.68,0.65,3.36,,26.24%,-40.38%,6.48%,-,9.24%,6.42,-0.0446,138957.0,2025-08-08 17:44:52
CPSS,172910000.0,10.07,3.27,,0.44,0.58,0.94,0.68,48.10%,109.40%,28.58%,-,1.50%,8.02,0.005,10965.0,2025-08-08 17:44:52
SEAT,172330000.0,,,,0.25,0.5,1.12,,-2170.18%,88.35%,-,-,116.85%,16.76,-0.0653,818970.0,2025-08-08 17:44:52
RAIL,172150000.0,,14.4,,0.37,,2.81,5.86,250.00%,19.05%,12.49%,57.85%,19.40%,9.0,-0.0374,245363.0,2025-08-08 17:44:52
CYBN,171570000.0,,,,,0.98,1.83,,15.13%,7.77%,-232.48%,17.11%,-,7.45,-0.0184,253262.0,2025-08-08 17:44:52
CTW,171360000.0,9066.67,,,342.72,1110.2,1713.6,17136.0,-,-,-,-,-,2.72,-0.2316,637853.0,2025-08-08 17:44:52
MSGY,170700000.0,115.38,,,7.33,42.86,71.12,,-8.00%,-,-,-,-,12.0,0.0499,396164.0,2025-08-08 17:44:52
PLG,170470000.0,,,,,5.75,30.12,,-255.32%,22.74%,38.60%,-,-,1.52,-0.038,498099.0,2025-08-08 17:44:52
VOXR,170050000.0,,46.32,,15.67,3.99,18.58,106.95,158.33%,313.29%,45.67%,-,-,3.35,0.0,150969.0,2025-08-08 17:44:52
ENX,170000000.0,,,,13.81,0.94,,,-,-,-,-,-,9.47,0.0005,10014.0,2025-08-08 17:44:52
PCK,169970000.0,,,,10.79,0.8,,,-,-,-,-,-,5.27,0.0,0.0,2025-08-08 17:44:52
LYEL,169720000.0,,,,2424.63,0.48,0.56,,44.15%,2.75%,-19.90%,38.64%,-37.83%,10.98,-0.03,34694.0,2025-08-08 17:44:52
USAU,168600000.0,,,,,13.17,20.64,,52.90%,-30.14%,10.69%,-,-,12.02,0.0256,264273.0,2025-08-08 17:44:52
RCMT,167980000.0,12.87,8.61,,0.56,4.45,30.71,11.94,16.75%,11.39%,39.94%,-,7.81%,22.73,0.0,38699.0,2025-08-08 17:44:52
NEOV,167890000.0,,,,39.41,43.88,310.92,,-57.14%,90.91%,19.09%,-,-,4.92,-0.0682,128002.0,2025-08-08 17:44:52
LFVN,167420000.0,19.05,12.31,0.61,0.75,4.92,7.45,13.98,37.29%,33.33%,-14.53%,31.12%,-2.40%,13.3,0.016,60455.0,2025-08-08 17:44:52
CTNM,167390000.0,,,,,0.98,0.95,,-5.57%,-16.88%,-,-7.47%,-,6.47,-0.038599999999999995,183759.0,2025-08-08 17:44:52
ZJK,167330000.0,45.06,,,4.43,5.57,10.72,44.86,-,-,-,-,-,2.73,0.07200000000000001,64232.0,2025-08-08 17:44:52
NXXT,167280000.0,,,,4.47,,78.9,,95.42%,-,-52.84%,-,86.79%,1.37,-0.021400000000000002,50740.0,2025-08-08 17:44:52
TVGN,167220000.0,,,,,,84.88,,43.58%,-2.72%,-,6.85%,-,0.9,0.0361,909316.0,2025-08-08 17:44:52
PROF,166480000.0,,,,14.04,3.28,3.59,,-20.98%,12.18%,3.91%,-10.35%,20.72%,5.54,-0.0229,22635.0,2025-08-08 17:44:52
FLX,165700000.0,,,,0.28,2.05,1.53,,-,-,14.37%,-,20.47%,3.11,-0.0716,67088.0,2025-08-08 17:44:52
IBAC,165690000.0,42.69,,,,1.37,263.0,,-,-,-,-,-,10.52,0.0,0.0,2025-08-08 17:44:52
SDHC,165330000.0,11.28,15.83,,0.16,2.07,9.85,,-36.74%,1.46%,-,-16.60%,-,18.39,-0.0202,41436.0,2025-08-08 17:44:52
ATLO,165030000.0,12.06,,,1.74,0.85,,8.41,-,-,-9.40%,-,7.36%,18.51,-0.0005,5408.0,2025-08-08 17:44:52
EPM,164680000.0,,960.0,,1.92,2.3,29.41,6.63,-112.50%,133.33%,-23.50%,-,14.71%,4.8,0.0191,116736.0,2025-08-08 17:44:52
REI,164620000.0,2.33,3.13,,0.49,0.18,,5.5,-54.29%,59.38%,-5.28%,-,13.36%,0.8,0.06269999999999999,5878674.0,2025-08-08 17:44:52
RANG,164570000.0,,,,,1.4,261.22,,-,-,-,-,-,10.26,0.001,118.0,2025-08-08 17:44:52
JYNT,164350000.0,,29.85,,2.32,8.26,5.52,92.33,99.55%,14494.00%,-,-,1.38%,10.74,0.0037,54106.0,2025-08-08 17:44:52
SVCC,164320000.0,98.27,,,,1.49,342.33,,-,-,-,-,-,10.28,-0.001,100.0,2025-08-08 17:44:52
MRBK,164310000.0,10.24,6.33,,0.83,0.95,,5.39,13.79%,39.39%,12.30%,-,18.20%,14.56,0.0275,25106.0,2025-08-08 17:44:52
FF,164260000.0,,,,0.81,0.87,1.69,11.05,-,-,-29.37%,-,3.47%,3.75,-0.026000000000000002,219392.0,2025-08-08 17:44:52
ACTU,164180000.0,,,,,,42.2,,66.26%,-21.21%,-,12.89%,-,8.02,-0.0062,115722.0,2025-08-08 17:44:52
IMA,164030000.0,,,,,0.51,1.72,,75.86%,-12.35%,-16.81%,20.63%,-,14.67,-0.002,5893.0,2025-08-08 17:44:52
TAVI,163980000.0,152.37,,,,1.4,248.45,,-,-,-,-,-,10.3,0.0039000000000000003,100.0,2025-08-08 17:44:52
SPE,163890000.0,4.52,,,15.83,0.94,,,-,-,-,-,-,15.42,-0.0039000000000000003,22796.0,2025-08-08 17:44:52
FSP,163830000.0,,,,1.47,0.26,5.37,,11.76%,28.89%,-,11.79%,-15.17%,1.58,-0.0063,231196.0,2025-08-08 17:44:52
PAL,163770000.0,,8.01,,0.49,0.49,15.01,41.78,-24.53%,88.83%,-,10.96%,-,6.05,-0.0066,125138.0,2025-08-08 17:44:52
TTEC,163580000.0,,2.65,,0.08,0.6,1.98,,52.11%,19.68%,-,25.40%,6.00%,3.42,0.2527,1796023.0,2025-08-08 17:44:52
TEAD,163140000.0,,4.82,,0.15,0.31,0.98,2.5,-244.40%,410.69%,22.72%,105.49%,5.30%,1.73,-0.1082,1143867.0,2025-08-08 17:44:52
ESCA,162880000.0,12.91,,,0.67,0.97,15.63,4.29,-,-,12.97%,-,6.86%,11.8,-0.0304,12875.0,2025-08-08 17:44:52
GLSI,162830000.0,,,,,122.45,59.21,,-,-,-32.98%,-,-,12.18,0.0437,92284.0,2025-08-08 17:44:52
CIK,162790000.0,10.61,,,9.06,1.0,,,-,-,-,-,-,2.97,-0.0067,294211.0,2025-08-08 17:44:52
PTMN,162730000.0,,5.88,,2.8,0.65,,,-21.24%,2.82%,-,-,-,12.34,0.0073,63607.0,2025-08-08 17:44:52
ELDN,162580000.0,,,,,1.42,1.3,,-8.57%,-18.14%,50.24%,-9.79%,-,2.71,-0.0109,763212.0,2025-08-08 17:44:52
RAPT,162210000.0,,,,,0.99,0.96,,89.37%,-15.09%,-10.10%,53.53%,-,9.81,-0.0429,25131.0,2025-08-08 17:44:52
BVFL,162140000.0,14.87,,,3.19,0.8,,10.43,-,-,23.38%,-,31.20%,15.4,0.0085,29876.0,2025-08-08 17:44:52
SRG,161650000.0,,,,9.9,0.42,1.51,,-,-,-9.79%,-,-36.48%,2.87,-0.0103,86459.0,2025-08-08 17:44:52
PLBY,161580000.0,,,,1.08,,6.78,,84.62%,100.00%,-536.41%,-,-,1.72,-0.0058,190570.0,2025-08-08 17:44:52
TEAF,161530000.0,13.01,,,,,,,-,-,-,-,-,11.97,-0.0089,64657.0,2025-08-08 17:44:52
OVBC,161400000.0,12.82,,,1.73,1.0,,13.95,-,-,2.24%,-,8.94%,34.26,0.0003,5252.0,2025-08-08 17:44:52
PIM,160940000.0,13.92,,,14.23,0.97,,,-,-,-,-,-,3.34,0.0,56842.0,2025-08-08 17:44:52
CRBU,160900000.0,,,,16.22,0.74,0.77,,8.89%,18.07%,-33.41%,4.16%,11.54%,1.73,-0.044199999999999996,656002.0,2025-08-08 17:44:52
SIEB,160420000.0,8.71,,,1.74,1.72,0.78,,-,-,25.51%,-,14.42%,3.97,0.0339,30865.0,2025-08-08 17:44:52
CRE,160230000.0,179.19,,,11.96,110.5,89.02,178.03,-15.90%,-,-,-,-,6.63,-0.0207,1687450.0,2025-08-08 17:44:52
RILY,160110000.0,,,,0.15,,0.32,,-,-,-,-,27.50%,5.25,0.023399999999999997,839455.0,2025-08-08 17:44:52
GLDG,159600000.0,,,,,1.75,35.7,,9.75%,-19.56%,-23.85%,-,-,0.8,-0.0096,282899.0,2025-08-08 17:44:52
ESOA,159490000.0,8.66,14.91,,0.43,2.97,16.06,8.75,-90.07%,326.67%,73.48%,-14.92%,15.05%,9.54,-0.0354,136993.0,2025-08-08 17:44:52
CRDF,159000000.0,,,,289.09,2.71,2.24,,12.11%,-3.89%,19.36%,-4.08%,22.80%,2.39,-0.0083,1230985.0,2025-08-08 17:44:52
RFAI,158830000.0,44.12,,,,1.72,324.14,,-,-,-,-,-,10.58,0.0,0.0,2025-08-08 17:44:52
BGX,158600000.0,9.67,,,,,,,-,-,-,-,-,12.48,0.0008,52360.0,2025-08-08 17:44:52
ACOG,158600000.0,,,,54.13,3.89,3.48,,29.95%,15.19%,-101.17%,-,-,9.9,0.0843,43460.0,2025-08-08 17:44:52
EDF,158400000.0,4.28,,,,,,,-,-,-,-,-,5.18,0.0095,118825.0,2025-08-08 17:44:52
TOYO,158230000.0,4.27,,,0.89,2.67,10.19,64.32,-,-,-,-,-,4.71,-0.022799999999999997,9381.0,2025-08-08 17:44:52
SLS,157640000.0,,,,,5.17,5.53,,36.67%,-20.00%,45.94%,20.28%,-,1.58,-0.0125,1885578.0,2025-08-08 17:44:52
EXFY,157550000.0,,7.18,,1.11,1.17,2.0,6.23,-44.57%,62.32%,-,1.65%,11.59%,1.71,-0.1211,1950976.0,2025-08-08 17:44:52
EGAN,157540000.0,59.14,28.1,,1.8,3.08,2.29,38.71,-52.56%,10.81%,12.48%,-,6.66%,5.76,-0.0069,37526.0,2025-08-08 17:44:52
VUZI,157440000.0,,,,29.54,4.79,10.34,,58.33%,0.00%,-2.98%,-,-2.91%,2.07,-0.0167,1094221.0,2025-08-08 17:44:52
SEVN,156910000.0,10.08,8.51,,2.56,0.59,3.41,7.92,-11.49%,-3.90%,-29.51%,-,32.95%,10.5,0.0116,84019.0,2025-08-08 17:44:52
ARAY,156580000.0,235.59,,,0.34,2.88,1.99,8.23,91.67%,-200.01%,3.37%,-,1.29%,1.39,0.053,698485.0,2025-08-08 17:44:52
ALTS,156570000.0,,,,8.67,36.38,14.48,200.73,-,-,39.27%,-,-18.61%,8.97,0.0966,558449.0,2025-08-08 17:44:52
TPZ,156470000.0,,,,,,,,-,-,-,-,-,20.82,-0.0036,4573.0,2025-08-08 17:44:52
HFFG,156390000.0,,6.7,,0.13,0.65,9.71,17.81,1.92%,66.04%,-,-,25.36%,2.95,0.0387,58893.0,2025-08-08 17:44:52
ELMD,156320000.0,23.36,19.27,0.99,2.54,3.61,10.26,13.16,40.52%,18.71%,20.42%,23.66%,11.82%,18.64,-0.0005,23958.0,2025-08-08 17:44:52
PCQ,156210000.0,,,,10.7,0.8,,,-,-,-,-,-,8.23,-0.0048,259539.0,2025-08-08 17:44:52
KEQU,156190000.0,13.84,,,0.65,2.33,9.1,12.38,-,-,-,-,10.26%,53.0,-0.0158,2903.0,2025-08-08 17:44:52
LAZR,156100000.0,,,,2.13,,1.11,,52.25%,42.98%,4.83%,45.70%,43.01%,2.68,0.046900000000000004,2021228.0,2025-08-08 17:44:52
MNSB,155930000.0,,8.8,,1.12,0.84,,12.79,244.44%,23.66%,-,-,16.71%,20.24,0.0274,24855.0,2025-08-08 17:44:52
VNTG,155830000.0,35.84,,,8.33,,25.55,86.57,-22.60%,-,-,-,-,4.91,0.0166,946413.0,2025-08-08 17:44:52
LPTH,155730000.0,,,,4.63,9.9,24.03,,-12.38%,53.39%,-15.22%,-,-1.23%,3.63,-0.013600000000000001,190795.0,2025-08-08 17:44:52
PDEX,155720000.0,17.06,20.06,,2.43,4.41,15.75,,368.33%,-15.30%,-9.20%,-,14.66%,47.75,0.0262,21906.0,2025-08-08 17:44:52
DCGO,155600000.0,,,,0.3,0.51,1.97,1.8,-341.67%,56.71%,-,-,59.99%,1.57,0.1295,1296271.0,2025-08-08 17:44:52
ELA,155530000.0,18.26,15.97,,0.78,2.69,6.81,20.49,26.92%,13.64%,20.12%,-,17.07%,5.99,0.0067,32173.0,2025-08-08 17:44:52
ACU,155430000.0,16.24,24.21,,0.8,1.37,42.7,12.72,-2.04%,-29.58%,8.90%,-9.10%,6.42%,40.91,0.0060999999999999995,3844.0,2025-08-08 17:44:52
FIGXU,155390000.0,,,,,,,,-,-,-,-,-,10.02,-0.003,111823.0,2025-08-08 17:44:52
CFBK,155330000.0,8.62,6.44,,1.24,0.88,,9.01,54.37%,16.98%,0.35%,-,23.04%,23.97,0.0105,6233.0,2025-08-08 17:44:52
SHIP,155310000.0,9.84,2.78,0.34,1.05,0.59,6.12,,-59.62%,178.25%,-,28.84%,14.12%,7.43,-0.008,83461.0,2025-08-08 17:44:52
BIOA,155230000.0,,,,40.21,0.53,0.52,,67.62%,-15.02%,-,27.34%,-,4.33,0.0023,44756.0,2025-08-08 17:44:52
CRGO,155130000.0,,,,6.91,2.36,3.39,,31.88%,30.85%,-490.40%,44.18%,-,3.1,0.006500000000000001,63856.0,2025-08-08 17:44:52
BEEP,154760000.0,,,,4.25,0.9,9.58,,-23.49%,14.52%,-,40.72%,-,3.65,-0.013500000000000002,26872.0,2025-08-08 17:44:52
CBFV,154620000.0,14.34,11.14,,1.93,1.03,,27.51,25.29%,8.65%,-2.01%,-,6.10%,30.78,-0.0003,15145.0,2025-08-08 17:44:52
EP,154530000.0,,,,3.61,2.58,143.09,,-,-,16.65%,-,49.87%,4.52,0.0391,16309.0,2025-08-08 17:44:52
PEBK,154230000.0,9.08,,,1.4,1.07,,7.64,-,-,4.82%,-,9.92%,28.25,0.010700000000000001,3103.0,2025-08-08 17:44:52
OWLT,153680000.0,,,,1.71,,6.95,,-560.00%,84.32%,25.86%,-,0.87%,9.3,0.19079999999999997,314728.0,2025-08-08 17:44:52
WHG,153640000.0,570.73,,,1.59,1.22,16.31,24.08,-,-,-17.93%,-,2.31%,16.38,-0.062400000000000004,12152.0,2025-08-08 17:44:52
UBFO,153440000.0,13.54,,,2.34,1.14,,7.45,-,-,-0.77%,-,7.63%,8.78,0.022099999999999998,18268.0,2025-08-08 17:44:52
VERI,153370000.0,,,,1.57,8.64,7.77,,33.14%,77.66%,0.82%,-,13.29%,2.84,0.22940000000000002,6098413.0,2025-08-08 17:44:52
RGP,153370000.0,,8.6,,0.28,0.73,1.78,9.47,101.03%,791.67%,-,-,-4.75%,4.6,-0.0086,340842.0,2025-08-08 17:44:52
LNSR,153220000.0,,,,2.63,,7.54,,-,-,-14.63%,-,11.87%,12.87,0.0023,71426.0,2025-08-08 17:44:52
CHN,153180000.0,8.44,,,38.45,1.13,,,-,-,-,-,-,15.87,-0.0069,58998.0,2025-08-08 17:44:52
VTN,153100000.0,36.14,,,10.2,0.9,,,-,-,-,-,-,10.48,-0.001,17902.0,2025-08-08 17:44:52
NNY,152980000.0,15.88,,,20.29,0.9,,,-,-,-,-,-,8.1,-0.0060999999999999995,41844.0,2025-08-08 17:44:52
AISP,152840000.0,,23.95,,11.14,,24.22,,101.28%,566.67%,-,-,-,4.79,0.0213,626571.0,2025-08-08 17:44:52
NVCT,152740000.0,,,,,8.49,5.7,,4.20%,-2.51%,-510.36%,2.15%,-,6.0,-0.0276,177460.0,2025-08-08 17:44:52
YXT,152470000.0,3.24,,,3.31,4.9,2.66,,-,-,-,-,-,0.85,0.1155,45007.0,2025-08-08 17:44:52
HNVR,152310000.0,13.92,7.91,,1.03,0.79,,29.23,5.12%,52.72%,-2.93%,-,30.45%,21.07,0.0005,13500.0,2025-08-08 17:44:52
BHST,151790000.0,,202.17,,5.48,,44.64,,55.00%,112.04%,45.00%,-,158.55%,8.76,0.0815,63777.0,2025-08-08 17:44:52
MDV,151790000.0,,83.33,,3.23,0.92,26.12,9.62,-60.00%,80.00%,-,2.60%,13.73%,15.0,0.0381,50254.0,2025-08-08 17:44:52
MAYA,151540000.0,410.93,,,,1.82,303.08,,-,-,-,-,-,10.15,0.0,11.0,2025-08-08 17:44:52
EVG,151210000.0,11.71,,,10.92,1.01,,,-,-,-,-,-,11.24,-0.0027,26677.0,2025-08-08 17:44:52
MSD,150570000.0,9.2,,,7.08,0.99,,,-,-,-,-,-,7.45,0.004,86152.0,2025-08-08 17:44:52
LXEO,150390000.0,,,,,1.71,1.51,,15.13%,25.54%,-99.98%,18.65%,-,4.53,0.018000000000000002,190632.0,2025-08-08 17:44:52
KRRO,150240000.0,,,,31.17,1.08,1.31,,-0.98%,5.99%,21.83%,-4.32%,-39.89%,16.0,0.0088,86600.0,2025-08-08 17:44:52
ROMA,150100000.0,,,,95.61,6.26,55.8,,-,-,-,-,-2.94%,2.52,-0.0836,25879.0,2025-08-08 17:44:52
CZWI,150040000.0,12.13,8.97,,1.54,0.82,,22.84,-1.48%,25.94%,9.51%,-,6.52%,15.02,0.002,20830.0,2025-08-08 17:44:52
TLSI,150000000.0,,,,4.67,,11.54,,37.75%,78.69%,-175.42%,-,-,3.95,0.07629999999999999,103135.0,2025-08-08 17:44:52
EGG,149840000.0,60.23,,,27.24,44.17,44.07,,-26.70%,-,-,-,-,5.3,-0.032799999999999996,7847.0,2025-08-08 17:44:52
TZUP,149650000.0,,,,,51.98,143.9,,-,-,-437.23%,-,-,15.46,0.0059,421413.0,2025-08-08 17:44:52
PMTS,149480000.0,8.37,3.35,,0.3,,4.74,5.54,10.82%,28.94%,-,-,11.56%,13.25,-0.2884,508514.0,2025-08-08 17:44:52
IGA,149430000.0,6.45,,,30.77,0.93,,,-,-,-,-,-,9.74,0.0052,32328.0,2025-08-08 17:44:52
RPID,149030000.0,,,,5.03,2.27,3.58,,10.49%,12.41%,-9.90%,-,11.18%,3.4,0.0149,34535.0,2025-08-08 17:44:52
MHF,148470000.0,52.69,,,22.13,0.99,,,-,-,-,-,-,6.85,-0.0015,37277.0,2025-08-08 17:44:52
MRCC,148410000.0,20.76,8.95,,2.6,0.79,,,-28.32%,-5.56%,-,-,-,6.85,0.0978,476194.0,2025-08-08 17:44:52
OCCI,148400000.0,38.64,6.04,,4.08,0.88,,,-,-0.56%,-,-,-,5.41,-0.0128,549719.0,2025-08-08 17:44:52
PNBK,148370000.0,,,,2.48,2.48,,,-,-,-69.43%,-,5.65%,1.75,0.005699999999999999,297656.0,2025-08-08 17:44:52
BMN,148350000.0,37.13,,,,,,,-,-,-,-,-,24.13,-0.0016,7896.0,2025-08-08 17:44:52
AMTX,147830000.0,,,,0.66,,89.6,,37.83%,78.44%,-1.79%,-,5.79%,2.67,0.1033,1115613.0,2025-08-08 17:44:52
ENTA,147500000.0,,,,2.29,1.58,0.76,,27.98%,18.50%,-,22.01%,-19.91%,6.9,-0.0129,115210.0,2025-08-08 17:44:52
BKTI,147270000.0,15.59,12.22,,1.9,4.44,16.51,11.29,23.04%,15.90%,-,-,13.82%,40.09,0.018500000000000003,44694.0,2025-08-08 17:44:52
ELTX,147170000.0,,,,,16.5,6.66,,42.82%,24.49%,20.96%,33.85%,-,9.2,0.0143,24817.0,2025-08-08 17:44:52
MXCT,147120000.0,,,,4.12,0.77,1.16,,-1.28%,5.06%,-11.37%,9.40%,12.31%,1.38,-0.035,1388640.0,2025-08-08 17:44:52
HAIN,147110000.0,,7.71,,0.09,0.21,3.31,4.04,-57.35%,50.20%,9.39%,-12.80%,-3.77%,1.63,-0.0121,1410096.0,2025-08-08 17:44:52
THTX,146910000.0,,22.03,,1.74,,14.81,20.96,89.03%,877.48%,23.68%,-,6.32%,3.19,-0.004699999999999999,180276.0,2025-08-08 17:44:52
PFD,146780000.0,10.2,,,8.79,0.92,,,-,-,-,-,-,11.42,-0.0009,109856.0,2025-08-08 17:44:52
HPAI,146670000.0,,,,,,,,-,-,-,-,-,3.95,0.026000000000000002,998.0,2025-08-08 17:44:52
BCBP,146670000.0,44.59,6.74,,0.77,0.46,,4.77,-90.60%,932.65%,-3.82%,-,8.89%,8.53,0.0252,64107.0,2025-08-08 17:44:52
ACR,146220000.0,,13.39,,0.82,0.33,3.26,8.99,-36.82%,68.00%,-13.85%,-,6.45%,19.69,0.0,23270.0,2025-08-08 17:44:52
RMBI,145910000.0,14.94,,,1.66,1.1,,10.39,-,-,-,-,13.42%,14.02,0.009399999999999999,8846.0,2025-08-08 17:44:52
CMT,145710000.0,15.87,10.13,,0.53,0.95,3.37,11.47,-15.95%,22.63%,-,-,1.24%,17.02,-0.0018,19678.0,2025-08-08 17:44:52
NAMM,145460000.0,,,,,4.42,163.44,,-,-,-,-,-,2.71,-0.014499999999999999,196485.0,2025-08-08 17:44:52
BANX,145320000.0,8.68,,,4.93,0.94,,,-,-,-,-,-,20.4,-0.0084,8735.0,2025-08-08 17:44:52
ONL,145300000.0,,,,0.95,0.2,8.36,26.32,-,-,-,-,-,2.58,0.019799999999999998,682243.0,2025-08-08 17:44:52
IRWD,145130000.0,,2.61,,0.47,,1.56,1.85,1333.33%,139.54%,-47.49%,-,-3.89%,0.9,0.0192,1015870.0,2025-08-08 17:44:52
SSTI,144730000.0,,,,1.38,1.96,12.41,12.05,66.07%,63.16%,-,-,20.15%,11.42,0.0169,51586.0,2025-08-08 17:44:52
ECF,144560000.0,5.62,,,25.27,1.02,,,-,-,-,-,-,10.57,-0.0038,23304.0,2025-08-08 17:44:52
AMPY,144060000.0,9.66,10.73,,0.52,0.35,,,-62.17%,46.23%,-,-,1.35%,3.56,0.0319,634527.0,2025-08-08 17:44:52
MAPS,143920000.0,11.57,6.01,0.42,0.78,2.02,2.7,5.95,81.25%,6.90%,-14.41%,27.29%,-,0.93,0.0336,685508.0,2025-08-08 17:44:52
BWG,143820000.0,9.73,,,,,,,-,-,-,-,-,8.56,0.0040999999999999995,45733.0,2025-08-08 17:44:52
INAC,143220000.0,,,,,,,,-,-,-,-,-,9.96,0.0,500.0,2025-08-08 17:44:52
BSET,143030000.0,57.88,13.24,,0.44,0.86,2.39,15.77,183.18%,34.66%,-42.73%,-,-6.11%,16.46,0.0167,14348.0,2025-08-08 17:44:52
PROP,142890000.0,,0.71,,6.64,4.11,9.54,,257.80%,65.65%,31.55%,-,-5.58%,3.26,0.0062,1579026.0,2025-08-08 17:44:52
LARK,142500000.0,8.79,,,1.51,0.96,,8.13,-,-,4.46%,-,10.74%,24.66,0.010700000000000001,4097.0,2025-08-08 17:44:52
ECBK,142190000.0,24.84,,,1.95,0.84,,23.54,-,-,1.15%,-,31.59%,15.75,0.0013,14805.0,2025-08-08 17:44:52
BHR,142140000.0,,,,0.2,0.64,1.05,,-93.51%,1.34%,-18.89%,-,9.24%,2.12,-0.023,120290.0,2025-08-08 17:44:52
DBI,142080000.0,,,,0.05,0.53,3.09,3.61,-362.23%,67.95%,-,18.80%,-2.94%,2.91,-0.0068000000000000005,1833762.0,2025-08-08 17:44:52
CTOR,141860000.0,,36.2,,,3.63,,,-54.84%,110.42%,-,-,-,1.81,-0.0216,158196.0,2025-08-08 17:44:52
BZUN,141380000.0,,7.94,,0.11,0.29,0.41,,120.45%,279.09%,-,-,4.45%,2.65,-0.011200000000000002,59786.0,2025-08-08 17:44:52
MED,141240000.0,38.99,,,0.29,0.65,0.87,,-150.54%,-50.54%,-50.52%,-,-3.33%,12.85,0.0086,157556.0,2025-08-08 17:44:52
GGT,140920000.0,8.1,,,44.85,1.2,,,-,-,-,-,-,4.21,0.0024,104987.0,2025-08-08 17:44:52
GHG,140860000.0,13.47,,,0.75,1.07,0.68,3.44,-,-,-24.85%,-,3.39%,2.11,-0.0248,29001.0,2025-08-08 17:44:52
NKTX,140490000.0,,,,,0.37,0.53,,10.68%,9.50%,-19.86%,-0.26%,-,1.98,-0.0149,349055.0,2025-08-08 17:44:52
CGEN,140270000.0,,,,6.34,2.79,1.49,,-73.44%,37.84%,18.03%,8.52%,-,1.5,0.0417,183823.0,2025-08-08 17:44:52
MPA,140240000.0,29.27,,,12.92,0.85,,,-,-,-,-,-,10.83,0.0009,49574.0,2025-08-08 17:44:52
KYTX,140020000.0,,,,,0.63,0.58,,-11.70%,15.42%,-,-2.34%,-,3.24,-0.021099999999999997,176559.0,2025-08-08 17:44:52
ISPR,140000000.0,,,,0.97,9.47,5.93,,-50.00%,80.25%,-,-,-,2.45,-0.0161,88132.0,2025-08-08 17:44:52
GRX,139330000.0,449.5,,,,,,,-,-,-,-,-,8.99,0.0,34970.0,2025-08-08 17:44:52
DAIC,138740000.0,,,,,,346.85,,-,-,-,-,-,5.02,-0.030899999999999997,46135.0,2025-08-08 17:44:52
TAYD,138380000.0,19.17,,,3.23,2.39,3.9,13.14,-,-,28.73%,-,5.81%,44.12,-0.0104,2602.0,2025-08-08 17:44:52
SPWH,138330000.0,,,,0.12,0.64,38.86,,32.08%,43.33%,-,-,6.20%,3.61,-0.008199999999999999,693664.0,2025-08-08 17:44:52
FMFC,138170000.0,755.0,,,8.03,377.5,1381.65,65.79,-85.70%,-,-,-,-,7.55,-0.051500000000000004,68165.0,2025-08-08 17:44:52
FGBI,138010000.0,,8.97,,0.59,0.53,,3.89,-7500.00%,218.42%,-9.53%,-,19.70%,8.07,0.0025,1850.0,2025-08-08 17:44:52
RBKB,138000000.0,,,,2.44,1.07,,9.37,-,-,-,-,3.01%,12.44,-0.0004,3413.0,2025-08-08 17:44:52
SHOT,138000000.0,,,,132.69,,151.65,,-,-,-52.22%,-,155.44%,1.14,-0.0087,4802110.0,2025-08-08 17:44:52
CHCI,137830000.0,8.75,,,2.48,2.49,4.52,9.81,-,-,60.76%,-,15.17%,13.69,0.0454,17360.0,2025-08-08 17:44:52
EML,137450000.0,11.2,8.8,,0.51,1.1,15.09,36.85,-13.54%,29.29%,0.10%,-,1.62%,22.54,0.0108,1648.0,2025-08-08 17:44:52
JEM,137410000.0,130.42,,,12.16,89.43,76.34,343.52,17.10%,-,-,-,-,6.26,-0.0063,478036.0,2025-08-08 17:44:52
PZC,137180000.0,,,,6.33,0.77,,,-,-,-,-,-,6.1,0.0,0.0,2025-08-08 17:44:52
RELL,137010000.0,,17.44,,0.66,0.87,3.82,17.7,306.25%,233.33%,10.70%,-,6.03%,9.59,-0.0031,12367.0,2025-08-08 17:44:52
GLQ,136980000.0,28.12,,,33.19,0.93,,,-,-,-,-,-,7.31,0.0021,16973.0,2025-08-08 17:44:52
HUHU,136760000.0,,,,54.27,153.01,297.3,,-,-,-,-,40.36%,6.46,0.0287,132092.0,2025-08-08 17:44:52
BDTX,136470000.0,10.14,,1.04,1.95,1.03,0.96,,126.77%,-326.47%,-5.22%,9.70%,-,2.4,0.0526,745119.0,2025-08-08 17:44:52
FTLF,136360000.0,16.0,13.14,1.02,2.14,3.5,22.76,19.82,-0.55%,22.10%,25.50%,15.72%,27.50%,14.52,-0.0014000000000000002,16596.0,2025-08-08 17:44:52
ORGN,136250000.0,,,,4.56,0.43,1.64,,-,-,-4.80%,-,-,0.91,0.0718,598565.0,2025-08-08 17:44:52
NAZ,136100000.0,15.86,,,14.48,0.96,,,-,-,-,-,-,11.74,-0.0051,6210.0,2025-08-08 17:44:52
EPSN,136070000.0,30.81,,,3.43,1.36,19.75,,277.78%,-,-22.80%,-,3.38%,6.18,-0.0064,47682.0,2025-08-08 17:44:52
SKLZ,135750000.0,,,,1.43,0.83,0.57,,-51.67%,4.29%,-10.37%,-10.97%,-4.45%,7.61,0.1461,171018.0,2025-08-08 17:44:52
DMO,135610000.0,7.89,,,5.61,0.99,,,-,-,-,-,-,11.91,-0.0017000000000000001,37788.0,2025-08-08 17:44:52
HIT,135580000.0,107.36,14.59,,5.08,8.51,16.66,40.11,350.00%,277.78%,-,-,-,2.48,0.0736,673908.0,2025-08-08 17:44:52
HYMC,135500000.0,,,,,,1.94,,47.53%,21.01%,75.97%,42.12%,-,3.46,0.0,397131.0,2025-08-08 17:44:52
SEER,135350000.0,,,,8.33,0.45,0.65,,3.60%,25.37%,-39.46%,12.85%,160.62%,2.3,0.14429999999999998,692103.0,2025-08-08 17:44:52
MRAM,135300000.0,78.68,52.0,,2.62,2.11,3.01,21.21,-200.00%,387.50%,-,-,6.09%,5.98,-0.0083,72816.0,2025-08-08 17:44:52
FNKO,135140000.0,,46.13,,0.13,0.63,5.21,2.62,-502.08%,108.29%,-,57.07%,5.72%,2.46,-0.32789999999999997,10389313.0,2025-08-08 17:44:52
HQI,135100000.0,39.61,18.38,,4.01,2.07,64.64,9.15,-30.28%,6.06%,-,-4.42%,16.86%,9.65,-0.0103,3972.0,2025-08-08 17:44:52
SBFG,135010000.0,11.33,8.8,,1.56,0.99,,21.29,30.41%,5.38%,3.56%,-,5.55%,20.69,0.029900000000000003,13503.0,2025-08-08 17:44:52
MOLN,134940000.0,,,,53.98,0.93,0.91,,-5.08%,3.12%,-1.12%,-5.62%,-22.75%,3.66,-0.0014000000000000002,36.0,2025-08-08 17:44:52
LGCY,134690000.0,19.1,17.84,1.37,2.28,3.43,7.77,45.2,18.87%,-3.17%,-,13.99%,32.15%,10.88,0.0083,67104.0,2025-08-08 17:44:52
LHSW,134650000.0,,,,,13.2,1035.8,,-,-,-,-,-,2.59,-0.0116,55679.0,2025-08-08 17:44:52
COE,134640000.0,,,,2.27,,4.56,,-,-,15.71%,-,-25.02%,32.6,0.0168,3843.0,2025-08-08 17:44:52
ARBE,134610000.0,,,,249.28,2.32,5.11,,42.62%,4.76%,-,27.76%,-,1.28,0.0,1230545.0,2025-08-08 17:44:52
SRFM,134510000.0,,,,1.2,,20.32,,33.97%,51.83%,-25.38%,42.20%,99.76%,3.99,-0.0409,1560768.0,2025-08-08 17:44:52
BFIN,134450000.0,68.9,14.1,,1.85,0.86,,18.37,33.01%,11.68%,-15.27%,-,0.77%,10.79,0.0084,22880.0,2025-08-08 17:44:52
HKD,134450000.0,,,,,,,,-,-,11.50%,-,1.24%,1.64,-0.018000000000000002,264963.0,2025-08-08 17:44:52
LAKE,134440000.0,,9.09,,0.76,0.94,7.22,,118.11%,253.41%,-,-,9.17%,14.13,-0.015300000000000001,76083.0,2025-08-08 17:44:52
BARK,134199999.99999999,,,,0.29,1.43,1.5,,-333.33%,53.85%,33.90%,-,6.34%,0.79,-0.0137,1110886.0,2025-08-08 17:44:52
GPMT,134130000.0,,,,0.81,0.23,1.4,,19.07%,84.74%,-,-,-4.67%,2.83,-0.0105,421810.0,2025-08-08 17:44:52
POWW,133509999.99999999,,,,1.01,0.44,4.18,,84.48%,33.33%,-28.96%,-,27.29%,1.14,0.0088,287566.0,2025-08-08 17:44:52
VRM,133470000.0,,,,5.48,0.84,1.98,,-,-,13.20%,-,-,25.85,-0.0069,6025.0,2025-08-08 17:44:52
JHS,133470000.0,12.59,,,11.01,0.95,,,-,-,-,-,-,11.46,0.0,13647.0,2025-08-08 17:44:52
SUNS,133270000.00000001,9.41,7.44,1.0,7.4,0.72,23.93,,8.64%,14.84%,-,9.37%,-,9.93,-0.008,82497.0,2025-08-08 17:44:52
CLAR,132490000.00000001,,,,0.52,0.59,4.65,,82.58%,50.93%,-,61.68%,2.92%,3.45,0.10220000000000001,329780.0,2025-08-08 17:44:52
AREC,132470000.0,,,,413.96,,25.57,,-,-,29.31%,-,-56.45%,1.61,0.23850000000000002,4633198.0,2025-08-08 17:44:52
STRW,132289999.99999999,18.04,20.57,,1.05,6.78,1.86,1.74,-40.79%,53.09%,-,-19.26%,-,10.63,0.059800000000000006,31174.0,2025-08-08 17:44:52
AVD,132210000.00000001,,12.24,,0.25,0.58,9.13,7.7,97.11%,392.31%,-,-,3.17%,4.65,0.0242,172251.0,2025-08-08 17:44:52
MYPS,132190000.0,,,,0.51,0.54,1.17,3.19,65.11%,9.69%,-,50.39%,1.76%,1.05,-0.0187,83930.0,2025-08-08 17:44:52
MDXH,131660000.0,,,,1.33,22.06,4.01,,57.47%,54.05%,29.99%,-,50.19%,2.66,-0.0148,54831.0,2025-08-08 17:44:52
GTE,131630000.0,,,,0.21,0.34,2.16,,-673.33%,-61.63%,-37.20%,105.28%,1.72%,3.73,-0.026099999999999998,353045.0,2025-08-08 17:44:52
AGEN,131600000.0,,4.78,,1.32,,7.12,,121.20%,-55.23%,7.90%,48.58%,-7.17%,4.8,0.0084,605532.0,2025-08-08 17:44:52
DLNG,131509999.99999999,2.64,,,0.84,0.36,1.88,1.35,-,-,-,-,3.62%,3.6,-0.0069,21436.0,2025-08-08 17:44:52
AKA,131430000.0,,,,0.22,1.14,5.55,,10.16%,53.62%,-,-,41.19%,12.12,-0.0138,6028.0,2025-08-08 17:44:52
MCN,130710000.00000001,24.76,,,30.3,0.94,,,-,-,-,-,-,6.19,0.0008,19577.0,2025-08-08 17:44:52
AVR,130550000.00000001,,,,52.43,3.02,2.67,,40.22%,8.86%,-,21.72%,-,3.62,0.0028000000000000004,46706.0,2025-08-08 17:44:52
OBIO,130240000.00000001,,,,45.06,6.16,2.61,,-19.65%,12.56%,-273.68%,-0.74%,-,2.71,0.042300000000000004,789734.0,2025-08-08 17:44:52
BW,129889999.99999999,,,,0.19,,1.22,,70.14%,95.35%,17.83%,-,-3.54%,1.32,0.0076,2029583.0,2025-08-08 17:44:52
REKR,129880000.0,,,,2.86,3.66,30.14,,66.67%,54.93%,3.66%,47.97%,53.12%,1.1,0.0377,1501528.0,2025-08-08 17:44:52
FLL,129870000.0,,,,0.44,4.19,4.05,,23.44%,22.07%,-40.06%,12.41%,12.04%,3.61,-0.1795,522744.0,2025-08-08 17:44:52
WEA,129220000.0,20.55,,,9.4,0.98,,,-,-,-,-,-,10.89,-0.0027,31544.0,2025-08-08 17:44:52
SHMD,129020000.00000001,,,,,,39.94,,-,-,-,-,-,2.65,0.0271,8813.0,2025-08-08 17:44:52
ZENA,128830000.00000001,,,,72.38,,66.41,,-,-,-,-,-,5.04,-0.0175,707362.0,2025-08-08 17:44:52
VGZ,128570000.0,13.59,,,,8.23,8.59,,-166.67%,16.67%,-,-,-,1.03,0.0403,1530136.0,2025-08-08 17:44:52
MAMO,128389999.99999999,,,,1.36,6.45,33.43,36.27,-,-,-,-,-,3.09,0.03,15635.0,2025-08-08 17:44:52
HEQ,128190000.0,10.39,,,,,,,-,-,-,-,-,10.6,0.0038,32800.0,2025-08-08 17:44:52
IAF,127920000.0,7.33,,,28.96,0.98,,,-,-,-,-,-,4.62,0.0043,39077.0,2025-08-08 17:44:52
STRS,127550000.0,,,,3.9,0.67,9.84,,-,-,-,-,-10.08%,15.8,0.0167,5849.0,2025-08-08 17:44:52
MIST,127450000.0,,,,,,2.28,,-19.78%,-0.10%,28.21%,6.94%,-,1.5,-0.0066,458144.0,2025-08-08 17:44:52
MPTI,127190000.0,15.98,16.27,,2.52,3.83,9.31,24.14,-7.55%,9.39%,32.23%,-,13.07%,43.6,-0.03,49232.0,2025-08-08 17:44:52
EBMT,126520000.0,9.91,8.38,0.44,1.01,0.7,,10.62,42.85%,7.24%,-5.92%,22.66%,11.68%,15.91,0.0108,11081.0,2025-08-08 17:44:52
GECC,126350000.0,24.33,6.91,,2.94,0.96,,,27.56%,-2.16%,-,-,-,10.95,0.0,36515.0,2025-08-08 17:44:52
TWIN,125910000.0,30.54,7.95,1.43,0.38,0.84,7.75,12.1,-97.47%,5500.00%,-0.94%,21.30%,-0.50%,8.9,-0.012199999999999999,17925.0,2025-08-08 17:44:52
AEYE,125830000.0,,11.71,,3.29,17.1,18.32,52.21,26.82%,23.66%,18.02%,-,26.74%,10.1,-0.1338,500041.0,2025-08-08 17:44:52
VIRC,125740000.0,6.42,6.96,,0.5,1.19,133.77,11.48,-24.41%,15.09%,54.17%,-,6.86%,7.99,-0.0111,30724.0,2025-08-08 17:44:52
MCRB,124400000.0,,,,,3.78,2.74,,-,-2651.35%,5.33%,-,-,14.21,-0.0706,105268.0,2025-08-08 17:44:52
FBRX,124270000.0,,,,,1.74,2.71,,64.03%,26.96%,24.08%,41.96%,-,10.18,-0.0121,9484.0,2025-08-08 17:44:52
ACHV,124210000.0,,,,,2.98,2.24,,5.97%,18.18%,50.01%,-,-,2.5,-0.053,913671.0,2025-08-08 17:44:52
SKYX,124020000.0,,,,1.42,,13.14,,20.14%,31.30%,-4.37%,32.65%,86.64%,1.16,0.08410000000000001,403577.0,2025-08-08 17:44:52
KVAC,123890000.0,38.5,,,,1.86,6194.45,,-,-,-,-,-,11.45,-0.0017000000000000001,75.0,2025-08-08 17:44:52
FLYE,123420000.0,,,,4.85,3.34,146.93,,-,-,-,-,-,6.82,0.0059,4683760.0,2025-08-08 17:44:52
VIOT,123310000.0,28.1,27.9,,0.38,1.25,0.73,,155.00%,18.18%,-26.82%,-,-15.23%,3.63,0.0028000000000000004,336613.0,2025-08-08 17:44:52
DUOT,123280000.0,,211.67,,11.05,14.36,32.44,,62.59%,105.77%,-0.07%,-,-11.80%,6.35,-0.0178,562057.0,2025-08-08 17:44:52
SKIL,123190000.0,,,,0.23,1.92,0.94,2.78,-157.13%,-94.84%,-33.08%,-,-,14.37,-0.0055000000000000005,27250.0,2025-08-08 17:44:52
JHI,123040000.0,14.66,,,8.3,0.98,,,-,-,-,-,-,14.07,0.0022,12858.0,2025-08-08 17:44:52
OKYO,122980000.0,,,,,,78.84,,-16.67%,-60.00%,-114.91%,-,-,3.27,0.0348,99010.0,2025-08-08 17:44:52
ACNT,122820000.0,,,,0.97,1.38,2.0,14.33,-,-,-34.68%,-,-10.23%,13.11,0.0116,32474.0,2025-08-08 17:44:52
MMLP,122630000.0,,,,0.17,,2452.66,7.53,-,-,50.58%,-,-3.53%,3.14,0.016200000000000003,3712.0,2025-08-08 17:44:52
PLX,122600000.0,36.67,3.42,,2.05,2.66,3.53,,250.00%,221.43%,-,-,-0.48%,1.54,0.0199,293577.0,2025-08-08 17:44:52
PFO,122530000.0,10.18,,,8.5,0.92,,,-,-,-,-,-,9.37,0.0054,27288.0,2025-08-08 17:44:52
VGAS,122510000.0,,,,,1.8,1.87,,-,-,-617.62%,-,-,2.75,0.0,6314.0,2025-08-08 17:44:52
SPRO,122450000.0,,4.56,,4.33,3.62,2.5,,9.45%,141.74%,17.67%,7.97%,8.59%,2.19,0.0092,401733.0,2025-08-08 17:44:52
PHD,122390000.0,7.38,,,6.69,0.96,,,-,-,-,-,-,9.89,-0.002,61737.0,2025-08-08 17:44:52
CABA,122320000.0,,,,,0.7,0.63,,-4.87%,21.83%,-20.35%,9.19%,-,1.36,-0.0621,1222353.0,2025-08-08 17:44:52
HURC,122200000.0,,,,0.67,0.6,2.79,14.48,-,-,-,-,-6.66%,18.78,-0.0131,1374.0,2025-08-08 17:44:52
CAAS,122190000.0,4.24,,,0.18,0.34,1.1,,-,-,25.68%,-,8.57%,4.05,0.0125,23883.0,2025-08-08 17:44:52
PAI,122130000.0,32.93,,,17.57,1.0,,,-,-,-,-,-,12.84,-0.0007000000000000001,17555.0,2025-08-08 17:44:52
FNWD,122070000.0,22.85,13.34,,1.21,0.79,,39.25,-47.54%,41.95%,-4.28%,-,12.32%,28.22,0.031400000000000004,38973.0,2025-08-08 17:44:52
ESP,121840000.0,16.05,,,2.65,2.43,3.17,6.66,-,-,18.51%,-,1.21%,43.03,0.0016,22275.0,2025-08-08 17:44:52
LHAI,121730000.0,146.48,,,9.99,47.44,171.44,,-,-,-,-,-,7.5,-0.0013,451612.0,2025-08-08 17:44:52
SVCO,121680000.0,,31.42,,2.21,1.49,2.19,3.08,-123.30%,318.83%,-,4.69%,-,4.01,-0.0361,106691.0,2025-08-08 17:44:52
CHGG,121490000.0,,32.57,,0.24,0.78,1.4,3.76,-107.56%,161.76%,-151.46%,-,8.49%,1.14,0.0179,2241571.0,2025-08-08 17:44:52
LFT,120870000.0,11.6,6.79,,1.11,0.69,1.87,5.45,-26.14%,4.62%,24.95%,-,25.54%,2.31,0.0176,165571.0,2025-08-08 17:44:52
TARA,120760000.0,,,,,0.76,0.97,,33.46%,-14.79%,55.31%,8.73%,-,3.13,0.0097,265827.0,2025-08-08 17:44:52
LUD,120710000.0,,,,2.69,8.44,12.32,27.43,-111.80%,-,-,-,-,5.32,0.0535,11857.0,2025-08-08 17:44:52
BOOM,120410000.0,,15.53,,0.19,0.47,9.69,3.52,50.00%,151.11%,-,-,10.09%,5.85,-0.0542,384107.0,2025-08-08 17:44:52
RAY,120340000.0,45.85,,,11.91,4.91,11.03,150.42,-,-,-,-,-,2.76,-0.035,7301232.0,2025-08-08 17:44:52
BTA,120290000.0,15.43,,,11.03,0.86,,,-,-,-,-,-,8.95,-0.0033,21343.0,2025-08-08 17:44:52
PELI,120230000.0,,,,,,,,-,-,-,-,-,10.02,0.001,510.0,2025-08-08 17:44:52
AFBI,119620000.0,17.63,,,2.34,0.96,,16.94,-,-,70.82%,-,24.61%,18.94,0.0074,731.0,2025-08-08 17:44:52
LIMN,119620000.0,,,,,,,,-,-,-,-,-,4.42,-0.0849,320414.0,2025-08-08 17:44:52
FCAP,119560000.0,9.06,,,1.94,1.0,,6.73,-,-,2.94%,-,8.41%,35.63,0.0037,3057.0,2025-08-08 17:44:52
RMMZ,119550000.0,17.9,,,,,,,-,-,-,-,-,14.14,-0.0007000000000000001,72285.0,2025-08-08 17:44:52
RPT,119460000.0,,13.15,,2.52,0.49,1.21,,116.34%,140.00%,-,-,-17.44%,2.63,-0.0038,64871.0,2025-08-08 17:44:52
PCF,119410000.0,6.38,,,13.19,0.89,,,-,-,-,-,-,6.38,0.0079,56388.0,2025-08-08 17:44:52
IOBT,119240000.0,,,,,4.51,3.21,,5.24%,20.96%,-27.25%,21.11%,-,1.81,-0.042300000000000004,358055.0,2025-08-08 17:44:52
GNLX,118950000.0,,,,,3.98,3.39,,7.37%,-11.36%,-14.03%,5.57%,-,3.15,-0.056900000000000006,67964.0,2025-08-08 17:44:52
UNB,118910000.0,13.48,,,1.46,1.7,,,-,-,-4.14%,-,10.97%,26.2,0.0058,5047.0,2025-08-08 17:44:52
ASPS,118770000.0,,,,0.67,,3.96,,-,-,42.14%,-,-23.52%,10.81,0.0037,7284.0,2025-08-08 17:44:52
GRAN,118570000.0,,,,,,,,-,-,-,-,-,4.76,0.0348,84651.0,2025-08-08 17:44:52
ESGL,118340000.0,,,,19.4,7.74,187.83,,-,-,-,-,-,2.83,0.0291,20984.0,2025-08-08 17:44:52
SFBC,118200000.0,18.98,,,1.88,1.11,,28.76,-,-,-7.03%,-,9.97%,46.06,0.0002,6507.0,2025-08-08 17:44:52
OSS,118100000.0,,234.46,,2.14,4.58,12.44,,82.74%,124.14%,-61.41%,-,-1.27%,5.47,0.1051,633610.0,2025-08-08 17:44:52
ATLN,117750000.0,,,,0.26,,80.1,12.41,-,-,15.32%,-,283.56%,1.91,0.26489999999999997,89776.0,2025-08-08 17:44:52
VFL,117750000.0,,,,14.23,0.84,,,-,-,-,-,-,9.59,-0.0072,50525.0,2025-08-08 17:44:52
AOUT,117500000.0,,15.61,,0.53,0.66,5.02,,-55.26%,73.53%,75.59%,-,5.84%,9.21,-0.0275,39941.0,2025-08-08 17:44:52
AXR,117470000.0,9.33,12.72,,2.36,0.9,2.94,12.16,-35.44%,13.73%,-,-5.66%,21.48%,22.14,0.0064,3814.0,2025-08-08 17:44:52
BSGM,117470000.0,,,,3915.76,34.91,31.49,,66.67%,32.00%,46.11%,-,-,3.75,0.019,364432.0,2025-08-08 17:44:52
MATH,117310000.0,7.2,,,,3.18,0.49,,-,-,-,-,-,2.97,0.0171,48413.0,2025-08-08 17:44:52
SVII,117280000.0,61.66,,,,4.9,451.08,,-,-,-,-,-,11.87,0.0,13503.0,2025-08-08 17:44:52
IMRX,116950000.0,,,,,2.8,3.26,,17.69%,7.13%,-46.45%,9.03%,-,3.25,-0.0741,346858.0,2025-08-08 17:44:52
ANIK,116930000.0,,,,0.94,0.79,2.2,,-618.75%,50.20%,-,47.65%,0.91%,8.11,-0.0134,80956.0,2025-08-08 17:44:52
PCSC,116900000.0,44.88,,,,1.34,98.23,,-,-,-,-,-,10.56,-0.0009,11.0,2025-08-08 17:44:52
GAUZ,116880000.0,,85.3,,1.16,3.0,90.6,,75.00%,107.12%,-44.37%,-,116.17%,6.24,0.0113,30536.0,2025-08-08 17:44:52
SPEGU,116720000.0,,,,,,,,-,-,-,-,-,10.15,0.0019,33.0,2025-08-08 17:44:52
INACU,116680000.0,,,,,,,,-,-,-,-,-,10.13,0.004,42060.0,2025-08-08 17:44:52
IRBT,116640000.0,,,,0.2,,1.52,,12.20%,75.11%,-,-,-11.28%,3.75,-0.0409,1168948.0,2025-08-08 17:44:52
LTRX,116280000.0,,15.33,,0.81,1.54,5.81,14.55,-64.38%,36.84%,-44.92%,-11.21%,27.87%,2.99,0.0067,79143.0,2025-08-08 17:44:52
CTM,116240000.0,,128.0,,2.58,4.22,8.75,,100.00%,-,-17.90%,-,108.51%,1.28,0.0492,3899698.0,2025-08-08 17:44:52
DHX,116190000.0,,25.03,,0.86,1.14,41.79,13.2,-1533.33%,167.44%,-52.96%,-,-1.02%,2.42,-0.0281,27878.0,2025-08-08 17:44:52
KF,115990000.0,,,,61.6,1.28,,,-,-,-,-,-,27.8,0.0016,9357.0,2025-08-08 17:44:52
BCV,115830000.0,8.9,,,23.91,1.02,,,-,-,-,-,-,19.76,-0.004,4329.0,2025-08-08 17:44:52
NMPAU,115770000.0,,,,,,,,-,-,-,-,-,10.06,0.0,6305.0,2025-08-08 17:44:52
CURR,115650000.0,,,,2.81,,1.94,,58.25%,41.86%,-,-,-,1.52,-0.0675,232664.0,2025-08-08 17:44:52
TDIC,115610000.0,106.86,,,18.95,187.0,578.05,,-,-,-,-,-,3.74,0.0027,12950.0,2025-08-08 17:44:52
CGO,115570000.0,14.0,,,28.55,1.08,,,-,-,-,-,-,11.76,0.0086,45009.0,2025-08-08 17:44:52
AGH,115540000.0,,,,37.27,3.26,13.92,,-148.60%,-,-,-,-,2.64,-0.07690000000000001,106337.0,2025-08-08 17:44:52
SRBK,115470000.0,31.96,,,2.37,0.65,,18.33,-,-,-,-,-,14.02,0.0086,33365.0,2025-08-08 17:44:52
QSEA,115250000.0,,,,,1.43,177.3,,-,-,-,-,-,10.1,0.0,75.0,2025-08-08 17:44:52
CLYM,114880000.0,,,,,0.59,1.17,,41.18%,-6.11%,-40.44%,11.24%,-,1.7,0.011899999999999999,259984.0,2025-08-08 17:44:52
SPWR,114790000.0,,8.94,,0.63,,10.88,,105.50%,433.33%,-,-,-,1.43,-0.0338,783965.0,2025-08-08 17:44:52
CNTB,114570000.0,,,,4.4,1.38,1.36,,-217.94%,5.00%,7.77%,-,-,2.07,0.0,69893.0,2025-08-08 17:44:52
MLGO,114420000.0,0.18,,,1.52,0.83,0.69,28.11,-,-,-,-,-,9.2,0.023399999999999997,201794.0,2025-08-08 17:44:52
ZEO,114380000.0,,,,1.85,,39.58,,-,-,-,-,-,2.32,-0.021099999999999997,3060.0,2025-08-08 17:44:52
ATLX,113580000.0,,,,324.52,4.37,8.19,,113.67%,-404.48%,-44.05%,-,130.96%,5.8,-0.063,476782.0,2025-08-08 17:44:52
LPSN,113560000.0,,,,0.39,,0.64,,-70.76%,2.04%,0.28%,-,1.39%,1.21,0.052199999999999996,7238841.0,2025-08-08 17:44:52
NIM,113510000.0,60.8,,,23.48,0.93,,,-,-,-,-,-,9.12,-0.0022,7910.0,2025-08-08 17:44:52
CHAR,113440000.0,63.3,,,,1.32,2268.72,,-,-,-,-,-,10.35,-0.0038,300.0,2025-08-08 17:44:52
JEQ,113310000.0,10.97,,,52.01,1.11,,,-,-,-,-,-,8.01,0.0191,69035.0,2025-08-08 17:44:52
FRD,113240000.0,18.45,,,0.25,0.84,27.03,,-,-,-,-,25.62%,16.04,0.0395,27942.0,2025-08-08 17:44:52
CCLD,113220000.0,,22.29,,1.01,2.02,10.84,5.2,133.93%,26.32%,14.38%,-,11.46%,2.67,0.083,632219.0,2025-08-08 17:44:52
CXE,113180000.0,51.29,,,11.08,0.91,,,-,-,-,-,-,3.59,-0.0028000000000000004,21690.0,2025-08-08 17:44:52
CCIF,112980000.0,17.8,5.18,,,,,,-18.49%,6.19%,-,-,-,5.34,0.0095,163988.0,2025-08-08 17:44:52
NEXM,112830000.0,,,,,3.15,3.57,,-,-,33.16%,-,-,5.26,-0.0313,35545.0,2025-08-08 17:44:52
PGAC,112620000.0,196.35,,,,1.3,417.1,,-,-,-,-,-,10.21,-0.0029,1054.0,2025-08-08 17:44:52
TUSK,112620000.0,,,,0.54,0.45,1.44,0.97,-,-,-19.69%,-,-21.36%,2.34,-0.0449,190582.0,2025-08-08 17:44:52
GENK,112560000.0,,,,0.52,1.17,11.71,,-130.95%,-30.77%,-,-,35.04%,3.44,0.0029,129115.0,2025-08-08 17:44:52
MBOT,112400000.0,,,,,3.71,3.69,,56.16%,28.12%,15.51%,-,-,3.09,0.0582,1883509.0,2025-08-08 17:44:52
SGMO,112120000.0,,,,1.76,20.99,4.45,,35.14%,9.07%,10.57%,28.13%,-10.81%,0.46,-0.0533,8348443.0,2025-08-08 17:44:52
CEE,111670000.0,3.96,,,35.38,1.56,,,-,-,-,-,-,17.29,0.06269999999999999,106695.0,2025-08-08 17:44:52
MGYR,111620000.0,11.09,,,1.92,0.98,,19.62,-,-,23.84%,-,12.48%,17.25,0.011699999999999999,350.0,2025-08-08 17:44:52
PDCC,111460000.0,7.16,,,,,,,-,-,-,-,-,16.4,0.0003,410.0,2025-08-08 17:44:52
OFS,111340000.0,3.69,10.65,,2.53,0.65,,,-18.40%,-23.53%,-,-,-,8.31,0.0048,29668.0,2025-08-08 17:44:52
DDC,110830000.0,,,,,,,,-,-,13.57%,-,11.58%,12.07,-0.0227,43857.0,2025-08-08 17:44:52
ATOM,110820000.0,,,,2216.36,5.14,5.03,,19.12%,1.82%,4.19%,-,-24.02%,3.52,-0.0797,440837.0,2025-08-08 17:44:52
GGZ,110710000.0,14.77,,,,,,,-,-,-,-,-,13.73,0.008,1672.0,2025-08-08 17:44:52
GIFI,110640000.0,11.57,14.51,,0.72,1.18,1.78,10.73,-71.59%,88.00%,-,-,-12.10%,6.82,0.0,32068.0,2025-08-08 17:44:52
BTMD,110290000.0,3.19,5.85,0.03,0.55,,5.63,3.17,530.56%,-13.22%,-21.77%,110.13%,12.39%,2.88,-0.0137,239156.0,2025-08-08 17:44:52
DGXX,109800000.0,,,,3.3,4.51,21.12,,-627.27%,-,41.68%,-,33.65%,2.97,0.0068000000000000005,639960.0,2025-08-08 17:44:52
ULBI,109620000.0,34.92,7.66,,0.61,0.8,10.02,6.22,84.21%,22.86%,3.19%,-,9.02%,6.59,-0.026600000000000002,93546.0,2025-08-08 17:44:52
SCLX,109350000.0,,5.06,,2.16,,18.85,6.82,-519.42%,180.71%,-,-,-,15.72,-0.0095,97772.0,2025-08-08 17:44:52
BSBK,109270000.0,,,,3.07,0.77,,,-,-,-,-,7.56%,8.4,0.012,2932.0,2025-08-08 17:44:52
SKYE,109060000.0,,,,,1.84,1.84,,-88.36%,-2.42%,42.99%,-,-,3.52,-0.0085,249055.0,2025-08-08 17:44:52
TNYA,109020000.0,,,,,1.09,1.52,,45.49%,14.64%,-15.48%,58.09%,-,0.67,0.0086,1238988.0,2025-08-08 17:44:52
TSQ,108570000.0,3.29,6.15,,0.24,,34.14,4.1,164.24%,170.00%,26.38%,-,0.89%,6.64,-0.0075,33983.0,2025-08-08 17:44:52
ERH,107830000.0,4.31,,,20.12,0.91,,,-,-,-,-,-,12.12,0.0021,37879.0,2025-08-08 17:44:52
LUCD,107830000.0,,,,25.86,,4.27,,31.90%,38.66%,-54.43%,37.27%,-,1.0,0.0161,464971.0,2025-08-08 17:44:52
CSPI,107800000.0,,,,1.96,2.27,3.65,24.33,-,-,5.26%,-,-6.93%,10.93,0.0139,31001.0,2025-08-08 17:44:52
SBI,107450000.0,152.6,,,15.07,0.91,,,-,-,-,-,-,7.63,0.0013,81751.0,2025-08-08 17:44:52
TIRX,107190000.0,,,,33.29,0.06,3.68,,-,-,-,-,9.96%,0.88,-0.0737,23307.0,2025-08-08 17:44:52
HURA,107060000.0,,,,,10.49,17.21,,94.91%,18.71%,76.02%,76.79%,-,2.3,-0.0535,133987.0,2025-08-08 17:44:52
NNBR,106940000.0,,20.52,,0.25,1.79,11.21,,111.76%,416.66%,0.32%,-,-1.05%,2.12,-0.0364,131149.0,2025-08-08 17:44:52
IKT,106310000.0,,,,,1.24,1.14,,65.52%,-8.75%,18.99%,30.17%,-,1.43,-0.0774,142885.0,2025-08-08 17:44:52
TZOO,106290000.0,10.71,6.74,2.54,1.21,,10.18,6.03,-14.15%,56.26%,25.05%,4.22%,-4.37%,9.58,-0.028399999999999998,99521.0,2025-08-08 17:44:52
NMT,106210000.0,14.99,,,14.01,0.93,,,-,-,-,-,-,11.39,0.008,14322.0,2025-08-08 17:44:52
STEM,105810000.0,,,,0.68,,2.59,,91.32%,3.40%,-651.98%,60.44%,-,12.72,0.0217,528651.0,2025-08-08 17:44:52
GNT,105770000.0,20.41,,,,,,,-,-,-,-,-,6.53,0.0015,17423.0,2025-08-08 17:44:52
GLU,105730000.0,12.37,,,26.44,1.2,,,-,-,-,-,-,17.68,0.0002,9251.0,2025-08-08 17:44:52
FATE,105620000.0,,,,7.92,0.37,0.44,,18.24%,3.38%,-2.63%,9.93%,5.00%,0.92,-0.0599,1400994.0,2025-08-08 17:44:52
RCEL,105570000.0,,,,1.41,,6.73,,0.63%,67.97%,-88.92%,-,63.43%,4.25,-0.21,1726032.0,2025-08-08 17:44:52
SAVA,105310000.0,,,,,0.83,0.9,,-,-,-40.61%,-,-,2.18,-0.0046,556308.0,2025-08-08 17:44:52
GRYP,105130000.0,,,,7.2,,43.44,,11.76%,-,17.25%,-,10.31%,1.28,0.113,8319307.0,2025-08-08 17:44:52
NCTY,105100000.0,,,,6.78,2.3,3.54,,-,-,51.07%,-,215.80%,8.58,-0.0058,100846.0,2025-08-08 17:44:52
HNW,104690000.0,9.44,,,6.36,1.02,,,-,-,-,-,-,12.56,0.0028000000000000004,57387.0,2025-08-08 17:44:52
TRX,104670000.0,284.64,6.17,,2.19,1.91,16.01,1495.34,-,500.00%,60.58%,-,-,0.37,0.0177,476111.0,2025-08-08 17:44:52
IHD,104640000.0,11.57,,,,,,,-,-,-,-,-,5.9,-0.0017000000000000001,16835.0,2025-08-08 17:44:52
EHTH,104620000.0,,4.73,,0.19,0.18,0.99,,12.47%,-4.30%,-,7.73%,1.01%,3.45,-0.0625,743454.0,2025-08-08 17:44:52
BMHL,104450000.0,52.76,,,30.72,21.11,13.39,,920.00%,-,-,-,-,4.01,0.0025,56555.0,2025-08-08 17:44:52
ZNTL,103880000.0,,,,3.87,0.38,0.34,,7.24%,4.44%,-12.89%,8.39%,-,1.44,-0.0069,497237.0,2025-08-08 17:44:52
GGR,103830000.0,,,,0.34,0.66,1.11,,31.91%,3.13%,-34.87%,-,-6.69%,0.35,0.004,147109.0,2025-08-08 17:44:52
NA,103710000.0,,,,18.39,2.18,23.05,,-,-,-41.32%,-,106.85%,4.4,-0.0393,551298.0,2025-08-08 17:44:52
IMPP,103590000.0,2.24,1.58,,0.75,0.24,0.46,1.34,-58.93%,172.57%,-,-,61.73%,3.01,-0.0259,111693.0,2025-08-08 17:44:52
GAIA,103550000.0,,91.78,,1.12,1.19,7.91,,18.18%,125.00%,25.83%,-,10.85%,4.13,-0.0305,18689.0,2025-08-08 17:44:52
HLVX,103540000.0,,,,,0.7,0.65,,83.67%,6.12%,-166.47%,47.67%,-,2.07,0.0024,112818.0,2025-08-08 17:44:52
JLS,103510000.0,7.71,,,,,,,-,-,-,-,-,18.9,-0.0026,15270.0,2025-08-08 17:44:52
KVHI,103490000.0,,88.0,,0.96,0.74,1.85,344.97,77.19%,146.15%,13.43%,-,-6.34%,5.28,-0.009399999999999999,41970.0,2025-08-08 17:44:52
ALAR,103410000.0,21.15,42.9,0.29,3.38,3.66,7.41,,75.00%,142.86%,-,72.41%,57.50%,14.59,-0.024399999999999998,58784.0,2025-08-08 17:44:52
CRBP,103310000.0,,,,,0.93,0.88,,-76.96%,17.91%,35.71%,-19.20%,-,8.43,-0.0633,86757.0,2025-08-08 17:44:52
RVSB,103200000.0,20.05,11.71,,1.39,0.64,,18.56,4.35%,75.00%,-19.62%,-,3.10%,4.92,0.008199999999999999,27748.0,2025-08-08 17:44:52
ZJYL,103000000.0,28.0,,,4.38,3.57,3.85,,-,-,0.61%,-,2.90%,0.66,0.028300000000000002,210072.0,2025-08-08 17:44:52
BAER,102910000.0,,,,0.81,,3.33,11.04,37.04%,-,-,-,-,1.88,-0.08289999999999999,475504.0,2025-08-08 17:44:52
ATHR,102860000.0,,,,73.47,,514.3,,-166.70%,-,-,-,-,8.5,-0.056600000000000004,51655.0,2025-08-08 17:44:52
FGMC,102790000.0,117.55,,,,279.0,197.68,,-,-,-,-,-,9.98,0.001,280041.0,2025-08-08 17:44:52
BRAG,102790000.0,,,,0.92,1.36,8.8,9.25,30.79%,99.85%,34.02%,-,29.96%,4.1,0.0074,18436.0,2025-08-08 17:44:52
LODE,102760000.0,,158.5,,30.4,1.43,26.28,,73.52%,102.35%,-10.41%,-,75.80%,3.17,-0.0125,243278.0,2025-08-08 17:44:52
UFG,102740000.0,,,,,,,,-,-,-,-,-,3.17,0.019299999999999998,2440969.0,2025-08-08 17:44:52
INSG,102510000.0,20.81,10.3,,0.59,,7.75,,-40.69%,35.37%,-,-,-2.72%,6.83,-0.061799999999999994,305732.0,2025-08-08 17:44:52
ADAG,102230000.0,,,,1022.29,2.02,1.2,,0.85%,-13.68%,-14.47%,4.43%,-26.47%,2.17,-0.0046,17509.0,2025-08-08 17:44:52
PLRX,101900000.0,,,,,0.4,0.33,,26.55%,27.74%,-78.30%,26.40%,-,1.66,-0.011899999999999999,813189.0,2025-08-08 17:44:52
COYA,101720000.0,,,,27.57,3.05,2.86,,-66.08%,-19.99%,-89.45%,-17.18%,-,6.08,-0.0033,14985.0,2025-08-08 17:44:52
ATOS,101660000.0,,,,,1.56,1.56,,-16.25%,-15.05%,36.92%,-14.47%,-,0.79,0.019,535041.0,2025-08-08 17:44:52
PROV,101040000.0,16.55,11.47,,1.68,0.78,,19.66,50.00%,-4.66%,-1.73%,-,5.07%,15.26,0.0033,1479.0,2025-08-08 17:44:52
MGF,101030000.0,18.24,,,23.22,0.98,,,-,-,-,-,-,3.1,-0.0032,4492.0,2025-08-08 17:44:52
PFX,101010000.0,9.63,29.24,,4.2,0.62,,,-6.90%,-22.22%,-,-,-,49.13,-0.026699999999999998,319.0,2025-08-08 17:44:52
AFCG,101010000.0,4.53,4.01,,2.1,0.5,30.42,5.29,-44.73%,20.08%,24.77%,-7.03%,74.52%,4.47,0.0022,126982.0,2025-08-08 17:44:52
NSPR,100960000.0,,,,14.28,3.89,5.21,,-11.69%,14.53%,59.73%,10.61%,13.50%,2.42,0.0126,49020.0,2025-08-08 17:44:52
NMI,100840000.0,28.82,,,19.08,1.0,,,-,-,-,-,-,9.8,-0.002,32604.0,2025-08-08 17:44:52
RRGB,100740000.0,,,,0.08,,3.03,,77.32%,64.69%,-51.88%,-,-1.03%,5.68,0.0,128659.0,2025-08-08 17:44:52
EVF,100550000.0,9.93,,,6.37,0.9,,,-,-,-,-,-,5.56,-0.002,71658.0,2025-08-08 17:44:52
USGO,100200000.0,,,,,30.01,32.85,,-,-,-93.29%,-,-,8.01,0.0296,9599.0,2025-08-08 17:44:52
CHPG,100000000.0,,,,,,,,-,-,-,-,-,10.01,-0.002,2300.0,2025-08-08 17:44:52
HOFT,99480000.0,,7.85,,0.26,0.5,5.52,,112.61%,690.00%,-,-,-8.24%,9.3,-0.0323,13224.0,2025-08-08 17:44:52
IGI,99370000.0,24.75,,,,,,,-,-,-,-,-,16.58,-0.0012,7694.0,2025-08-08 17:44:52
ANEB,98900000.0,,,,,7.35,7.45,,10.94%,-68.42%,-155.95%,-12.86%,-,2.41,0.003,74140.0,2025-08-08 17:44:52
VWAV,98470000.0,,,,,,4923.49,,-,-,-,-,-,6.9,-0.0509,129680.0,2025-08-08 17:44:52
SORA,98210000.0,,,,5.58,65.83,37.77,,-120.00%,-,-,-,-,3.95,0.10640000000000001,39264.0,2025-08-08 17:44:52
CNVS,98200000.0,38.94,,,1.26,2.61,7.04,6.13,-18.75%,-,-,-,14.75%,5.74,0.0268,222624.0,2025-08-08 17:44:52
KNDI,98020000.0,,,,0.77,0.28,0.78,,-,-,-33.63%,-,-1.23%,1.14,0.0088,74641.0,2025-08-08 17:44:52
AXTI,97590000.0,,,,1.13,0.54,2.78,,-179.00%,52.69%,-31.22%,-,3.60%,2.14,0.0388,162626.0,2025-08-08 17:44:52
PLCE,97540000.0,,9.69,,0.07,68.6,17.14,,-379.98%,137.72%,-,34.50%,-5.82%,4.4,-0.0393,430429.0,2025-08-08 17:44:52
GAME,97430000.0,,,,0.98,3.63,16.77,,75.98%,69.77%,65.88%,-,86.89%,0.98,0.0179,7391511.0,2025-08-08 17:44:52
PGP,97430000.0,8.19,,,9.39,1.1,,,-,-,-,-,-,8.44,-0.0012,31849.0,2025-08-08 17:44:52
IROH,97390000.0,98.74,,,,1.44,,,-,-,-,-,-,10.98,-0.0377,460.0,2025-08-08 17:44:52
FCEL,97310000.0,,,,0.75,0.16,0.51,,23.63%,20.09%,32.19%,28.28%,13.04%,4.27,-0.0161,868980.0,2025-08-08 17:44:52
FONR,97230000.0,12.61,,,0.94,0.56,1.79,11.73,-,-,-7.15%,-,3.36%,15.41,-0.0241,12025.0,2025-08-08 17:44:52
MGNX,97160000.0,,,,0.63,1.23,0.63,,-55.61%,-3.90%,19.47%,-25.45%,18.50%,1.54,-0.0435,221899.0,2025-08-08 17:44:52
NOEM,97150000.0,229.71,,,,1.42,154.2,,-,-,-,-,-,10.13,0.003,3.0,2025-08-08 17:44:52
IDN,97040000.0,,97.8,,4.8,5.5,18.84,,66.67%,399.99%,21.70%,-,21.15%,4.89,-0.022000000000000002,84670.0,2025-08-08 17:44:52
SOL,96990000.0,,,,1.13,0.32,1.83,,-,-,-2.05%,-,-5.02%,1.89,0.027200000000000002,215716.0,2025-08-08 17:44:52
MX,96990000.0,,,,0.44,0.36,0.86,,46.10%,-2.41%,-17.72%,-,-15.16%,2.7,-0.0074,375244.0,2025-08-08 17:44:52
EUDA,96980000.0,,,,,,,,-,-,-,-,-,2.61,-0.07769999999999999,83428.0,2025-08-08 17:44:52
LSBK,96960000.0,16.72,,,2.54,1.06,,31.18,-,-,5.19%,-,7.29%,12.58,0.0219,52273.0,2025-08-08 17:44:52
YYGH,96880000.0,,,,2.36,14.97,115.33,,-,-,-,-,-,2.24,-0.0088,408104.0,2025-08-08 17:44:52
PRE,96710000.0,,,,2.33,0.56,1.65,,23.01%,62.73%,-,-,-,7.42,-0.0713,32464.0,2025-08-08 17:44:52
STHO,96700000.0,,,,0.82,0.35,2.19,,-,-,-,-,-,7.26,0.013999999999999999,58683.0,2025-08-08 17:44:52
AVTX,96690000.0,,,,219.75,0.93,0.85,,70.98%,1.95%,56.49%,39.17%,-42.05%,8.93,0.0695,392427.0,2025-08-08 17:44:52
DOGZ,96120000.0,,,,4.74,1.29,15.86,,-,-,-,-,-10.75%,7.55,-0.0233,14418.0,2025-08-08 17:44:52
FLYY,96010000.0,,,,0.02,0.13,0.11,,-,-,-,-,5.11%,3.71,-0.018500000000000003,126225.0,2025-08-08 17:44:52
GSIT,96000000.0,,,,4.34,2.99,4.22,,-,-,1.51%,-,-13.89%,3.3,-0.003,277429.0,2025-08-08 17:44:52
ANIX,95990000.0,,,,,5.97,6.15,,6.77%,13.15%,7.73%,14.84%,-,2.98,-0.01,165202.0,2025-08-08 17:44:52
IVVD,95710000.0,,0.83,,2.61,1.77,1.99,,96.87%,2242.71%,-24.99%,-,-,0.8,0.0588,698015.0,2025-08-08 17:44:52
SNT,95170000.0,,,,,,,,-,-,-,-,-11.17%,4.08,-0.04,18352.0,2025-08-08 17:44:52
CHRS,95170000.0,,,,0.48,,1.15,190.33,-667.19%,40.59%,-27.36%,-,-5.60%,0.82,-0.0713,1859721.0,2025-08-08 17:44:52
SPKL,94910000.0,61.57,,,,1.75,193.7,,-,-,-,-,-,10.96,-0.0036,2505.0,2025-08-08 17:44:52
ABVE,94710000.0,,,,,,,,-,-,-,-,-,1.85,0.0571,1989497.0,2025-08-08 17:44:52
RCT,94640000.0,,35.67,,2.53,,33.56,,77.05%,117.91%,-,-,-,2.14,0.0288,19830.0,2025-08-08 17:44:52
OPXS,94560000.0,19.29,,,2.53,4.37,26.79,24.76,-,-,4.27%,-,6.74%,13.68,0.09699999999999999,42645.0,2025-08-08 17:44:52
SILC,94530000.0,,,,1.61,0.78,1.47,,-5.59%,11.72%,-,-,-11.20%,16.59,-0.031200000000000002,22133.0,2025-08-08 17:44:52
AUBN,94330000.0,14.17,,,2.34,1.1,,10.4,-,-,-7.61%,-,3.38%,27.0,-0.0182,698.0,2025-08-08 17:44:52
GDL,94000000.0,17.06,,,,,,,-,-,-,-,-,8.36,0.0012,1067.0,2025-08-08 17:44:52
OPTT,93870000.0,,,,16.02,3.4,13.99,,-,-,34.77%,-,28.36%,0.53,0.036699999999999997,4141577.0,2025-08-08 17:44:52
MCHX,93510000.0,,,,1.95,2.96,9.33,,0.00%,-,-5.21%,-,-2.45%,2.13,0.004699999999999999,18036.0,2025-08-08 17:44:52
SERA,93430000.0,,,,849.36,1.07,2.33,,23.23%,-6.58%,-13.01%,20.36%,16.42%,2.48,-0.0462,436152.0,2025-08-08 17:44:52
OCG,93310000.0,,,,150.49,1.67,2.35,,-,-,-,-,-45.91%,4.5,0.022799999999999997,528.0,2025-08-08 17:44:52
MTEN,93300000.0,,,,66.17,80.55,321.72,,-,-,-,-,21.84%,13.64,-0.031200000000000002,42596.0,2025-08-08 17:44:52
QUIK,93270000.0,,13.54,,5.06,3.54,5.31,,0.00%,987.50%,33.37%,-,14.30%,5.89,0.0208,108759.0,2025-08-08 17:44:52
HSPT,93250000.0,150.81,,,,1.33,259.03,,-,-,-,-,-,10.27,0.0,0.0,2025-08-08 17:44:52
FTEK,93230000.0,,,,3.72,2.3,4.05,211.88,16.67%,40.00%,27.81%,-,-3.78%,3.0,-0.016399999999999998,748587.0,2025-08-08 17:44:52
DIBS,93130000.0,,,,1.05,1.0,0.97,,-4.08%,-5.88%,15.80%,-,4.58%,2.61,-0.0509,50614.0,2025-08-08 17:44:52
CHMI,93080000.0,,4.48,,0.82,0.77,1.89,6.19,37.61%,18.63%,-,-,-2.46%,2.85,0.0215,294538.0,2025-08-08 17:44:52
CHEB,93010000.0,,,,,2.02,1162.63,,-,-,-,-,-,10.55,0.0,0.0,2025-08-08 17:44:52
DTSQ,93000000.0,50.7,,,,1.31,344.46,,-,-,-,-,-,10.45,0.0038,114.0,2025-08-08 17:44:52
FSHP,92970000.0,24.15,,,,1.33,4648.46,,-,-,-,-,-,10.49,-0.0,44.0,2025-08-08 17:44:52
TCRX,92800000.0,,,,21.0,0.44,0.37,,-10.90%,6.55%,-14.41%,9.18%,-,1.64,-0.0060999999999999995,146244.0,2025-08-08 17:44:52
THCH,92770000.0,,,,0.49,,3.18,,57.43%,25.00%,-666.16%,-,-,2.8,0.09179999999999999,3955.0,2025-08-08 17:44:52
QIPT,92530000.0,,,,0.38,0.89,5.4,3.96,-63.10%,1.43%,13.26%,-16.83%,32.15%,2.13,-0.004699999999999999,244549.0,2025-08-08 17:44:52
NAUT,92330000.0,,,,,0.51,0.62,,-1.79%,-15.79%,-4.55%,-4.00%,-,0.73,-0.018500000000000003,112608.0,2025-08-08 17:44:52
IPA,92310000.0,,45.79,,5.25,5.4,11.96,,83.56%,140.12%,-19.06%,-,10.83%,2.0,0.08109999999999999,2081009.0,2025-08-08 17:44:52
LSE,91910000.0,11.26,,,1.33,2.29,3.65,6.39,-,-,-,-,-,5.4,0.0,9819.0,2025-08-08 17:44:52
UCL,91870000.0,38.4,,,1.0,6.36,2.35,,-100.00%,-,7.77%,-,-10.37%,3.59,0.17129999999999998,830220.0,2025-08-08 17:44:52
BMEA,91640000.0,,,,,3.25,1.63,,56.37%,18.36%,-149.32%,27.34%,-,1.54,-0.0552,1079479.0,2025-08-08 17:44:52
RDZN,91230000.0,,12.0,,2.06,,6.68,,92.31%,225.00%,-,-,-,1.2,-0.0083,124858.0,2025-08-08 17:44:52
NTHI,91150000.0,,,,,,16.76,,-,-,-,-,-,4.79,-0.0021,28457.0,2025-08-08 17:44:52
HMR,91030000.0,,6.14,,3.47,,4.74,14.0,-,325.00%,-,-,-,1.57,0.016200000000000003,37551.0,2025-08-08 17:44:52
CFSB,90890000.0,,,,6.71,1.14,,144.27,-,-,-,-,2.87%,13.88,0.0,88.0,2025-08-08 17:44:52
PSQH,90620000.0,,,,3.42,3.3,2.84,,73.06%,7.22%,-,-,-,1.99,-0.005,347386.0,2025-08-08 17:44:52
NOTE,90600000.0,,,,0.83,0.98,2.31,,-414.29%,8.18%,-,-,-,0.57,-0.0917,3137074.0,2025-08-08 17:44:52
HYPR,90300000.0,,,,7.7,2.09,2.69,,16.68%,10.47%,11.81%,12.13%,157.32%,1.16,0.0087,157875.0,2025-08-08 17:44:52
VGI,90170000.0,7.81,,,,,,,-,-,-,-,-,7.97,0.0,41720.0,2025-08-08 17:44:52
RMI,89940000.0,16.41,,,,,,,-,-,-,-,-,14.11,0.0021,13363.0,2025-08-08 17:44:52
SNCR,89910000.0,,3.03,,0.52,2.54,3.09,3.41,34.05%,18.31%,-,-,-10.88%,7.82,0.033,66692.0,2025-08-08 17:44:52
TROO,89900000.0,,,,8.93,1.32,17.39,,-,-,11.74%,-,14.52%,0.8,0.0748,129824.0,2025-08-08 17:44:52
CPHC,89570000.0,502.83,,,1.49,1.07,4.37,,-,-,-6.57%,-,0.78%,17.75,-0.0139,446.0,2025-08-08 17:44:52
FOSL,89560000.0,,,,0.08,0.63,1.14,,-,-,-13.21%,-,-12.38%,1.67,-0.023399999999999997,186208.0,2025-08-08 17:44:52
HNNA,89480000.0,9.17,,,2.5,0.93,1.27,6.85,-,-,-8.32%,-,-7.04%,11.49,-0.0263,17938.0,2025-08-08 17:44:52
LCCC,89410000.0,,,,,,,,-,-,-,-,-,10.04,0.0,0.0,2025-08-08 17:44:52
PRPL,89330000.0,,,,0.2,,2.61,,41.46%,36.37%,16.53%,45.93%,2.64%,0.82,0.03,253503.0,2025-08-08 17:44:52
NVNO,89310000.0,,,,,2.7,2.54,,14.96%,7.41%,36.26%,16.48%,-,4.64,-0.021099999999999997,253079.0,2025-08-08 17:44:52
GDO,89260000.0,12.9,,,,,,,-,-,-,-,-,11.87,0.002,24327.0,2025-08-08 17:44:52
LCUT,89210000.0,,8.54,,0.13,0.49,7.41,4.5,-136.16%,322.32%,20.01%,-1.16%,-1.46%,3.98,0.0127,46162.0,2025-08-08 17:44:52
XBIT,89020000.0,,,,,0.51,0.57,,-,-,-,-,-,2.92,0.0,38447.0,2025-08-08 17:44:52
PBHC,88990000.0,,,,1.04,0.72,,6.48,-,-,-,-,12.67%,14.49,0.0042,2173.0,2025-08-08 17:44:52
BLNK,88850000.0,,,,0.81,0.87,2.11,,66.42%,23.32%,-39.82%,48.04%,114.81%,0.87,-0.0431,2779269.0,2025-08-08 17:44:52
VTGN,88690000.0,,,,126.7,1.04,1.0,,-0.20%,-13.84%,35.63%,15.29%,-,2.97,0.08789999999999999,442189.0,2025-08-08 17:44:52
QNCX,88480000.0,,,,,3.92,2.8,,23.16%,17.38%,7.53%,19.48%,-,1.65,-0.012,188587.0,2025-08-08 17:44:52
CSBR,88310000.0,19.73,,,1.55,23.41,9.02,12.62,-56.86%,-189.18%,-,-,12.13%,6.41,0.049100000000000005,17923.0,2025-08-08 17:44:52
FCO,88290000.0,34.53,,,16.75,2.11,,,-,-,-,-,-,6.56,-0.012,57297.0,2025-08-08 17:44:52
SFWL,88270000.0,8.12,,,0.18,0.75,2.2,,-,-,41.56%,-,16.73%,1.07,0.0076,743.0,2025-08-08 17:44:52
WSBK,88260000.0,,,,,1.12,,,-,-,-,-,-,9.49,0.0064,6386.0,2025-08-08 17:44:52
MHH,88230000.0,42.93,7.58,,0.44,1.01,3.58,18.57,-16.20%,66.39%,-22.18%,-,0.55%,7.5,0.0054,3668.0,2025-08-08 17:44:52
INTT,88070000.0,,29.79,,0.72,0.86,4.58,7.8,-88.89%,317.65%,1.12%,-,16.59%,7.05,-0.0195,15259.0,2025-08-08 17:44:52
ZTEK,87960000.0,,,,144.19,8.56,1099.45,,-,-,-35.94%,-,-,0.84,-0.021,19590.0,2025-08-08 17:44:52
ZURA,87860000.0,,,,,0.7,0.52,,-25.83%,-5.52%,-,-18.03%,-,1.42,-0.0405,232648.0,2025-08-08 17:44:52
ILLR,87690000.0,,,,2.29,,5.61,,-,-,-334.99%,-,-,0.5,-0.0217,407260.0,2025-08-08 17:44:52
JLHL,87380000.0,32.66,,,3.52,33.2,30.13,8.83,58.40%,-,-,-,-,3.98,-0.0669,10624.0,2025-08-08 17:44:52
LAWR,87320000.0,,,,14.08,,51.37,,-14.00%,-,-,-,-,1.9,-0.0909,576609.0,2025-08-08 17:44:52
ZENV,87310000.0,,54.75,,0.47,0.64,5.81,4.05,96.79%,250.00%,-,-,14.68%,1.66,0.0742,56526.0,2025-08-08 17:44:52
ALOT,87280000.0,,,,0.56,1.26,16.31,54.21,-,-,-,-,2.54%,11.49,0.0277,1722.0,2025-08-08 17:44:52
CBAT,87240000.0,242.5,12.13,,0.57,0.72,1.64,132.18,-192.31%,166.67%,-,-,51.41%,0.97,0.0538,824863.0,2025-08-08 17:44:52
ARMP,87220000.0,,,,18.56,,7.46,,-117.98%,-,26.80%,-,-,2.41,0.021099999999999997,4667.0,2025-08-08 17:44:52
NVA,86700000.0,,,,,0.98,34.27,,-,-,-15.79%,-,-,12.96,0.04769999999999999,119356.0,2025-08-08 17:44:52
XTNT,86380000.0,,,,0.71,1.97,15.91,,82.83%,24.76%,27.73%,-,12.64%,0.62,-0.0127,15776.0,2025-08-08 17:44:52
TYGO,86120000.0,,,,1.16,48.48,3.07,12.95,72.78%,67.80%,-536.07%,56.37%,-,1.31,0.0738,627216.0,2025-08-08 17:44:52
STKS,86060000.0,,8.26,,0.1,3.73,16.68,,155.36%,117.20%,-,-,41.03%,2.78,0.0412,124501.0,2025-08-08 17:44:52
RFM,85840000.0,14.78,,,,,,,-,-,-,-,-,14.04,0.005699999999999999,13290.0,2025-08-08 17:44:52
CRVO,85720000.0,,,,9.21,2.48,2.43,,1.68%,3.35%,56.66%,7.48%,-,9.85,0.0546,176083.0,2025-08-08 17:44:52
DLTH,85680000.0,,,,0.14,0.48,9.99,,-12.94%,44.38%,-,-,0.35%,2.28,-0.0044,19382.0,2025-08-08 17:44:52
CODA,85370000.0,25.06,13.8,,3.75,1.53,3.49,15.81,12.50%,52.78%,-7.97%,-,-4.11%,7.59,0.029900000000000003,20661.0,2025-08-08 17:44:52
ORMP,85370000.0,,,,42.68,0.61,0.65,,29.17%,-,10.71%,-,-,2.09,0.0048,36346.0,2025-08-08 17:44:52
LIDR,84890000.0,,2.16,,353.7,3.08,4.42,,108.59%,324.59%,-505.63%,-,-,2.8,-0.0141,8073373.0,2025-08-08 17:44:52
EPIX,84680000.0,,,,,0.75,0.74,,-,-,15.68%,-,-,1.91,0.0053,312356.0,2025-08-08 17:44:52
CMU,84640000.0,55.33,,,11.19,0.92,,,-,-,-,-,-,3.32,0.0,40109.0,2025-08-08 17:44:52
INVE,84550000.0,,,,3.59,0.56,0.65,,-129.73%,10.29%,-57.57%,-,-20.48%,3.58,-0.005600000000000001,39980.0,2025-08-08 17:44:52
SRL,84490000.0,,,,3.28,0.4,6.31,,-,-,1.88%,-,-21.30%,5.7,0.0446,657.0,2025-08-08 17:44:52
FNGR,84360000.0,,,,2.36,5.2,29.5,,-,-,4.58%,-,31.28%,1.42,-0.006999999999999999,173783.0,2025-08-08 17:44:52
TOUR,84150000.0,11.39,,,1.16,0.62,0.58,,-,-,-,-,-26.38%,0.76,-0.03,195285.0,2025-08-08 17:44:52
SLNG,84140000.0,94.27,22.3,,1.21,1.29,6.89,37.4,-100.36%,22644.44%,-,-,9.26%,4.53,0.0169,9630.0,2025-08-08 17:44:52
NCSM,83920000.0,6.92,8.9,,0.48,0.79,3.31,9.24,-13.75%,19.48%,-,-,-4.58%,33.03,-0.025099999999999997,7238.0,2025-08-08 17:44:52
DOMH,83910000.0,,,,3.37,1.98,4.45,,-,-,39.07%,-,358.04%,5.73,-0.0017000000000000001,326193.0,2025-08-08 17:44:52
ONEG,83850000.0,,,,,,,,-,-,-,-,-,6.45,0.0271,22713.0,2025-08-08 17:44:52
IROQ,83790000.0,24.47,,,1.74,1.02,,19.85,-,-,-10.73%,-,7.99%,25.0,0.002,2299.0,2025-08-08 17:44:52
FMN,83780000.0,,,,9.51,0.9,,,-,-,-,-,-,10.72,0.0023,29122.0,2025-08-08 17:44:52
RSSS,83740000.0,,18.25,,1.72,7.44,8.5,12.5,168.13%,59.65%,-21.62%,-,9.16%,2.58,0.0,15158.0,2025-08-08 17:44:52
IMUX,83570000.0,,,,,2.54,1.51,,32.17%,34.55%,26.01%,22.07%,-,0.87,-0.0335,1050034.0,2025-08-08 17:44:52
ANRO,83110000.0,,,,,0.6,0.52,,1.05%,-11.61%,-,-5.25%,-,3.07,0.0033,73032.0,2025-08-08 17:44:52
SGA,83100000.0,37.83,17.43,,0.76,0.51,3.34,10.89,-12.73%,54.17%,-24.36%,-,-1.71%,12.9,0.0118,5775.0,2025-08-08 17:44:52
ONCY,82920000.0,,,,,16.44,7.8,,5.85%,-0.99%,23.13%,7.82%,-,0.86,-0.062,986619.0,2025-08-08 17:44:52
ATHE,82890000.0,,,,,9.93,29.5,,-,-,24.86%,-,-,5.4,0.0169,36729.0,2025-08-08 17:44:52
ASPC,82830000.0,3430.0,,,,10.41,591.67,,-,-,-,-,-,10.29,0.0019,1.0,2025-08-08 17:44:52
ENTX,82720000.0,,,,376.0,4.27,4.02,,-,-,22.19%,-,-5.17%,1.82,0.0111,114210.0,2025-08-08 17:44:52
ELUT,82640000.0,,,,3.49,,4.76,,65.59%,32.81%,-10.72%,-,-10.69%,2.01,0.0152,4240.0,2025-08-08 17:44:52
WHWK,82440000.0,,,,3.82,0.37,0.47,,90.82%,-752.31%,22.81%,0.14%,-,1.75,0.0174,65738.0,2025-08-08 17:44:52
UFI,82440000.0,,22.45,,0.14,0.36,5.07,,-15.88%,107.41%,-,-,-3.86%,4.49,-0.0344,14898.0,2025-08-08 17:44:52
SND,82430000.0,,,,0.28,0.34,16.13,3.83,-,-,-37.20%,-,5.96%,1.87,0.0331,45986.0,2025-08-08 17:44:52
FATN,82430000.0,,,,,4.04,13.95,,-,-,-,-,-,5.96,0.053,83171.0,2025-08-08 17:44:52
APYX,82400000.0,,,,1.74,7.84,2.66,,43.43%,-11.61%,-2.68%,21.44%,11.24%,2.18,0.11220000000000001,292299.0,2025-08-08 17:44:52
ABOS,82380000.0,,,,,0.53,0.55,,-16.89%,17.34%,-54.87%,6.29%,-,1.36,-0.042300000000000004,140851.0,2025-08-08 17:44:52
EXOZ,82360000.0,,,,,9.27,9.68,,-,-,-,-,-,9.84,-0.019,1174.0,2025-08-08 17:44:52
MCRP,82340000.0,,,,2058.51,,8234.04,,-,-,-,-,-,2.36,0.0679,47768.0,2025-08-08 17:44:52
NXC,82330000.0,35.67,,,22.23,0.93,,,-,-,-,-,-,12.84,-0.0016,22374.0,2025-08-08 17:44:52
LGO,82090000.0,,,,0.74,0.5,9.3,,66.67%,53.85%,-8.80%,-,3.43%,1.28,-0.030299999999999997,124442.0,2025-08-08 17:44:52
SRZN,81860000.0,,,,7.03,14.31,0.81,,71.62%,23.74%,14.80%,38.93%,-,9.56,0.0587,9648.0,2025-08-08 17:44:52
ALTO,81840000.0,,,,0.09,0.39,2.68,,51.22%,87.50%,15.50%,-,-7.49%,1.06,0.06,173235.0,2025-08-08 17:44:52
INCR,81770000.0,,,,,,,,-,-,-41.26%,-,91.50%,1.5,0.0067,32015.0,2025-08-08 17:44:52
VANI,81750000.0,,,,,7.03,6.28,,8.14%,2.53%,42.59%,-3.73%,-,1.38,0.0147,35369.0,2025-08-08 17:44:52
UBCP,81690000.0,10.95,9.1,0.89,1.8,1.41,,,3.94%,17.42%,1.45%,12.33%,7.30%,14.1,0.012199999999999999,336.0,2025-08-08 17:44:52
CRDL,81480000.0,,,,,6.66,5.04,,-11.15%,0.07%,1.30%,2.85%,-,0.99,-0.08710000000000001,1651292.0,2025-08-08 17:44:52
TRVG,81430000.0,,180.21,,0.15,1.15,0.62,11.37,95.35%,621.57%,-,-,-11.89%,3.57,0.0085,154935.0,2025-08-08 17:44:52
OTLK,81420000.0,,,,,,10.77,,58.87%,48.95%,36.59%,-,-,1.9,0.0326,540897.0,2025-08-08 17:44:52
EURK,81240000.0,62.95,,,,72.65,232.12,,-,-,-,-,-,10.62,0.0,0.0,2025-08-08 17:44:52
MIND,81130000.0,51.78,,,1.8,3.05,8.85,9.16,-83.10%,-,-,-,9.39%,10.18,0.0409,187286.0,2025-08-08 17:44:52
CAPN,81100000.0,88.22,,,,1.36,253.43,,-,-,-,-,-,10.36,-0.0012,298.0,2025-08-08 17:44:52
YHNA,80830000.0,589.27,,,,10.45,8083.0,,-,-,-,-,-,10.43,0.0,0.0,2025-08-08 17:44:52
COLA,80750000.0,,,,,1.77,120.52,,-,-,-,-,-,10.17,-0.0005,147162.0,2025-08-08 17:44:52
FURY,80650000.0,,,,,1.46,17.09,,87.50%,-,-26.21%,-,-,0.5,-0.0067,298122.0,2025-08-08 17:44:52
BYSI,80640000.0,,,,42.89,,9.45,,-,-,28.94%,-,-,2.0,-0.0196,22694.0,2025-08-08 17:44:52
SSBI,80450000.0,,,,1.29,0.83,,44.95,-,-,-,-,13.76%,12.05,-0.0008,26985.0,2025-08-08 17:44:52
ISRL,80040000.0,88.98,,,,35.07,8.5,33.77,-,-,-,-,-,12.6,0.0,14.0,2025-08-08 17:44:52
NTRB,79980000.0,,4.57,,33.32,15.64,27.02,,43.43%,380.36%,-18.10%,-,41.99%,7.17,0.005600000000000001,3154554.0,2025-08-08 17:44:52
RGT,79920000.0,9.08,,,,,,,-,-,-,-,-,12.26,0.0012,6065.0,2025-08-08 17:44:52
GNS,79900000.0,,,,10.1,0.85,49.63,,86.41%,50.00%,-12.86%,-,-4.48%,0.98,-0.0233,2591950.0,2025-08-08 17:44:52
GCTS,79830000.0,,,,12.55,,76.76,,-60.00%,83.33%,-,-,-,1.43,0.0593,231078.0,2025-08-08 17:44:52
BDMD,79670000.0,,,,,6.49,724.3,,-,-,-,-,-,2.23,0.046900000000000004,54867.0,2025-08-08 17:44:52
SWZ,79500000.0,,,,,,,,-,-,-,-,-,6.12,-0.0016,62241.0,2025-08-08 17:44:52
DTF,79430000.0,53.81,,,28.02,0.94,,,-,-,-,-,-,11.3,-0.0018,1186.0,2025-08-08 17:44:52
DALN,79220000.0,,,,0.65,2.06,2.35,,-,-,-57.30%,-,-7.34%,14.8,-0.004699999999999999,44726.0,2025-08-08 17:44:52
QNTM,79160000.0,,,,,13.81,12.6,,73.09%,67.42%,48.95%,-,-,29.21,0.12300000000000001,214186.0,2025-08-08 17:44:52
DLHC,79120000.0,17.36,,,0.22,0.7,416.42,3.22,-62.75%,-121.05%,4.70%,-,19.81%,5.5,-0.009000000000000001,68750.0,2025-08-08 17:44:52
RCON,79020000.0,,,,8.66,1.08,3.97,,-,-,39.68%,-,-8.68%,2.58,0.0078000000000000005,120047.0,2025-08-08 17:44:52
GCV,78880000.0,13.2,,,,1.1,,,-,-,-,-,-,3.96,0.0076,52718.0,2025-08-08 17:44:52
FVN,78870000.0,520.4,,,,9.49,492.93,,-,-,-,-,-,10.46,0.0,0.0,2025-08-08 17:44:52
VTSI,78830000.0,54.43,21.51,,3.1,1.68,4.48,,92.83%,40.62%,-,-,7.09%,7.0,0.0043,40345.0,2025-08-08 17:44:52
IGMS,78710000.0,,,,0.54,0.76,0.75,,49.04%,15.18%,7.57%,20.64%,-,1.27,0.0,155193.0,2025-08-08 17:44:52
RIBB,78670000.0,,,,,201.46,,,-,-,-,-,-,10.19,0.0,0.0,2025-08-08 17:44:52
JFB,78530000.0,2122.5,,,3.03,7.13,10.2,,-97.20%,-,-,-,-,8.49,-0.1837,36032.0,2025-08-08 17:44:52
GMM,78310000.0,0.42,,,1.89,0.13,7.07,4.33,-,-,-,-,69.23%,2.68,-0.0036,10356.0,2025-08-08 17:44:52
DMA,78250000.0,,,,,,,,-,-,-,-,-,8.73,-0.0011,13716.0,2025-08-08 17:44:52
DLXY,78230000.0,69.35,,,0.25,53.17,20.59,,-10.40%,-,-,-,-,4.78,0.0095,30698.0,2025-08-08 17:44:52
BZFD,78200000.0,,,,0.35,0.83,2.28,,59.34%,45.95%,-,-,-,2.03,-0.0146,688411.0,2025-08-08 17:44:52
YMAT,78080000.0,70.72,,,4.45,6.01,64.0,,-,-,-39.93%,-,-5.07%,4.59,0.0246,823135.0,2025-08-08 17:44:52
LOOP,77780000.0,,,,6.98,,7.98,,26.04%,46.48%,3.72%,-,-,1.63,0.0382,62476.0,2025-08-08 17:44:52
RDAC,77630000.0,105.08,,,,1.35,287.5,,-,-,-,-,-,10.35,0.0,0.0,2025-08-08 17:44:52
CELU,77590000.0,,,,1.43,8.27,104.85,,-,-,-,-,-,3.24,-0.0031,36124.0,2025-08-08 17:44:52
PCM,77370000.0,10.95,,,6.01,1.03,,,-,-,-,-,-,6.35,-0.0048,39605.0,2025-08-08 17:44:52
UYSC,77370000.0,,,,,1.24,276.32,,-,-,-,-,-,10.1,-0.0029,41.0,2025-08-08 17:44:52
TDTH,77030000.0,,,,220.09,,550.22,,-,-,-,-,-,1.09,-0.0917,2380016.0,2025-08-08 17:44:52
IOR,76990000.0,17.7,,,,0.61,699.91,274.96,-,-,2.79%,-,-,18.68,0.0,29.0,2025-08-08 17:44:52
PMVP,76890000.0,,,,,0.56,0.54,,-37.72%,-11.25%,-14.06%,-11.26%,-,1.48,0.0207,198562.0,2025-08-08 17:44:52
MAYS,76560000.0,,,,3.43,1.45,23.2,,-,-,-,-,0.43%,37.98,-0.013500000000000002,26.0,2025-08-08 17:44:52
IAE,76540000.0,9.62,,,,,,,-,-,-,-,-,7.12,0.0070999999999999995,20611.0,2025-08-08 17:44:52
RFIL,76270000.0,,28.58,,1.04,2.23,21.25,17.22,366.67%,4.17%,-,-,3.23%,7.14,-0.0063,95530.0,2025-08-08 17:44:52
MNY,76040000.0,,10.35,,1.06,1.7,2.07,,95.56%,525.00%,6.35%,-,-,1.76,0.0233,73046.0,2025-08-08 17:44:52
LNZA,76020000.0,,,,1.56,,3.24,,40.00%,-,-,-,-,0.33,-0.1285,1061408.0,2025-08-08 17:44:52
YIBO,75970000.0,10.48,,,0.51,1.34,1.45,,-,-,-4.89%,-,5.35%,1.41,-0.0208,26055.0,2025-08-08 17:44:52
SAIH,75750000.0,,,,13.67,0.87,70.14,,-,-,-,-,-,7.09,0.0085,11342.0,2025-08-08 17:44:52
RMBL,75720000.0,,,,0.07,2.81,1.35,0.93,70.42%,59.90%,44.05%,-,7.54%,2.0,0.0256,18374.0,2025-08-08 17:44:52
KBSX,75660000.0,,,,,0.34,,,-,-,-,-,-,1.69,0.006,35032.0,2025-08-08 17:44:52
ICG,75570000.0,33.6,139.38,,1.4,1.12,0.98,,179.86%,-89.23%,-,-,49.84%,2.52,-0.0455,60221.0,2025-08-08 17:44:52
FEAM,75470000.0,,,,,1.02,18.73,,92.97%,-,-,-,-,3.77,0.10880000000000001,17404.0,2025-08-08 17:44:52
TISI,75400000.0,,,,0.09,,4.49,,-,-,4.18%,-,-6.03%,16.78,0.025,1140.0,2025-08-08 17:44:52
BRIA,74970000.0,20.23,10.64,,1.16,4.15,9.74,,-17.10%,35.29%,-,-,-,2.45,0.0074,657.0,2025-08-08 17:44:52
ATRA,74450000.0,,,,0.37,,5.32,,110.49%,-138.02%,-15.00%,27.80%,-,10.95,-0.0005,25037.0,2025-08-08 17:44:52
DTI,74380000.0,,20.9,,0.46,0.61,26.66,,-100.00%,-,-,-4.50%,-,2.09,-0.0048,17514.0,2025-08-08 17:44:52
DYCQ,74130000.0,36.6,,,,1.52,,,-,-,-,-,-,10.95,0.0083,5137.0,2025-08-08 17:44:52
FUSB,73740000.0,13.26,,,1.2,0.73,,10.86,-,-,14.74%,-,4.72%,12.85,0.009399999999999999,1308.0,2025-08-08 17:44:52
WTG,73640000.0,,,,,,,,-,-,-,-,-,10.03,0.0,1300.0,2025-08-08 17:44:52
BYFC,73570000.0,,,,1.19,0.54,,8.54,-,-,-,-,28.93%,8.0,0.0127,1527.0,2025-08-08 17:44:52
IMDX,73500000.0,,,,19.14,7.19,2.37,,79.61%,0.70%,11.82%,43.74%,-,2.57,-0.021,26977.0,2025-08-08 17:44:52
TSE,73440000.0,,,,0.02,,0.54,,14.76%,32.45%,-,26.61%,-1.43%,2.06,0.0,489403.0,2025-08-08 17:44:52
PNI,73280000.0,,,,10.33,0.79,,,-,-,-,-,-,6.54,-0.0019,74069.0,2025-08-08 17:44:52
FNWB,73170000.0,,7.21,,0.6,0.49,,,98.00%,7266.67%,-,-,15.78%,7.75,-0.0152,34379.0,2025-08-08 17:44:52
FDSB,72840000.0,1015.5,,,3.41,0.57,,227.61,-,-,-,-,-,13.1,0.0069,1746.0,2025-08-08 17:44:52
NAKA,72830000.0,,,,32.51,8.09,12.1,,-,-,-,-,-,9.57,0.276,653702.0,2025-08-08 17:44:52
GNSS,72700000.0,,11.1,,2.62,9.02,10.14,,36.66%,140.85%,-,-,-8.28%,1.61,-0.0183,44837.0,2025-08-08 17:44:52
NCT,72300000.0,,,,,42.33,114.77,,-,-,-,-,-,2.71,-0.0321,26907.0,2025-08-08 17:44:52
CBUS,72150000.0,,,,15.19,0.67,3.06,,76.27%,38.13%,29.09%,50.76%,-10.19%,1.44,-0.023700000000000002,186949.0,2025-08-08 17:44:52
VLT,72130000.0,9.74,,,9.25,0.97,,,-,-,-,-,-,11.1,0.0027,10344.0,2025-08-08 17:44:52
MDIA,71930000.0,,,,0.62,0.73,11.47,,-,-,-,-,14.31%,1.34,0.0074,21144.0,2025-08-08 17:44:52
INO,71850000.0,,,,256.61,1.01,1.05,,48.65%,12.08%,22.92%,39.23%,-44.44%,1.41,-0.0208,390506.0,2025-08-08 17:44:52
ODYS,71790000.0,,,,12.29,2.01,1.93,,-,-,-0.22%,-,66.58%,4.4,-0.0319,1201.0,2025-08-08 17:44:52
MGX,71770000.0,,,,1.59,0.34,0.32,,-3.60%,14.95%,-,-14.66%,-,1.92,0.0,361331.0,2025-08-08 17:44:52
NTIC,71720000.0,25.19,27.04,,0.84,0.99,10.59,,-76.27%,100.00%,-0.12%,-,8.82%,7.57,0.0285,28663.0,2025-08-08 17:44:52
GLV,70980000.0,31.78,,,20.53,0.95,,,-,-,-,-,-,5.72,0.0,39855.0,2025-08-08 17:44:52
DIT,70600000.0,52.59,,,0.03,0.62,85.06,4.24,-,-,6.35%,-,14.25%,109.38,-0.0011,262.0,2025-08-08 17:44:52
HGBL,70550000.0,16.53,9.2,,1.51,1.08,3.75,22.68,28.57%,20.83%,0.94%,-,11.63%,2.0,-0.0385,47807.0,2025-08-08 17:44:52
NIPG,70080000.0,,,,0.82,0.43,5.58,,56.52%,43.33%,-66.57%,58.31%,96.89%,1.78,0.0331,45735.0,2025-08-08 17:44:52
FSI,69930000.0,30.08,7.57,,1.92,1.82,6.34,80.38,-8.33%,231.82%,8.66%,-,6.86%,5.53,-0.026600000000000002,4172.0,2025-08-08 17:44:52
PGZ,69820000.0,6.25,,,,,,,-,-,-,-,-,10.43,-0.0070999999999999995,29411.0,2025-08-08 17:44:52
ASRT,69820000.0,,,,0.59,0.64,0.8,10.98,-54.35%,50.23%,55.01%,-,-11.45%,0.73,0.0068000000000000005,138325.0,2025-08-08 17:44:52
LVO,69750000.0,,,,0.61,,16.81,21.07,35.29%,40.91%,20.97%,-,24.23%,0.61,-0.0453,951570.0,2025-08-08 17:44:52
EEA,69710000.0,,,,30.21,1.04,,,-,-,-,-,-,10.36,0.0034000000000000002,13530.0,2025-08-08 17:44:52
ORIQU,69670000.0,,,,,,,,-,-,-,-,-,10.06,0.0,139800.0,2025-08-08 17:44:52
ASYS,69420000.0,,34.64,,0.83,1.34,4.46,11.16,-272.50%,106.26%,-4.65%,-,3.54%,4.85,-0.0472,39218.0,2025-08-08 17:44:52
YYAI,69170000.0,,,,13.18,2.65,16.12,,-,-,-,-,-,4.75,0.048600000000000004,75294.0,2025-08-08 17:44:52
IKNA,69010000.0,,,,,0.6,0.72,,50.98%,-50.00%,-16.81%,-0.00%,-,17.16,0.0,0.0,2025-08-08 17:44:52
GMHS,69000000.0,5.05,,,,0.25,,6900.25,-,-,-,-,-,1.29,-0.0092,2149827.0,2025-08-08 17:44:52
ACFN,68900000.0,9.74,,,5.22,10.07,21.2,39.83,-,-,-,-,14.88%,27.66,-0.08289999999999999,56986.0,2025-08-08 17:44:52
ELTK,68750000.0,19.84,,,1.45,1.66,4.37,,-,-,5.59%,-,5.98%,10.24,0.009899999999999999,2201.0,2025-08-08 17:44:52
AP,68730000.0,15.91,,,0.17,1.06,9.64,,-,-,-,-,1.01%,3.42,-0.0058,13702.0,2025-08-08 17:44:52
VATE,68680000.0,,,,0.07,,2.06,4.04,-,-,13.65%,-,0.51%,5.15,0.1319,63002.0,2025-08-08 17:44:52
RECT,68590000.0,53.33,,,2.82,5.0,18.64,,-,-,-,-,-,4.73,-0.0021,1538.0,2025-08-08 17:44:52
AFJK,68540000.0,49.91,,,,1.66,6854.4,,-,-,-,-,-,11.2,0.0,0.0,2025-08-08 17:44:52
ATPC,68260000.0,,,,52.91,2.84,2.89,,-,-,-77.53%,-,9.02%,1.37,0.0149,40843.0,2025-08-08 17:44:52
INMB,68060000.0,,,,1361.11,1.98,3.52,,28.15%,18.16%,-23.07%,46.96%,-,2.56,-0.0824,1309833.0,2025-08-08 17:44:52
UAVS,68060000.0,,,,5.18,6.41,18.0,,-,-,23.06%,-,114.25%,2.09,-0.067,5864990.0,2025-08-08 17:44:52
TELA,68040000.0,,,,0.96,3.75,1.59,,46.53%,42.61%,12.91%,-,35.02%,1.72,0.033,67890.0,2025-08-08 17:44:52
FTCI,67970000.0,,,,1.06,7.52,19.31,,43.00%,80.79%,-18.48%,69.84%,-2.27%,4.57,-0.10039999999999999,103418.0,2025-08-08 17:44:52
GNTA,67870000.0,,,,,5.25,5.18,,-,-,-13.19%,-,-,3.71,-0.0235,738.0,2025-08-08 17:44:52
GORO,67820000.0,,,,1.38,3.54,5.35,,68.85%,-,-,-,-11.40%,0.5,0.0014000000000000002,1315033.0,2025-08-08 17:44:52
CNTY,67810000.0,,,,0.12,,0.79,,63.33%,44.78%,-45.12%,46.84%,21.42%,2.21,-0.083,49375.0,2025-08-08 17:44:52
BRID,67800000.0,,,,0.3,0.55,29.74,,-,-,-,-,3.45%,7.47,-0.0171,1835.0,2025-08-08 17:44:52
STRO,67770000.0,,,,1.02,,0.27,,35.57%,44.94%,-4.05%,35.50%,7.74%,0.8,0.003,311209.0,2025-08-08 17:44:52
ARTV,67410000.0,,,,,0.45,0.47,,40.77%,6.17%,-64.01%,24.23%,-,2.76,0.0455,72275.0,2025-08-08 17:44:52
DSY,67350000.0,,,,,,38.49,,-,-,-,-,-,1.18,0.0089,3728.0,2025-08-08 17:44:52
CEV,66989999.99999999,,,,13.81,0.89,,,-,-,-,-,-,9.52,-0.0052,105561.0,2025-08-08 17:44:52
NMS,66769999.99999999,11.12,,,,,,,-,-,-,-,-,11.34,-0.0005,14227.0,2025-08-08 17:44:52
VNRX,66750000.0,,,,50.96,,25.67,,50.32%,54.55%,5.38%,-,135.32%,0.64,0.0045000000000000005,55831.0,2025-08-08 17:44:52
IMMX,66629999.99999999,,,,,6.94,4.19,,16.78%,-27.73%,-43.61%,-,-,2.39,0.0,117092.0,2025-08-08 17:44:52
MNOV,66209999.99999999,,,,,1.33,1.81,,-73.91%,11.25%,5.56%,-20.26%,-,1.35,-0.0146,9753.0,2025-08-08 17:44:52
WPRT,66200000.0,,,,0.22,0.48,2.03,,11.61%,-8.69%,-,10.68%,-0.20%,3.82,0.031,14431.0,2025-08-08 17:44:52
BTOC,66110000.0,,,,0.36,2.19,11.74,,-,-,-,-,-,1.57,-0.0126,10485.0,2025-08-08 17:44:52
GRO,66069999.99999999,,,,,0.33,3.34,,-,-,-18.07%,-,-,1.72,0.0617,197142.0,2025-08-08 17:44:52
SHIM,65959999.99999999,,22.0,,0.14,,3.46,,92.86%,144.74%,-,-,-,1.87,0.06860000000000001,13010.0,2025-08-08 17:44:52
UEIC,65849999.99999999,,9.55,,0.16,0.44,1.92,2.56,520.00%,149.21%,-,-,-12.12%,5.0,-0.17079999999999998,234758.0,2025-08-08 17:44:52
HOVR,65849999.99999999,6.13,,,,108.04,10.32,,-237.39%,-13.36%,-,-,-,1.76,0.053899999999999997,916461.0,2025-08-08 17:44:52
MYO,65840000.0,,83.18,,1.7,2.91,3.06,,-28.75%,110.68%,62.04%,-,53.36%,1.83,0.0223,678549.0,2025-08-08 17:44:52
RPTX,65830000.0,,,,61.53,0.53,0.53,,29.50%,36.17%,-21.89%,7.17%,-,1.53,0.009899999999999999,199045.0,2025-08-08 17:44:52
VHC,65700000.0,,,,,1.81,1.92,,-,-,2.01%,-,-43.26%,15.5,-0.0801,9785.0,2025-08-08 17:44:52
PYXS,65660000.0,,,,,0.63,0.61,,-4.29%,13.20%,-74.92%,2.24%,-,1.06,-0.009300000000000001,379718.0,2025-08-08 17:44:52
BGSF,65500000.0,,8.04,,0.29,0.84,23.56,5.15,216.13%,102.78%,-,-,-1.53%,5.87,-0.0329,48872.0,2025-08-08 17:44:52
VSME,65170000.0,,,,61.48,63.8,651.72,,-,-,-,-,-,1.32,-0.0039000000000000003,19053.0,2025-08-08 17:44:52
CVGI,65160000.0,,14.08,,0.1,0.39,1.44,,-1150.00%,133.33%,-,-,-4.30%,1.76,0.0,173643.0,2025-08-08 17:44:52
MVO,64980000.00000001,4.31,,,4.06,19.48,59.07,,5.10%,-,7.90%,-,7.40%,5.65,-0.0018,47583.0,2025-08-08 17:44:52
PN,64800000.0,1000.0,,,9.36,27.69,87.57,196.36,-,-,-,-,-,2.4,-0.0323,277018.0,2025-08-08 17:44:52
CLPR,64750000.0,,,,0.42,,1.06,,-,-,-17.23%,-,5.07%,4.01,0.1392,199120.0,2025-08-08 17:44:52
HCHL,64739999.99999999,31.5,,,7.8,,,,218.90%,-,-,-,-,3.37,0.0181,184623.0,2025-08-08 17:44:52
DXLG,64580000.0,,,,0.14,0.46,2.22,,-300.00%,67.86%,-,0.00%,7.93%,1.2,-0.07690000000000001,123368.0,2025-08-08 17:44:52
CNTX,64569999.99999999,,,,,0.78,0.77,,34.78%,-28.00%,4.72%,4.95%,-,0.72,0.0298,116001.0,2025-08-08 17:44:52
CPBI,64349999.99999999,16.05,,,2.36,0.72,,,-,-,-,-,-,15.25,0.0059,20440.0,2025-08-08 17:44:52
XPL,64050000.0,,,,,2.45,6.8,,14.29%,-50.00%,-3.21%,-,-,0.71,-0.0178,127182.0,2025-08-08 17:44:52
BOTJ,64030000.0,8.95,,,1.05,0.89,,8.2,-,-,8.50%,-,10.29%,14.09,0.011000000000000001,55.0,2025-08-08 17:44:52
IRD,63840000.0,,,,4.68,9.59,1.53,,59.53%,23.56%,24.32%,32.46%,-,1.07,-0.0183,59447.0,2025-08-08 17:44:52
WRAP,63730000.0,,,,16.77,24.78,10.33,,-,-,11.76%,-,45.26%,1.26,0.024399999999999998,163542.0,2025-08-08 17:44:52
NSTS,63690000.0,,,,5.05,0.77,,,-,-,-,-,9.22%,12.14,0.0070999999999999995,457.0,2025-08-08 17:44:52
OAKU,63650000.0,,,,,2.71,,,-,-,-,-,-,11.99,0.0,0.0,2025-08-08 17:44:52
IZEA,63650000.0,,13.93,,1.72,1.32,1.22,,115.45%,58.82%,0.68%,-,13.61%,3.76,-0.023399999999999997,40335.0,2025-08-08 17:44:52
HOUR,63640000.0,258.57,,,0.46,10.94,50.51,,-,-,-,-,39.08%,1.81,-0.037200000000000004,18814.0,2025-08-08 17:44:52
IH,63620000.0,10.62,,,0.51,1.11,0.41,,-,-,-,-,32.28%,2.8,0.0,26058.0,2025-08-08 17:44:52
MAXN,63360000.0,,,,0.12,,2.05,,-,-,35.52%,-,-15.74%,3.75,-0.0602,110646.0,2025-08-08 17:44:52
PETS,63210000.0,285.98,,,0.26,0.66,1.26,73.5,50.00%,33.33%,-,-,-0.17%,3.06,-0.0161,143445.0,2025-08-08 17:44:52
LUNG,63160000.0,,,,0.7,0.91,0.75,,-7.41%,13.90%,-19.80%,15.98%,20.78%,1.55,-0.0432,784478.0,2025-08-08 17:44:52
EMCG,63050000.0,87.46,,,,3.13,3152.5,,-,-,-,-,-,13.95,0.0182,14148.0,2025-08-08 17:44:52
WBX,62940000.0,,,,0.39,0.85,1.66,,63.09%,69.58%,-,-,-,4.36,0.0163,16809.0,2025-08-08 17:44:52
LSF,62890000.0,,,,1.34,4.74,15.05,,18.50%,6.63%,-8.75%,-,27.00%,5.95,-0.0149,36500.0,2025-08-08 17:44:52
NOTV,62860000.0,,,,0.12,0.44,10.12,,55.92%,30.17%,-122.90%,77.23%,62.27%,1.83,-0.0663,392710.0,2025-08-08 17:44:52
CDLX,62820000.0,,,,0.24,1.07,1.34,,71.74%,-2.71%,-40.23%,-,5.75%,1.18,-0.09230000000000001,1979467.0,2025-08-08 17:44:52
MDAI,62820000.0,,,,2.1,,4.47,,83.71%,-259.83%,-,9.20%,-,2.44,0.0167,245589.0,2025-08-08 17:44:52
SPAI,62810000.0,,,,30.64,23.76,69.02,,-,-,-,-,-,4.14,0.16620000000000001,300316.0,2025-08-08 17:44:52
LOAN,62800000.0,11.44,11.2,,6.75,1.45,299.03,13.39,-2.04%,2.08%,0.99%,-,5.71%,5.49,-0.015600000000000001,39968.0,2025-08-08 17:44:52
NAMI,62770000.0,22.38,,,1.11,3.47,4.51,18.3,-,-,-,-,-,0.98,0.0421,47832.0,2025-08-08 17:44:52
BRLS,62650000.0,,,,2.35,,329.71,,-,-,-,-,-,2.93,0.042699999999999995,789.0,2025-08-08 17:44:52
LINK,62640000.0,,,,5.58,6.42,24.28,,-33.33%,53.12%,-38.99%,33.68%,9.84%,6.35,-0.022799999999999997,15569.0,2025-08-08 17:44:52
CUE,62610000.0,,,,7.84,7.81,4.77,,23.61%,-1.82%,15.39%,12.04%,21.84%,0.83,0.0259,176285.0,2025-08-08 17:44:52
CTSO,62610000.0,,,,1.81,4.3,5.4,,63.71%,12.04%,8.62%,64.71%,7.37%,1.0,0.11960000000000001,96392.0,2025-08-08 17:44:52
GRWG,62470000.0,,,,0.35,0.56,1.19,,48.21%,33.78%,-,-,18.82%,1.05,0.0294,691837.0,2025-08-08 17:44:52
WYHG,62410000.0,,,,,,,,-,-,-15.75%,-,8.93%,1.24,0.0783,244693.0,2025-08-08 17:44:52
GOCO,62130000.0,,,,0.08,0.33,1.75,,-435.61%,47.34%,38.19%,-,8.17%,5.59,-0.024399999999999998,42287.0,2025-08-08 17:44:52
MFI,62070000.0,,233.69,,18.58,107.17,21.55,,90.00%,200.00%,-,-,-,37.39,0.3493,50462.0,2025-08-08 17:44:52
CCG,62040000.0,,,,0.13,1.27,2.96,,-,-,9.09%,-,-,0.77,-0.0171,75852.0,2025-08-08 17:44:52
YGMZ,61940000.0,,,,1.53,0.12,88.48,,-,-,-,-,6.57%,0.81,-0.0088,3589.0,2025-08-08 17:44:52
CXH,61660000.0,94.0,,,11.46,0.91,,,-,-,-,-,-,7.52,0.0005,12145.0,2025-08-08 17:44:52
BNR,61580000.0,,,,0.85,0.93,0.9,,-,-,-0.09%,-,5.35%,6.82,0.0623,24494.0,2025-08-08 17:44:52
PVL,60890000.0,21.45,,,14.16,1.43,27.68,,-79.90%,-,-21.50%,-,-14.70%,1.85,0.0,17589.0,2025-08-08 17:44:52
WGRX,60570000.0,,,,2.09,10.98,24.04,,-,-,-,-,-,0.8,0.0547,229287.0,2025-08-08 17:44:52
BAYA,60510000.0,63.4,,,,1.66,1210.2,,-,-,-,-,-,11.12,0.0,109.0,2025-08-08 17:44:52
AACG,60400000.0,,,,1.56,7.73,12.48,,-,-,26.78%,-,21.36%,1.89,0.14550000000000002,271872.0,2025-08-08 17:44:52
JMM,60370000.0,21.27,,,13.07,0.99,,,-,-,-,-,-,6.38,-0.009300000000000001,5149.0,2025-08-08 17:44:52
APLT,60250000.0,,,,223.16,1.64,1.19,,21.05%,15.00%,26.57%,24.56%,-,0.43,-0.0175,444224.0,2025-08-08 17:44:52
ICCC,60190000.0,,,,2.2,2.06,13.08,76.19,-,-,-6.81%,-,14.06%,6.66,0.08470000000000001,5955.0,2025-08-08 17:44:52
GEG,60070000.0,,,,3.06,1.0,0.64,,-,-,29.38%,-,-19.01%,2.15,-0.0138,16220.0,2025-08-08 17:44:52
NEUE,59990000.0,,,,0.07,,,,100.35%,-3912.50%,-7.17%,-,27.26%,6.72,-0.0015,4463.0,2025-08-08 17:44:52
YSXT,59880000.0,14.23,,,0.84,2.17,8.42,,-,-,-,-,-,2.56,-0.09720000000000001,170356.0,2025-08-08 17:44:52
AMPG,59870000.0,,22.38,,5.54,1.6,3.53,,86.11%,186.67%,-,-,24.94%,2.91,0.0319,174090.0,2025-08-08 17:44:52
AGAE,59690000.0,,,,6.65,1.01,0.84,,-,-,16.72%,-,3.76%,1.57,-0.0063,13495.0,2025-08-08 17:44:52
SURG,59600000.0,,2.18,,1.49,7.48,11.04,,83.26%,434.57%,11.44%,-,18.79%,2.92,0.0069,186502.0,2025-08-08 17:44:52
OPTX,59430000.0,39.13,,,1.18,4.9,123.81,,-,-,-,-,-,1.62,0.0189,52016.0,2025-08-08 17:44:52
SELF,59410000.0,24.69,,,4.71,1.26,8.17,13.23,-,-,19.51%,-,7.65%,5.24,-0.0095,44238.0,2025-08-08 17:44:52
FORA,59290000.0,,21.11,,2.66,1.97,1.66,211.74,-44.44%,80.00%,-22.96%,-,-,1.9,-0.0052,1549.0,2025-08-08 17:44:52
CMTL,59090000.0,,,,0.12,0.51,2.08,,-55.53%,68.13%,-,-,-4.26%,2.01,-0.028999999999999998,145946.0,2025-08-08 17:44:52
WFCF,59060000.0,29.34,,,2.31,5.91,18.46,23.25,-,-,13.08%,-,4.38%,11.33,0.0152,1082.0,2025-08-08 17:44:52
LGCL,59040000.0,7.46,,,0.4,1.17,12.51,,-,-,-,-,45.08%,0.53,0.0023,798507.0,2025-08-08 17:44:52
UBXG,58810000.0,,,,1.49,0.44,3.15,,-,-,-33.75%,-,-4.32%,2.83,0.0067,1242.0,2025-08-08 17:44:52
VRCA,58740000.0,,,,8.18,,1.99,,77.53%,28.82%,-5.46%,-,-,6.35,0.0393,10701.0,2025-08-08 17:44:52
BDSX,58700000.0,,,,0.79,5.3,3.32,,19.63%,35.82%,69.26%,33.97%,23.77%,0.4,-0.10400000000000001,1109858.0,2025-08-08 17:44:52
BSAAU,58400000.0,,,,,,,,-,-,-,-,-,10.11,0.0,2631.0,2025-08-08 17:44:52
DRRX,58050000.0,,,,11.92,10.85,7.03,,-164.00%,-6.06%,11.09%,-,-39.51%,1.87,-0.0053,139425.0,2025-08-08 17:44:52
LOCL,57960000.0,,,,1.4,,2.04,,56.05%,66.05%,-,57.57%,-,2.67,0.0766,10778.0,2025-08-08 17:44:52
BDL,57890000.0,14.3,,,0.29,0.9,2.49,8.92,-,-,-1.65%,-,10.14%,31.15,-0.056299999999999996,1240.0,2025-08-08 17:44:52
HTLM,57140000.0,,,,,21.42,19.5,,-,-,-,-,-,3.89,0.0,2257.0,2025-08-08 17:44:52
AXIL,57040000.0,37.13,,,2.11,5.91,12.03,47.93,-,-,-,-,94.31%,8.58,-0.0373,994.0,2025-08-08 17:44:52
TPCS,57000000.0,,,,1.67,6.5,285.0,,-,-,-44.13%,-,16.28%,5.83,0.0658,92549.0,2025-08-08 17:44:52
GROV,56990000.0,,,,0.29,,4.56,,34.67%,34.87%,-,-,-,1.39,0.0775,238675.0,2025-08-08 17:44:52
SRTS,56980000.0,,7.34,,1.52,1.09,2.57,12.31,-100.98%,11900.00%,-,20.65%,8.93%,3.46,-0.35229999999999995,1188290.0,2025-08-08 17:44:52
AIRT,56940000.0,,,,0.2,,7.48,7.28,-,-,-64.23%,-,4.27%,21.07,-0.0268,1330.0,2025-08-08 17:44:52
PED,56930000.0,3.23,16.62,,1.42,0.47,5.47,2.49,-94.20%,221.55%,-,-,24.98%,0.62,0.016200000000000003,51639.0,2025-08-08 17:44:52
RENB,56900000.0,,,,,0.45,34.91,,-,-,-13.58%,-,-,0.25,0.0951,1377247.0,2025-08-08 17:44:52
RFL,56860000.0,,,,77.9,0.65,1.5,,-,-,-32.60%,-,-33.59%,1.62,-0.035699999999999996,51998.0,2025-08-08 17:44:52
ICCM,56670000.0,,,,17.33,8.06,9.38,,29.51%,22.07%,2.44%,-,15.36%,0.82,-0.0721,830160.0,2025-08-08 17:44:52
KPLT,56660000.0,,,,0.22,,3.96,,9.22%,9.30%,-19.94%,-,-,13.28,0.0271,9586.0,2025-08-08 17:44:52
BIRD,56520000.0,,,,0.33,0.79,1.71,,15.14%,18.89%,-42.65%,30.88%,-0.41%,6.94,-0.2926,219832.0,2025-08-08 17:44:52
NHTC,56410000.0,161.72,,,1.34,1.96,1.65,,-,-,-,-,-11.16%,4.9,0.0031,80715.0,2025-08-08 17:44:52
ZSPC,56410000.0,,,,1.52,,49.92,,30.56%,52.00%,-,-,-,2.4,0.2,264147.0,2025-08-08 17:44:52
CSTE,56330000.0,,,,0.14,0.23,0.74,,-39.53%,16.67%,-,-,-4.08%,1.63,-0.0121,15067.0,2025-08-08 17:44:52
CATO,56260000.0,,,,0.09,0.34,0.68,,-,-,-,-,-4.67%,2.85,-0.006999999999999999,16501.0,2025-08-08 17:44:52
YTRA,56130000.0,,,,0.6,0.89,2.5,,-357.87%,-,39.68%,-,-1.68%,0.9,0.0028000000000000004,99091.0,2025-08-08 17:44:52
WWR,55860000.0,,4.23,,,0.38,17.14,,22.73%,200.00%,47.43%,-,-,0.72,-0.067,1484827.0,2025-08-08 17:44:52
INUV,55780000.0,,,,0.6,4.12,21.79,,28.75%,78.95%,17.98%,-,6.37%,3.86,-0.2917,575129.0,2025-08-08 17:44:52
GDC,55760000.0,,,,,,1115.24,,-,-,-,-,-,3.32,0.012199999999999999,10673.0,2025-08-08 17:44:52
RBOT,55280000.0,,,,,1.62,1.48,,12.28%,25.73%,-634.04%,19.92%,-,9.32,0.044800000000000006,9263.0,2025-08-08 17:44:52
BHM,55170000.0,,,,0.99,0.39,0.37,,-,-,30.16%,-,61.57%,13.55,0.0625,1445.0,2025-08-08 17:44:52
SER,54920000.0,,,,422.45,32.17,12.86,,-14.24%,3.48%,33.30%,4.87%,-49.63%,5.51,0.011000000000000001,12379.0,2025-08-08 17:44:52
OSTX,54710000.0,,,,,,18.42,,149.15%,-131.21%,79.38%,-,-,1.73,-0.011399999999999999,400841.0,2025-08-08 17:44:52
ASST,54700000.0,,,,71.97,20.38,21.7,,-,-,-,-,64.31%,3.29,-0.0436,1229809.0,2025-08-08 17:44:52
VERU,54630000.0,,,,5.15,2.6,2.73,,30.89%,-38.59%,-8.11%,-0.23%,-11.89%,0.37,-0.0011,2272435.0,2025-08-08 17:44:52
TORO,54610000.0,,,,2.36,0.25,0.55,4.12,-,-,-,-,-,2.86,0.006999999999999999,45940.0,2025-08-08 17:44:52
EMPG,54080000.0,,,,,,,,-,-,-,-,-,6.66,-0.044500000000000005,221818.0,2025-08-08 17:44:52
FSEA,54060000.0,,,,1.84,0.88,,,-,-,-27.51%,-,9.57%,11.46,0.0187,2516.0,2025-08-08 17:44:52
BRNS,54060000.0,,,,3.58,0.47,0.54,,-6.02%,18.86%,-,5.57%,16.85%,1.34,-0.0759,25082.0,2025-08-08 17:44:52
BWEN,53990000.0,,14.28,,0.38,0.92,44.99,,53.33%,117.39%,-,-,-4.29%,2.38,-0.08810000000000001,242390.0,2025-08-08 17:44:52
VRA,53910000.0,,27.57,,0.16,0.37,4.78,,1.56%,111.11%,-,-,-5.56%,1.93,-0.015300000000000001,68431.0,2025-08-08 17:44:52
LTRN,53820000.0,,,,,3.21,2.73,,4.66%,-6.52%,-37.87%,-2.53%,-,4.99,0.0,127249.0,2025-08-08 17:44:52
FBIO,53810000.0,,,,0.93,2.42,0.59,,47.96%,41.07%,24.49%,-,9.50%,1.82,-0.016200000000000003,113350.0,2025-08-08 17:44:52
PMEC,53790000.0,,,,0.72,3.61,5.3,,-,-,-,-,9.25%,1.4,-0.0278,10177.0,2025-08-08 17:44:52
SST,53760000.0,,,,0.16,0.61,1.19,,-10.35%,-9.38%,-23.44%,-,-,5.44,-0.0764,62083.0,2025-08-08 17:44:52
IFRX,53720000.0,,,,298.44,0.81,0.95,,14.38%,11.47%,18.08%,7.14%,-,0.8,-0.0183,158942.0,2025-08-08 17:44:52
PNF,53540000.0,,,,11.4,0.8,,,-,-,-,-,-,6.8,0.0,0.0,2025-08-08 17:44:52
CULP,53510000.0,,11.51,,0.25,0.93,7.7,,100.65%,3600.00%,6.75%,-,-3.60%,4.26,0.0070999999999999995,5511.0,2025-08-08 17:44:52
SACH,53500000.0,,12.84,,2.07,0.3,0.74,,105.67%,67.62%,-,-,22.88%,1.13,-0.0259,144574.0,2025-08-08 17:44:52
UPLD,53230000.0,,2.73,,0.21,,1.28,2.24,-41.34%,-5.46%,-16.74%,-,4.30%,1.85,-0.016,108034.0,2025-08-08 17:44:52
MAAS,53220000.0,,,,0.2,0.0,0.42,,-,-,-,-,41.19%,3.49,-0.0085,4679.0,2025-08-08 17:44:52
CRT,52860000.0,8.85,,,7.77,22.59,27.82,,-50.90%,-,1.50%,-,1.90%,8.81,0.0173,32326.0,2025-08-08 17:44:52
AIRG,52610000.0,,19.22,,0.93,1.77,6.85,,5.56%,302.94%,-,-,1.69%,4.42,0.0208,25524.0,2025-08-08 17:44:52
ALCY,52580000.0,87.48,,,,10.97,150.22,,-,-,-,-,-,11.6,0.0043,2.0,2025-08-08 17:44:52
CLST,52560000.0,22.53,,,3.4,0.64,,18.25,-,-,-,-,-0.03%,12.57,0.005,1464.0,2025-08-08 17:44:52
LESL,52560000.0,,,,0.04,,1.23,,-1541.75%,67.98%,-,26.32%,7.46%,0.28,-0.053200000000000004,6123163.0,2025-08-08 17:44:52
PAVS,52530000.0,,,,750.4,2.17,10.46,,-,-,-,-,-74.40%,0.78,0.0848,2466.0,2025-08-08 17:44:52
HOWL,52500000.0,,,,46.05,0.92,0.57,,-4.79%,1.64%,-20.76%,-4.00%,-,1.17,-0.0085,166400.0,2025-08-08 17:44:52
TBMC,52230000.0,,,,,2.6,62.18,,-,-,-,-,-,11.61,0.0022,3890.0,2025-08-08 17:44:52
UNCY,52220000.0,,0.25,,,4.35,2.64,,69.51%,1044.64%,-31.80%,-,-,4.09,0.0074,224849.0,2025-08-08 17:44:52
PHUN,52040000.0,,,,17.58,0.5,0.47,,30.59%,-1.15%,44.25%,-,-30.13%,2.58,-0.0227,239858.0,2025-08-08 17:44:52
OMEX,52020000.0,,,,74.32,,21.15,208.08,-,-,-,-,-24.21%,1.66,0.1216,5714473.0,2025-08-08 17:44:52
FMY,51780000.0,9.31,,,13.78,0.96,,,-,-,-,-,-,12.29,0.0004,1359.0,2025-08-08 17:44:52
SOTK,51740000.0,36.31,41.12,,2.51,2.83,4.77,,6.25%,-5.88%,2.30%,-,5.96%,3.29,0.0060999999999999995,6504.0,2025-08-08 17:44:52
RYET,51640000.0,,,,,,,,-,-,-,-,-12.68%,1.53,-0.0192,179959.0,2025-08-08 17:44:52
VVPR,51570000.0,,,,8.67,,214.87,,-,-,-78.55%,-,-78.98%,5.1,0.3212,10729946.0,2025-08-08 17:44:52
PRTS,51450000.0,,,,0.09,0.66,1.34,,-7.04%,45.39%,4.32%,-,15.98%,0.88,0.051100000000000007,719579.0,2025-08-08 17:44:52
SPCB,51380000.0,33.02,13.59,,1.9,1.15,2.93,,-29.51%,-67.05%,-,-,10.90%,11.55,0.0665,231947.0,2025-08-08 17:44:52
KOSS,51380000.0,,,,4.13,1.67,3.94,,-,-,-,-,-10.90%,5.48,-0.0144,28132.0,2025-08-08 17:44:52
ACET,51360000.0,,,,,0.32,0.34,,7.05%,13.15%,36.74%,17.40%,-,0.62,-0.0962,2369970.0,2025-08-08 17:44:52
REFR,51270000.0,,,,32.45,21.21,37.98,,-,-,20.98%,-,-3.11%,1.53,-0.0255,49882.0,2025-08-08 17:44:52
CVM,51200000.0,,,,,2.62,26.67,,-,-,6.84%,-,-,7.44,-0.096,418130.0,2025-08-08 17:44:52
APT,51170000.0,14.38,,,0.87,0.79,3.54,,-,-,8.90%,-,4.39%,4.71,0.0021,32638.0,2025-08-08 17:44:52
GANX,51160000.0,,,,,7.36,5.64,,29.96%,-17.91%,-37.02%,5.12%,-,1.48,-0.0067,133119.0,2025-08-08 17:44:52
MOBX,51140000.0,,,,4.78,110.76,65.56,,-,-,-,-,-,0.96,0.1,162842.0,2025-08-08 17:44:52
VEEA,51110000.0,,,,511.06,,204.42,,-,-,-,-,-,1.25,-0.0385,91308.0,2025-08-08 17:44:52
QMCO,50910000.0,,11.64,,0.18,,2.47,,94.40%,348.15%,18.45%,-,-5.00%,7.8,-0.0152,443790.0,2025-08-08 17:44:52
HSPO,50820000.0,62.16,,,,2.99,1016.4,,-,-,-,-,-,12.19,0.0049,100.0,2025-08-08 17:44:52
PDSB,50740000.0,,,,,2.26,1.27,,13.59%,3.00%,6.42%,5.96%,-,1.11,-0.0089,248106.0,2025-08-08 17:44:52
CJET,50650000.0,,,,7.32,,13.44,,-,-,-,-,-,1.64,-0.11349999999999999,19816.0,2025-08-08 17:44:52
KSCP,50540000.0,,,,4.41,2.25,3.99,,56.97%,15.25%,8.87%,-,28.99%,5.93,0.0552,397584.0,2025-08-08 17:44:52
JZXN,50540000.0,,,,,6.69,148.64,,-,-,-,-,-29.39%,0.92,-0.023399999999999997,173982.0,2025-08-08 17:44:52
AGFY,50530000.0,,,,6.63,1.88,2.07,,-,-,42.10%,-,18.82%,25.89,0.0654,15023.0,2025-08-08 17:44:52
NRT,50460000.0,9.35,,,8.14,28.89,14.02,,-76.10%,-,-7.80%,-,-6.80%,5.49,0.0092,27877.0,2025-08-08 17:44:52
PLUT,50190000.0,,,,35.85,3.85,4.52,,7.80%,-,-,-,-,3.27,-0.071,17044.0,2025-08-08 17:44:52
MLSS,50190000.0,,,,5.83,11.21,22.3,,16.67%,40.00%,18.51%,-,0.60%,0.64,0.0572,475086.0,2025-08-08 17:44:52
STG,50180000.0,3.11,,,0.19,1.43,0.46,,-,-,-,-,-2.72%,9.65,0.024399999999999998,369.0,2025-08-08 17:44:52
DXR,50150000.0,91.93,,,501.46,1.38,,,87.90%,-,23.10%,-,-24.20%,10.02,-0.045700000000000005,34303.0,2025-08-08 17:44:52
OPHC,49940000.0,3.32,,,0.75,0.45,,3.29,-54.14%,-,-,-,64.36%,4.25,0.049400000000000006,31463.0,2025-08-08 17:44:52
CMCM,49730000.0,,,,0.41,0.57,0.21,,42.25%,33.33%,-9.43%,-,-26.40%,4.8,-0.0264,20082.0,2025-08-08 17:44:52
ANVS,49690000.0,,,,,2.07,2.23,,40.69%,4.38%,-73.95%,18.87%,-,2.55,-0.0192,163521.0,2025-08-08 17:44:52
INLX,49400000.0,,,,2.78,4.71,23.08,19.07,-307.69%,37.74%,53.15%,-,48.02%,11.45,0.0088,6856.0,2025-08-08 17:44:52
SMXT,49300000.0,,,,2.04,,7.21,,-,-,-18.94%,-,-23.86%,1.04,-0.0189,1746699.0,2025-08-08 17:44:52
NRXP,49150000.0,,3.17,,,,8.86,,100.23%,14375.45%,-,-,-,2.52,0.024399999999999998,174451.0,2025-08-08 17:44:52
RAND,49150000.0,5.28,,,5.78,0.76,,,-,-,-,-,-,16.74,-0.015,2261.0,2025-08-08 17:44:52
BAFN,49130000.0,6.89,,,0.4,0.53,,0.14,-,-,13.72%,-,8.80%,11.9,-0.0286,4366.0,2025-08-08 17:44:52
OCC,49040000.0,,,,0.71,2.55,55.11,31.24,-,-,6.68%,-,-1.34%,5.96,0.0034000000000000002,70498.0,2025-08-08 17:44:52
DMYY,48980000.0,,,,,3.48,,,-,-,-,-,-,12.5,-0.0347,69770.0,2025-08-08 17:44:52
AAME,48950000.0,,,,0.26,0.48,,5.48,-,-,-42.60%,-,-1.03%,2.4,0.0345,9588.0,2025-08-08 17:44:52
PRT,48780000.0,8.91,,,7.59,0.67,,,-,-,-,-,-,4.01,-0.0172,17073.0,2025-08-08 17:44:52
ANL,48730000.0,,,,,,,,33.33%,0.00%,-24.39%,-,-,1.56,0.006500000000000001,5416.0,2025-08-08 17:44:52
HLP,48660000.0,,,,3.45,0.91,52.89,,-,-,-,-,8.70%,0.66,-0.019799999999999998,1038715.0,2025-08-08 17:44:52
PZG,48580000.0,,,,,1.42,22.7,,-,-,10.24%,5.42%,-,0.68,0.014499999999999999,431592.0,2025-08-08 17:44:52
DTIL,48560000.0,,,,38.54,1.5,0.78,,-702.40%,40.06%,-,-,25.30%,4.38,-0.0416,86884.0,2025-08-08 17:44:52
ABLV,48450000.0,,,,0.38,6.83,3.16,,-,-,-,-,-,0.98,-0.0382,16398.0,2025-08-08 17:44:52
PRLD,48420000.0,,,,6.92,0.47,0.49,,7.44%,25.40%,-21.61%,19.49%,-,0.86,0.0006,60874.0,2025-08-08 17:44:52
TCBS,48340000.0,20.26,,,1.95,0.9,,1611.46,-,-,-,-,12.33%,15.89,0.005699999999999999,6423.0,2025-08-08 17:44:52
CPIX,48320000.0,,,,1.15,1.73,3.0,6.87,-,-,-14.93%,-,1.95%,3.23,-0.0152,104385.0,2025-08-08 17:44:52
MXE,48310000.0,,,,17.15,0.98,,,-,-,-,-,-,10.98,0.0027,6401.0,2025-08-08 17:44:52
PIII,48160000.0,,,,0.03,0.35,1.17,,63.82%,20.12%,-8.00%,-,32.21%,6.7,-0.019,5849.0,2025-08-08 17:44:52
PSTV,48090000.0,,,,9.23,,4.87,,66.32%,35.03%,46.51%,49.58%,-3.61%,0.8,0.04769999999999999,11267991.0,2025-08-08 17:44:52
SUUN,48080000.0,,14.21,,1.8,1.32,2.8,,-117.17%,145.79%,-,-,-,1.36,0.0382,114173.0,2025-08-08 17:44:52
INKT,48070000.0,,,,,,14.88,,20.16%,-3.94%,16.86%,5.20%,-,12.06,-0.047400000000000005,174714.0,2025-08-08 17:44:52
VBIX,48050000.0,,,,2.44,4.07,266.95,46.65,-,-,21.62%,-,164.53%,4.47,0.17170000000000002,109625.0,2025-08-08 17:44:52
ATNM,48050000.0,,,,,1.87,0.74,,-17.52%,37.35%,21.99%,11.85%,-,1.54,-0.0128,99201.0,2025-08-08 17:44:52
PXLW,47980000.0,,,,1.4,,2.59,,32.50%,56.79%,-15.45%,-,-8.87%,9.15,0.0139,17525.0,2025-08-08 17:44:52
AWRE,47960000.0,,,,2.97,1.7,2.03,,-,-,11.57%,-,7.34%,2.25,0.04650000000000001,23745.0,2025-08-08 17:44:52
ASRV,47910000.0,12.95,,,0.56,0.39,,9.84,-,-,-9.12%,-,5.37%,2.9,-0.0068000000000000005,701.0,2025-08-08 17:44:52
ADVM,47840000.0,,,,47.84,1.81,0.58,,13.85%,44.59%,8.03%,19.86%,31.95%,2.29,-0.0653,129902.0,2025-08-08 17:44:52
NTWK,47770000.0,195.22,,,0.74,1.35,2.55,7.9,-,-,-39.49%,-,-1.97%,4.08,-0.0263,14294.0,2025-08-08 17:44:52
DSWL,47710000.0,4.28,,,0.71,0.47,0.63,3.61,-,-,-,-,0.68%,2.99,0.008199999999999999,7436.0,2025-08-08 17:44:52
KLTO,47660000.0,,,,,40.37,83.61,,-,-,-,-,-,0.9,-0.039900000000000005,1081017.0,2025-08-08 17:44:52
KALA,47620000.0,,,,,8.34,1.13,,48.31%,36.72%,40.66%,29.74%,-,7.38,0.030699999999999998,108462.0,2025-08-08 17:44:52
FLNT,47540000.0,,,,0.19,2.15,7.82,,41.67%,84.21%,-68.62%,-,-2.00%,2.3,0.0132,11892.0,2025-08-08 17:44:52
VOC,47430000.0,4.46,,,3.99,4.16,26.35,,-18.40%,-,1.00%,-,1.40%,2.79,-0.0106,60645.0,2025-08-08 17:44:52
AUID,47330000.0,,,,45.95,5.04,16.49,,-,-,22.64%,-,-19.06%,3.52,-0.0028000000000000004,11361.0,2025-08-08 17:44:52
RGS,47310000.0,0.52,,,0.24,0.69,1.46,4.19,-,-,-,-,-28.27%,19.42,-0.0167,6162.0,2025-08-08 17:44:52
ALGS,47300000.0,,,,14.92,0.46,0.38,,58.31%,10.88%,-,30.55%,-,7.69,-0.0541,84987.0,2025-08-08 17:44:52
XCH,47280000.0,,,,,,1.6,,-,-,-,-,-,1.16,-0.0154,31855.0,2025-08-08 17:44:52
ACCS,47130000.0,,13.61,,1.82,1.53,11.5,16.2,104.76%,109.30%,-,-,7.19%,12.25,0.055099999999999996,4713.0,2025-08-08 17:44:52
GUTS,47090000.0,,,,784.78,7.38,1.12,,7.82%,-16.69%,-12.32%,7.56%,-,0.96,-0.0116,982770.0,2025-08-08 17:44:52
XCUR,47070000.0,,,,,4.14,4.52,,-,-,41.35%,-,-17.34%,7.45,0.012199999999999999,153934.0,2025-08-08 17:44:52
PBBK,46830000.0,19.63,,,1.86,,,28.56,-,-,22.00%,-,19.52%,18.35,-0.0027,6655.0,2025-08-08 17:44:52
CGTX,46770000.0,,,,,3.81,4.05,,50.58%,30.98%,-16.44%,32.88%,-,0.75,0.11449999999999999,3551352.0,2025-08-08 17:44:52
EDAP,46550000.0,,,,0.69,1.25,1.89,,-22.00%,16.17%,-,11.21%,6.65%,1.25,-0.0349,88642.0,2025-08-08 17:44:52
TELO,46430000.0,,,,,,116.07,,44.64%,9.68%,-,-,-,1.56,-0.0659,512495.0,2025-08-08 17:44:52
RDI,46190000.0,,,,0.22,,5.52,,68.40%,54.62%,-6.18%,-,-5.32%,1.29,-0.035699999999999996,72447.0,2025-08-08 17:44:52
NXN,46080000.0,28.63,,,20.8,0.93,,,-,-,-,-,-,11.74,-0.0034000000000000002,7124.0,2025-08-08 17:44:52
MAIA,46060000.0,,,,,9.1,4.24,,51.52%,4.17%,-11.40%,-,-,1.52,0.027000000000000003,88258.0,2025-08-08 17:44:52
FORL,46060000.0,308.08,,,,1.91,,,-,-,-,-,-,11.52,-0.035,18.0,2025-08-08 17:44:52
WAVE,46020000.0,,,,270.7,5.86,5.2,,-66.67%,-34.00%,5.88%,-,-,7.88,-0.015,16361.0,2025-08-08 17:44:52
CNF,45950000.0,,,,,,,,-,-,-41.61%,-,-12.72%,0.67,-0.0946,78400.0,2025-08-08 17:44:52
ABVC,45850000.0,,,,89.9,7.68,55.91,,-,-,27.39%,-,-6.20%,2.7,0.0305,90844.0,2025-08-08 17:44:52
ATMV,45800000.0,47.21,,,,2.81,,,-,-,-,-,-,11.91,-0.0032,794.0,2025-08-08 17:44:52
VIVK,45700000.0,,,,0.41,0.39,6.44,351.52,-,-,-19.61%,-,-,0.97,0.016399999999999998,109453.0,2025-08-08 17:44:52
BRFH,45660000.0,,81.84,,4.22,16.35,24.42,,44.74%,133.33%,19.40%,-,20.00%,2.86,0.0015,1083.0,2025-08-08 17:44:52
CIGL,45550000.0,,,,4.34,20.4,45.55,,-152.90%,-,-,-,-,2.04,-0.0097,29023.0,2025-08-08 17:44:52
BKHA,45440000.0,34.74,,,,1.38,649.18,,-,-,-,-,-,10.95,0.0,5.0,2025-08-08 17:44:52
HKIT,45420000.0,,,,15.66,1.29,1.51,27.86,-,-,-,-,-15.97%,1.55,-0.0252,15877.0,2025-08-08 17:44:52
ZDGE,45390000.0,,23.79,,1.54,1.6,2.22,15.65,-15.38%,27.27%,-14.44%,17.33%,27.83%,3.33,-0.0348,60300.0,2025-08-08 17:44:52
MESA,45210000.0,,,,0.11,,0.79,,-,-,-,-,-8.01%,1.08,0.009300000000000001,51245.0,2025-08-08 17:44:52
SYPR,45040000.0,,,,0.34,2.38,6.8,,-,-,16.64%,-,9.79%,1.96,0.0051,16446.0,2025-08-08 17:44:52
WOK,44970000.0,,,,,,,,-,-,-,-,-31.59%,0.8,0.0062,57594.0,2025-08-08 17:44:52
VTVT,44720000.0,,,,2236.12,4.62,1.44,,-8.91%,-4.45%,32.98%,-5.85%,-18.12%,14.0,-0.006999999999999999,894.0,2025-08-08 17:44:52
KLRS,44690000.0,,,,,0.78,0.44,,73.99%,32.72%,-6.86%,81.97%,-,2.67,-0.0148,28903.0,2025-08-08 17:44:52
SLGL,44540000.0,,,,3.68,2.21,2.64,,-,-,21.32%,-,-12.81%,15.99,0.09449999999999999,16603.0,2025-08-08 17:44:52
GRCE,44520000.0,,,,,0.66,2.01,,-4.43%,-0.61%,44.08%,-,-,3.22,0.0915,171951.0,2025-08-08 17:44:52
BMR,44390000.0,,,,14.51,2.11,2.69,,-,-,-16.34%,-,-0.89%,2.86,0.0106,58928.0,2025-08-08 17:44:52
FKWL,44270000.0,,,,0.98,1.25,1.16,7.79,-,-,-22.75%,-,-3.32%,3.76,-0.0037,6033.0,2025-08-08 17:44:52
LIVE,44120000.0,132.9,,,0.1,0.5,5.79,2.36,-,-,-32.06%,-,19.59%,14.34,-0.0245,9003.0,2025-08-08 17:44:52
TURN,44030000.0,,,,226.02,0.94,,,-,-,-,-,-,4.38,0.0258,24000.0,2025-08-08 17:44:52
ESHA,43990000.0,44.67,,,,5.44,34.37,,-,-,-,-,-,11.28,0.016200000000000003,600.0,2025-08-08 17:44:52
ZYXI,43930000.0,,,,0.3,34.83,2.5,,-1562.96%,66.08%,-18.26%,-,33.44%,1.45,-0.013600000000000001,197530.0,2025-08-08 17:44:52
TECTP,43880000.0,5.03,,,0.57,0.66,,,-,-,-,-,-,10.83,-0.011899999999999999,3377.0,2025-08-08 17:44:52
IPSC,43710000.0,,,,0.38,0.18,0.26,,82.97%,-393.84%,18.46%,5.86%,-,0.51,-0.0414,654342.0,2025-08-08 17:44:52
QMMM,43200000.0,,,,123.42,210.92,719.95,,-,-,-,-,-,2.51,-0.0195,4788263.0,2025-08-08 17:44:52
CAPT,43050000.0,,,,,,64.26,,-,-,-,-,-,1.33,-0.0362,118894.0,2025-08-08 17:44:52
JG,42570000.0,,,,0.9,4.66,2.72,,-,-,43.18%,-,-19.65%,9.0,0.0158,7926.0,2025-08-08 17:44:52
FOXX,42310000.0,139.29,,,,,11.16,,-,-,-,-,-,6.24,-0.025,24093.0,2025-08-08 17:44:52
QRHC,42290000.0,,6.39,,0.15,0.95,29.57,,33.33%,1700.00%,-189.38%,-,23.86%,2.05,0.0074,341437.0,2025-08-08 17:44:52
WETO,42240000.0,,,,7.78,12.35,22.83,,-,-,-,-,-,1.92,-0.0352,2839449.0,2025-08-08 17:44:52
DWSN,42140000.0,,,,0.72,2.3,15.78,,-,-,27.29%,-,-12.64%,1.36,0.0,29864.0,2025-08-08 17:44:52
SWVL,42130000.0,,,,2.45,17.04,8.49,,-,-,-306.04%,-,-,3.93,0.0026,1637.0,2025-08-08 17:44:52
TOP,42080000.0,,,,15.41,1.05,1.86,14.31,-,-,-17.68%,-,-16.46%,1.14,-0.0036,25120.0,2025-08-08 17:44:52
PODC,42000000.0,,,,0.81,2.73,38.89,,42.31%,53.33%,-16.70%,51.32%,21.60%,1.59,-0.0155,25467.0,2025-08-08 17:44:52
CVU,41990000.0,22.75,,,0.54,1.69,22.45,30.43,-,-,-,-,-1.52%,3.23,-0.012199999999999999,32598.0,2025-08-08 17:44:52
ATMC,41990000.0,57.73,,,,3.58,,839.74,-,-,-,-,-,12.1,0.0059,136.0,2025-08-08 17:44:52
HFBL,41970000.0,10.66,,,1.29,0.75,,12.84,-,-,3.30%,-,6.02%,13.44,0.0143,9671.0,2025-08-08 17:44:52
INDO,41940000.0,,,,15.71,2.16,9.18,,-,-,-14.80%,-,-8.61%,2.89,-0.0137,307068.0,2025-08-08 17:44:52
JRSH,41910000.0,,9.43,,0.29,0.67,3.14,,478.57%,32.08%,-,-,9.41%,3.3,0.003,17927.0,2025-08-08 17:44:52
RSF,41850000.0,9.01,6.09,,,,,,31.88%,14.76%,-,-,-,14.68,-0.0014000000000000002,15161.0,2025-08-08 17:44:52
NDLS,41800000.0,,,,0.08,,29.86,,11.11%,26.25%,-,-,1.30%,0.91,0.045599999999999995,298450.0,2025-08-08 17:44:52
HYPD,41800000.0,,,,597.19,,10.64,,-,-,12.70%,-,-,7.46,0.3564,1503153.0,2025-08-08 17:44:52
RNXT,41700000.0,,,,173.73,3.17,2.86,,18.75%,-1.54%,2.24%,-,-,1.14,-0.05,194041.0,2025-08-08 17:44:52
BTCM,41630000.0,,,,,0.73,3.65,,-,-,51.94%,-,41.79%,2.61,-0.0076,326259.0,2025-08-08 17:44:52
TLYS,41610000.0,,,,0.07,0.53,1.12,,3.90%,11.49%,-,-,-1.66%,1.38,-0.08,203024.0,2025-08-08 17:44:52
UONE,41600000.0,,,,0.1,0.47,0.36,1.23,-,-,-,-,0.58%,1.62,0.0,4219.0,2025-08-08 17:44:52
IXHL,41420000.0,,,,414.15,1.06,5.11,,16.52%,-62.50%,-130.90%,-,-,0.44,-0.0443,170115703.0,2025-08-08 17:44:52
CPSH,41400000.0,,,,1.61,2.78,12.11,,-,-,-34.92%,-,-0.32%,2.85,0.028900000000000002,37035.0,2025-08-08 17:44:52
NEPH,41350000.0,51.66,66.21,,2.66,4.45,10.13,91.88,187.50%,104.87%,-,-,6.51%,3.9,0.34950000000000003,149535.0,2025-08-08 17:44:52
USIO,41330000.0,14.89,14.86,,0.49,2.2,5.5,6.4,-75.00%,250.00%,-,-,24.08%,1.56,0.0,113029.0,2025-08-08 17:44:52
SNTI,41200000.0,,,,,1.68,1.91,,69.24%,42.43%,-,34.18%,-,1.58,0.026000000000000002,88654.0,2025-08-08 17:44:52
KORE,41180000.0,,,,0.15,,2.09,4.67,63.10%,31.18%,-8.09%,-,7.56%,2.4,0.0526,2471.0,2025-08-08 17:44:52
MAMK,41060000.0,20.41,,,1.92,4.57,205.32,,-4.70%,-,-,-,-,2.47,-0.0463,22553.0,2025-08-08 17:44:52
DVLT,41060000.0,,,,13.46,0.34,241.51,,97.15%,59.09%,84.68%,85.20%,9.93%,0.42,0.046799999999999994,1592378.0,2025-08-08 17:44:52
QETA,41000000.0,92.14,,,,2.83,170.83,,-,-,-,-,-,11.14,0.0,0.0,2025-08-08 17:44:52
MODD,40630000.0,,,,,2.36,3.1,,-,-,10.65%,-,-,0.75,0.0203,154751.0,2025-08-08 17:44:52
MOGO,40380000.0,13.11,,,0.8,0.66,6.79,2.8,118.77%,-750.01%,15.64%,-,2.78%,1.65,-0.0407,199561.0,2025-08-08 17:44:52
LVTX,40250000.0,,,,8.07,1.56,0.6,,-30.90%,40.85%,81.88%,24.31%,-,1.53,0.0,221142.0,2025-08-08 17:44:52
RAVE,40080000.0,15.12,,,3.27,3.0,4.6,11.39,-,-,-,-,-0.28%,2.82,0.0444,5394.0,2025-08-08 17:44:52
JUNS,40050000.0,,11.0,,,13.07,14.78,,-212.50%,144.00%,25.26%,-,-,1.21,-0.0547,116989.0,2025-08-08 17:44:52
QVCGA,40020000.0,,,,0.0,,0.04,0.49,-,-,-24.81%,-,-5.70%,4.16,0.2164,395667.0,2025-08-08 17:44:52
GRF,39960000.0,7.19,,,41.56,0.87,,,-,-,-,-,-,10.07,0.0,131.0,2025-08-08 17:44:52
TACT,39920000.0,,,,0.83,1.29,2.25,13.67,42.31%,53.33%,-,-,-1.06%,3.96,0.0421,19401.0,2025-08-08 17:44:52
ENGS,39900000.0,,,,3.52,,210.0,,-,-,-,-,-,2.8,-0.024399999999999998,82592.0,2025-08-08 17:44:52
CCEL,39480000.0,,,,1.23,,8.91,6.65,-20.00%,-250.00%,-29.04%,-,0.11%,4.9,0.0103,3505.0,2025-08-08 17:44:52
COEP,39220000.0,,,,653.63,5.58,9.18,,-,-,-322.46%,-,-,11.16,0.0528,47806.0,2025-08-08 17:44:52
MGRT,39190000.0,71.25,,,11.87,20.36,97.97,,-25.90%,-,-,-,-,2.85,-0.22760000000000002,296333.0,2025-08-08 17:44:52
BMGL,38990000.0,97.42,,,5.21,7.31,7.14,,-,-,-,-,-,2.08,0.0073,72232.0,2025-08-08 17:44:52
ICMB,38920000.0,9.0,6.59,,1.85,0.5,,,-21.74%,13.89%,-,-,-,2.7,-0.0182,48378.0,2025-08-08 17:44:52
ACRV,38880000.0,,,,,0.24,0.26,,7.47%,-4.89%,-74.96%,2.47%,-,1.24,-0.0236,122862.0,2025-08-08 17:44:52
OMCC,38830000.0,,,,4.14,0.72,1.58,,-,-,-,-,-31.50%,5.75,-0.0336,144.0,2025-08-08 17:44:52
USEG,38750000.0,,,,2.22,1.16,3.67,,76.36%,23.40%,-7.01%,-,25.69%,1.14,-0.0087,195130.0,2025-08-08 17:44:52
TOPP,38500000.0,,,,2.39,3.82,22.13,,-,-,-,-,-,2.2,-0.0045000000000000005,5098.0,2025-08-08 17:44:52
AHT,38430000.0,,,,0.03,,0.15,,-93.16%,-14.43%,59.34%,-,-4.84%,6.3,0.0064,10374.0,2025-08-08 17:44:52
AIFF,38400000.0,,,,18.92,6.53,4.03,,-,-,3.61%,-,-59.70%,2.9,0.032,261703.0,2025-08-08 17:44:52
MDBH,38310000.0,3.55,,,7.71,0.57,1.91,,-,-,-,-,-30.89%,3.85,-0.0128,6039.0,2025-08-08 17:44:52
CALC,38280000.0,,,,,3.52,1.56,,-26.02%,1.63%,47.54%,-13.56%,-,2.74,-0.0584,25159.0,2025-08-08 17:44:52
LGL,38260000.0,95.3,,,16.42,0.98,0.91,36.44,-,-,-43.97%,-,-41.28%,7.1,0.0085,5455.0,2025-08-08 17:44:52
HERZ,38210000.0,,,,,,,,-,-,-,-,-,2.42,0.0083,7766.0,2025-08-08 17:44:52
AMTD,38040000.0,1.34,,,0.7,0.05,0.43,,-,-,-26.82%,-,-4.09%,0.94,-0.0217,39281.0,2025-08-08 17:44:52
ZONE,37840000.0,,,,19.91,19.65,47.3,,77.50%,-,-,-,-,3.93,0.026099999999999998,5962.0,2025-08-08 17:44:52
ISPO,37790000.0,,,,0.14,,1.28,,-9.89%,-,24.11%,-,-,3.03,-0.016200000000000003,35882.0,2025-08-08 17:44:52
PLUR,37720000.0,,,,36.62,,1.41,,-,-,29.51%,33.58%,43.27%,4.82,-0.0029,2509.0,2025-08-08 17:44:52
AERT,37580000.0,,,,0.54,,13.61,,-,-,-,-,-,0.8,-0.0075,29885.0,2025-08-08 17:44:52
FAT,37360000.0,,,,0.06,,1.12,,-109.70%,27.75%,-166.60%,-,92.36%,2.03,-0.0098,67251.0,2025-08-08 17:44:52
NMTC,37290000.0,,,,4.26,20.87,28.25,,71.74%,-15.38%,23.14%,37.93%,-,0.75,-0.015,162824.0,2025-08-08 17:44:52
FTHM,37160000.0,,16.5,,0.1,0.84,4.55,,47.55%,124.24%,-21.60%,-,24.69%,1.32,0.0909,136807.0,2025-08-08 17:44:52
SELX,37060000.0,,,,,3.58,4.86,,-,-,-,-,-,0.99,-0.0833,21737.0,2025-08-08 17:44:52
RADX,36840000.0,,,,33.19,1.04,1.63,,84.18%,31.88%,-,53.47%,-,4.68,-0.0361,8308.0,2025-08-08 17:44:52
JSPR,36800000.0,,,,,0.87,0.75,,9.44%,17.53%,54.53%,10.38%,-,2.45,-0.1026,588767.0,2025-08-08 17:44:52
OVID,36610000.0,,,,66.57,0.62,0.85,,-67.46%,-5.57%,24.72%,-,-,0.51,0.0066,379190.0,2025-08-08 17:44:52
UG,36300000.0,12.58,,,3.18,3.35,4.47,13.3,-,-,-7.35%,-,-2.18%,7.9,-0.005,8386.0,2025-08-08 17:44:52
MJID,36280000.0,,,,2.9,,,,-25.00%,-,-,-,-,1.77,0.0412,385015.0,2025-08-08 17:44:52
SNAL,36280000.0,26.14,4.24,,0.4,3.98,3.88,,-80.00%,2200.00%,-,-,-0.43%,0.97,-0.0348,23676.0,2025-08-08 17:44:52
POCI,36260000.0,,,,2.06,2.75,14.22,,-,-,-24.81%,-,22.93%,4.73,-0.0096,1131.0,2025-08-08 17:44:52
CLGN,36250000.0,,285.0,,14.68,2.63,3.3,,81.38%,103.70%,8.32%,47.48%,-25.98%,2.85,-0.0104,20358.0,2025-08-08 17:44:52
STTK,36230000.0,,,,7.86,0.54,0.59,,36.24%,16.84%,-20.93%,11.01%,-10.36%,0.76,-0.0315,684286.0,2025-08-08 17:44:52
FARM,36210000.0,,,,0.11,0.97,8.56,,-236.84%,52.34%,46.82%,-,-10.56%,1.68,0.012,62369.0,2025-08-08 17:44:52
ALXO,36170000.0,,,,,0.41,0.37,,37.86%,25.64%,-32.29%,31.05%,-,0.68,-0.0397,325373.0,2025-08-08 17:44:52
KIDZ,36170000.0,,,,21.4,,452.14,,-,-,-,-,-,1.52,0.23579999999999998,1778741.0,2025-08-08 17:44:52
SCWO,36070000.0,,,,53.83,2.87,5.24,,-,-,-41.65%,-,79.36%,0.25,-0.022400000000000003,598683.0,2025-08-08 17:44:52
NIXX,36040000.0,,,,20.14,5.9,81.91,,-,-,58.58%,-,-36.65%,1.73,-0.005699999999999999,45849.0,2025-08-08 17:44:52
LGCB,35860000.0,,,,597.64,215.05,,,-,-,-,-,-,2.64,0.0118,5498.0,2025-08-08 17:44:52
PPSI,35700000.0,,,,1.04,1.03,1.38,,-53.23%,71.58%,29.35%,-,2.14%,3.21,-0.0273,24375.0,2025-08-08 17:44:52
RANI,35670000.0,,,,29.73,,2.18,,12.86%,15.21%,4.78%,26.63%,0.98%,0.53,-0.009399999999999999,461372.0,2025-08-08 17:44:52
WIMI,35550000.0,7.13,,,0.47,0.52,0.14,0.48,-,-,-16.35%,-,10.27%,3.62,-0.0109,657574.0,2025-08-08 17:44:52
MGLD,35520000.0,,,,1.14,1.45,2.28,,-448.30%,-,-,-,4.00%,0.83,0.0113,1061.0,2025-08-08 17:44:52
OPAD,35470000.0,,,,0.05,1.31,1.33,0.82,34.91%,58.71%,21.57%,57.31%,-3.61%,1.16,0.1048,930358.0,2025-08-08 17:44:52
APWC,35450000.0,,,,,0.23,1.04,,-,-,-,-,6.93%,1.72,-0.0118,1890.0,2025-08-08 17:44:52
BCG,35360000.0,,,,0.21,91.61,4.01,12.86,-,-,-55.39%,-,-,2.13,0.0191,18383.0,2025-08-08 17:44:52
FGEN,35200000.0,,,,0.34,,1.05,,98.71%,-5983.87%,11.75%,-10.22%,-35.07%,8.71,0.09699999999999999,66736.0,2025-08-08 17:44:52
SCOR,35060000.0,,1.58,,0.1,,1.19,,290.99%,69.22%,31.98%,-,-1.74%,6.99,-0.0183,38747.0,2025-08-08 17:44:52
ECOR,35030000.0,,,,1.26,30.99,4.74,,2.96%,53.95%,41.43%,-,60.15%,4.62,-0.0591,132443.0,2025-08-08 17:44:52
PEPG,35010000.0,,,,,0.49,0.47,,14.25%,20.38%,-116.35%,9.01%,-,1.07,-0.1008,295388.0,2025-08-08 17:44:52
HTCO,34880000.0,,,,0.32,5.77,5.05,,-125.30%,-,-,-,-,7.21,-0.0507,137608.0,2025-08-08 17:44:52
LASE,34830000.0,,,,7.02,5.09,193.51,,-,-,-230.21%,-,-,2.44,-0.0394,111121.0,2025-08-08 17:44:52
CSAI,34670000.0,,,,18.64,4.39,5.02,,-,-,-64.93%,-,77.69%,1.9,0.0053,122356.0,2025-08-08 17:44:52
SJ,34650000.0,10.39,5.91,,0.19,0.21,0.84,,-,-,44.45%,-,-,0.83,0.0255,105376.0,2025-08-08 17:44:52
MODV,34590000.0,,,,0.01,,0.29,,-631.46%,63.27%,-121.49%,18.36%,13.05%,2.41,0.034300000000000004,288484.0,2025-08-08 17:44:52
MEIP,34580000.0,,,,,1.77,1.69,,-,-,-,-,67.75%,5.19,0.0176,504573.0,2025-08-08 17:44:52
YI,34560000.0,,,,0.02,,0.45,,-,-,34.73%,-,28.46%,6.86,0.0049,40279.0,2025-08-08 17:44:52
XLO,34330000.0,,,,3.7,3.21,0.39,1.63,78.90%,-135.62%,-11.55%,13.01%,-,0.66,0.0116,611500.0,2025-08-08 17:44:52
KITT,34330000.0,,,,22.74,21.4,3.4,,-,-,-1095.17%,-,-,0.93,0.029500000000000002,1069427.0,2025-08-08 17:44:52
NYC,34260000.0,,,,0.58,0.44,2.16,,-,-,-6.37%,-,-2.23%,13.01,-0.0032,1967.0,2025-08-08 17:44:52
ENLV,34110000.0,,,,,1.65,1.65,,10.45%,-1.72%,7.57%,-6.46%,-,1.43,0.0593,245224.0,2025-08-08 17:44:52
KPTI,34040000.0,,,,0.24,,0.49,,10.98%,38.36%,27.91%,47.98%,28.85%,3.94,-0.0076,90784.0,2025-08-08 17:44:52
KMRK,33970000.0,40.25,,,,,,,-,-,-,-,-,1.61,0.0062,169259.0,2025-08-08 17:44:52
SDST,33910000.0,,,,,,21.33,,49.45%,5.04%,-763.01%,15.66%,-,0.4,0.002,717586.0,2025-08-08 17:44:52
IPWR,33880000.0,,,,1694.23,2.18,2.47,,21.88%,5.00%,11.64%,13.79%,-,4.06,-0.0051,44043.0,2025-08-08 17:44:52
DYAI,33860000.0,,,,9.54,30.53,4.61,,5.00%,36.84%,8.43%,26.32%,15.77%,0.94,-0.013600000000000001,91832.0,2025-08-08 17:44:52
SCYX,33750000.0,,1.5,,12.83,0.67,0.82,,20.45%,264.76%,46.02%,-,98.68%,0.87,-0.011399999999999999,288413.0,2025-08-08 17:44:52
INTZ,33620000.0,,,,5.24,2.51,3.13,,77.91%,30.56%,-,-,-15.81%,1.69,0.056299999999999996,213683.0,2025-08-08 17:44:52
ANTE,33530000.0,7.42,,,98.62,3.07,93.14,,-,-,-34.18%,-,-57.93%,2.34,-0.1702,188662.0,2025-08-08 17:44:52
DTST,33490000.000000004,181.78,23.45,,1.33,1.54,3.01,,-157.14%,600.00%,-,-,24.50%,4.69,0.0,33010.0,2025-08-08 17:44:52
FMST,33490000.000000004,,,,,1.71,9.62,,-,-,13.02%,-,-,2.8,-0.0968,299435.0,2025-08-08 17:44:52
CYN,33390000.0,,,,77.66,0.99,0.85,,-,-,14.07%,-,24.21%,6.6,-0.013500000000000002,780791.0,2025-08-08 17:44:52
SOHO,33290000.0,,,,0.18,0.35,1.01,3.52,-,-,4.49%,-,-0.42%,0.81,-0.0115,17826.0,2025-08-08 17:44:52
BEAT,33130000.000000004,,,,,4.39,4.07,,-1.37%,0.00%,-61.91%,40.99%,-,0.98,0.046799999999999994,90674.0,2025-08-08 17:44:52
CLNN,33060000.000000004,,,,94.46,,3.36,,70.28%,9.50%,21.17%,-,-,3.68,0.0027,49607.0,2025-08-08 17:44:52
COCH,32930000.0,,,,149.69,,6.23,,16.55%,-1.34%,-,-,-,1.53,0.0408,27505.0,2025-08-08 17:44:52
RMTI,32920000.0,,,,0.34,1.05,1.9,15.24,-550.00%,28.21%,66.71%,-,10.61%,0.96,-0.017,126261.0,2025-08-08 17:44:52
PYPD,32810000.000000004,,,,,381.52,4.0,,64.66%,47.98%,-37.40%,52.99%,-,3.22,0.0031,79836.0,2025-08-08 17:44:52
LITM,32780000.0,,,,,0.69,1.66,,-,-,-28.52%,-,-,4.19,0.0449,201096.0,2025-08-08 17:44:52
BGFV,32770000.000000004,,,,0.04,0.24,6.74,,-,-,-,-,-4.41%,1.43,0.006999999999999999,735603.0,2025-08-08 17:44:52
BEEM,32700000.000000004,,,,0.8,1.2,13.08,,-115.91%,59.30%,2.61%,0.43%,57.37%,2.12,-0.0493,213973.0,2025-08-08 17:44:52
TOON,32689999.999999996,,,,0.91,1.14,5.45,,-,-,46.64%,-,40.54%,0.68,0.034,89775.0,2025-08-08 17:44:52
NTIP,32670000.0,,,,130.68,0.77,0.83,,-,-,-11.80%,-,-49.47%,1.43,0.0,9139.0,2025-08-08 17:44:52
SQNS,32670000.0,,,,0.87,0.79,0.79,,-134.43%,65.96%,-,-,3.60%,1.28,0.0,3342281.0,2025-08-08 17:44:52
ANTX,32590000.000000004,,,,,0.44,0.49,,23.84%,8.40%,-41.25%,-,-,1.08,0.0,33325.0,2025-08-08 17:44:52
FEDU,32479999.999999996,252.11,,,0.93,0.52,0.89,,-,-,-,-,-9.09%,14.37,0.0,170.0,2025-08-08 17:44:52
ZBAO,32470000.0,11.08,,,0.95,3.31,1.77,,-,-,-,-,-,1.03,0.0,34167.0,2025-08-08 17:44:52
WYY,32380000.000000004,,30.09,,0.23,2.44,7.53,,35.71%,181.48%,-,-,6.99%,3.31,-0.0378,56903.0,2025-08-08 17:44:52
BODI,32290000.0,,,,0.1,1.62,1.08,,75.93%,12.06%,22.13%,-,-16.55%,4.61,0.059800000000000006,24321.0,2025-08-08 17:44:52
SNYR,31910000.0,3.16,4.92,0.06,0.95,,113.96,,71.43%,50.00%,-,49.73%,0.59%,3.54,-0.0248,25097.0,2025-08-08 17:44:52
VERB,31880000.0,,,,7.45,1.66,3.08,,58.52%,34.37%,-,-,-37.11%,16.8,-0.14980000000000002,732792.0,2025-08-08 17:44:52
SIF,31880000.0,,,,0.35,0.98,16.6,19.32,-,-,7.81%,-,-6.67%,5.15,0.019799999999999998,23551.0,2025-08-08 17:44:52
ITRM,31750000.0,,,,,,2.44,,51.12%,75.86%,29.27%,29.64%,-,0.71,0.023799999999999998,945261.0,2025-08-08 17:44:52
CLSD,31670000.0,,,,8.42,,2.32,,32.52%,4.95%,10.40%,23.71%,-5.20%,0.41,0.064,430442.0,2025-08-08 17:44:52
NTRP,31620000.0,,,,70.26,4.65,243.22,,-,-,53.92%,-,4.50%,4.03,0.0025,11912.0,2025-08-08 17:44:52
CIF,31510000.0,11.0,,,9.57,0.97,,,-,-,-,-,-,1.76,0.0086,72958.0,2025-08-08 17:44:52
MRSN,31400000.0,,,,0.92,,0.31,,-21.27%,-96.72%,-85.16%,-,-0.78%,6.3,-0.046900000000000004,99027.0,2025-08-08 17:44:52
MDCX,31380000.0,,,,,12.31,7.89,,5.20%,17.07%,-,7.25%,-,1.97,-0.09630000000000001,401401.0,2025-08-08 17:44:52
GROW,31220000.0,215.45,,,3.51,0.68,0.87,,-58.10%,-,19.20%,-,25.70%,2.37,0.0,9681.0,2025-08-08 17:44:52
NRSN,31000000.0,,,,,11.33,9.09,,16.83%,56.08%,2.71%,27.32%,-,1.26,-0.0308,143514.0,2025-08-08 17:44:52
CISO,30800000.0,,,,1.03,4.02,17.21,,-,-,-63.66%,-,74.36%,0.94,0.0011,308765.0,2025-08-08 17:44:52
GIFT,30800000.0,,,,0.34,1.44,14.53,,53.42%,35.29%,31.05%,-,-,1.05,0.0,160925.0,2025-08-08 17:44:52
SYTA,30600000.0,,,,2.61,1.7,55.63,,94.78%,-2.23%,83.31%,-,3.46%,3.44,-0.0171,402341.0,2025-08-08 17:44:52
TPST,30080000.0,,,,,2.33,1.4,,48.05%,-2.45%,50.16%,22.92%,-,7.36,0.046900000000000004,42525.0,2025-08-08 17:44:52
MKDW,30060000.0,,,,,,111.34,,-,-,-,-,-,0.21,0.0024,238648.0,2025-08-08 17:44:52
MYND,30030000.0,,,,0.11,1.06,0.4,,-,-,-19.33%,-,7.97%,0.66,-0.013500000000000002,75215.0,2025-08-08 17:44:52
KTCC,30030000.0,,,,0.06,0.25,12.16,2.11,-,-,18.98%,-,4.09%,2.79,-0.0379,43034.0,2025-08-08 17:44:52
KLXE,30020000.0,,,,0.04,,1.74,,-33.92%,20.32%,31.45%,-,5.45%,1.71,0.1176,167601.0,2025-08-08 17:44:52
CRWS,30010000.0,,,,0.34,0.76,57.71,3.35,-,-,-,-,3.52%,2.84,0.010700000000000001,5516.0,2025-08-08 17:44:52
DAIO,29850000.0,,,,1.31,1.76,2.99,,14.82%,20.34%,-18.62%,47.54%,0.19%,3.23,-0.021099999999999997,29966.0,2025-08-08 17:44:52
XTIA,29810000.0,,,,8.59,0.64,3.72,,-,-,92.88%,-,-12.66%,1.87,-0.0053,582643.0,2025-08-08 17:44:52
ESLA,29760000.0,,,,,,70.86,,-,-,-,-,-,0.82,-0.0226,13956.0,2025-08-08 17:44:52
PYN,29600000.0,,,,10.18,0.78,,,-,-,-,-,-,5.15,0.0,0.0,2025-08-08 17:44:52
TLF,29570000.0,2.3,,,0.4,0.52,1.25,,-,-,-,-,-0.14%,3.48,0.0023,3597.0,2025-08-08 17:44:52
BLIV,29540000.0,,,,21.25,,590.78,,-,-,-,-,-,2.72,-0.014499999999999999,27383.0,2025-08-08 17:44:52
NTZ,29510000.0,,,,0.09,0.56,1.4,,-,-,15.30%,-,-4.46%,2.68,0.0113,193.0,2025-08-08 17:44:52
MBBC,29480000.0,61.62,,,2.97,0.92,,15.12,-,-,-,-,6.48%,10.02,0.001,322.0,2025-08-08 17:44:52
STFS,29430000.0,297.18,,,1.73,2.98,4.46,,-,-,-,-,-,2.11,-0.1134,3230764.0,2025-08-08 17:44:52
CLIR,29360000.0,,,,10.12,2.44,2.28,,-27.27%,21.43%,19.36%,18.29%,-,0.56,-0.003,98624.0,2025-08-08 17:44:52
OMH,29340000.0,,,,,,,,37.60%,81.82%,-18.26%,-,35.44%,1.27,-0.0305,42424.0,2025-08-08 17:44:52
KZR,29260000.0,,,,,0.28,0.26,,30.61%,20.07%,8.98%,18.69%,-,4.01,0.0063,23246.0,2025-08-08 17:44:52
NUKK,29150000.0,0.26,,,43.51,,6.54,,-,-,-198.79%,-,-21.06%,4.7,-0.073,233993.0,2025-08-08 17:44:52
MCTR,29070000.0,826.09,,,6.56,54.41,76.5,70.9,-,-,-,-,-,1.9,-0.0404,51856.0,2025-08-08 17:44:52
FEMY,29040000.0,,,,17.08,12.11,7.6,,28.63%,38.46%,2.49%,34.85%,11.89%,0.89,0.011899999999999999,166799.0,2025-08-08 17:44:52
LSB,28850000.0,,,,,,,,-,-,-,-,-,0.7,0.0255,22772.0,2025-08-08 17:44:52
CAMP,28830000.0,,,,,0.56,0.58,,77.50%,11.14%,-,44.12%,-,1.43,0.0,14192.0,2025-08-08 17:44:52
NXGL,28650000.0,,8.68,,2.8,3.95,24.08,,72.00%,321.43%,-,-,64.69%,2.69,0.0189,44532.0,2025-08-08 17:44:52
AKTX,28590000.0,,,,,1.31,10.83,,67.02%,1.08%,-,26.06%,-,0.99,-0.019799999999999998,114538.0,2025-08-08 17:44:52
IINN,28570000.0,,,,,6.26,4.87,,18.82%,64.86%,-12.00%,-,-,1.12,-0.0388,401983.0,2025-08-08 17:44:52
EDRY,28550000.0,,,,0.51,0.31,3.71,,-80.79%,72.25%,-40.24%,-,17.53%,10.1,-0.0395,335.0,2025-08-08 17:44:52
IGC,28480000.0,,,,22.43,4.34,69.47,,-,-,12.85%,-,-20.77%,0.34,0.0015,283453.0,2025-08-08 17:44:52
BTOG,28450000.0,,,,,,135.46,,-,-,-,-,-50.69%,0.49,0.14429999999999998,47008993.0,2025-08-08 17:44:52
AIRE,28380000.0,,,,15.34,,23.65,,70.69%,14.71%,-,29.88%,-,0.34,-0.0044,2996024.0,2025-08-08 17:44:52
SIDU,28250000.0,,,,7.32,1.03,2.41,,-,-,21.26%,-,10.80%,1.11,-0.0263,733288.0,2025-08-08 17:44:52
IZM,28050000.0,,,,0.16,1.93,4.94,6.19,-,-,-,-,8.26%,2.55,0.0079,27574.0,2025-08-08 17:44:52
VRAR,28010000.0,,,,3.2,1.67,3.97,,78.95%,87.50%,6.69%,-,55.03%,1.33,-0.0432,185160.0,2025-08-08 17:44:52
PXS,28000000.0,4.66,1.92,,0.57,0.3,0.7,,-54.25%,159.86%,-,-,13.18%,2.67,-0.11,86780.0,2025-08-08 17:44:52
PRZO,27960000.0,,,,111.85,,24.31,,-,-,5.06%,-,-24.19%,1.49,-0.0325,708658.0,2025-08-08 17:44:52
BOSC,27900000.0,9.81,,,0.64,1.21,7.13,,-,-,-,-,3.39%,4.71,-0.0407,77417.0,2025-08-08 17:44:52
TBHC,27860000.0,,,,0.06,,7.87,,27.94%,-,14.10%,-,-6.08%,1.24,-0.008,142437.0,2025-08-08 17:44:52
RVPH,27680000.0,,,,,,5.23,,40.28%,-7.91%,-,22.43%,-,0.41,-0.0504,1935985.0,2025-08-08 17:44:52
SPRU,27640000.0,,,,0.31,0.22,0.29,,-,-,-,-,-,1.55,0.3248,75113035.0,2025-08-08 17:44:52
TRSG,27630000.0,,,,2.88,2.16,3.98,,-,-,-,-,8.60%,1.69,0.0058,1316.0,2025-08-08 17:44:52
OKUR,27570000.0,,,,,0.3,0.29,,69.29%,26.58%,4.41%,41.01%,-,2.04,0.0149,76397.0,2025-08-08 17:44:52
SCNX,27540000.0,,,,183.62,0.32,13.44,,-,-,-50.13%,-,-55.04%,2.1,-0.0667,136355.0,2025-08-08 17:44:52
MURA,27540000.0,,,,,0.47,0.35,,25.33%,93.11%,-,74.89%,-,1.59,-0.0536,642806.0,2025-08-08 17:44:52
NTCL,27520000.0,,,,2.73,11.82,65.53,,-,-,-,-,35.74%,2.0,0.08109999999999999,257715.0,2025-08-08 17:44:52
GBIO,27480000.0,,,,1.12,0.37,0.17,,44.55%,-2.00%,-8.29%,22.41%,-,4.1,-0.012,58515.0,2025-08-08 17:44:52
SGRP,27480000.0,,,,0.17,1.05,1.53,,-,-,-,-,-8.34%,1.17,0.0,38749.0,2025-08-08 17:44:52
MSAI,27390000.0,,,,4.35,2.09,5.59,,68.86%,29.48%,-,-,-,0.82,0.023700000000000002,43147.0,2025-08-08 17:44:52
NINE,27300000.0,,,,0.05,,1.54,,1.44%,2.30%,31.69%,8.12%,-7.83%,0.63,-0.0621,1329230.0,2025-08-08 17:44:52
SOND,27150000.0,,,,0.04,,0.38,,-,-,-522.26%,-,-,2.04,-0.0192,11526.0,2025-08-08 17:44:52
JYD,27150000.0,,,,0.35,1.51,5.34,,-,-,-,-,16.90%,0.2,0.0102,243484.0,2025-08-08 17:44:52
LEE,27140000.0,,,,0.05,,5.82,,-,-,-,-,3.70%,4.36,-0.0215,21848.0,2025-08-08 17:44:52
HHS,27100000.0,,,,0.15,1.27,5.69,,-,-,0.49%,-,-3.17%,3.68,0.0366,4122.0,2025-08-08 17:44:52
MNDO,27080000.0,7.26,,,1.31,1.32,1.82,6.93,-,-,-2.59%,-,-1.10%,1.33,0.0076,16189.0,2025-08-08 17:44:52
DPRO,27040000.0,,,,5.54,26.38,18.27,,63.15%,51.30%,26.61%,-,35.71%,4.98,-0.0158,1742225.0,2025-08-08 17:44:52
GTEC,26960000.0,1.35,,,0.33,0.33,1.21,1.21,-,-,12.95%,-,9.88%,1.55,-0.019,248112.0,2025-08-08 17:44:52
INTG,26890000.0,,,,0.44,,1.9,,-,-,-,-,-4.90%,12.48,0.1545,4939.0,2025-08-08 17:44:52
KFFB,26600000.0,,,,1.4,0.55,,,-,-,-,-,4.91%,3.29,0.0545,439.0,2025-08-08 17:44:52
XOS,26550000.0,,,,0.55,1.04,5.58,,42.47%,29.93%,11.02%,-,114.55%,3.19,0.034,10928.0,2025-08-08 17:44:52
TOPS,26460000.0,5.26,,,0.31,0.18,3.07,1.53,-,-,-,-,5.44%,5.72,-0.0354,5316.0,2025-08-08 17:44:52
EBON,26300000.0,,,,4.48,0.1,0.12,,-,-,17.39%,-,-44.26%,4.02,-0.0025,4223.0,2025-08-08 17:44:52
SWAG,26140000.0,,,,0.28,0.84,2.15,,-,-,-,-,22.21%,1.41,0.0078000000000000005,12290.0,2025-08-08 17:44:52
STAI,25970000.0,2.92,,,,,33.73,,-,-,-,-,-,0.54,-0.0538,1594318.0,2025-08-08 17:44:52
VVOS,25910000.0,,,,1.77,5.88,11.07,,41.44%,46.15%,32.77%,-,5.70%,4.4,-0.0265,95859.0,2025-08-08 17:44:52
CLPS,25900000.0,,,,0.17,0.43,0.7,,-,-,17.11%,-,17.07%,0.93,0.027999999999999997,22202.0,2025-08-08 17:44:52
SAGT,25730000.0,2.33,,,2.24,0.96,69.53,233.89,-,-,-,-,-,2.05,-0.0639,106615.0,2025-08-08 17:44:52
FLUX,25680000.0,,,,0.41,,50.35,27.91,21.60%,85.71%,29.27%,-,45.53%,1.52,0.0066,39102.0,2025-08-08 17:44:52
RNTX,25580000.0,,,,,5.01,3.44,,73.79%,-,31.90%,-,-,1.11,0.0,34950.0,2025-08-08 17:44:52
NOM,25550000.0,18.74,,,13.11,0.94,,,-,-,-,-,-,10.87,0.006500000000000001,3272.0,2025-08-08 17:44:52
NNVC,25390000.0,,,,,2.87,10.0,,-,-,21.52%,-,-,1.58,0.0,61373.0,2025-08-08 17:44:52
BTCT,25320000.0,,,,2.17,0.43,1.58,,69.70%,-,91.57%,-,-,2.66,-0.0362,138043.0,2025-08-08 17:44:52
LITB,25280000.0,17.42,,,0.11,,1.43,,-,-,-,-,0.95%,1.37,0.0034000000000000002,2053.0,2025-08-08 17:44:52
CASI,25250000.0,,,,0.8,,1.99,,19.14%,21.26%,11.81%,14.68%,47.19%,1.63,0.10880000000000001,230689.0,2025-08-08 17:44:52
CREX,25140000.0,,8.31,,0.52,0.84,21.86,,213.97%,-25.81%,-,-,9.98%,2.39,0.0258,36265.0,2025-08-08 17:44:52
PTNM,25080000.0,19.82,,,2.61,,,,-11.30%,-,-,-,-,1.09,-0.0603,103334.0,2025-08-08 17:44:52
HSON,25020000.0,,4.13,,0.18,0.63,1.47,,125.58%,900.00%,-42.68%,-,8.35%,9.08,-0.0049,22480.0,2025-08-08 17:44:52
NVFY,24990000.0,,,,2.51,3.67,166.6,,-,-,27.92%,-,-15.12%,1.82,-0.08789999999999999,98806.0,2025-08-08 17:44:52
RAIN,24960000.0,,,,,,92.46,,-,-,-,-,-,3.29,-0.0771,3960.0,2025-08-08 17:44:52
TURB,24890000.0,,,,2.39,9.16,9.88,26.77,-,-,-,-,-,2.26,-0.011200000000000002,1518.0,2025-08-08 17:44:52
WFF,24860000.0,197.36,,,5.4,8.22,19.12,35.51,-76.20%,-,-,-,-,0.99,-0.0032,189295.0,2025-08-08 17:44:52
IHT,24850000.0,,,,3.31,4.11,2485.39,,-,-,3.27%,-,2.94%,2.08,0.061200000000000004,828.0,2025-08-08 17:44:52
CVV,24850000.0,,,,0.82,0.96,2.43,,-,-,22.01%,-,6.47%,3.61,0.0196,12902.0,2025-08-08 17:44:52
ARKR,24850000.0,,,,0.14,0.65,2.23,67.15,-,-,-,-,2.48%,6.89,-0.0377,13309.0,2025-08-08 17:44:52
CMBM,24790000.0,,,,0.14,0.57,0.53,,-,-,-117.95%,-,-1.85%,0.88,-0.0723,136876.0,2025-08-08 17:44:52
MDRR,24640000.0,,,,2.6,1.07,5.81,25.94,-,-,-,-,3.77%,11.1,0.0463,85.0,2025-08-08 17:44:52
GFAI,24600000.0,,9.75,,0.68,0.65,1.12,,283.33%,9.09%,-,-,-1.18%,1.17,0.0174,335441.0,2025-08-08 17:44:52
TENX,24520000.0,,,,,0.21,0.22,,-1.64%,-142.08%,77.86%,-27.58%,-,5.91,-0.011699999999999999,9396.0,2025-08-08 17:44:52
VCIG,24500000.0,,,,,,,,-,-,-,-,-,0.91,0.0339,1964953.0,2025-08-08 17:44:52
BTAI,24470000.0,,,,13.22,,0.79,,75.36%,32.90%,6.20%,61.76%,-,4.04,0.1848,42951535.0,2025-08-08 17:44:52
FBLG,24400000.0,,,,,27.67,2.76,,-35.29%,-10.14%,-,-20.17%,-,0.58,0.0902,1007981.0,2025-08-08 17:44:52
AZI,24400000.0,5.42,,,1.41,,69.71,,-,-,-,-,-,0.23,0.0148,374089.0,2025-08-08 17:44:52
GWH,24360000.0,,,,5.86,1.79,1.78,,41.19%,43.09%,1.40%,-,-,1.79,-0.027200000000000002,124344.0,2025-08-08 17:44:52
ZCMD,24270000.0,,,,1.53,1.17,1.86,,-,-,-,-,1.29%,0.96,-0.0441,556.0,2025-08-08 17:44:52
CKX,24240000.0,31.9,,,14.26,1.28,6.55,,71.40%,-,-1.40%,-,13.40%,11.8,0.0,220.0,2025-08-08 17:44:52
GYRO,24200000.0,,,,,,,,-,-,-,-,-,11.0,0.08800000000000001,254.0,2025-08-08 17:44:52
BOLD,24180000.0,,,,,0.2,0.19,,33.96%,4.52%,-,35.36%,-,1.08,-0.0526,66704.0,2025-08-08 17:44:52
FGF,24130000.0,,,,0.64,0.57,,,-,-,40.67%,-,38.61%,18.78,-0.4808,686755.0,2025-08-08 17:44:52
CENN,24120000.0,,,,0.8,0.21,2.76,,-,-,42.34%,-,-11.96%,0.5,0.0265,166388.0,2025-08-08 17:44:52
EPOW,24020000.0,,,,0.37,,2.57,,-,-,-,-,29.39%,0.89,-0.0012,10616.0,2025-08-08 17:44:52
MIRA,24000000.0,,,,,17.93,19.83,,26.67%,15.58%,-224.25%,-,-,1.38,0.0073,169445.0,2025-08-08 17:44:52
DRIO,24000000.0,,,,0.86,0.31,0.86,,-36.07%,35.34%,41.84%,-23.53%,29.04%,0.54,0.0282,56546.0,2025-08-08 17:44:52
TRT,23940000.0,,,,0.67,0.74,1.3,70.41,-,-,-9.88%,-,1.54%,5.55,-0.0331,923.0,2025-08-08 17:44:52
JVA,23920000.0,6.49,,,0.28,0.86,13.07,113.91,-,-,-,-,0.51%,4.19,-0.0256,30709.0,2025-08-08 17:44:52
OESX,23880000.0,,,,0.3,2.11,6.71,8.18,45.37%,59.32%,-,-,-11.97%,0.68,0.0373,218187.0,2025-08-08 17:44:52
BLBX,23850000.0,,,,9.54,5.05,108.42,,-,-,7.76%,-,19.29%,6.54,-0.022400000000000003,44151.0,2025-08-08 17:44:52
BOF,23720000.0,,,,2.88,5.43,9.92,,-,-,-,-,-,2.2,-0.0179,276627.0,2025-08-08 17:44:52
WVVI,23600000.0,,,,0.61,0.96,71.52,,-,-,-,-,9.96%,4.76,0.0069,1599.0,2025-08-08 17:44:52
UTSI,23580000.0,,,,2.17,0.5,0.46,,-,-,-1.64%,-,-30.19%,2.49,0.012199999999999999,495.0,2025-08-08 17:44:52
GDTC,23470000.0,,,,469.31,3.28,6.45,,-,-,-290.76%,-,-,1.87,0.0054,3266.0,2025-08-08 17:44:52
IQST,23450000.0,,,,0.08,7.0,21.52,,-,-,36.36%,-,73.47%,8.09,-0.0593,87963.0,2025-08-08 17:44:52
NCRA,23420000.0,,,,1.41,5.69,44.19,,-,-,-3.09%,-,106.16%,1.63,0.0,35634.0,2025-08-08 17:44:52
HBIO,23340000.0,,8.8,,0.26,1.57,4.2,61.41,16.67%,71.43%,-18.10%,-,-4.12%,0.53,0.026600000000000002,292084.0,2025-08-08 17:44:52
COSM,23320000.0,,,,0.44,0.84,30.28,,-,-,28.41%,-,6.53%,0.8,-0.24050000000000002,1513798.0,2025-08-08 17:44:52
COHN,23290000.0,10.3,,,0.12,0.54,0.9,,-,-,46.41%,-,-7.16%,11.44,0.0034999999999999996,10426.0,2025-08-08 17:44:52
STRM,23260000.0,,,,1.27,2.09,16.04,,-,-,-,-,8.59%,5.34,0.0027,112692.0,2025-08-08 17:44:52
NSYS,23240000.0,,,,0.2,0.71,35.76,,-,-,-0.40%,-,1.95%,8.42,0.0362,10476.0,2025-08-08 17:44:52
RVP,23200000.0,,,,0.69,0.3,0.65,,-,-,-,-,-4.59%,0.77,0.0333,57179.0,2025-08-08 17:44:52
GREE,23160000.0,,,,0.39,,1.74,,-,-,-,-,-1.23%,1.5,-0.0415,113777.0,2025-08-08 17:44:52
ARBK,23020000.0,,,,0.46,,2.67,,-,-,-88.81%,-,34.58%,0.32,0.019,901966.0,2025-08-08 17:44:52
LBGJ,22960000.0,,,,1.95,3.0,19.3,,-,-,-,-,1.95%,1.24,0.052000000000000005,295.0,2025-08-08 17:44:52
EQS,22920000.0,,,,17.25,0.67,,,-,-,-,-,-,1.69,0.0383,146696.0,2025-08-08 17:44:52
NAII,22890000.0,,,,0.18,0.3,2.16,,-,-,-,-,-3.65%,3.7,0.0011,1992.0,2025-08-08 17:44:52
GLE,22850000.0,221.31,,,3.88,2.09,6.6,,-,-,-4.32%,-,49.01%,1.0,0.0106,37135.0,2025-08-08 17:44:52
CVKD,22830000.0,,,,,3.48,3.11,,18.84%,35.78%,-,12.39%,-,11.15,0.053899999999999997,27301.0,2025-08-08 17:44:52
HAO,22700000.0,3.53,,,0.46,0.18,2.49,,-,-,-,-,-,1.17,-0.0085,2923.0,2025-08-08 17:44:52
HCAI,22610000.0,17.01,,,0.55,1.27,753.64,15.07,-,-,-,-,-,0.67,-0.0492,35604.0,2025-08-08 17:44:52
XBP,22570000.0,,,,0.16,,2.33,8.65,-,-,-,-,-,0.63,0.015700000000000002,733907.0,2025-08-08 17:44:52
JOB,22500000.0,,,,0.21,0.44,1.22,,-,-,31.83%,-,-5.14%,0.21,-0.0163,101780.0,2025-08-08 17:44:52
LSTA,22350000.0,,,,22.35,0.88,0.87,,-11.46%,53.27%,38.88%,17.86%,-,2.6,-0.07139999999999999,26060.0,2025-08-08 17:44:52
ELBM,22270000.0,,,,,0.49,9.94,,44.48%,40.34%,38.72%,-,-,1.24,0.0377,239171.0,2025-08-08 17:44:52
PSHG,22270000.0,0.9,2.2,,0.26,0.07,0.23,,37.39%,-46.56%,-,-9.97%,69.23%,1.79,-0.005,40470.0,2025-08-08 17:44:52
AMZE,22180000.0,,,,88.7,0.04,46.2,,-,-,-38.47%,-,-,4.2,0.22089999999999999,174202.0,2025-08-08 17:44:52
WXM,22150000.0,,,,,4.03,23.07,,-,-,-,-,-,3.21,0.0322,1102.0,2025-08-08 17:44:52
JL,22150000.0,56.69,,,4.42,11.78,16.17,,-,-,2.52%,-,13.39%,5.89,0.0416,1918.0,2025-08-08 17:44:52
RLYB,22090000.0,,,,29.07,0.48,0.48,,25.06%,-16.39%,-19.41%,-,-,0.53,0.0391,474879.0,2025-08-08 17:44:52
ANGH,22070000.0,,,,0.28,0.37,1.56,,-,-,-33.33%,-,20.12%,3.3,-0.027000000000000003,16137.0,2025-08-08 17:44:52
MTC,21970000.0,,,,11.75,0.82,7.66,30.52,-,-,15.90%,-,56.22%,0.87,-0.0070999999999999995,33499.0,2025-08-08 17:44:52
RMCO,21960000.0,,,,13.99,1.84,168.94,24.68,-,-,-,-,-,1.47,-0.0265,20802.0,2025-08-08 17:44:52
IRIX,21820000.0,,,,0.45,25.62,3.01,,-,-,3.36%,-,2.30%,1.3,0.0317,53405.0,2025-08-08 17:44:52
MRM,21800000.0,15.69,,,0.4,3.67,10.19,,-,-,33.55%,-,8.85%,2.76,1.3,116625073.0,2025-08-08 17:44:52
LGPS,21780000.0,4.4,,,0.16,0.93,1.41,4.33,-,-,-,-,-,0.92,-0.030600000000000002,22791.0,2025-08-08 17:44:52
NVNI,21770000.0,,,,0.61,,7.46,4.36,-,-,-,-,-,0.63,0.153,5455884.0,2025-08-08 17:44:52
BATL,21720000.0,,,,0.11,,0.29,,-,-,44.20%,-,-2.87%,1.32,0.0233,14459.0,2025-08-08 17:44:52
REE,21710000.0,,,,120.62,0.59,0.3,,75.46%,43.60%,-149.22%,47.40%,-,0.7,0.0132,20094.0,2025-08-08 17:44:52
HOLO,21700000.0,,,,0.54,0.03,0.1,,-,-,-50.01%,-,-,4.59,0.0066,618907.0,2025-08-08 17:44:52
SEGG,21620000.0,,,,21.0,1.09,46.01,45.05,-,-,-,-,-,0.81,-0.0679,548666.0,2025-08-08 17:44:52
NRXS,21530000.0,,,,7.35,69.83,10.71,,30.00%,55.95%,-14.82%,45.90%,8.61%,2.46,-0.012,17992.0,2025-08-08 17:44:52
CING,21460000.0,,,,,2.69,2.25,,66.67%,19.78%,40.00%,59.65%,-,4.17,-0.0095,161856.0,2025-08-08 17:44:52
CRIS,21380000.0,,,,1.88,,2.11,,62.30%,22.51%,18.70%,44.09%,1.75%,1.71,-0.0029,17965.0,2025-08-08 17:44:52
PRTG,21190000.0,,,,,7.43,12.04,,-,-,10.10%,-,-,9.3,-0.0672,121341.0,2025-08-08 17:44:52
MTEK,21150000.0,,,,3.48,3.64,9.23,,-,-,-15.70%,-,46.75%,2.65,0.0,11136.0,2025-08-08 17:44:52
AIFU,21020000.0,6.58,,,0.08,1.18,0.18,1.14,-,-,18.59%,-,-14.18%,7.25,-0.0189,2651.0,2025-08-08 17:44:52
PRPO,21010000.0,,,,1.05,1.79,20.6,30.02,-,-,42.48%,-,42.74%,13.9,-0.0208,2616.0,2025-08-08 17:44:52
HYFM,20850000.0,,,,0.12,,1.52,,-,-,-3.63%,-,-4.14%,4.49,-0.0132,9851.0,2025-08-08 17:44:52
ADGM,20760000.0,,,,35.8,1.67,1.6,,-,-,-816.44%,-,-,1.35,0.0045000000000000005,5430.0,2025-08-08 17:44:52
ZOOZ,20710000.0,,,,19.91,3.08,2.74,,7.69%,5.21%,3.95%,-,-,1.71,-0.0552,168797.0,2025-08-08 17:44:52
VSEE,20680000.0,,,,4.08,4.26,8.87,,-,-,-,-,-,1.32,-0.0365,46535.0,2025-08-08 17:44:52
JBDI,20610000.0,,,,2.29,3.57,5.03,,-220.00%,-,-,-,-,1.0,-0.0196,6525.0,2025-08-08 17:44:52
BCAB,20600000.0,,,,1.87,37.64,1.13,,24.07%,-2.44%,-10.97%,8.86%,16.17%,0.35,-0.0716,509790.0,2025-08-08 17:44:52
GLBS,20580000.0,,,,0.58,0.12,0.4,,-2600.00%,54.00%,-,-,17.42%,1.0,-0.056600000000000004,37334.0,2025-08-08 17:44:52
CJMB,20580000.0,,,,3.32,3.04,3.96,,-300.00%,-,-,-,-,4.65,-0.0663,1342.0,2025-08-08 17:44:52
CTRM,20480000.0,2.34,,,0.31,0.04,0.23,,-,-,-51.08%,-,61.83%,2.12,0.0,17460.0,2025-08-08 17:44:52
TMDE,20480000.0,9.24,,,0.03,0.98,0.95,,-6.00%,-,-,-,-,0.87,-0.0223,86397.0,2025-08-08 17:44:52
SABS,20440000.0,,,,185.83,1.7,3.58,,53.80%,32.94%,-,46.53%,-,2.2,-0.013500000000000002,117271.0,2025-08-08 17:44:52
TOMZ,20420000.0,,14.57,,2.49,5.31,30.48,,-10.00%,163.64%,-8.72%,-,4.04%,1.02,-0.0049,8388.0,2025-08-08 17:44:52
MBRX,20370000.0,,,,,227.1,2.64,,75.21%,13.19%,26.36%,42.60%,-,0.67,-0.0043,411563.0,2025-08-08 17:44:52
EHLD,20340000.0,1.58,,,1.38,1.22,1.55,6.78,-,-,-,-,-,7.5,-0.023700000000000002,2641.0,2025-08-08 17:44:52
SONN,20170000.0,,,,20.17,15.19,9.79,,-,-,85.27%,-,-77.19%,3.22,0.11810000000000001,751063.0,2025-08-08 17:44:52
VNCE,20160000.0,,22.43,,0.07,0.54,7.79,2.31,-318.42%,116.87%,-,-,-4.80%,1.57,-0.0187,5092.0,2025-08-08 17:44:52
KAPA,20130000.0,,,,,2.18,5.56,,7.25%,-60.94%,-23.37%,-27.79%,-,0.98,0.024900000000000002,317595.0,2025-08-08 17:44:52
ARTW,20130000.0,12.96,,,0.86,1.48,,8.71,-,-,25.83%,-,1.37%,3.94,0.0707,51369.0,2025-08-08 17:44:52
ALUR,19980000.0,,,,0.71,,0.98,,89.63%,-58.76%,-892.33%,32.53%,-,2.68,-0.028999999999999998,74003.0,2025-08-08 17:44:52
ADAP,19980000.0,,,,0.11,,0.34,,-60.00%,-52.08%,26.53%,-,175.28%,0.08,-0.0663,25710328.0,2025-08-08 17:44:52
CGTL,19940000.0,36.33,,,4.37,11.51,332.32,,-,-,-,-,-,0.93,-0.0075,65768.0,2025-08-08 17:44:52
STEC,19940000.0,,,,,,1.78,,-,-,-,-,-30.11%,0.71,-0.11,36075.0,2025-08-08 17:44:52
QTTB,19880000.0,,,,,,0.36,,50.53%,-34.56%,31.75%,5.09%,-,1.63,-0.0894,129437.0,2025-08-08 17:44:52
HUIZ,19820000.0,,6.02,,0.12,0.42,0.55,,22956.49%,32.17%,51.87%,-,3.84%,2.31,0.05,37757.0,2025-08-08 17:44:52
MGRX,19800000.0,,,,38.83,0.66,247.54,,-,-,-,-,-,1.86,0.0109,65296.0,2025-08-08 17:44:52
LRE,19780000.0,,,,0.17,0.86,8.99,,-,-,48.48%,-,12.15%,1.45,-0.1496,23998.0,2025-08-08 17:44:52
MSW,19580000.0,65.37,,,4.81,170.05,122.4,326.41,-,-,-,-,-,1.51,0.0,52564.0,2025-08-08 17:44:52
BANL,19580000.0,,,,0.15,3.82,10.94,,-,-,-,-,23.46%,0.71,-0.0248,16410.0,2025-08-08 17:44:52
DTCK,19580000.0,,,,0.2,3.97,39.15,,-,-,-,-,0.94%,0.8,-0.0012,66480.0,2025-08-08 17:44:52
PASG,19570000.0,,,,,0.42,0.31,,31.21%,5.11%,-1.48%,44.74%,-,6.27,0.1175,18631.0,2025-08-08 17:44:52
HCTI,19530000.0,,,,1.73,0.19,2.86,,-,-,-,-,-16.46%,3.35,0.0877,803281.0,2025-08-08 17:44:52
RLMD,19500000.0,,,,,1.22,0.95,,27.17%,48.70%,0.68%,31.28%,-,0.59,-0.0241,80531.0,2025-08-08 17:44:52
NXPL,19470000.0,,,,0.31,0.77,1.1,,-,-,58.53%,-,62.00%,0.75,0.060700000000000004,15451.0,2025-08-08 17:44:52
MWYN,19270000.0,,,,,8.02,83.77,,-,-,-,-,-,1.13,0.036699999999999997,280067.0,2025-08-08 17:44:52
OFAL,19210000.0,,,,48.04,,96.07,,-152.20%,-,-,-,-,1.38,-0.0143,155925.0,2025-08-08 17:44:52
FGL,19100000.0,,,,,,,,-,-,-,-,-,1.13,0.0451,43298.0,2025-08-08 17:44:52
MSGM,19070000.0,600.0,,,2.57,16.2,18.16,,-,-,14.34%,-,-6.02%,3.3,0.054299999999999994,14272.0,2025-08-08 17:44:52
CXAI,19060000.0,,,,2.91,1.16,4.9,,36.89%,-2.60%,-79.16%,26.22%,-,0.92,0.028399999999999998,278419.0,2025-08-08 17:44:52
EHGO,18860000.0,,,,1.23,1.12,2.43,10.59,-,-,-,-,-,0.71,0.0106,39147.0,2025-08-08 17:44:52
RVSN,18800000.0,,,,14.46,0.77,1.08,,-,-,18.22%,-,-,0.36,-0.042800000000000005,1398233.0,2025-08-08 17:44:52
ROLR,18800000.0,,,,0.67,6.67,4.15,,-,-,-,-,-,2.23,-0.0346,17676.0,2025-08-08 17:44:52
SBDS,18780000.0,,,,0.05,0.12,1.04,,-,-,-44.79%,-,62.71%,8.14,-0.0874,24691.0,2025-08-08 17:44:52
PFAI,18730000.0,53.35,,,5.67,32.01,26.75,,-72.00%,-,-,-,-,1.6,-0.053,10974.0,2025-08-08 17:44:52
ORKT,18660000.0,,,,6.18,1.88,3.12,,-,-,-,-,-,0.8,0.0947,390496.0,2025-08-08 17:44:52
NISN,18630000.0,7.48,,,0.05,0.09,0.36,,-,-,-32.97%,-,166.93%,4.04,-0.0025,18520.0,2025-08-08 17:44:52
WKSP,18620000.0,,,,1.82,0.85,3.66,,50.86%,41.29%,-24.52%,-,34.52%,3.58,0.0229,326089.0,2025-08-08 17:44:52
LIQT,18550000.0,,,,1.24,1.23,1.78,,50.61%,39.51%,-,-,-14.86%,1.93,-0.06309999999999999,14576.0,2025-08-08 17:44:52
PULM,18530000.0,,,,50.08,3.31,3.18,,-,-,36.13%,-,-0.26%,5.07,-0.015,24804.0,2025-08-08 17:44:52
IPW,18500000.0,,,,0.25,0.89,8.45,48.69,-,-,-,-,30.38%,0.59,-0.032799999999999996,69907.0,2025-08-08 17:44:52
NWGL,18480000.0,,,,0.86,2.03,5.19,,-,-,-55.55%,-,-12.97%,1.12,0.015,24032.0,2025-08-08 17:44:52
PMN,18430000.0,,,,,1.95,2.19,,-628.60%,10.15%,-,-,-,0.56,0.0253,598338.0,2025-08-08 17:44:52
SGMA,18420000.0,,,,0.06,0.32,8.77,0.78,-,-,-14.80%,-,5.17%,3.01,0.0,0.0,2025-08-08 17:44:52
APUS,18410000.0,,,,,,73.65,,-,-,-,-,-,1.59,0.0127,33993.0,2025-08-08 17:44:52
TLIH,18390000.0,12.51,,,0.43,3.91,30.65,,-74.10%,-,-,-,-,0.63,-0.1105,538547.0,2025-08-08 17:44:52
BLNE,18300000.0,,67.33,,2.31,0.34,12.12,,82.27%,100.67%,40.57%,-,-20.16%,2.02,0.005,450644.0,2025-08-08 17:44:52
CMMB,18290000.0,,,,,1.76,1.71,,-609.30%,-21.31%,45.20%,-,-,0.97,-0.0001,181115.0,2025-08-08 17:44:52
SOGP,18140000.0,,,,,,,,-,-,43.92%,-,10.57%,4.8,-0.0361,14062.0,2025-08-08 17:44:52
AUST,18110000.0,,,,,2.08,4.25,,-,-,-43.90%,-,-,1.37,0.024900000000000002,121272.0,2025-08-08 17:44:52
RCG,18020000.0,3.25,,,48.51,0.94,,,-,-,-,-,-,2.57,-0.0271,4128.0,2025-08-08 17:44:52
FAAS,17870000.0,,,,,,,,-,-,-,-,-,0.29,0.0155,557719.0,2025-08-08 17:44:52
DXST,17700000.0,9.12,,,1.53,3.82,43.17,,-,-,-,-,-,1.18,0.0085,6565.0,2025-08-08 17:44:52
EQ,17690000.0,,,,0.58,1.67,1.22,,-,-,31.13%,-,-,0.5,-0.1045,533075.0,2025-08-08 17:44:52
GTIM,17680000.0,17.15,,,0.12,0.56,6.52,,-,-,-,-,5.14%,1.67,0.2101,79449.0,2025-08-08 17:44:52
IPM,17640000.0,,19.1,,1.83,0.84,1.82,,120.83%,0.00%,7.05%,-,-40.94%,1.91,-0.023,39922.0,2025-08-08 17:44:52
BLIN,17640000.0,,,,1.14,1.67,6.41,,-500.00%,33.33%,52.95%,-,9.06%,1.48,0.0,19279.0,2025-08-08 17:44:52
IMNN,17520000.0,,,,,5.33,3.7,,46.35%,51.29%,32.54%,37.97%,-,7.18,0.0331,56605.0,2025-08-08 17:44:52
STAK,17460000.0,5.41,,,0.79,1.22,43.64,,-29.50%,-,-,-,-,1.53,0.0066,19545.0,2025-08-08 17:44:52
MGIH,17440000.0,,,,0.6,0.62,1.56,,-,-,-,-,-10.63%,1.55,-0.0064,6790.0,2025-08-08 17:44:52
ADD,17430000.0,,,,9.85,0.41,134.06,,-,-,62.76%,-,-,0.59,-0.0735,883117.0,2025-08-08 17:44:52
OPI,17350000.0,,,,0.04,0.02,0.19,,-,-,-,-,-5.77%,0.23,0.0086,315783.0,2025-08-08 17:44:52
RENT,17340000.0,,,,0.06,,0.23,,-,-,17.02%,-,3.57%,4.31,-0.0271,19226.0,2025-08-08 17:44:52
YHGJ,17260000.0,,,,0.97,1.79,101.52,63.92,-,-,48.89%,-,-11.07%,0.62,-0.0006,36838.0,2025-08-08 17:44:52
FIEE,17260000.0,,,,,,1725.56,,-,-,21.68%,-,-55.73%,2.77,0.0009,25449.0,2025-08-08 17:44:52
AIXI,17250000.0,,,,0.25,,20.3,,-,-,-18.80%,-,50.04%,1.62,0.0125,161191.0,2025-08-08 17:44:52
ICU,17230000.0,,,,40.07,12.72,3.25,,76.62%,34.84%,-,-,-,0.78,-0.0171,778672.0,2025-08-08 17:44:52
GOVX,17220000.0,,,,2.81,3.83,5.57,,73.31%,0.56%,78.99%,-,27.45%,0.68,0.0143,430487.0,2025-08-08 17:44:52
MOB,17160000.0,,,,5.36,6.62,1.97,,-,-,3.11%,-,6.01%,3.56,0.0085,146642.0,2025-08-08 17:44:52
CETY,17110000.0,,,,10.06,4.18,427.65,,-,-,8.53%,-,8.53%,0.26,-0.0118,168962.0,2025-08-08 17:44:52
PHH,17020000.0,11.15,,,7.15,10.71,30.94,19.56,-,-,-,-,-,0.65,-0.051,575027.0,2025-08-08 17:44:52
DARE,16990000.0,,,,9.04,,1.64,,-358.74%,42.62%,47.17%,-,-,1.92,-0.0588,404410.0,2025-08-08 17:44:52
MXC,16980000.0,10.11,,,2.31,0.91,9.71,19.98,-,-,-,-,21.86%,8.3,0.012199999999999999,4987.0,2025-08-08 17:44:52
FCUV,16780000.0,,,,39.96,8.84,7.56,,-,-,1.61%,-,-22.89%,2.24,0.0436,4681.0,2025-08-08 17:44:52
NCEW,16660000.0,,,,,,,,-,-,-,-,-,0.77,0.0026,24777.0,2025-08-08 17:44:52
KNW,16649999.999999998,,,,,,97.91,,-,-,14.18%,-,-,2.22,-0.0711,408850.0,2025-08-08 17:44:52
ASBP,16640000.0,,,,,,12.33,,-,-,-,-,-,0.34,0.0078000000000000005,314591.0,2025-08-08 17:44:52
SKBL,16629999.999999998,,,,,35.9,,,-,-,-,-,-,0.55,-0.0493,978251.0,2025-08-08 17:44:52
GIGM,16579999.999999998,,,,5.1,0.42,0.53,,-,-,-6.71%,-,-14.88%,1.5,-0.0131,640.0,2025-08-08 17:44:52
TRIB,16559999.999999998,,,,0.3,,4.07,,-,-,23.86%,-,-7.41%,0.92,0.028999999999999998,129649.0,2025-08-08 17:44:52
LEXX,16520000.0,,,,26.65,2.96,3.57,,-47.87%,33.09%,21.61%,6.84%,15.84%,0.85,0.0181,64466.0,2025-08-08 17:44:52
COCP,16480000.0,,,,,2.26,2.35,,50.29%,-5.26%,-2.62%,-,-,1.62,-0.0182,17089.0,2025-08-08 17:44:52
SNES,16450000.0,,,,7.87,2.88,2.72,,68.06%,57.95%,78.31%,53.34%,66.99%,4.69,-0.12990000000000002,457051.0,2025-08-08 17:44:52
AMS,16399999.999999998,11.54,,,0.56,0.67,1.43,,-,-,24.03%,-,6.58%,2.54,0.025,831.0,2025-08-08 17:44:52
BREA,16390000.0,,,,5.25,1.69,10.31,,-,-,-,-,88.97%,6.8,0.09849999999999999,22664.0,2025-08-08 17:44:52
SYBX,16379999.999999998,11.95,,,,1.25,0.95,,-,-,40.39%,-,-67.55%,1.4,0.0287,27231.0,2025-08-08 17:44:52
INLF,16239999.999999998,10.11,,,1.03,1.58,6.57,10.48,-,-,-,-,-,1.12,-0.0588,99973.0,2025-08-08 17:44:52
HXHX,16219999.999999998,4.47,,,0.63,0.77,81.12,,-20.20%,-,-,-,-,1.18,0.08259999999999999,630831.0,2025-08-08 17:44:52
BHV,16129999.999999998,56.42,,,11.38,0.84,,,-,-,-,-,-,10.16,-0.022400000000000003,7199.0,2025-08-08 17:44:52
WKHS,16100000.000000002,,,,2.72,0.31,0.53,,-,-,18.62%,-,77.40%,1.7,-0.023,993677.0,2025-08-08 17:44:52
ELSE,16040000.0,43.1,,,1.71,1.12,1.61,,-,-,18.74%,-,2.57%,4.65,-0.0231,6754.0,2025-08-08 17:44:52
FORD,16010000.000000002,,,,0.64,,8.9,,-,-,14.07%,-,-4.19%,14.22,0.0425,46241.0,2025-08-08 17:44:52
HUDI,15990000.0,,,,0.24,0.21,1.32,,-,-,-52.49%,-,2.54%,1.12,0.0273,2952.0,2025-08-08 17:44:52
MTEX,15920000.0,,,,0.14,2.1,1.61,,-,-,-0.39%,-,-5.66%,8.37,0.10369999999999999,81561.0,2025-08-08 17:44:52
LPCN,15880000.0,,,,3.77,0.92,0.89,,-115359.74%,11.83%,82.03%,-,132.45%,2.93,-0.0168,5977.0,2025-08-08 17:44:52
EDTK,15870000.0,,,,25.6,0.83,0.91,,-,-,-,-,-39.50%,1.0,0.0202,9748.0,2025-08-08 17:44:52
ENFY,15800000.0,,,,0.2,0.16,0.32,,-,-,-,-,-20.10%,1.0,0.0069,20454.0,2025-08-08 17:44:52
PC,15790000.0,,,,4.62,40.02,8.14,,-,-,-,-,-,7.63,0.0255,8814.0,2025-08-08 17:44:52
BURU,15760000.0,,,,262.66,,225.14,,-,-,23.36%,-,-,0.21,-0.031400000000000004,4897284.0,2025-08-08 17:44:52
HOTH,15720000.0,,,,,1.36,1.39,,65.87%,0.48%,27.96%,26.83%,-,1.19,-0.048,261841.0,2025-08-08 17:44:52
TKLF,15690000.0,2.51,,,0.07,0.36,3.26,,-,-,-3.02%,-,8.51%,3.71,-0.0326,569.0,2025-08-08 17:44:52
NXL,15680000.0,,,,92.24,2.63,2.71,,28.92%,10.17%,-3.66%,-,-4.04%,0.9,-0.0344,150003.0,2025-08-08 17:44:52
WINT,15680000.0,,,,,0.19,13.4,,-,-,75.28%,-,-,0.55,-0.0678,1469478.0,2025-08-08 17:44:52
CIIT,15670000.0,,,,1.66,3.5,4.32,,-,-,-,-,-,0.95,-0.0054,231916.0,2025-08-08 17:44:52
GELS,15660000.0,,,,,1.38,8.29,,-,-,-,-,-,1.66,0.0506,103101.0,2025-08-08 17:44:52
TPIC,15580000.0,,,,0.01,,0.09,0.49,55.44%,58.00%,-62.47%,-,-1.51%,0.32,-0.54,22430664.0,2025-08-08 17:44:52
FPAY,15470000.0,,2.29,,0.11,1.71,1.49,,143.18%,231.68%,-15.66%,-,9.50%,0.72,0.0356,94482.0,2025-08-08 17:44:52
GPUS,15470000.0,,,,0.15,0.16,0.35,,-,-,89.69%,-,36.68%,0.69,0.018799999999999997,1668500.0,2025-08-08 17:44:52
EDHL,15460000.0,4.05,,,5.52,7.25,38.64,,-61.00%,-,-,-,-,0.58,-0.0337,282321.0,2025-08-08 17:44:52
ATHA,15310000.0,,,,,0.48,0.51,,74.34%,29.90%,-73.94%,64.26%,-,0.39,0.059500000000000004,90260.0,2025-08-08 17:44:52
BLRX,15170000.0,,,,0.68,0.63,0.58,,96.78%,-31.90%,46.38%,64.43%,-,3.56,-0.024700000000000003,48591.0,2025-08-08 17:44:52
NCL,15060000.0,,,,1.06,1.49,8.05,,-,-,-,-,-,0.16,0.0006,984217.0,2025-08-08 17:44:52
ABP,14960000.0,,,,,,10.61,,-,-,-,-,-,0.25,0.0271,3039636.0,2025-08-08 17:44:52
EDSA,14900000.0,,,,,2.34,1.07,,36.96%,-67.67%,-21.29%,0.61%,-,2.12,0.0144,9504.0,2025-08-08 17:44:52
WKEY,14840000.0,,,,1.26,0.52,0.16,,17.37%,42.27%,30.83%,-,-12.12%,5.3,-0.013000000000000001,51269.0,2025-08-08 17:44:52
ONMD,14810000.0,,,,27.95,,15.76,,-,-,-,-,-,0.47,-0.0369,86044.0,2025-08-08 17:44:52
VSA,14790000.0,,,,0.09,,2.32,,-,-,10.32%,-,-11.33%,1.74,-0.005699999999999999,52392.0,2025-08-08 17:44:52
OP,14770000.0,,,,0.57,0.01,2.06,,-,-,42.55%,-,15.75%,0.11,-0.04190000000000001,16744804.0,2025-08-08 17:44:52
GTI,14720000.0,,,,,,24.53,,-,-,-,-,-,0.1,-0.18789999999999998,11644498.0,2025-08-08 17:44:52
INTJ,14690000.0,,,,5.65,1.77,1.8,,-,-,-,-,-,1.12,0.0466,185113.0,2025-08-08 17:44:52
COOT,14650000.0,,,,,,16.46,,-,-,-,-,-,0.52,-0.021400000000000002,18367.0,2025-08-08 17:44:52
GORV,14630000.0,,,,0.02,0.18,0.74,0.49,-,-,-122.85%,-,6.21%,3.98,-0.0363,23696.0,2025-08-08 17:44:52
ALLR,14620000.0,,,,,0.88,0.53,,94.38%,5.68%,84.72%,-,-,0.97,-0.0166,285551.0,2025-08-08 17:44:52
AYTU,14620000.0,,,,0.21,0.42,0.8,,111.77%,-317.82%,66.68%,-,61.73%,2.37,0.0,49738.0,2025-08-08 17:44:52
AMOD,14520000.0,,,,,,96.83,,-,-,-,-,-,1.05,-0.0278,178528.0,2025-08-08 17:44:52
MOGU,14520000.0,,,,0.74,0.22,0.28,,-,-,51.06%,-,-30.41%,2.31,0.0222,1365.0,2025-08-08 17:44:52
DFLI,14460000.0,,,,0.28,,5.17,,48.90%,23.18%,-,34.91%,1.78%,0.23,-0.0833,2222762.0,2025-08-08 17:44:52
USEA,14420000.0,,,,0.34,0.25,4.18,,-850.00%,39.10%,-76.92%,-,45.85%,1.57,0.013999999999999999,12526.0,2025-08-08 17:44:52
CLDI,14410000.0,,,,,1.91,1.35,,79.12%,25.81%,-,48.74%,-,5.01,-0.13019999999999998,163898.0,2025-08-08 17:44:52
SFHG,14410000.0,,,,0.73,1.53,1.84,,-,-,-,-,-,0.71,-0.0925,28242.0,2025-08-08 17:44:52
BNC,14380000.0,,,,4.39,1.67,1.65,,-,-,33.79%,-,-16.39%,17.1,0.037000000000000005,346241.0,2025-08-08 17:44:52
CCM,14380000.0,,,,0.27,,0.28,,-,-,11.85%,-,13.20%,5.1,0.02,4572.0,2025-08-08 17:44:52
MI,14360000.0,1.0,,,19.41,0.18,0.17,,-,-,-,-,-25.25%,2.84,-0.019,3107.0,2025-08-08 17:44:52
TAOX,14350000.0,,,,,1.66,0.97,,-,-,29.61%,-,-,6.16,0.0353,216096.0,2025-08-08 17:44:52
NCPL,14260000.0,,,,17.61,0.19,23.38,,102.72%,-,-,-,37.33%,3.12,0.08710000000000001,102817.0,2025-08-08 17:44:52
SMSI,14210000.0,,,,0.76,0.59,10.15,,66.75%,60.31%,-,-,-13.86%,0.68,0.0086,203823.0,2025-08-08 17:44:52
CHR,14200000.0,0.59,,,0.1,0.04,0.07,0.42,-,-,-14.99%,-,17.48%,1.17,-0.3097,596411.0,2025-08-08 17:44:52
DTSS,14160000.0,,,,0.25,4.98,16.28,,-,-,-34.64%,-,-,1.85,0.0204,16601.0,2025-08-08 17:44:52
LIXT,13980000.0,,,,,20.44,15.71,,-,-,6.10%,-,-,4.83,-0.0092,80376.0,2025-08-08 17:44:52
NEUP,13970000.0,,,,,0.53,0.82,,-,-,14.52%,-,-,7.43,-0.041299999999999996,22213.0,2025-08-08 17:44:52
ANY,13940000.0,,,,1.29,0.42,1.35,,2.08%,17.02%,46.71%,-,24.38%,0.49,-0.0219,381416.0,2025-08-08 17:44:52
XAIR,13920000.0,,,,3.75,0.91,1.95,,71.71%,48.36%,17.29%,92.87%,21.66%,3.0,0.056299999999999996,204618.0,2025-08-08 17:44:52
CYCC,13910000.0,,,,1390.9,2.48,4.03,,-,-,57.31%,-,-,8.78,-0.0212,224150.0,2025-08-08 17:44:52
REBN,13900000.0,,,,2.28,26.95,17.82,,-,-,-162.54%,-,57.19%,2.62,-0.026000000000000002,22405.0,2025-08-08 17:44:52
GDHG,13860000.0,,,,0.83,0.0,0.2,1.05,-,-,-,-,-5.35%,0.37,-0.1898,574182.0,2025-08-08 17:44:52
JCTC,13760000.0,,,,0.31,0.58,11.47,,-,-,-16.12%,-,0.74%,3.81,0.0583,497.0,2025-08-08 17:44:52
CTXR,13750000.0,,1.86,,,0.18,458.31,,83.58%,167.35%,20.90%,-,-,1.23,-0.04650000000000001,250991.0,2025-08-08 17:44:52
TBH,13740000.0,,,,,8.46,3.97,,-,-,-,-,-,1.27,0.1043,254765.0,2025-08-08 17:44:52
AEI,13740000.0,,,,0.85,0.16,0.31,4.99,-,-,48.43%,-,-2.74%,1.17,0.0,22408.0,2025-08-08 17:44:52
ZDAI,13730000.0,,,,,,,,-,-,-,-,-,0.52,-0.0384,14596.0,2025-08-08 17:44:52
BNAI,13700000.0,,,,228.38,4.14,57.09,,50.98%,6.00%,-,29.33%,-,0.32,-0.0034000000000000002,337954.0,2025-08-08 17:44:52
XIN,13610000.0,,,,0.03,,0.09,,-,-,-,-,-26.99%,1.89,0.0,16634.0,2025-08-08 17:44:52
GRNQ,13570000.0,,,,4.26,2.74,15.25,,-,-,17.41%,-,-4.86%,1.64,0.0092,10688.0,2025-08-08 17:44:52
MRKR,13470000.0,,,,2.36,0.92,0.98,,-32.35%,-13.02%,23.96%,7.40%,98.63%,1.19,-0.0325,82321.0,2025-08-08 17:44:52
SPPL,13450000.0,,,,4.75,5.45,35.39,,-,-,-35.79%,-,2.38%,2.76,-0.0248,4365.0,2025-08-08 17:44:52
JFU,13370000.0,16.29,,,0.24,0.04,0.07,,-,-,-,-,-39.26%,1.53,-0.0358,6776.0,2025-08-08 17:44:52
DATS,13340000.0,,,,,1.09,1.89,,-,-,17.73%,-,-,2.65,0.1594,539345.0,2025-08-08 17:44:52
AIMD,13330000.0,,,,121.15,0.83,5.07,,-,-,12.06%,-,12.06%,3.18,-0.0215,846130.0,2025-08-08 17:44:52
LEDS,13320000.0,,,,0.43,3.33,5.29,8.59,-,-,20.20%,-,-2.56%,1.62,0.0623,34229.0,2025-08-08 17:44:52
BEDU,13310000.0,,,,0.06,0.69,0.23,,-,-,-,-,-8.26%,1.7,0.0,789.0,2025-08-08 17:44:52
OXBR,13290000.0,,,,9.77,1.89,,,88.89%,0.00%,-53.07%,-,-11.06%,1.79,0.009000000000000001,24947.0,2025-08-08 17:44:52
MHUA,13240000.0,1.15,,,0.14,0.08,0.77,0.91,-,-,-9.12%,-,4.01%,0.42,0.0379,45246.0,2025-08-08 17:44:52
PT,13240000.0,,,,2.71,,3.59,,-,-,61.62%,-,-51.71%,0.92,0.0104,3313.0,2025-08-08 17:44:52
AMST,13170000.0,,,,164.61,3.66,4.45,,-,-,11.22%,-,62.08%,2.88,0.0177,12074.0,2025-08-08 17:44:52
LPTX,13080000.0,,,,,0.63,0.4,,38.67%,52.25%,34.28%,32.77%,-,0.32,-0.0006,158124.0,2025-08-08 17:44:52
YAAS,13050000.0,,,,22.51,3.87,2.81,,-,-,-,-,-,0.39,-0.0581,330703.0,2025-08-08 17:44:52
NXTC,13030000.0,,,,,0.2,0.37,,16.16%,39.66%,1.53%,68.03%,-,4.87,-0.044199999999999996,14772.0,2025-08-08 17:44:52
PRPH,12970000.0,,,,1.02,0.83,144.14,,-,-,-57.56%,-,-7.27%,0.31,-0.0426,371400.0,2025-08-08 17:44:52
SLNH,12890000.0,,,,0.41,,1.13,,-,-,-,-,42.06%,0.46,-0.0738,571008.0,2025-08-08 17:44:52
BHAT,12820000.0,,,,0.68,0.03,640.88,,-,-,-,-,-4.71%,1.77,-0.005600000000000001,35482.0,2025-08-08 17:44:52
CPOP,12770000.0,,,,0.2,0.44,6.17,,-,-,-,-,20.01%,0.85,-0.07769999999999999,309317.0,2025-08-08 17:44:52
PLAG,12740000.0,,,,2.11,1.16,11.08,,-,-,-,-,43.49%,1.75,-0.0691,146313.0,2025-08-08 17:44:52
IMG,12740000.0,,,,4.88,,27.69,,-,-,28.21%,-,1.48%,0.35,-0.18030000000000002,15943616.0,2025-08-08 17:44:52
DHAI,12740000.0,,,,0.18,,11.37,19.3,-,-,-,-,-,0.27,-0.030600000000000002,607155.0,2025-08-08 17:44:52
WATT,12720000.0,,,,6.42,1.3,1.47,,89.88%,57.69%,36.74%,-,30.86%,0.29,0.0225,1426689.0,2025-08-08 17:44:52
TAIT,12710000.0,199.06,,,2.98,0.8,1.44,,-,-,5.31%,-,-9.40%,2.11,-0.009399999999999999,7455.0,2025-08-08 17:44:52
CVR,12690000.0,,,,0.48,0.62,16.48,,-,-,-,-,-3.87%,13.14,0.0,112.0,2025-08-08 17:44:52
CLRB,12660000.0,,,,,0.94,0.91,,58.04%,14.81%,40.27%,31.04%,-,4.73,0.0042,71329.0,2025-08-08 17:44:52
YQ,12600000.0,,,,0.49,0.25,0.27,,-,-,32.80%,-,-14.87%,1.92,-0.0088,9467.0,2025-08-08 17:44:52
BCTX,12540000.0,,,,,0.38,1.01,,67.56%,-21.23%,47.85%,-,-,0.71,0.0458,571032.0,2025-08-08 17:44:52
AIRI,12530000.0,,,,0.24,0.8,44.76,,-15.38%,53.33%,15.44%,-,0.20%,3.33,-0.0177,51582.0,2025-08-08 17:44:52
ERNA,12520000.0,,,,23.18,,6.52,,-,-,35.26%,-,-50.61%,1.7,0.0319,13614.0,2025-08-08 17:44:52
DLPN,12500000.0,,2.6,,0.26,1.34,1.56,,95.90%,960.00%,13.82%,-,15.63%,1.12,0.0275,15516.0,2025-08-08 17:44:52
ELWS,12470000.0,,,,4.35,8.59,17.32,,-,-,-,-,9.05%,4.13,-0.0719,141764.0,2025-08-08 17:44:52
CCTG,12470000.0,,,,5.52,9.05,26.53,,-,-,-,-,-,1.08,-0.003,1682.0,2025-08-08 17:44:52
PHGE,12440000.0,,,,,2.03,0.59,,61.16%,-10.34%,47.40%,22.65%,-,0.48,-0.20010000000000003,4419657.0,2025-08-08 17:44:52
PTHS,12380000.0,,,,,,9.9,,-,-,-,-,-,19.04,-0.0447,19952.0,2025-08-08 17:44:52
BGI,12370000.0,,,,0.1,,11.78,,-,-,2.28%,-,0.08%,0.63,-0.0103,253967.0,2025-08-08 17:44:52
MTVA,12330000.0,,,,,1.58,0.7,,70.88%,30.23%,67.49%,41.12%,-,0.63,-0.0101,60783.0,2025-08-08 17:44:52
NERV,12310000.0,2.13,,,,,0.71,,-,-,-,-,-,1.76,-0.019799999999999998,905.0,2025-08-08 17:44:52
NCNA,12290000.0,,,,,0.04,2.41,,-,-,17.54%,-,-,0.03,-0.0183,163190243.0,2025-08-08 17:44:52
PWM,12290000.0,,,,153.6,14.35,,,-,-,-,-,-29.39%,0.39,0.0138,32805.0,2025-08-08 17:44:52
TXMD,12280000.0,,,,6.68,0.46,2.14,8.71,-,-,64.95%,-,-48.72%,1.06,-0.0352,18550.0,2025-08-08 17:44:52
BNZI,12270000.0,,,,1.8,2.04,15.73,,97.35%,92.61%,9.77%,-,-,4.09,0.33659999999999995,1145318.0,2025-08-08 17:44:52
HKPD,12210000.0,5.21,,,0.59,2.06,30.53,30.53,23.30%,-,-,-,-,1.11,-0.026099999999999998,21262.0,2025-08-08 17:44:52
RAYA,12200000.0,,,,0.4,0.13,9.24,,-,-,-,-,27.75%,0.07,0.14400000000000002,80178973.0,2025-08-08 17:44:52
PTHL,12110000.0,,,,26.92,1.96,1.97,,-,-,-,-,-,0.85,-0.0475,541542.0,2025-08-08 17:44:52
TNMG,12080000.0,,,,0.25,0.31,3.27,,-,-,-,-,-,0.43,0.004699999999999999,57744.0,2025-08-08 17:44:52
MSS,12070000.0,,,,0.11,1.28,26.82,3.4,-,-,-,-,-,0.88,0.0316,26368.0,2025-08-08 17:44:52
MMA,12000000.0,,,,,,,,-,-,-,-,-,0.92,-0.0392,476829.0,2025-08-08 17:44:52
XTLB,11980000.0,,,,26.63,2.21,10.51,,-,-,10.20%,-,-,1.36,-0.042300000000000004,11795.0,2025-08-08 17:44:52
BFRG,11960000.0,,,,,3.68,3.15,,-,-,-93.81%,-,-,1.27,-0.0231,72645.0,2025-08-08 17:44:52
MLEC,11840000.0,,,,1.51,4.22,6.13,,-,-,-,-,-,2.95,0.0,50128.0,2025-08-08 17:44:52
ATER,11820000.0,,,,0.13,0.39,0.75,,-35.12%,12.78%,49.72%,-,-2.85%,1.19,0.0171,84407.0,2025-08-08 17:44:52
BTBD,11820000.0,,,,0.8,1.86,3.09,,-,-,-26.45%,-,18.00%,1.99,-0.0613,1490856.0,2025-08-08 17:44:52
GLBZ,11810000.0,380.64,,,0.71,0.62,,,-,-,-,-,0.70%,4.07,0.0182,1990.0,2025-08-08 17:44:52
XHLD,11800000.0,,3.05,,,1.96,47.19,,-16.67%,178.57%,-,-,-,0.34,0.0313,239440.0,2025-08-08 17:44:52
SYNX,11670000.0,,,,1.28,1.68,3.65,,-,-,-,-,-,1.76,-0.0222,36921.0,2025-08-08 17:44:52
SRXH,11650000.0,0.14,,,0.34,0.11,10.22,,-,-,85.20%,-,17.56%,0.35,-0.041299999999999996,77686.0,2025-08-08 17:44:52
OSRH,11640000.0,,,,15.31,0.15,7.27,,-,-,-265.93%,-,-,0.6,-0.024399999999999998,76370.0,2025-08-08 17:44:52
GWAV,11620000.0,,,,0.35,0.13,4.5,,-,-,74.96%,-,326.16%,0.19,-0.026099999999999998,1009104.0,2025-08-08 17:44:52
YOSH,11540000.0,,,,0.85,2.83,3.39,,-,-,-38.41%,-,25.90%,1.71,-0.0393,151479.0,2025-08-08 17:44:52
RMCF,11540000.0,,,,0.39,1.71,12.97,,-,-,-,-,-1.47%,1.48,0.0,27098.0,2025-08-08 17:44:52
BRN,11480000.0,,,,0.64,1.13,8.03,,-,-,18.02%,-,12.25%,1.14,-0.0087,25178.0,2025-08-08 17:44:52
IMRN,11470000.0,,,,2.66,1.53,2.4,,-,-,2.81%,-,13.48%,1.71,0.0556,28590.0,2025-08-08 17:44:52
FENG,11390000.0,,,,0.12,0.16,0.08,,-,-,-,-,-12.64%,2.11,-0.0163,441.0,2025-08-08 17:44:52
CYCU,11390000.0,,,,0.53,0.9,5.02,,-,-,-,-,-,0.36,0.0060999999999999995,3131432.0,2025-08-08 17:44:52
CSCI,11320000.0,,,,1.25,1.12,0.82,,-,-,29.70%,-,78.30%,3.6,0.0225,1332.0,2025-08-08 17:44:52
HTCR,11310000.0,,,,0.39,5.82,3.78,,-228.57%,82.61%,-2.27%,-,33.36%,0.49,0.0052,4480.0,2025-08-08 17:44:52
INBS,11300000.0,,,,3.84,2.02,4.02,,-,-,46.52%,-,-,1.52,-0.0194,77644.0,2025-08-08 17:44:52
LMFA,11290000.0,,,,1.31,0.36,1.22,,45.62%,-,29.46%,-,35.76%,2.2,0.0,297091.0,2025-08-08 17:44:52
CARM,11280000.0,,,,1.05,,5.64,,71.92%,-60.98%,42.71%,27.78%,-,0.27,-0.0182,358717.0,2025-08-08 17:44:52
MASK,11150000.0,5.8,,,2.36,2.95,159.3,11.99,-,-,-,-,-,1.0,0.056900000000000006,12990.0,2025-08-08 17:44:52
RBNE,11150000.0,4.23,,,,,,,-,-,-,-,-,1.86,0.069,336125.0,2025-08-08 17:44:52
HCWB,11150000.0,,,,7.69,,10.04,,85.06%,-8.91%,-29.55%,55.47%,-,4.62,0.024399999999999998,24470.0,2025-08-08 17:44:52
HOOK,11100000.0,,,,1.19,0.32,0.27,,-,-,32.13%,-,29.77%,0.91,0.08289999999999999,147712.0,2025-08-08 17:44:52
SPHL,11100000.0,,,,1.68,2.37,4.49,,-,-,-,-,-,0.52,-0.0508,28952.0,2025-08-08 17:44:52
UCAR,11080000.0,,,,1.8,0.18,3.28,,-,-,-6.70%,-,132.09%,2.12,-0.0052,67564.0,2025-08-08 17:44:52
MEGL,11050000.0,,,,6.74,0.42,0.67,,-,-,-,-,-14.42%,1.37,0.0187,12797.0,2025-08-08 17:44:52
VS,11030000.0,,,,47.94,1.02,4.54,,-,-,61.28%,-,-35.19%,2.25,-0.026000000000000002,17247.0,2025-08-08 17:44:52
MTR,10990000.0,26.11,,,15.71,3.51,109.95,,-83.80%,-,-22.30%,-,-17.20%,5.9,0.0172,1899.0,2025-08-08 17:44:52
EPWK,10930000.0,,,,0.54,,28.77,,-,-,-,-,-,0.49,0.0708,71428.0,2025-08-08 17:44:52
BRTX,10880000.0,,,,27.9,1.77,1.19,,-44.40%,35.52%,78.69%,-,25.27%,1.45,0.013999999999999999,25502.0,2025-08-08 17:44:52
FLGC,10860000.0,,,,0.21,105.27,4.1,,98.99%,-105.88%,-14.88%,-,-,18.77,0.07719999999999999,14639.0,2025-08-08 17:44:52
SONM,10820000.0,,,,0.19,,5.1,,-,-,44.78%,-,-12.89%,0.61,0.0,285941.0,2025-08-08 17:44:52
EDUC,10810000.0,,,,0.35,0.27,6.14,,-,-,-,-,-21.27%,1.26,-0.0005,1125.0,2025-08-08 17:44:52
ILAG,10800000.0,,,,1.44,0.74,8.44,,-,-,-23.61%,-,-7.57%,0.52,-0.0246,675078.0,2025-08-08 17:44:52
PHIO,10800000.0,,,,,0.88,0.81,,82.60%,47.47%,66.30%,64.39%,-,2.25,0.0,170925.0,2025-08-08 17:44:52
LYRA,10710000.0,,,,9.0,2.28,0.34,,88.33%,7.81%,-2.22%,42.99%,-,6.7,-0.0276,10521.0,2025-08-08 17:44:52
BOLT,10680000.0,,,,2.93,0.23,0.27,,25.91%,10.63%,-13.73%,19.84%,104.50%,5.57,-0.0124,4988.0,2025-08-08 17:44:52
PETZ,10580000.0,5.02,,,18.9,0.39,0.37,,-,-,-,-,-46.32%,1.03,0.0353,1486.0,2025-08-08 17:44:52
FTRK,10580000.0,,,,13.22,,52.9,35.26,-,-,-,-,-,0.49,0.0872,349880.0,2025-08-08 17:44:52
WCT,10570000.0,,,,,,,,-,-,-,-,-,0.2,-0.08449999999999999,579343.0,2025-08-08 17:44:52
VRME,10560000.0,,,,0.46,0.72,1.85,20.31,-5.60%,-2.33%,20.63%,5.83%,150.64%,0.85,-0.0754,466135.0,2025-08-08 17:44:52
TNON,10550000.0,,,,3.22,1.88,1.02,,82.55%,51.65%,-25.43%,61.35%,127.61%,1.39,0.0296,1386134.0,2025-08-08 17:44:52
EVGN,10550000.0,,,,1.56,,1.07,,23.53%,30.09%,16.27%,29.80%,62.42%,1.21,-0.0163,42704.0,2025-08-08 17:44:52
GP,10550000.0,,,,0.53,,31.01,,-,-,-14.89%,-,15.70%,0.35,-0.0964,542452.0,2025-08-08 17:44:52
QH,10520000.0,,,,0.02,0.17,1.18,,-,-,-,-,7.31%,0.12,0.1693,15587437.0,2025-08-08 17:44:52
GLXG,10520000.0,,,,22.38,13.55,19.48,95.62,-,-,-,-,-,0.58,0.0069,31203.0,2025-08-08 17:44:52
LVLU,10480000.0,,,,0.03,1.63,1.22,3.38,-,-,-156.79%,-,-3.09%,3.79,-0.054900000000000004,39805.0,2025-08-08 17:44:52
LFWD,10450000.0,,,,0.41,0.39,1.77,,68.77%,59.62%,29.33%,-,39.41%,0.67,-0.0151,175978.0,2025-08-08 17:44:52
IOTR,10410000.0,,,,0.99,5.8,5.48,,-,-,-,-,-,0.41,-0.0771,116062.0,2025-08-08 17:44:52
PCLA,10370000.0,,,,,,,,-,-,-,-,-,0.42,0.0239,114080.0,2025-08-08 17:44:52
EONR,10360000.0,,,,0.53,0.45,3.2,,75.08%,40.56%,-,-,-,0.29,-0.0104,440964.0,2025-08-08 17:44:52
MNTS,10300000.0,,,,5.36,,3.03,,-,-,-,-,-,1.13,-0.0174,99940.0,2025-08-08 17:44:52
RMSG,10290000.0,,,,,,514.57,,-,-,-,-,-,2.03,0.01,389907.0,2025-08-08 17:44:52
LGVN,10290000.0,,,,4.61,0.59,0.72,,52.29%,6.13%,-11.05%,55.56%,-15.76%,0.68,-0.46619999999999995,8363861.0,2025-08-08 17:44:52
EFOI,10240000.0,,,,2.21,3.6,20.9,,-,-,56.68%,-,-17.49%,1.91,-0.0255,3086.0,2025-08-08 17:44:52
FTEL,10130000.0,,,,2.03,1.32,10.78,,-,-,-,-,-7.04%,0.48,-0.0688,56844.0,2025-08-08 17:44:52
CNFR,10020000.0,0.42,,,0.14,0.39,,,-,-,-,-,-7.04%,0.82,0.0146,2679.0,2025-08-08 17:44:52
CANF,10010000.0,,,,,,,,15.09%,93.33%,52.35%,-,-19.81%,0.69,-0.011399999999999999,65355.0,2025-08-08 17:44:52
BGLC,10010000.0,,,,1.08,1.29,2.78,,-,-,-21.27%,-,137.09%,5.57,-0.0159,83557.0,2025-08-08 17:44:52
XAGE,9920000.0,,,,17.72,,12.89,,-,-,-,-,-,2.7,-0.045899999999999996,20639.0,2025-08-08 17:44:52
KXIN,9920000.0,,,,,0.19,4.15,,-,-,53.91%,-,-,0.91,0.0702,420242.0,2025-08-08 17:44:52
WETH,9900000.0,2.99,,,0.24,0.08,0.09,19.8,-,-,-,-,-,0.83,-0.056799999999999996,143254.0,2025-08-08 17:44:52
ZKIN,9870000.0,,,,0.09,0.35,2.37,,-,-,-,-,11.11%,1.91,-0.0155,12557.0,2025-08-08 17:44:52
BCDA,9860000.0,,,,,,10.37,,58.62%,16.67%,40.58%,31.06%,-39.41%,1.79,0.0655,86334.0,2025-08-08 17:44:52
SKYQ,9820000.0,,,,0.24,0.97,46.77,,-,-,-,-,-,0.44,0.02,52604.0,2025-08-08 17:44:52
BNGO,9790000.0,,,,0.34,0.19,0.34,,92.79%,36.38%,40.63%,75.04%,24.89%,2.91,-0.0068000000000000005,72922.0,2025-08-08 17:44:52
AWX,9790000.0,12.27,,,0.12,0.27,7.71,,-,-,-,-,4.16%,2.51,-0.0269,2355.0,2025-08-08 17:44:52
SNSE,9640000.0,,,,,0.3,0.28,,29.42%,20.22%,-11.38%,6.58%,-,7.65,0.061,16338.0,2025-08-08 17:44:52
IBIO,9640000.0,,,,25.36,0.53,1.94,,56.08%,53.67%,57.55%,-,-35.52%,0.59,-0.0003,443730.0,2025-08-08 17:44:52
BFRI,9590000.0,,,,0.25,17.91,5.36,,69.10%,79.40%,29.20%,-,7.35%,0.95,-0.0037,30044.0,2025-08-08 17:44:52
HWH,9580000.0,,,,7.6,2.67,2.24,,-,-,-,-,-,1.48,-0.013300000000000001,56006.0,2025-08-08 17:44:52
ABTS,9530000.0,,,,1.42,0.92,8.5,,-,-,-,-,78.49%,4.02,-0.021,18521.0,2025-08-08 17:44:52
CERO,9510000.0,,,,,,1.83,,51.34%,68.63%,-,47.96%,-,7.95,-0.0179,10592.0,2025-08-08 17:44:52
FRSX,9480000.0,,,,21.54,1.0,1.31,,-,-,25.39%,-,-,0.36,0.0014000000000000002,190298.0,2025-08-08 17:44:52
SNGX,9470000.0,,,,,2.56,1.3,,57.38%,50.00%,46.71%,42.66%,-,2.9,-0.1185,1011381.0,2025-08-08 17:44:52
APRE,9410000.0,,,,7.35,0.6,0.49,,30.22%,10.97%,52.12%,36.56%,-,1.7,0.030299999999999997,38801.0,2025-08-08 17:44:52
CREV,9410000.0,,,,,,,,-,-,-,-,-,4.99,0.10400000000000001,342071.0,2025-08-08 17:44:52
INHD,9370000.0,,,,4.17,1.14,2.13,,-,-,-,-,-,1.21,-0.0008,19680.0,2025-08-08 17:44:52
CLWT,9370000.0,12.93,,,0.61,0.6,1.35,,-,-,-,-,-2.43%,1.23,0.008199999999999999,7631.0,2025-08-08 17:44:52
PCSA,9350000.0,,,,,1.53,1.35,,81.52%,24.48%,22.65%,42.13%,-,0.23,0.0039000000000000003,3165914.0,2025-08-08 17:44:52
DWTX,9350000.0,,,,,,0.53,,36.70%,49.65%,-10.88%,32.59%,-,4.89,-0.0004,11787.0,2025-08-08 17:44:52
SOWG,9260000.0,,,,0.4,0.3,5.71,,-,-,-,-,132.93%,0.81,0.032,147361.0,2025-08-08 17:44:52
MSN,9260000.0,,,,0.86,0.51,0.58,,-,-,-1.89%,-,11.38%,0.44,-0.0005,3190.0,2025-08-08 17:44:52
BON,9160000.0,0.55,,,0.38,0.0,13.88,,-,-,-44.30%,-,7.78%,1.31,0.023399999999999997,63926.0,2025-08-08 17:44:52
KRKR,9110000.0,,,,0.28,0.62,0.72,,-,-,32.79%,-,-19.48%,5.12,-0.0058,1620.0,2025-08-08 17:44:52
SDOT,9110000.0,0.9,,,0.01,0.16,4.7,,-,-,-,-,169.19%,0.92,0.02,132363.0,2025-08-08 17:44:52
ASTC,9090000.0,,,,10.1,0.37,0.44,,-,-,31.07%,-,67.29%,5.37,0.0037,1874.0,2025-08-08 17:44:52
MARPS,9040000.0,12.0,,,8.73,9.14,,,-,-,-,-,-,4.44,-0.0431,5160.0,2025-08-08 17:44:52
DEVS,9030000.0,,,,,,,,-,-,-,-,-,2.83,0.0408,217502.0,2025-08-08 17:44:52
APM,9010000.0,,,,,0.33,10.35,,-,-,34.40%,-,-,1.26,-0.0233,57039.0,2025-08-08 17:44:52
CARV,8990000.0,,,,0.24,1.19,,,-,-,-12.58%,-,8.01%,1.77,0.0412,33083.0,2025-08-08 17:44:52
LUCY,8960000.0,,,,5.24,0.64,1.7,,49.90%,97.31%,-25.35%,-,131.48%,1.96,-0.0051,32704.0,2025-08-08 17:44:52
SUGP,8950000.0,,,,0.35,0.73,1.7,,-,-,-76.04%,-,19.45%,0.65,-0.0635,159273.0,2025-08-08 17:44:52
LDWY,8950000.0,,,,0.21,0.87,6.83,,-,-,0.15%,-,11.90%,5.06,0.006999999999999999,1726.0,2025-08-08 17:44:52
INEO,8930000.0,,,,,,,,-,-,-69.97%,-,4.49%,0.9,0.0026,14673.0,2025-08-08 17:44:52
LSH,8930000.0,,,,0.55,8.5,5.95,,-,-,-,-,-,0.85,-0.0005,2214.0,2025-08-08 17:44:52
STI,8920000.0,0.52,,,,,7.62,,-,-,-,-,-,3.28,-0.026699999999999998,16148.0,2025-08-08 17:44:52
GSIW,8890000.0,,,,12.7,2.27,8.8,,-,-,-,-,-,0.12,0.0425,8101023.0,2025-08-08 17:44:52
AREB,8870000.0,,,,0.9,,26.09,,-,-,68.69%,-,84.44%,1.3,0.0,153219.0,2025-08-08 17:44:52
ARBB,8840000.0,,,,0.36,0.17,1.71,,-,-,-,-,-,5.01,-0.0006,6132.0,2025-08-08 17:44:52
OST,8820000.0,,,,0.23,1.67,4.41,,-,-,-,-,-6.97%,1.47,0.0068000000000000005,209722.0,2025-08-08 17:44:52
LOBO,8810000.0,,,,0.42,0.62,4.66,,-,-,-,-,-,0.74,-0.024900000000000002,907306.0,2025-08-08 17:44:52
PMNT,8810000.0,,,,0.41,2.92,1.17,,-,-,-35.41%,-,15.24%,0.28,0.0241,327173.0,2025-08-08 17:44:52
PSIG,8700000.0,,,,0.22,,,,-,-,-,-,-,0.34,0.037200000000000004,4080.0,2025-08-08 17:44:52
RNAZ,8660000.0,,,,,0.84,0.75,,-,-,48.04%,-,-,10.39,-0.024399999999999998,17407.0,2025-08-08 17:44:52
XFOR,8620000.0,0.66,,,0.27,0.38,0.1,,-55.05%,0.77%,47.41%,-,-,1.49,0.020499999999999997,631581.0,2025-08-08 17:44:52
CELZ,8610000.0,,,,860.62,1.07,1.12,,19.14%,5.00%,75.38%,-,-41.85%,3.33,-0.1072,163352.0,2025-08-08 17:44:52
CODX,8580000.0,,,,15.05,0.18,0.4,,13.71%,60.75%,-27.40%,37.69%,29.07%,0.25,0.0308,430135.0,2025-08-08 17:44:52
HUBC,8530000.0,,,,0.29,,2.36,,-,-,-156.83%,-,-3.39%,2.8,0.1155,328201.0,2025-08-08 17:44:52
TPET,8500000.0,,,,50.03,0.74,5.83,,-,-,-,-,-,1.13,-0.0088,104768.0,2025-08-08 17:44:52
IMCC,8460000.0,,,,0.22,2.29,8.37,9.83,-,-,20.43%,-,41.97%,2.74,0.0703,30890.0,2025-08-08 17:44:52
SKK,8430000.0,24.19,,,0.99,1.31,3.83,,-,-,-,-,-,0.45,0.006500000000000001,7024.0,2025-08-08 17:44:52
KUKE,8420000.0,,,,0.88,1.93,24.07,,-,-,-,-,-14.64%,2.03,-0.0049,11133.0,2025-08-08 17:44:52
TLPH,8400000.0,,,,279.97,1.25,1.56,,-10.00%,27.27%,48.17%,41.52%,-,0.41,0.046,146942.0,2025-08-08 17:44:52
CASK,8400000.0,,,,1.1,,83.98,,98.00%,-,-,-,-,0.7,-0.0349,1411483.0,2025-08-08 17:44:52
TRAW,8350000.0,,,,36.31,1.27,0.52,,-,-,42.51%,-,-36.47%,1.5,0.013500000000000002,89460.0,2025-08-08 17:44:52
IFBD,8350000.0,,,,5.8,0.09,1.78,,-,-,-,-,-39.84%,1.02,0.0,2148.0,2025-08-08 17:44:52
MIGI,8310000.000000001,,,,0.15,,1.52,,85.38%,-,34.51%,-,-,0.42,-0.0455,151167.0,2025-08-08 17:44:52
MWG,8300000.000000001,,,,0.36,0.56,3.43,,-,-,-,-,1.77%,0.25,0.020499999999999997,25312.0,2025-08-08 17:44:52
GURE,8279999.999999999,,,,1.04,0.06,0.97,,-,-,-15.05%,-,-6.28%,0.62,0.006999999999999999,25428.0,2025-08-08 17:44:52
ADVB,8220000.000000001,,,,,66.09,51.39,,-,-,-,-,-,0.38,-0.0003,1174908.0,2025-08-08 17:44:52
TSBX,8220000.000000001,,,,,0.41,0.37,,-,-,-,-,-,0.35,0.0143,283774.0,2025-08-08 17:44:52
ADIL,8210000.000000001,,,,,1.19,3.46,,79.78%,-,34.05%,-,-,0.38,-0.0183,1004002.0,2025-08-08 17:44:52
BIAF,8199999.999999999,,,,0.93,3.65,18.64,,46.67%,55.00%,-10.71%,-,-,0.29,0.028900000000000002,367892.0,2025-08-08 17:44:52
FEBO,8180000.0,,,,0.48,1.4,2.31,,-,-,-,-,-,0.74,-0.048499999999999995,17654.0,2025-08-08 17:44:52
FBGL,8170000.0,,,,0.81,2.16,3.71,,-,-,-,-,-,0.61,0.0085,33118.0,2025-08-08 17:44:52
NWTG,8130000.000000001,,180.0,,1.89,1.27,1.39,,99.51%,101.15%,-106.30%,-,108.58%,1.8,0.0,76953.0,2025-08-08 17:44:52
EVOK,8119999.999999999,,3.65,,0.7,1.39,0.64,,64.06%,247.52%,42.83%,-,-,5.44,0.0206,31615.0,2025-08-08 17:44:52
BIYA,8080000.0,,,,0.63,12.9,4.25,,99.00%,-,-,-,-,0.64,-0.0652,401811.0,2025-08-08 17:44:52
HSCS,8050000.000000001,,,,,19.62,7.32,,41.00%,31.42%,27.73%,-,-41.63%,3.59,0.0141,126386.0,2025-08-08 17:44:52
GV,8050000.000000001,,,,1.04,0.52,38.33,,-,-,40.75%,-,78.08%,1.86,-0.0159,289776.0,2025-08-08 17:44:52
RYDE,8020000.0,,,,1.2,2.75,1.98,,56.82%,35.29%,-,-,-,0.31,-0.046900000000000004,1429417.0,2025-08-08 17:44:52
JTAI,8010000.0,,,,0.59,0.5,0.65,,93.03%,68.86%,-,-,-,3.14,-0.0032,45395.0,2025-08-08 17:44:52
CLRO,7990000.0,,,,0.79,0.41,8.32,,-,-,5.82%,-,-14.58%,4.61,0.026699999999999998,8358.0,2025-08-08 17:44:52
MKZR,7970000.0,,,,0.37,0.11,1.46,,-,-,-,-,3.55%,4.76,0.0567,398728.0,2025-08-08 17:44:52
INAB,7960000.0,,,,,0.45,0.67,,71.56%,-16.50%,-13.23%,27.20%,-,2.31,0.07440000000000001,156896.0,2025-08-08 17:44:52
AEON,7940000.0,0.0,,,,,0.76,,-100.37%,-,-,-,-,0.7,-0.0144,98641.0,2025-08-08 17:44:52
BMRA,7920000.0,,,,1.39,1.43,2.59,,-,-,-6.47%,-,0.81%,3.11,0.0,6933.0,2025-08-08 17:44:52
PAVM,7900000.0,0.65,,,3.97,0.41,2.93,,-95.62%,-344.44%,-,-,-,0.46,0.11410000000000001,2231923.0,2025-08-08 17:44:52
DRCT,7880000.0,,,,0.22,,4.96,,61.75%,82.68%,-39.37%,-,58.27%,0.42,0.0414,289640.0,2025-08-08 17:44:52
KZIA,7880000.0,,,,5.18,,4.15,,-,-,11.47%,94.35%,-,8.12,-0.0146,9904.0,2025-08-08 17:44:52
YCBD,7860000.0,,,,0.4,1.05,4.44,,96.44%,78.43%,57.37%,-,-3.80%,0.88,0.064,148606.0,2025-08-08 17:44:52
DSS,7820000.0,,,,0.39,0.44,0.71,,-,-,37.21%,-,4.20%,0.86,0.0231,22283.0,2025-08-08 17:44:52
EKSO,7810000.0,,,,0.53,0.71,1.49,,70.54%,67.47%,25.99%,72.75%,5.19%,2.99,-0.0478,127606.0,2025-08-08 17:44:52
POAI,7760000.0,,,,5.75,,2.51,,-,-,56.10%,-,2.84%,0.76,0.0097,191839.0,2025-08-08 17:44:52
BBGI,7710000.0,,,,0.03,0.05,0.63,,-,-,-,-,-1.68%,4.3,0.0437,11856.0,2025-08-08 17:44:52
ALBT,7700000.0,,,,5.62,,5.62,,-,-,25.22%,-,-2.92%,2.22,-0.0593,76599.0,2025-08-08 17:44:52
NLSP,7700000.0,,,,,,4.61,,-,-,33.06%,-,-,2.14,0.0594,156923.0,2025-08-08 17:44:52
UUU,7700000.0,15.38,,,0.33,1.49,22.0,,-,-,-,-,9.74%,3.33,0.0002,11050.0,2025-08-08 17:44:52
CYCN,7650000.0,,,,3.52,0.82,2.54,,-,-,57.72%,-,-15.00%,2.29,-0.0271,11514.0,2025-08-08 17:44:52
EEIQ,7570000.0,,,,0.93,1.47,5.08,,-,-,-,-,-1.29%,0.58,0.08310000000000001,16605.0,2025-08-08 17:44:52
GXAI,7550000.0,,,,251.55,0.48,0.51,,-,-,-,-,-,1.06,-0.0275,116542.0,2025-08-08 17:44:52
CDTG,7520000.0,29.76,,,1.82,1.29,375.85,,-,-,-,-,-,0.61,-0.061500000000000006,107794.0,2025-08-08 17:44:52
SCKT,7490000.0,,,,0.45,0.44,2.88,,-,-,-,-,-0.51%,0.95,-0.0143,27549.0,2025-08-08 17:44:52
FGI,7460000.0,,7.78,,0.06,0.34,6.07,,11.54%,186.96%,-,-,0.86%,3.89,-0.0707,246361.0,2025-08-08 17:44:52
GIBO,7460000.0,0.51,,,,0.03,,,-,-,-,-,-,0.04,-0.044800000000000006,47683250.0,2025-08-08 17:44:52
MITQ,7450000.0,,,,0.4,1.49,1.39,,-,-,-108.78%,-,-0.66%,0.75,0.04019999999999999,34663.0,2025-08-08 17:44:52
SSKN,7430000.0,,,,0.22,2.78,0.95,,-468.97%,54.31%,-17.46%,-,1.22%,1.78,-0.068,20440.0,2025-08-08 17:44:52
GITS,7400000.0,,,,,1.26,,,-,-,10.52%,-,-,2.32,-0.029300000000000003,15016.0,2025-08-08 17:44:52
NITO,7370000.0,,,,32.06,1.11,2.47,,-,-,37.99%,-,3.62%,0.24,0.0268,234695.0,2025-08-08 17:44:52
RVYL,7370000.0,,,,0.14,,0.1,,-,-,-19.07%,-,41.13%,0.31,0.022400000000000003,3173373.0,2025-08-08 17:44:52
HTOO,7350000.0,,,,4.23,0.21,33.42,,-,-,-91.50%,-,-,4.25,-0.059699999999999996,78966.0,2025-08-08 17:44:52
SEED,7330000.0,,,,0.57,,22.22,,-,-,-,-,3.20%,1.02,0.019799999999999998,11469.0,2025-08-08 17:44:52
AEHL,7320000.0,,,,0.07,0.08,6.97,,-,-,34.88%,-,15.81%,2.14,-0.1139,273555.0,2025-08-08 17:44:52
PTLE,7310000.0,,,,0.58,92.37,11.79,,-,-,-,-,-,0.19,0.0204,574720.0,2025-08-08 17:44:52
APVO,7290000.0,,,,,,3.41,,-,-,80.96%,-,-,2.26,0.056100000000000004,43757.0,2025-08-08 17:44:52
BQ,7290000.0,,,,0.11,43.12,1.24,,-,-,81.02%,-,-10.09%,2.53,-0.0344,44775.0,2025-08-08 17:44:52
HIHO,7270000.0,66.95,,,0.98,1.11,1.22,,-,-,-32.77%,-,-10.01%,1.58,-0.018600000000000002,1844.0,2025-08-08 17:44:52
MBIO,7260000.0,,,,,1.55,0.51,,-,-,51.52%,-,-,1.66,0.09210000000000002,448865.0,2025-08-08 17:44:52
SQFT,7260000.0,,,,0.39,0.23,0.61,,-,-,-137.14%,-,-7.95%,5.11,-0.0377,70863.0,2025-08-08 17:44:52
RDGT,7260000.0,,,,0.06,0.24,0.39,6.66,-,-,52.73%,-,0.45%,1.24,-0.0033,1053.0,2025-08-08 17:44:52
SINT,7250000.0,,,,2.82,1.18,1.12,,76.76%,27.03%,83.21%,-,33.18%,2.89,0.0764,71513.0,2025-08-08 17:44:52
AMBO,7230000.0,,,,,0.91,0.64,,-,-,-,-,-35.55%,2.76,-0.0194,11042.0,2025-08-08 17:44:52
CAPS,7220000.0,,,,0.17,0.25,4.15,2.56,98.42%,-,1.77%,-,-,1.32,0.0,56234.0,2025-08-08 17:44:52
GVH,7200000.0,93.41,,,0.66,23.55,4.53,,-,-,-,-,-,5.67,0.09880000000000001,134666.0,2025-08-08 17:44:52
IDAI,7200000.0,,,,2.36,1.77,6.31,,85.88%,52.05%,-152.55%,-,7.89%,2.9,-0.0169,20707.0,2025-08-08 17:44:52
ECDA,7190000.0,,,,0.27,,10.58,,-,-,-,-,-,0.15,0.045599999999999995,635485.0,2025-08-08 17:44:52
KPRX,7180000.0,,,,358.94,0.3,0.3,,-346.55%,-12.12%,-,-,42.93%,2.36,-0.0126,119326.0,2025-08-08 17:44:52
SSY,7180000.0,,,,0.23,0.54,0.96,,-,-,-13.18%,-,-6.59%,1.02,-0.0556,321565.0,2025-08-08 17:44:52
GNPX,7160000.0,,,,,1.34,2.06,,-,-,27.47%,-,-,0.21,-0.034300000000000004,812474.0,2025-08-08 17:44:52
LNKS,7130000.0,,,,1.43,0.73,1.07,,-,-,-,-,-11.17%,0.53,0.018799999999999997,6608.0,2025-08-08 17:44:52
ULY,7120000.0,,,,0.05,,1.11,,70.90%,55.13%,-,-,-,5.1,0.0,18734.0,2025-08-08 17:44:52
IBO,7070000.0,,,,,1.87,5.36,,-,-,-153.63%,-,-,0.58,-0.0053,145472.0,2025-08-08 17:44:52
INTS,7040000.0,,,,,12.34,7.57,,46.58%,7.20%,-23.29%,12.46%,-,0.27,0.071,5401297.0,2025-08-08 17:44:52
AIM,6910000.0,,,,46.08,,3.07,,-,-,34.59%,-,3.96%,2.5,-0.0809,148066.0,2025-08-08 17:44:52
NCI,6900000.0,6.68,,,0.23,0.94,5.85,,-,-,-,-,-,1.7,-0.0659,39444.0,2025-08-08 17:44:52
ACXP,6870000.0,,,,,2.17,1.48,,42.53%,-2.00%,-7.84%,15.58%,-,4.47,-0.0387,58396.0,2025-08-08 17:44:52
MSPR,6860000.0,,,,0.52,,0.76,,-,-,-69.28%,-,-,0.75,0.0078000000000000005,124744.0,2025-08-08 17:44:52
ALZN,6800000.0,,,,,0.46,1.72,,-,-,30.49%,-,-,2.35,0.046799999999999994,109863.0,2025-08-08 17:44:52
IBG,6790000.0,,,,,,,,-,-,-,-,7.66%,0.73,0.044000000000000004,1856979.0,2025-08-08 17:44:52
DUO,6740000.0,2.0,,,0.14,0.07,0.24,,-,-,-,-,-38.16%,1.68,0.012,121071.0,2025-08-08 17:44:52
EDBL,6710000.0,,,,0.5,1.78,16.36,,-,-,60.95%,-,19.72%,2.37,0.0304,10650.0,2025-08-08 17:44:52
STSS,6660000.0,,,,,0.31,0.56,,99.95%,-,-8.46%,-,-,6.5,0.3,338245.0,2025-08-08 17:44:52
XWEL,6560000.0,,,,0.2,,0.6,,-,-,57.37%,-,-6.92%,1.14,0.027000000000000003,4625.0,2025-08-08 17:44:52
MYNZ,6550000.0,,,,,,,,-,-,-52.02%,-,16.01%,1.43,-0.0138,51812.0,2025-08-08 17:44:52
CNEY,6530000.0,,,,0.13,0.01,20.41,,-,-,-,-,36.15%,2.1,-0.036699999999999997,8618.0,2025-08-08 17:44:52
FTFT,6520000.0,,,,0.35,0.52,1.47,,-,-,16.24%,-,18.06%,1.89,-0.055,32799.0,2025-08-08 17:44:52
SOS,6510000.0,,,,0.03,0.02,0.03,,-,-,-,-,82.06%,2.27,-0.0697,143959.0,2025-08-08 17:44:52
STRR,6510000.0,,,,0.11,0.19,0.98,,54.07%,70.49%,20.88%,-,-6.06%,2.02,0.005,17580.0,2025-08-08 17:44:52
ADXN,6510000.0,1.83,,,23.25,0.69,2.04,,0.00%,42.86%,-,-,-30.40%,7.94,0.0019,158.0,2025-08-08 17:44:52
OBLG,6470000.0,,,,2.73,1.17,1.5,,-,-,55.64%,-,-28.61%,3.38,-0.0088,61123.0,2025-08-08 17:44:52
CMCT,6470000.0,,,,0.05,,0.13,,-,-,-,-,-10.46%,8.57,-0.0745,163825.0,2025-08-08 17:44:52
PLRZ,6470000.0,,,,,0.0,2.54,,-,-,-,-,-,1.1,-0.051699999999999996,447288.0,2025-08-08 17:44:52
LCFY,6460000.0,,,,,2.92,23.07,,-,-,0.15%,-,19.57%,4.68,-0.023,12458.0,2025-08-08 17:44:52
PPBT,6450000.0,,,,,0.17,0.91,,76.75%,46.55%,45.90%,50.64%,-,2.13,-0.009300000000000001,11345.0,2025-08-08 17:44:52
YOUL,6430000.0,,,,,1.6,,,-,-,-,-,-,2.01,-0.0519,92476.0,2025-08-08 17:44:52
TRNR,6400000.0,,,,1.0,0.24,2.9,,96.70%,56.66%,52.18%,-,-,4.21,0.0,24120.0,2025-08-08 17:44:52
SBFM,6380000.0,,17.5,,0.18,0.17,0.79,,92.21%,114.04%,82.07%,-,340.11%,1.4,0.0,31434.0,2025-08-08 17:44:52
KAVL,6370000.0,,,,3.74,0.6,3.52,,-,-,-121.65%,-,-,0.55,-0.1612,1671115.0,2025-08-08 17:44:52
WAFU,6350000.0,,,,1.03,0.59,0.63,,-,-,21.96%,-,1.88%,1.44,0.006999999999999999,4276.0,2025-08-08 17:44:52
RKDA,6330000.0,,,,1.2,0.71,2.0,,98.11%,-3816.67%,50.91%,-,33.97%,4.63,0.0361,3235.0,2025-08-08 17:44:52
RETO,6310000.0,,,,1.64,0.06,4.07,,-,-,56.40%,-,-42.68%,2.15,0.0,5034.0,2025-08-08 17:44:52
SHFS,6300000.0,,,,0.48,,6.78,,-,-,-,-,-,2.27,-0.0562,5208.0,2025-08-08 17:44:52
APLM,6260000.0,,,,,1.29,0.64,,-,-,-28.54%,-,-,5.68,0.0165,4055.0,2025-08-08 17:44:52
SOPA,6110000.0,,,,0.91,,0.86,21.07,69.86%,39.42%,6.40%,-,268.83%,1.14,0.041100000000000005,45235.0,2025-08-08 17:44:52
AMIX,6060000.0,,,,,0.37,0.66,,53.41%,23.42%,-,32.01%,-,1.2,-0.0323,232467.0,2025-08-08 17:44:52
CDIO,6000000.0,,,,299.98,0.53,0.62,,-,-,-,-,-,3.45,-0.1085,72559.0,2025-08-08 17:44:52
RIME,5960000.0,,,,0.26,1.27,1.81,,98.17%,72.69%,-,-,-11.87%,2.37,-0.0084,67457.0,2025-08-08 17:44:52
VYNE,5940000.0,,,,9.91,0.13,0.12,,2.15%,5.86%,65.87%,-7.18%,2.49%,0.36,-0.0536,2612767.0,2025-08-08 17:44:52
SISI,5910000.0,,,,0.61,0.04,31.12,,-,-,-,-,-20.67%,0.13,-0.1,1530758.0,2025-08-08 17:44:52
ARTL,5880000.0,,,,,7.0,7.84,,-93.11%,77.42%,27.29%,31.74%,-,8.35,-0.0753,16502.0,2025-08-08 17:44:52
ZBAI,5850000.0,,,,8.13,0.7,0.75,,-,-,-,-,-27.42%,6.08,-0.0382,138983.0,2025-08-08 17:44:52
MTNB,5750000.0,,,,,0.92,0.83,,-,-,4.58%,-,-,1.13,0.2754,299419.0,2025-08-08 17:44:52
VMAR,5730000.0,,,,5.11,0.46,0.72,,99.29%,40.58%,-,-,5.19%,4.95,-0.002,14782.0,2025-08-08 17:44:52
THAR,5720000.0,,,,,,5.3,,-,-,29.89%,-,-,1.23,-0.0206,6256.0,2025-08-08 17:44:52
WNW,5700000.0,0.2,,,35.62,0.1,0.13,,-,-,-,-,-53.99%,1.8,0.0,16840.0,2025-08-08 17:44:52
PMCB,5690000.0,1.09,,,,0.14,0.34,,-,-,20.17%,-,-,0.83,-0.0235,21327.0,2025-08-08 17:44:52
ASNS,5670000.0,,,,0.73,2.15,3.99,,48.24%,81.82%,1.18%,-,-2.34%,0.62,0.025,843464.0,2025-08-08 17:44:52
GTBP,5630000.0,,,,,,2.29,,71.90%,47.69%,54.16%,50.14%,-,1.79,-0.0219,26573.0,2025-08-08 17:44:52
BOXL,5610000.0,,,,0.05,,0.69,,69.29%,45.04%,15.55%,-,32.70%,2.12,0.0653,13695.0,2025-08-08 17:44:52
ASTI,5610000.0,,,,112.14,1.38,2.48,,-,-,68.15%,-,-42.00%,2.09,0.0048,158635.0,2025-08-08 17:44:52
DFSC,5550000.0,,,,2.56,0.46,1.8,,-,-,-329.72%,-,-,4.05,-0.0217,126750.0,2025-08-08 17:44:52
ONFO,5490000.0,,,,0.6,1.53,8.19,,-,-,-16.55%,-,79.86%,1.07,-0.02,7114.0,2025-08-08 17:44:52
EJH,5480000.0,,,,0.11,0.0,0.04,,-,-,-,-,-0.18%,1.49,-0.0132,38963.0,2025-08-08 17:44:52
TRUG,5460000.0,,,,0.25,,0.43,,80.51%,81.97%,-,-,-,5.09,-0.0305,41316.0,2025-08-08 17:44:52
CDT,5410000.0,,,,,0.44,2.54,,-,-,-,-,-,1.85,-0.010700000000000001,51891.0,2025-08-08 17:44:52
RSLS,5340000.0,,,,0.75,0.24,2.04,,-,-,80.05%,-,19.53%,2.24,-0.1704,377269.0,2025-08-08 17:44:52
NVVE,5340000.0,,,,0.98,,3.53,,-,-,11.38%,-,15.44%,0.5,-0.0331,346125.0,2025-08-08 17:44:52
PMAX,5330000.0,,,,1.14,1.95,0.98,,-,-,-,-,-,0.36,-0.0109,167694.0,2025-08-08 17:44:52
CMND,5310000.0,,,,,2.2,1.14,,-,-,23.39%,-,-,0.99,-0.032400000000000005,26690.0,2025-08-08 17:44:52
TTNP,5260000.0,,,,,1.93,2.7,,-,-,79.02%,-,-,3.96,0.0025,10629.0,2025-08-08 17:44:52
SGN,5250000.0,,,,9.91,,10.72,,-,-,-,-,-,1.33,-0.0292,167526.0,2025-08-08 17:44:52
JDZG,5220000.0,,,,,,,,-,-,-,-,-,1.7,-0.1005,244255.0,2025-08-08 17:44:52
ENSC,5170000.0,,,,0.83,1.18,1.69,,65.59%,98.73%,-,-,-,2.18,0.0481,116906.0,2025-08-08 17:44:52
BKYI,5150000.0,,,,0.81,0.58,1.65,,73.81%,30.91%,57.34%,-,25.03%,0.75,-0.0096,101044.0,2025-08-08 17:44:52
CTNT,5120000.0,,,,0.66,0.45,26.93,1.72,65.66%,-49.45%,-,-,-,1.59,0.0192,23728.0,2025-08-08 17:44:52
CLIK,5110000.0,4.97,,,0.84,0.95,10.22,25.54,335.70%,-,-,-,-,0.33,-0.09759999999999999,34854201.0,2025-08-08 17:44:52
SUNE,5110000.0,,,,0.09,0.01,2.93,,-,-,-,-,2.24%,1.5,-0.0066,64472.0,2025-08-08 17:44:52
XELB,5090000.0,,,,0.69,0.09,16.98,,42.38%,43.19%,-40.20%,-,-27.67%,1.07,-0.053099999999999994,408765.0,2025-08-08 17:44:52
IVDA,5090000.0,,,,0.71,3.0,2.02,,-,-,-9.38%,-,9.93%,1.82,-0.037000000000000005,27773.0,2025-08-08 17:44:52
ISPC,5090000.0,,,,0.63,1.92,6.53,,-,-,-4.07%,-,16.67%,1.28,-0.2889,1197968.0,2025-08-08 17:44:52
LRHC,5080000.0,,,,0.07,,1.03,,-,-,-,-,6.15%,5.06,-0.0059,28023.0,2025-08-08 17:44:52
KTTA,5080000.0,,,,,0.14,0.95,,-,-,-282.28%,-,-,0.68,-0.025699999999999997,92323.0,2025-08-08 17:44:52
NEHC,5060000.0,,,,9.92,,2.13,,-,-,-914.89%,-,-,0.39,0.008,318658.0,2025-08-08 17:44:52
ADN,5050000.0,,,,6.15,,15.29,,-,-,-,-,-,1.89,-0.0105,16297.0,2025-08-08 17:44:52
SNOA,5030000.0,,,,0.35,1.13,0.94,,41.36%,65.91%,42.62%,-,-4.44%,3.06,-0.0161,20021.0,2025-08-08 17:44:52
SILO,5000000.0,,,,71.44,0.78,0.92,,-,-,11.18%,-,12.19%,0.69,0.1015,458766.0,2025-08-08 17:44:52
SGBX,4980000.0,,,,1.08,0.15,21.67,,-,-,52.95%,-,10.77%,0.4,0.3885,430437569.0,2025-08-08 17:44:52
ICON,4960000.0,,,,0.9,0.23,0.64,,92.27%,78.30%,-,-,-,2.27,-0.013000000000000001,48234.0,2025-08-08 17:44:52
SOBR,4940000.0,,,,19.76,0.43,0.49,,-,-,26.65%,-,-,3.26,0.0124,15019.0,2025-08-08 17:44:52
JCSE,4940000.0,284.85,,,0.34,0.41,1.17,8.23,-,-,-22.40%,-,1.55%,0.94,-0.0407,5624.0,2025-08-08 17:44:52
SNTG,4930000.0,,,,44.86,0.48,3.86,,-,-,-,-,-51.40%,1.76,0.0196,927.0,2025-08-08 17:44:52
PAPL,4900000.0,,,,0.25,5.84,4.34,,-,-,-,-,48.49%,4.9,0.7376,75015571.0,2025-08-08 17:44:52
TCRT,4880000.0,,,,488.3,3.74,15.26,,-,-,51.16%,-,-,2.47,-0.05,88023.0,2025-08-08 17:44:52
CPHI,4840000.0,,,,1.13,0.68,11.82,,-,-,59.12%,-,-16.15%,1.49,-0.0388,336034.0,2025-08-08 17:44:52
TWG,4770000.0,,,,7.82,179.05,477.31,43.39,-,-,-,-,-,7.66,0.0007000000000000001,10473.0,2025-08-08 17:44:52
SLXN,4770000.0,,,,,1.84,0.77,,96.51%,-17.39%,-286.09%,63.05%,-,8.23,-0.0408,17947.0,2025-08-08 17:44:52
VEEE,4700000.0,,,,0.36,0.18,0.76,,-,-,-90.53%,-,6.64%,2.1,-0.16329999999999997,185022.0,2025-08-08 17:44:52
BNRG,4660000.0,,,,,0.62,1.13,,-,-,30.61%,-,-,1.71,0.0118,21496.0,2025-08-08 17:44:52
BSLK,4660000.0,4.41,,,3.17,,4.75,,-,-,-,-,-,2.26,-0.0259,35389.0,2025-08-08 17:44:52
POLA,4600000.0,,,,0.33,0.63,65.71,,-,-,7.79%,-,-10.85%,1.83,-0.0275,11243.0,2025-08-08 17:44:52
GIPR,4580000.0,,0.66,,0.47,1.49,6.83,,178.05%,0.00%,11.78%,-,41.34%,0.84,-0.0639,34440.0,2025-08-08 17:44:52
VERO,4580000.0,,,,0.08,0.77,1.43,,71.31%,75.48%,38.15%,-,-10.10%,2.46,0.008199999999999999,19412.0,2025-08-08 17:44:52
EVTV,4570000.0,,,,2.77,0.45,21.77,,-,-,17.33%,-,-31.68%,1.78,-0.0106,214056.0,2025-08-08 17:44:52
PW,4560000.0,,,,1.53,,3.08,,-,-,-,-,6.94%,1.35,-0.0109,24256.0,2025-08-08 17:44:52
VIVS,4530000.0,,,,32.39,0.32,0.4,,-,-,45.28%,-,-42.01%,1.75,-0.0011,11757.0,2025-08-08 17:44:52
GNLN,4520000.0,,,,0.46,0.0,0.53,,-,-,63.04%,-,-40.96%,3.26,0.061900000000000004,60633.0,2025-08-08 17:44:52
GSUN,4520000.0,,,,0.44,6.29,5.38,,-,-,-,-,-7.70%,2.28,0.013300000000000001,2265.0,2025-08-08 17:44:52
OCTO,4510000.0,,,,0.11,0.46,10.49,,-,-,-,-,-,1.48,0.0,30937.0,2025-08-08 17:44:52
YJ,4500000.0,,,,0.08,0.06,0.14,,-,-,41.95%,-,-49.04%,1.76,-0.0028000000000000004,9574.0,2025-08-08 17:44:52
SXTP,4490000.0,,,,5.68,,1.3,,75.84%,-8.28%,12.29%,-,-28.10%,1.39,0.053,144625.0,2025-08-08 17:44:52
INM,4480000.0,,,,0.91,0.39,0.95,,-,-,53.87%,-,-,2.24,0.0,13023.0,2025-08-08 17:44:52
GLTO,4480000.0,,,,,0.47,0.44,,-,-,14.83%,-,-,3.38,0.0368,10032.0,2025-08-08 17:44:52
RELI,4440000.0,,,,0.32,1.03,1.31,,-,-,50.71%,-,25.86%,1.02,-0.0097,39128.0,2025-08-08 17:44:52
AGMH,4430000.0,0.34,,,0.14,0.05,3.79,0.62,-,-,-,-,149.72%,2.2,0.0233,21560.0,2025-08-08 17:44:52
IPDN,4420000.0,,,,0.68,0.9,8.83,,-,-,29.77%,-,6.02%,2.12,-0.0275,173574.0,2025-08-08 17:44:52
OLB,4410000.0,,,,0.38,1.62,146.92,,-,-,-19.88%,-,4.52%,1.57,-0.0248,42965.0,2025-08-08 17:44:52
ATXG,4370000.0,,,,1.05,0.12,0.21,7.05,-,-,-17.05%,-,-16.29%,0.43,-0.027000000000000003,64224.0,2025-08-08 17:44:52
MOVE,4310000.0,,,,4.27,0.57,0.55,,-,-,10.24%,-,-,0.61,-0.0316,37987.0,2025-08-08 17:44:52
PRSO,4300000.0,,,,0.28,1.15,1.55,,35.96%,60.27%,40.44%,-,7.64%,0.86,0.0192,145691.0,2025-08-08 17:44:52
IVP,4270000.0,,,,0.28,1.32,2.46,,-,-,-,-,-,0.77,-0.0062,52283.0,2025-08-08 17:44:52
XBIO,4270000.0,,,,1.66,0.83,0.83,,0.39%,-74.22%,47.32%,44.90%,171.13%,2.77,-0.0673,9992.0,2025-08-08 17:44:52
XYLO,4220000.0,,,,0.14,0.23,0.29,,113.16%,-,-2.32%,-,155.97%,5.21,0.029500000000000002,2939.0,2025-08-08 17:44:52
QNRX,4220000.0,,,,,0.71,0.37,,67.08%,28.68%,-144.01%,46.70%,-,7.15,0.0347,1335.0,2025-08-08 17:44:52
GBR,4210000.0,,,,28.07,0.93,12.76,,-,-,62.28%,-,8.30%,0.82,-0.0787,101194.0,2025-08-08 17:44:52
WAI,4200000.0,,,,8.07,0.56,10.76,,-,-,-,-,28.14%,0.38,0.0876,867768.0,2025-08-08 17:44:52
ACON,4179999.9999999995,,,,83.52,0.26,0.28,,99.81%,13.97%,40.18%,-,11.20%,7.17,-0.0197,14533.0,2025-08-08 17:44:52
UGRO,4139999.9999999995,,,,0.07,1.72,3.63,,68.67%,65.38%,-21.86%,-,28.38%,0.33,-0.1,211550.0,2025-08-08 17:44:52
BAOS,4120000.0,,,,6.65,0.28,1.47,,-,-,-,-,-48.86%,2.69,-0.0478,9312.0,2025-08-08 17:44:52
DRMA,4110000.0000000005,,,,,0.53,0.42,,82.94%,23.36%,43.22%,-,-,6.46,0.013500000000000002,8121.0,2025-08-08 17:44:52
INDP,4099999.9999999995,,,,,1.47,1.06,,16.15%,33.33%,57.27%,18.55%,-,7.17,0.0634,20320.0,2025-08-08 17:44:52
JWEL,4099999.9999999995,,,,0.03,0.24,1.88,6.13,-,-,-,-,16.57%,1.89,0.0134,39858.0,2025-08-08 17:44:52
JXG,4099999.9999999995,0.48,,,0.08,0.04,3.48,0.56,-,-,-,-,24.80%,1.02,-0.0095,57999.0,2025-08-08 17:44:52
JAGX,4099999.9999999995,,,,0.35,0.81,0.72,,87.03%,81.57%,86.61%,85.48%,15.14%,2.14,0.019,49976.0,2025-08-08 17:44:52
CHNR,4080000.0,,,,,0.34,9.72,,-,-,22.63%,-,-,3.31,-0.0236,7088.0,2025-08-08 17:44:52
CETX,4059999.9999999995,,,,0.05,0.35,0.67,,-,-,87.49%,-,11.23%,1.26,-0.0382,589089.0,2025-08-08 17:44:52
JZ,4030000.0000000005,,,,0.12,1.25,1.73,2.76,-,-,-,-,-7.81%,1.43,-0.053,3263.0,2025-08-08 17:44:52
HSDT,4000000.0,,,,9.31,0.04,3.61,,92.20%,74.56%,63.29%,-,-19.05%,5.93,0.029500000000000002,30653.0,2025-08-08 17:44:52
EVAX,3960000.0,,,,1.2,,0.22,,-633.33%,-24.43%,22.22%,-,-,2.83,-0.0341,40881.0,2025-08-08 17:44:52
WTO,3960000.0,,,,0.13,0.03,0.26,,-,-,-9.38%,-,-7.51%,1.1,-0.0435,6867.0,2025-08-08 17:44:52
SGLY,3960000.0,,,,1.82,0.29,0.22,,-,-,38.15%,-,-40.42%,0.94,-0.0208,10089.0,2025-08-08 17:44:52
TGL,3920000.0,,,,2.67,0.06,14.01,,-,-,-79.65%,-,201.19%,1.03,0.0322,101386.0,2025-08-08 17:44:52
CHEK,3920000.0,,,,,,,,-,-,43.50%,-,-,0.67,0.08800000000000001,50651.0,2025-08-08 17:44:52
MNDR,3900000.0,,,,0.45,2.07,2.06,,-,-,-,-,-,0.9,0.053399999999999996,28199.0,2025-08-08 17:44:52
MYSZ,3880000.0,,,,0.57,0.44,1.05,,-,-,61.95%,-,165.15%,1.25,-0.0079,108248.0,2025-08-08 17:44:52
WBUY,3860000.0,,,,0.07,0.35,0.93,,-,-,-,-,-,3.15,0.0096,72688.0,2025-08-08 17:44:52
SLRX,3820000.0,,,,,16.82,2.12,,-,-,57.63%,-,-,0.5,-0.1007,718686.0,2025-08-08 17:44:52
PALI,3790000.0,,,,,0.65,0.52,,84.60%,22.83%,77.35%,51.86%,-,0.79,-0.1005,2826841.0,2025-08-08 17:44:52
CHSN,3740000.0,13.5,,,1.48,0.93,2.26,6.94,-,-,-9.77%,-,6.83%,0.09,-0.0799,18134647.0,2025-08-08 17:44:52
BBLG,3740000.0,,,,,0.44,1.36,,-,-,55.67%,79.61%,-,2.33,-0.0827,78505.0,2025-08-08 17:44:52
CREG,3740000.0,,,,187.13,0.03,0.03,0.07,-,-,49.61%,-,-,1.41,-0.12960000000000002,668214.0,2025-08-08 17:44:52
XPON,3710000.0,,,,0.55,1.08,3.4,,-,-,-46.44%,-,31.83%,1.1,0.0,32243.0,2025-08-08 17:44:52
AGRI,3710000.0,,,,9.04,0.85,2.75,,-,-,53.96%,-,-,3.13,-0.0219,141331.0,2025-08-08 17:44:52
SMTK,3680000.0,,,,33.48,0.79,0.95,,-,-,-76.40%,-,72.58%,0.83,-0.046,32099.0,2025-08-08 17:44:52
SHPH,3660000.0,,,,,0.27,0.81,,-,-,-55.05%,-,-,3.42,-0.028399999999999998,38028.0,2025-08-08 17:44:52
REVB,3650000.0,,,,,0.27,0.99,,95.53%,38.30%,-,72.82%,-,2.38,-0.0667,206163.0,2025-08-08 17:44:52
SLE,3650000.0,,,,0.25,,4.87,,63.29%,56.19%,50.32%,-,71.71%,4.13,0.0024,14372.0,2025-08-08 17:44:52
FRGT,3560000.0,,,,0.26,0.14,8.49,,-,-,84.86%,-,31.00%,1.56,-0.0127,35504.0,2025-08-08 17:44:52
WHLR,3560000.0,,,,0.03,,0.06,0.47,-,-,-443.31%,-,10.72%,2.78,-0.010700000000000001,74257.0,2025-08-08 17:44:52
CNSP,3550000.0,,,,,0.15,0.27,,92.28%,61.67%,70.59%,70.98%,-,6.7,-0.0415,12117.0,2025-08-08 17:44:52
ITP,3530000.0,,,,0.04,0.01,0.7,1.23,-,-,-,-,-8.40%,0.21,0.0146,158177.0,2025-08-08 17:44:52
JFBR,3530000.0,,,,0.26,0.12,1.37,,-,-,-84.82%,-,82.83%,6.37,0.0258,112962.0,2025-08-08 17:44:52
AQMS,3490000.0,,,,,0.32,2.2,,-,-,25.92%,-,-,3.7,-0.013300000000000001,45850.0,2025-08-08 17:44:52
TAOP,3480000.0,,,,0.09,0.11,2.2,,-,-,43.93%,-,21.60%,3.91,0.0481,19713.0,2025-08-08 17:44:52
NBY,3440000.0,,,,0.48,0.56,0.4,,-,-,66.43%,-,8.19%,0.59,0.0184,18395.0,2025-08-08 17:44:52
CWD,3430000.0,,5.2,,0.1,,0.79,10.09,78.83%,113.12%,-,-,-1.92%,2.6,-0.011399999999999999,247350.0,2025-08-08 17:44:52
IMTE,3430000.0,,,,31.18,0.22,,1.36,-,-,-11.19%,-,-17.69%,1.0,-0.0002,4672.0,2025-08-08 17:44:52
NIVF,3430000.0,,,,,,7.45,,-,-,-,-,-,1.87,0.0108,102232.0,2025-08-08 17:44:52
VRAX,3400000.0,,,,340.21,0.6,0.8,,-,-,-21.07%,-,-42.40%,0.78,-0.0078000000000000005,22269.0,2025-08-08 17:44:52
AZTR,3390000.0,,,,339.15,0.56,1.06,,63.29%,24.14%,-,35.36%,-,0.16,-0.0232,1017025.0,2025-08-08 17:44:52
TOVX,3360000.0,,,,,0.07,0.34,,79.72%,-49.74%,39.99%,36.86%,-,0.37,-0.0487,200677.0,2025-08-08 17:44:52
GCTK,3310000.0,,,,,0.34,0.36,,-,-,-18.33%,-,-,5.82,0.0017000000000000001,8853.0,2025-08-08 17:44:52
TIVC,3290000.0,,,,6.34,0.74,4.92,,-,-,51.86%,-,13.18%,3.16,0.0076,15702.0,2025-08-08 17:44:52
GLMD,3270000.0,,,,,0.19,0.21,,-,-,45.91%,-,-,1.45,0.0584,198648.0,2025-08-08 17:44:52
NDRA,3270000.0,,,,,1.39,1.59,,83.14%,-4.17%,76.64%,-,-,4.34,0.018799999999999997,590074.0,2025-08-08 17:44:52
SBEV,3240000.0,,,,1.06,,,,-,-,-3.41%,-,189.63%,1.71,-0.006999999999999999,31038.0,2025-08-08 17:44:52
SMX,3230000.0,,,,,0.04,1.38,,-,-,-,-,-,6.51,0.33399999999999996,8618817.0,2025-08-08 17:44:52
AYRO,3200000.0,,,,319.82,1.04,0.21,,-,-,55.68%,-,-40.97%,5.88,-0.0068000000000000005,15728.0,2025-08-08 17:44:52
AEMD,3180000.0,,,,,0.48,0.58,,76.04%,70.08%,43.53%,60.97%,-,1.23,-0.0821,163332.0,2025-08-08 17:44:52
GRI,3140000.0,,,,,0.55,0.96,,89.54%,62.61%,70.23%,80.04%,-,1.26,0.008,41696.0,2025-08-08 17:44:52
BIVI,3100000.0,,,,,0.14,0.13,,84.38%,-32.46%,5.73%,-,-,1.67,-0.4261,4129508.0,2025-08-08 17:44:52
DGLY,3070000.0,,,,0.17,0.0,0.82,,-,-,20.37%,-,13.48%,1.78,-0.024700000000000003,34997.0,2025-08-08 17:44:52
CNET,3030000.0,,,,0.22,0.97,3.74,,-,-,-4.79%,-,-23.28%,1.32,0.0128,1599.0,2025-08-08 17:44:52
XRTX,3010000.0,,,,,1.1,1.59,,-,-,-7.63%,-,-,0.8,0.0258,100290.0,2025-08-08 17:44:52
ORIS,2980000.0,0.76,,,0.2,0.04,0.07,1.02,-,-,-,-,2.56%,0.14,0.5039,830330737.0,2025-08-08 17:44:52
QLGN,2980000.0,,,,,,99.36,,-,-,79.32%,-,-,1.82,-0.016200000000000003,72456.0,2025-08-08 17:44:52
ADTX,2900000.0,,,,48.28,0.09,6.04,,-,-,83.15%,-,-,1.19,-0.0246,230806.0,2025-08-08 17:44:52
AQB,2900000.0,,,,2.3,0.21,3.97,,-,-,-24.01%,-,-,0.75,0.0128,47405.0,2025-08-08 17:44:52
PBM,2860000.0,,,,,,1.46,,-,-,-,-,-,4.01,-0.0407,182180.0,2025-08-08 17:44:52
BLMZ,2840000.0,,,,,,,,-,-,-,-,-,0.2,0.0149,2807237.0,2025-08-08 17:44:52
SPRC,2770000.0,,,,2.12,6.89,1.78,,-,-,-8.23%,-,-,5.19,-0.0208,29717.0,2025-08-08 17:44:52
UOKA,2750000.0,,,,54.95,0.72,1.5,,-,-,-,-,-61.45%,2.57,-0.0046,16733.0,2025-08-08 17:44:52
ATCH,2750000.0,,,,0.69,,0.1,,-,-,-,-,-,0.18,-0.0429,5269097.0,2025-08-08 17:44:52
ENVB,2740000.0,,,,,0.7,0.64,,-,-,57.47%,-,-,1.11,0.0,56363.0,2025-08-08 17:44:52
SOAR,2720000.0,,,,0.03,,1.06,,-,-,-,-,-,1.31,-0.0507,188370.0,2025-08-08 17:44:52
LICN,2710000.0,,,,0.07,0.03,0.1,,-,-,-,-,5.59%,3.84,-0.0705,19495.0,2025-08-08 17:44:52
AKAN,2690000.0,,,,3.2,0.56,0.7,,-,-,36.07%,-,-,1.18,-0.08529999999999999,97512.0,2025-08-08 17:44:52
PRFX,2680000.0,,,,,,0.96,,-,-,12.33%,-,-,1.33,0.0038,21721.0,2025-08-08 17:44:52
RDHL,2660000.0,,,,,,,,-,-,65.76%,-,5.07%,1.16,-0.0085,110093.0,2025-08-08 17:44:52
OTRK,2650000.0,,,,0.26,0.34,0.65,,77.67%,38.95%,34.45%,58.35%,-20.93%,0.37,0.0683,1453106.0,2025-08-08 17:44:52
BINI,2640000.0,,,,0.3,,1.14,,-,-,79.12%,-,-55.82%,1.73,-0.19390000000000002,13000526.0,2025-08-08 17:44:52
ELAB,2580000.0,,,,1.05,0.16,0.44,,-,-,-,-,-,1.88,-0.0027,24939.0,2025-08-08 17:44:52
SVRE,2550000.0,,,,5.67,0.08,0.7,,-,-,38.93%,-,80.31%,2.04,-0.0097,13199.0,2025-08-08 17:44:52
CISS,2500000.0,,,,0.07,0.07,0.16,0.21,-,-,-,-,-,3.2,-0.0616,29904.0,2025-08-08 17:44:52
PFSA,2490000.0,,,,,,124.65,,-,-,-,-,-,0.47,-0.0085,647678.0,2025-08-08 17:44:52
BENF,2490000.0,,0.24,,2.37,,0.41,,79.76%,450.00%,-,-,-,0.29,0.0,153634.0,2025-08-08 17:44:52
TANH,2460000.0,,,,0.06,0.02,0.07,0.63,-,-,66.89%,-,-2.70%,1.81,0.0,3769.0,2025-08-08 17:44:52
PTIX,2460000.0,,,,,,2.83,,-,-,-10.56%,-,-,2.83,0.0034999999999999996,39036.0,2025-08-08 17:44:52
SGD,2400000.0,,,,13.35,17.54,120.17,,-,-,-,-,-,1.15,-0.09449999999999999,174201.0,2025-08-08 17:44:52
VTAK,2400000.0,,,,5.0,0.22,5.34,,-,-,83.47%,-,-43.35%,0.19,0.0672,1202588.0,2025-08-08 17:44:52
AIHS,2380000.0,,,,0.66,,2.87,4.86,-,-,35.18%,-,-26.37%,2.15,-0.07730000000000001,61600.0,2025-08-08 17:44:52
PET,2380000.0,,,,0.04,,,,-,-,-,-,-,0.05,0.0,0.0,2025-08-08 17:44:52
APDN,2220000.0,,,,0.59,0.17,0.33,,-,-,60.68%,-,-8.63%,4.27,0.0095,186491.0,2025-08-08 17:44:52
UK,2180000.0,,,,0.09,0.16,0.18,,-,-,-39.61%,-,-,1.03,0.0148,2243.0,2025-08-08 17:44:52
FAMI,2110000.0,,,,0.05,0.01,2.37,,-,-,34.05%,-,15.77%,1.6,0.054299999999999994,33885.0,2025-08-08 17:44:52
BJDX,2100000.0,,,,,0.2,0.67,,-,-,26.06%,-,-,1.4,-0.047599999999999996,34864.0,2025-08-08 17:44:52
NAOV,2060000.0,,,,0.78,0.02,3.44,,-,-,40.47%,-,37.00%,0.8,-0.04,1209272.0,2025-08-08 17:44:52
UPC,2029999.9999999998,0.0,,,0.1,0.04,0.04,,-,-,-,-,-7.07%,3.59,-0.0262,11570.0,2025-08-08 17:44:52
EZGO,1890000.0,,,,0.1,0.03,5.11,,-,-,-,-,32.40%,0.33,0.0499,471484.0,2025-08-08 17:44:52
STKH,1810000.0,,,,181.08,0.15,1.33,,-,-,1.21%,-,-,0.89,0.013600000000000001,183576.0,2025-08-08 17:44:52
AUUD,1770000.0,,,,,0.37,1.05,,-,-,21.77%,-,-,2.65,0.0271,2991479.0,2025-08-08 17:44:52
ENTO,1740000.0,,,,,,28.92,,-,-,82.03%,-,-,0.36,-0.062,155128.0,2025-08-08 17:44:52
TC,1720000.0,,,,0.25,,1.21,,-,-,16.40%,-,-40.72%,0.6,-0.0321,10838.0,2025-08-08 17:44:52
IVF,1670000.0,,,,0.25,,1.99,,-,-,22.38%,-,34.57%,1.8,-0.0055000000000000005,663409.0,2025-08-08 17:44:52
WLDS,1660000.0,,,,3.2,0.3,0.42,,-,-,-28.08%,-,16.62%,1.62,0.0452,27263.0,2025-08-08 17:44:52
LGHL,1630000.0,,,,,0.16,0.09,,-,-,-,-,-,2.29,0.0409,181396.0,2025-08-08 17:44:52
ONCO,1480000.0,,,,0.77,0.31,0.94,,-,-,-40.00%,-,-,2.84,0.0637,594007.0,2025-08-08 17:44:52
WLGS,1450000.0,,,,2.85,1.77,2.64,,-,-,-,-,-3.21%,0.05,0.09050000000000001,56008931.0,2025-08-08 17:44:52
TNFA,1380000.0,,,,,0.08,0.23,,-,-,50.65%,-,-,0.1,-0.0163,12375150.0,2025-08-08 17:44:52
SCNI,1290000.0,0.26,,,1.04,0.3,1.27,,-,-,-,-,-,1.52,-0.013000000000000001,68947.0,2025-08-08 17:44:52
LXEH,1270000.0,,,,0.28,0.1,0.04,,-,-,-,-,-27.02%,1.76,-0.2787,270195.0,2025-08-08 17:44:52
XXII,1220000.0,,0.48,,0.05,0.08,1.08,,99.23%,126.83%,52.01%,-,-1.15%,2.43,-0.0202,194082.0,2025-08-08 17:44:52
XHG,1210000.0,,,,,,,,-,-,86.14%,-,-25.95%,1.21,-0.010700000000000001,5225.0,2025-08-08 17:44:52
FOXO,1100000.0,,,,0.15,0.02,,,-,-,-7.61%,-,-,0.11,-0.063,17123013.0,2025-08-08 17:44:52
WORX,1090000.0,,,,0.38,0.11,1.02,,-,-,50.83%,-,-11.63%,0.3,-0.0682,813392.0,2025-08-08 17:44:52
YHC,1000000.0,,,,0.41,0.14,0.13,,-,-,-,-,-,0.94,-0.1207,3689806.0,2025-08-08 17:44:52
NAAS,910000.0,,,,0.02,,0.05,,-,-,-,-,-33.90%,2.17,-0.0269,55193.0,2025-08-08 17:44:52
OGEN,830000.0,,,,,6.03,0.24,,96.67%,9.21%,40.88%,73.59%,-,1.16,-0.10769999999999999,437644.0,2025-08-08 17:44:52
DXF,810000.0,,,,,0.2,20.16,,-,-,-,-,-41.04%,4.48,0.0443,64945.0,2025-08-08 17:44:52
HE,730000.0,,10.55,,0.0,1.24,0.0,0.01,-0.26%,4.60%,-,2.81%,2.30%,10.79,-0.0226,3010358.0,2025-08-08 17:44:52
SANW,730000.0,,,,0.02,0.03,2.08,,-,-,-17.99%,-,-11.24%,0.34,-0.028300000000000002,20752.0,2025-08-08 17:44:52
NUWE,590000.0,,,,0.07,0.15,0.23,,-,-,90.39%,-,9.66%,5.2,-0.013300000000000001,37617.0,2025-08-08 17:44:52
BDRX,500000.0,,,,,1.6,0.24,,-,-,83.98%,-,-,7.13,0.048499999999999995,23594.0,2025-08-08 17:44:52
FPE,,,,,,,,,-,-,-,-,-,18.0,0.0017000000000000001,662808.0,2025-08-08 17:44:52
SCO,,,,,,,,,-,-,-,-,-,17.74,0.0062,6227478.0,2025-08-08 17:44:52
MYCF,,,,,,,,,-,-,-,-,-,25.03,0.0,5140.0,2025-08-08 17:44:52
MZZ,,,,,,,,,-,-,-,-,-,9.09,-0.0015,28110.0,2025-08-08 17:44:52
WNTR,,,,,,,,,-,-,-,-,-,30.55,0.0096,18861.0,2025-08-08 17:44:52
SAGP,,,,,,,,,-,-,-,-,-,32.95,0.0005,2240.0,2025-08-08 17:44:52
FOVL,,,,,,,,,-,-,-,-,-,72.07,0.0060999999999999995,1248.0,2025-08-08 17:44:52
BDRY,,,,,,,,,-,-,-,-,-,7.8,0.006500000000000001,81172.0,2025-08-08 17:44:52
LGDX,,,,,,,,,-,-,-,-,-,21.64,0.0059,578.0,2025-08-08 17:44:52
XHLF,,,,,,,,,-,-,-,-,-,50.26,0.0001,91180.0,2025-08-08 17:44:52
EZM,,,,,,,,,-,-,-,-,-,62.52,0.0022,19546.0,2025-08-08 17:44:52
HEAT,,,,,,,,,-,-,-,-,-,28.54,0.0,0.0,2025-08-08 17:44:52
SCLZ,,,,,,,,,-,-,-,-,-,53.19,0.0034000000000000002,1869.0,2025-08-08 17:44:52
SAMM,,,,,,,,,-,-,-,-,-,27.14,-0.0004,1174.0,2025-08-08 17:44:52
FOWF,,,,,,,,,-,-,-,-,-,29.58,0.0004,709.0,2025-08-08 17:44:52
BDCX,,,,,,,,,-,-,-,-,-,28.01,0.0173,723.0,2025-08-08 17:44:52
LGH,,,,,,,,,-,-,-,-,-,56.73,0.009399999999999999,8396.0,2025-08-08 17:44:52
XHB,,,,,,,,,-,-,-,-,-,108.15,0.0032,2010327.0,2025-08-08 17:44:52
EZPZ,,,,,,,,,-,-,-,-,-,30.79,0.0001,2361.0,2025-08-08 17:44:52
HECA,,,,,,,,,-,-,-,-,-,25.39,0.0034999999999999996,12616.0,2025-08-08 17:44:52
SCMB,,,,,,,,,-,-,-,-,-,25.05,-0.0004,401820.0,2025-08-08 17:44:52
SAMT,,,,,,,,,-,-,-,-,-,35.61,0.0045000000000000005,53526.0,2025-08-08 17:44:52
FOXY,,,,,,,,,-,-,-,-,-,26.42,-0.0032,5451.0,2025-08-08 17:44:52
BDCZ,,,,,,,,,-,-,-,-,-,18.14,0.011399999999999999,3941.0,2025-08-08 17:44:52
LGLV,,,,,,,,,-,-,-,-,-,175.21,0.0009,7478.0,2025-08-08 17:44:52
PEZ,,,,,,,,,-,-,-,-,-,97.91,-0.011899999999999999,265.0,2025-08-08 17:44:52
XFLX,,,,,,,,,-,-,-,-,-,24.11,0.0,246.0,2025-08-08 17:44:52
SAMT,,,,,,,,,-,-,-,-,-,35.61,0.0045000000000000005,53526.0,2025-08-08 17:44:52
WOOD,,,,,,,,,-,-,-,-,-,74.36,-0.0045000000000000005,24495.0,2025-08-08 17:44:52
LGOV,,,,,,,,,-,-,-,-,-,21.42,-0.003,62665.0,2025-08-08 17:44:52
OGSP,,,,,,,,,-,-,-,-,-,10.07,-0.0005,10.0,2025-08-08 17:44:52
BDEC,,,,,,,,,-,-,-,-,-,46.12,0.0063,12262.0,2025-08-08 17:44:52
FPXE,,,,,,,,,-,-,-,-,-,31.67,0.0013,301.0,2025-08-08 17:44:52
QQQI,,,,,,,,,-,-,-,-,-,53.44,0.0079,3206880.0,2025-08-08 17:44:52
XES,,,,,,,,,-,-,-,-,-,65.35,0.0085,36205.0,2025-08-08 17:44:52
SBAR,,,,,,,,,-,-,-,-,-,26.27,0.0054,34635.0,2025-08-08 17:44:52
WNTR,,,,,,,,,-,-,-,-,-,30.55,0.0096,18861.0,2025-08-08 17:44:52
LIT,,,,,,,,,-,-,-,-,-,43.93,0.0242,257735.0,2025-08-08 17:44:52
OIH,,,,,,,,,-,-,-,-,-,237.51,0.0073,209839.0,2025-08-08 17:44:52
BDGS,,,,,,,,,-,-,-,-,-,33.77,0.006500000000000001,1526.0,2025-08-08 17:44:52
FPXI,,,,,,,,,-,-,-,-,-,56.44,0.0084,7074.0,2025-08-08 17:44:52
QQQJ,,,,,,,,,-,-,-,-,-,33.32,-0.0033,50679.0,2025-08-08 17:44:52
XFEB,,,,,,,,,-,-,-,-,-,34.38,0.0026,3284.0,2025-08-08 17:44:52
SBB,,,,,,,,,-,-,-,-,-,14.97,-0.0003,366.0,2025-08-08 17:44:52
WLTG,,,,,,,,,-,-,-,-,-,32.92,0.0068000000000000005,6767.0,2025-08-08 17:44:52
HDUS,,,,,,,,,-,-,-,-,-,61.58,0.0083,4470.0,2025-08-08 17:44:52
NVIR,,,,,,,,,-,-,-,-,-,30.08,0.0023,49.0,2025-08-08 17:44:52
BDIV,,,,,,,,,-,-,-,-,-,21.38,0.0084,29.0,2025-08-08 17:44:52
OILU,,,,,,,,,-,-,-,-,-,21.0,0.0155,183691.0,2025-08-08 17:44:52
FPRO,,,,,,,,,-,-,-,-,-,22.28,-0.0096,570.0,2025-08-08 17:44:52
LGRO,,,,,,,,,-,-,-,-,-,37.52,0.0008,320.0,2025-08-08 17:44:52
XFEB,,,,,,,,,-,-,-,-,-,34.38,0.0026,3284.0,2025-08-08 17:44:52
SAGP,,,,,,,,,-,-,-,-,-,32.95,0.0005,2240.0,2025-08-08 17:44:52
HDV,,,,,,,,,-,-,-,-,-,120.16,0.0060999999999999995,185435.0,2025-08-08 17:44:52
NVDD,,,,,,,,,-,-,-,-,-,4.03,-0.0098,12708389.0,2025-08-08 17:44:52
BCUS,,,,,,,,,-,-,-,-,-,31.77,0.0069,1634.0,2025-08-08 17:44:52
NBJP,,,,,,,,,-,-,-,-,-,29.46,0.0097,7.0,2025-08-08 17:44:52
FPX,,,,,,,,,-,-,-,-,-,154.0,-0.0006,35377.0,2025-08-08 17:44:52
LGOV,,,,,,,,,-,-,-,-,-,21.42,-0.003,62665.0,2025-08-08 17:44:52
XFIV,,,,,,,,,-,-,-,-,-,49.19,-0.0021,26220.0,2025-08-08 17:44:52
PY,,,,,,,,,-,-,-,-,-,50.32,0.0073,7563.0,2025-08-08 17:44:52
HDLB,,,,,,,,,-,-,-,-,-,16.04,0.0037,661.0,2025-08-08 17:44:52
NVDG,,,,,,,,,-,-,-,-,-,19.8,0.0222,83467.0,2025-08-08 17:44:52
BDBT,,,,,,,,,-,-,-,-,-,25.25,-0.0032,36960.0,2025-08-08 17:44:52
NBCC,,,,,,,,,-,-,-,-,-,24.33,0.0,12.0,2025-08-08 17:44:52
LIAF,,,,,,,,,-,-,-,-,-,177.73,0.0,0.0,2025-08-08 17:44:52
SCC,,,,,,,,,-,-,-,-,-,16.79,-0.0040999999999999995,4821.0,2025-08-08 17:44:52
SAMM,,,,,,,,,-,-,-,-,-,27.14,-0.0004,1174.0,2025-08-08 17:44:52
OKLL,,,,,,,,,-,-,-,-,-,32.73,-0.1035,1316501.0,2025-08-08 17:44:52
NVDD,,,,,,,,,-,-,-,-,-,4.03,-0.0098,12708389.0,2025-08-08 17:44:52
HDLB,,,,,,,,,-,-,-,-,-,16.04,0.0037,661.0,2025-08-08 17:44:52
CALF,,,,,,,,,-,-,-,-,-,40.33,0.0062,1180444.0,2025-08-08 17:44:52
UBT,,,,,,,,,-,-,-,-,-,16.72,-0.0059,21623.0,2025-08-08 17:44:52
LIAJ,,,,,,,,,-,-,-,-,-,192.73,0.0,0.0,2025-08-08 17:44:52
SCHM,,,,,,,,,-,-,-,-,-,28.35,-0.0014000000000000002,841490.0,2025-08-08 17:44:52
SAMT,,,,,,,,,-,-,-,-,-,35.61,0.0045000000000000005,53526.0,2025-08-08 17:44:52
NAPR,,,,,,,,,-,-,-,-,-,51.9,0.0027,38480.0,2025-08-08 17:44:52
NVDG,,,,,,,,,-,-,-,-,-,19.8,0.0222,83467.0,2025-08-08 17:44:52
HDMV,,,,,,,,,-,-,-,-,-,35.37,0.0026,623.0,2025-08-08 17:44:52
CALI,,,,,,,,,-,-,-,-,-,50.51,0.0001,89353.0,2025-08-08 17:44:52
UCO,,,,,,,,,-,-,-,-,-,22.52,-0.0062,3697330.0,2025-08-08 17:44:52
LIAK,,,,,,,,,-,-,-,-,-,197.6,0.0,0.0,2025-08-08 17:44:52
SCHO,,,,,,,,,-,-,-,-,-,24.31,-0.0004,1524568.0,2025-08-08 17:44:52
SPRE,,,,,,,,,-,-,-,-,-,19.13,-0.0067,17033.0,2025-08-08 17:44:52
NANC,,,,,,,,,-,-,-,-,-,42.86,0.0137,33948.0,2025-08-08 17:44:52
RZG,,,,,,,,,-,-,-,-,-,50.96,0.002,472.0,2025-08-08 17:44:52
NVDL,,,,,,,,,-,-,-,-,-,92.4,0.0202,8372972.0,2025-08-08 17:44:52
CAIE,,,,,,,,,-,-,-,-,-,26.23,0.0058,236204.0,2025-08-08 17:44:52
FIRI,,,,,,,,,-,-,-,-,-,19.04,-0.0013,28.0,2025-08-08 17:44:52
HDEF,,,,,,,,,-,-,-,-,-,29.32,0.0027,105967.0,2025-08-08 17:44:52
ULE,,,,,,,,,-,-,-,-,-,13.05,0.0015,10676.0,2025-08-08 17:44:52
MVV,,,,,,,,,-,-,-,-,-,63.97,-0.0001,8352.0,2025-08-08 17:44:52
FQAL,,,,,,,,,-,-,-,-,-,71.83,0.0077,23843.0,2025-08-08 17:44:52
QBTX,,,,,,,,,-,-,-,-,-,83.02,-0.0374,576921.0,2025-08-08 17:44:52
NVDQ,,,,,,,,,-,-,-,-,-,1.0,-0.0148,19068485.0,2025-08-08 17:44:52
BDVG,,,,,,,,,-,-,-,-,-,12.35,0.0085,2220.0,2025-08-08 17:44:52
FIRS,,,,,,,,,-,-,-,-,-,21.77,0.0002,62.0,2025-08-08 17:44:52
HDG,,,,,,,,,-,-,-,-,-,50.04,0.0007000000000000001,204.0,2025-08-08 17:44:52
ULST,,,,,,,,,-,-,-,-,-,40.56,-0.0005,262814.0,2025-08-08 17:44:52
MVLL,,,,,,,,,-,-,-,-,-,22.1,0.0392,106025.0,2025-08-08 17:44:52
FORH,,,,,,,,,-,-,-,-,-,23.21,0.0029,283.0,2025-08-08 17:44:52
QBUF,,,,,,,,,-,-,-,-,-,28.12,0.003,10757.0,2025-08-08 17:44:52
NVDS,,,,,,,,,-,-,-,-,-,11.54,-0.0154,605642.0,2025-08-08 17:44:52
CAFG,,,,,,,,,-,-,-,-,-,24.64,0.0025,1852.0,2025-08-08 17:44:52
FISR,,,,,,,,,-,-,-,-,-,25.75,-0.0018,44995.0,2025-08-08 17:44:52
FQAL,,,,,,,,,-,-,-,-,-,71.83,0.0077,23843.0,2025-08-08 17:44:52
YGLD,,,,,,,,,-,-,-,-,-,35.45,0.0187,28612.0,2025-08-08 17:44:52
QMMY,,,,,,,,,-,-,-,-,-,24.01,0.0042,3692.0,2025-08-08 17:44:52
XCLR,,,,,,,,,-,-,-,-,-,28.81,0.0062,183.0,2025-08-08 17:44:52
NAPR,,,,,,,,,-,-,-,-,-,51.9,0.0027,38480.0,2025-08-08 17:44:52
HBTA,,,,,,,,,-,-,-,-,-,26.56,0.0097,4803.0,2025-08-08 17:44:52
BUZZ,,,,,,,,,-,-,-,-,-,31.88,0.005,42411.0,2025-08-08 17:44:52
LGCF,,,,,,,,,-,-,-,-,-,31.8,0.008199999999999999,3698.0,2025-08-08 17:44:52
GSUS,,,,,,,,,-,-,-,-,-,88.25,0.009000000000000001,115497.0,2025-08-08 17:44:52
XXRP,,,,,,,,,-,-,-,-,-,51.0,0.1518,2194566.0,2025-08-08 17:44:52
QMNV,,,,,,,,,-,-,-,-,-,21.9,0.005600000000000001,9934.0,2025-08-08 17:44:52
XCNY,,,,,,,,,-,-,-,-,-,26.11,-0.004,1966.0,2025-08-08 17:44:52
NAUG,,,,,,,,,-,-,-,-,-,28.28,0.0039000000000000003,25939.0,2025-08-08 17:44:52
HBTC,,,,,,,,,-,-,-,-,-,30.43,-0.013300000000000001,1635.0,2025-08-08 17:44:52
BDVG,,,,,,,,,-,-,-,-,-,12.35,0.0085,2220.0,2025-08-08 17:44:52
IVVM,,,,,,,,,-,-,-,-,-,33.2,0.0059,16633.0,2025-08-08 17:44:52
GSY,,,,,,,,,-,-,-,-,-,50.24,0.0002,423546.0,2025-08-08 17:44:52
XYLD,,,,,,,,,-,-,-,-,-,39.17,0.0036,589708.0,2025-08-08 17:44:52
QMOM,,,,,,,,,-,-,-,-,-,62.66,-0.0088,11192.0,2025-08-08 17:44:52
XCOR,,,,,,,,,-,-,-,-,-,75.58,0.006999999999999999,3916.0,2025-08-08 17:44:52
SBB,,,,,,,,,-,-,-,-,-,14.97,-0.0003,366.0,2025-08-08 17:44:52
MPRO,,,,,,,,,-,-,-,-,-,29.84,0.002,25590.0,2025-08-08 17:44:52
BULU,,,,,,,,,-,-,-,-,-,28.14,-0.0378,4646.0,2025-08-08 17:44:52
BNDW,,,,,,,,,-,-,-,-,-,69.14,-0.002,112207.0,2025-08-08 17:44:52
YALL,,,,,,,,,-,-,-,-,-,43.37,0.0066,6195.0,2025-08-08 17:44:52
NBCM,,,,,,,,,-,-,-,-,-,22.25,-0.0027,12953.0,2025-08-08 17:44:52
FBCG,,,,,,,,,-,-,-,-,-,51.19,0.0096,403351.0,2025-08-08 17:44:52
HDGE,,,,,,,,,-,-,-,-,-,17.16,0.0034999999999999996,90251.0,2025-08-08 17:44:52
SBND,,,,,,,,,-,-,-,-,-,18.81,-0.0008,10830.0,2025-08-08 17:44:52
NVOH,,,,,,,,,-,-,-,-,-,27.73,0.044800000000000006,7512.0,2025-08-08 17:44:52
BULZ,,,,,,,,,-,-,-,-,-,201.39,0.043,358497.0,2025-08-08 17:44:52
BNDX,,,,,,,,,-,-,-,-,-,49.36,-0.0016,2448666.0,2025-08-08 17:44:52
YANG,,,,,,,,,-,-,-,-,-,28.55,0.005600000000000001,1493664.0,2025-08-08 17:44:52
NBCR,,,,,,,,,-,-,-,-,-,29.53,0.0060999999999999995,2150.0,2025-08-08 17:44:52
FBCV,,,,,,,,,-,-,-,-,-,32.92,0.009300000000000001,8508.0,2025-08-08 17:44:52
IHY,,,,,,,,,-,-,-,-,-,21.97,0.0009,15405.0,2025-08-08 17:44:52
SPMO,,,,,,,,,-,-,-,-,-,117.19,0.006999999999999999,1416334.0,2025-08-08 17:44:52
NVOX,,,,,,,,,-,-,-,-,-,3.05,0.08929999999999999,16792473.0,2025-08-08 17:44:52
BCDF,,,,,,,,,-,-,-,-,-,31.69,0.0029,1087.0,2025-08-08 17:44:52
BNDY,,,,,,,,,-,-,-,-,-,25.18,-0.0014000000000000002,4074.0,2025-08-08 17:44:52
WTMF,,,,,,,,,-,-,-,-,-,36.23,0.0045000000000000005,8985.0,2025-08-08 17:44:52
LRGF,,,,,,,,,-,-,-,-,-,66.06,0.0079,111655.0,2025-08-08 17:44:52
SPTE,,,,,,,,,-,-,-,-,-,32.05,0.009399999999999999,5942.0,2025-08-08 17:44:52
EVYM,,,,,,,,,-,-,-,-,-,47.92,0.001,4803.0,2025-08-08 17:44:52
NVDG,,,,,,,,,-,-,-,-,-,19.8,0.0222,83467.0,2025-08-08 17:44:52
DVYA,,,,,,,,,-,-,-,-,-,41.15,0.004699999999999999,6087.0,2025-08-08 17:44:52
BCLO,,,,,,,,,-,-,-,-,-,49.74,0.0007000000000000001,4749.0,2025-08-08 17:44:52
TAXM,,,,,,,,,-,-,-,-,-,49.05,0.0001,125.0,2025-08-08 17:44:52
WTMU,,,,,,,,,-,-,-,-,-,25.31,-0.0006,5.0,2025-08-08 17:44:52
LRGG,,,,,,,,,-,-,-,-,-,29.88,0.0074,47183.0,2025-08-08 17:44:52
SPTI,,,,,,,,,-,-,-,-,-,28.68,-0.0017000000000000001,608919.0,2025-08-08 17:44:52
DTAN,,,,,,,,,-,-,-,-,-,29.07,0.0083,2168.0,2025-08-08 17:44:52
NVDL,,,,,,,,,-,-,-,-,-,92.4,0.0202,8372972.0,2025-08-08 17:44:52
DVYE,,,,,,,,,-,-,-,-,-,29.44,0.0014000000000000002,82957.0,2025-08-08 17:44:52
BBUS,,,,,,,,,-,-,-,-,-,115.39,0.0067,160436.0,2025-08-08 17:44:52
TAPR,,,,,,,,,-,-,-,-,-,25.3,0.0,0.0,2025-08-08 17:44:52
SCMB,,,,,,,,,-,-,-,-,-,25.05,-0.0004,401820.0,2025-08-08 17:44:52
LQDW,,,,,,,,,-,-,-,-,-,25.23,-0.0004,25323.0,2025-08-08 17:44:52
SPTL,,,,,,,,,-,-,-,-,-,26.36,-0.0038,3008836.0,2025-08-08 17:44:52
EVTR,,,,,,,,,-,-,-,-,-,50.97,-0.0022,205856.0,2025-08-08 17:44:52
HCMAU,,,,,,,,,-,-,-,-,-,10.1,-0.002,13770.0,2025-08-08 17:44:52
QBER,,,,,,,,,-,-,-,-,-,24.69,-0.0026,31803.0,2025-08-08 17:44:52
BCI,,,,,,,,,-,-,-,-,-,20.54,-0.0029,267142.0,2025-08-08 17:44:52
QNXT,,,,,,,,,-,-,-,-,-,26.11,-0.0004,2313.0,2025-08-08 17:44:52
NBET,,,,,,,,,-,-,-,-,-,32.24,-0.0016,783.0,2025-08-08 17:44:52
FNY,,,,,,,,,-,-,-,-,-,83.55,0.0011,14211.0,2025-08-08 17:44:52
MOTG,,,,,,,,,-,-,-,-,-,43.28,0.0058,717.0,2025-08-08 17:44:52
UDOW,,,,,,,,,-,-,-,-,-,93.8,0.0132,1948603.0,2025-08-08 17:44:52
HCMT,,,,,,,,,-,-,-,-,-,34.64,0.018500000000000003,21155.0,2025-08-08 17:44:52
QBF,,,,,,,,,-,-,-,-,-,27.62,-0.008100000000000001,11548.0,2025-08-08 17:44:52
BCIL,,,,,,,,,-,-,-,-,-,29.6,-0.0025,20938.0,2025-08-08 17:44:52
QOWZ,,,,,,,,,-,-,-,-,-,35.82,0.0026,357.0,2025-08-08 17:44:52
NBFC,,,,,,,,,-,-,-,-,-,51.29,-0.0003,575.0,2025-08-08 17:44:52
FOCT,,,,,,,,,-,-,-,-,-,45.75,0.006500000000000001,113769.0,2025-08-08 17:44:52
MOTI,,,,,,,,,-,-,-,-,-,35.54,0.004,6205.0,2025-08-08 17:44:52
UCC,,,,,,,,,-,-,-,-,-,47.36,0.0042,2060.0,2025-08-08 17:44:52
HCOW,,,,,,,,,-,-,-,-,-,23.24,0.005,1905.0,2025-08-08 17:44:52
QBIG,,,,,,,,,-,-,-,-,-,35.62,0.0155,25315.0,2025-08-08 17:44:52
BCIM,,,,,,,,,-,-,-,-,-,20.67,0.0060999999999999995,1132.0,2025-08-08 17:44:52
QPFF,,,,,,,,,-,-,-,-,-,35.88,0.0023,5154.0,2025-08-08 17:44:52
QPFF,,,,,,,,,-,-,-,-,-,35.88,0.0023,5154.0,2025-08-08 17:44:52
JETS,,,,,,,,,-,-,-,-,-,23.68,0.0038,3236106.0,2025-08-08 17:44:52
HBTA,,,,,,,,,-,-,-,-,-,26.56,0.0097,4803.0,2025-08-08 17:44:52
MVFG,,,,,,,,,-,-,-,-,-,28.9,0.0049,4990.0,2025-08-08 17:44:52
MOTE,,,,,,,,,-,-,-,-,-,28.39,0.0039000000000000003,5.0,2025-08-08 17:44:52
PWB,,,,,,,,,-,-,-,-,-,120.12,0.0084,34751.0,2025-08-08 17:44:52
BCLO,,,,,,,,,-,-,-,-,-,49.74,0.0007000000000000001,4749.0,2025-08-08 17:44:52
LQDH,,,,,,,,,-,-,-,-,-,92.6,0.0009,21372.0,2025-08-08 17:44:52
QPUX,,,,,,,,,-,-,-,-,-,19.3,0.0108,76695.0,2025-08-08 17:44:52
JETU,,,,,,,,,-,-,-,-,-,20.93,0.006,63.0,2025-08-08 17:44:52
HBTC,,,,,,,,,-,-,-,-,-,30.43,-0.013300000000000001,1635.0,2025-08-08 17:44:52
MVAL,,,,,,,,,-,-,-,-,-,33.75,0.0034000000000000002,11.0,2025-08-08 17:44:52
MOTG,,,,,,,,,-,-,-,-,-,43.28,0.0058,717.0,2025-08-08 17:44:52
PWER,,,,,,,,,-,-,-,-,-,29.29,0.0097,4.0,2025-08-08 17:44:52
BBUS,,,,,,,,,-,-,-,-,-,115.39,0.0067,160436.0,2025-08-08 17:44:52
LQDI,,,,,,,,,-,-,-,-,-,26.42,-0.0008,9837.0,2025-08-08 17:44:52
QPX,,,,,,,,,-,-,-,-,-,40.05,0.005600000000000001,968.0,2025-08-08 17:44:52
JGLO,,,,,,,,,-,-,-,-,-,65.84,0.0067,62522.0,2025-08-08 17:44:52
HAP,,,,,,,,,-,-,-,-,-,53.36,0.0063,11800.0,2025-08-08 17:44:52
MUSE,,,,,,,,,-,-,-,-,-,50.42,-0.0001,39.0,2025-08-08 17:44:52
MUST,,,,,,,,,-,-,-,-,-,20.04,-0.001,102685.0,2025-08-08 17:44:52
NVYY,,,,,,,,,-,-,-,-,-,27.65,-0.013000000000000001,495655.0,2025-08-08 17:44:52
BBP,,,,,,,,,-,-,-,-,-,62.98,-0.0062,343.0,2025-08-08 17:44:52
LQDH,,,,,,,,,-,-,-,-,-,92.6,0.0009,21372.0,2025-08-08 17:44:52
UDN,,,,,,,,,-,-,-,-,-,18.68,-0.0011,187582.0,2025-08-08 17:44:52
PYPY,,,,,,,,,-,-,-,-,-,11.34,-0.004699999999999999,26250.0,2025-08-08 17:44:52
SSFI,,,,,,,,,-,-,-,-,-,21.42,-0.0016,653.0,2025-08-08 17:44:52
INDE,,,,,,,,,-,-,-,-,-,28.92,-0.0109,22.0,2025-08-08 17:44:52
MUU,,,,,,,,,-,-,-,-,-,21.98,0.12369999999999999,726827.0,2025-08-08 17:44:52
NWLG,,,,,,,,,-,-,-,-,-,36.65,0.0043,31.0,2025-08-08 17:44:52
BBRE,,,,,,,,,-,-,-,-,-,91.03,-0.0072,3004.0,2025-08-08 17:44:52
LQDI,,,,,,,,,-,-,-,-,-,26.42,-0.0008,9837.0,2025-08-08 17:44:52
UDOW,,,,,,,,,-,-,-,-,-,93.8,0.0132,1948603.0,2025-08-08 17:44:52
QABA,,,,,,,,,-,-,-,-,-,53.6,0.0102,3188.0,2025-08-08 17:44:52
SSG,,,,,,,,,-,-,-,-,-,10.57,-0.0158,100438.0,2025-08-08 17:44:52
INDF,,,,,,,,,-,-,-,-,-,37.72,-0.0085,4728.0,2025-08-08 17:44:52
MUD,,,,,,,,,-,-,-,-,-,16.01,-0.0645,19713.0,2025-08-08 17:44:52
NVOH,,,,,,,,,-,-,-,-,-,27.73,0.044800000000000006,7512.0,2025-08-08 17:44:52
BBSB,,,,,,,,,-,-,-,-,-,98.93,-0.0006,12.0,2025-08-08 17:44:52
LOWV,,,,,,,,,-,-,-,-,-,75.94,0.0060999999999999995,1925.0,2025-08-08 17:44:52
ACLO,,,,,,,,,-,-,-,-,-,50.33,0.0002,18.0,2025-08-08 17:44:52
XVV,,,,,,,,,-,-,-,-,-,49.18,0.0095,1650481.0,2025-08-08 17:44:52
SSFI,,,,,,,,,-,-,-,-,-,21.42,-0.0016,653.0,2025-08-08 17:44:52
HARD,,,,,,,,,-,-,-,-,-,28.31,-0.0296,5639.0,2025-08-08 17:44:52
ONEV,,,,,,,,,-,-,-,-,-,130.13,0.0033,5517.0,2025-08-08 17:44:52
SPVM,,,,,,,,,-,-,-,-,-,61.6,0.0058,1893.0,2025-08-08 17:44:52
BBSC,,,,,,,,,-,-,-,-,-,67.58,0.0004,1476.0,2025-08-08 17:44:52
FEBZ,,,,,,,,,-,-,-,-,-,36.8,0.0055000000000000005,646.0,2025-08-08 17:44:52
ADPV,,,,,,,,,-,-,-,-,-,40.57,0.0042,31014.0,2025-08-08 17:44:52
XTJA,,,,,,,,,-,-,-,-,-,30.07,0.004699999999999999,151.0,2025-08-08 17:44:52
SSG,,,,,,,,,-,-,-,-,-,10.57,-0.0158,100438.0,2025-08-08 17:44:52
HART,,,,,,,,,-,-,-,-,-,29.44,0.0108,8.0,2025-08-08 17:44:52
ONOF,,,,,,,,,-,-,-,-,-,35.33,0.0083,1587.0,2025-08-08 17:44:52
SPVU,,,,,,,,,-,-,-,-,-,50.92,0.011200000000000002,13765.0,2025-08-08 17:44:52
AKAF,,,,,,,,,-,-,-,-,-,26.52,0.0028000000000000004,2402.0,2025-08-08 17:44:52
FEDM,,,,,,,,,-,-,-,-,-,55.51,0.0075,162.0,2025-08-08 17:44:52
ADIV,,,,,,,,,-,-,-,-,-,18.15,0.0019,6799.0,2025-08-08 17:44:52
XTJL,,,,,,,,,-,-,-,-,-,36.82,0.005699999999999999,78.0,2025-08-08 17:44:52
SRTY,,,,,,,,,-,-,-,-,-,16.06,-0.005600000000000001,2649621.0,2025-08-08 17:44:52
HBDC,,,,,,,,,-,-,-,-,-,25.14,0.0024,222837.0,2025-08-08 17:44:52
ONOF,,,,,,,,,-,-,-,-,-,35.33,0.0083,1587.0,2025-08-08 17:44:52
PICK,,,,,,,,,-,-,-,-,-,39.74,0.0151,373710.0,2025-08-08 17:44:52
ALAI,,,,,,,,,-,-,-,-,-,33.56,0.0096,87789.0,2025-08-08 17:44:52
FEGE,,,,,,,,,-,-,-,-,-,41.38,0.0068000000000000005,104157.0,2025-08-08 17:44:52
XAR,,,,,,,,,-,-,-,-,-,214.39,-0.0043,197013.0,2025-08-08 17:44:52
QCLR,,,,,,,,,-,-,-,-,-,31.39,0.0045000000000000005,143.0,2025-08-08 17:44:52
FNGU,,,,,,,,,-,-,-,-,-,25.73,0.0304,5162058.0,2025-08-08 17:44:52
INDE,,,,,,,,,-,-,-,-,-,28.92,-0.0109,22.0,2025-08-08 17:44:52
PPTY,,,,,,,,,-,-,-,-,-,29.44,-0.0079,1090.0,2025-08-08 17:44:52
PID,,,,,,,,,-,-,-,-,-,20.86,0.005600000000000001,40546.0,2025-08-08 17:44:52
ALIL,,,,,,,,,-,-,-,-,-,28.65,0.009399999999999999,100.0,2025-08-08 17:44:52
FEIG,,,,,,,,,-,-,-,-,-,41.11,-0.0017000000000000001,1602.0,2025-08-08 17:44:52
XAUG,,,,,,,,,-,-,-,-,-,36.09,0.0014000000000000002,862.0,2025-08-08 17:44:52
QCMD,,,,,,,,,-,-,-,-,-,26.38,-0.013500000000000002,1154.0,2025-08-08 17:44:52
FNK,,,,,,,,,-,-,-,-,-,52.53,0.0045000000000000005,14283.0,2025-08-08 17:44:52
INDF,,,,,,,,,-,-,-,-,-,37.72,-0.0085,4728.0,2025-08-08 17:44:52
PQAP,,,,,,,,,-,-,-,-,-,27.51,0.0034000000000000002,1490.0,2025-08-08 17:44:52
PIE,,,,,,,,,-,-,-,-,-,22.24,0.0007000000000000001,89909.0,2025-08-08 17:44:52
BBLU,,,,,,,,,-,-,-,-,-,14.16,0.0070999999999999995,59420.0,2025-08-08 17:44:52
FEAT,,,,,,,,,-,-,-,-,-,34.59,0.0001,52510.0,2025-08-08 17:44:52
ORR,,,,,,,,,-,-,-,-,-,31.73,0.0025,53547.0,2025-08-08 17:44:52
JCPI,,,,,,,,,-,-,-,-,-,48.41,0.0,36594.0,2025-08-08 17:44:52
QQQG,,,,,,,,,-,-,-,-,-,23.21,0.0097,1291.0,2025-08-08 17:44:52
INFL,,,,,,,,,-,-,-,-,-,42.06,0.0012,72760.0,2025-08-08 17:44:52
FEAC,,,,,,,,,-,-,-,-,-,26.82,0.0077,878.0,2025-08-08 17:44:52
PIFI,,,,,,,,,-,-,-,-,-,95.46,-0.0015,114.0,2025-08-08 17:44:52
BBMC,,,,,,,,,-,-,-,-,-,98.91,0.001,2905.0,2025-08-08 17:44:52
KBWY,,,,,,,,,-,-,-,-,-,15.19,-0.015600000000000001,179667.0,2025-08-08 17:44:52
OSCV,,,,,,,,,-,-,-,-,-,36.6,0.0017000000000000001,39380.0,2025-08-08 17:44:52
JCHI,,,,,,,,,-,-,-,-,-,51.63,0.0003,78.0,2025-08-08 17:44:52
QQQH,,,,,,,,,-,-,-,-,-,53.55,0.0059,19951.0,2025-08-08 17:44:52
INFO,,,,,,,,,-,-,-,-,-,22.65,0.01,982.0,2025-08-08 17:44:52
FEGE,,,,,,,,,-,-,-,-,-,41.38,0.0068000000000000005,104157.0,2025-08-08 17:44:52
PILL,,,,,,,,,-,-,-,-,-,6.04,0.039599999999999996,77887.0,2025-08-08 17:44:52
ALTY,,,,,,,,,-,-,-,-,-,11.69,0.002,13942.0,2025-08-08 17:44:52
LST,,,,,,,,,-,-,-,-,-,36.89,0.0052,9561.0,2025-08-08 17:44:52
OSEA,,,,,,,,,-,-,-,-,-,29.02,0.0033,266997.0,2025-08-08 17:44:52
JEMA,,,,,,,,,-,-,-,-,-,44.19,-0.0002,14709.0,2025-08-08 17:44:52
QLTA,,,,,,,,,-,-,-,-,-,47.76,-0.0025,73382.0,2025-08-08 17:44:52
INFR,,,,,,,,,-,-,-,-,-,26.76,-0.001,1008.0,2025-08-08 17:44:52
JPIN,,,,,,,,,-,-,-,-,-,65.25,0.0045000000000000005,3686.0,2025-08-08 17:44:52
TQQY,,,,,,,,,-,-,-,-,-,18.7,-0.0069,17345.0,2025-08-08 17:44:52
ALTL,,,,,,,,,-,-,-,-,-,39.17,0.005,142604.0,2025-08-08 17:44:52
HRTS,,,,,,,,,-,-,-,-,-,27.63,0.0067,3736.0,2025-08-08 17:44:52
SIO,,,,,,,,,-,-,-,-,-,26.12,-0.0021,2764.0,2025-08-08 17:44:52
EPI,,,,,,,,,-,-,-,-,-,44.26,-0.006999999999999999,852441.0,2025-08-08 17:44:52
ONOF,,,,,,,,,-,-,-,-,-,35.33,0.0083,1587.0,2025-08-08 17:44:52
GVIP,,,,,,,,,-,-,-,-,-,139.41,0.0034000000000000002,1713.0,2025-08-08 17:44:52
JPLD,,,,,,,,,-,-,-,-,-,52.15,-0.0013,213673.0,2025-08-08 17:44:52
TPYP,,,,,,,,,-,-,-,-,-,35.18,-0.0031,24441.0,2025-08-08 17:44:52
ALLW,,,,,,,,,-,-,-,-,-,26.38,-0.0009,214687.0,2025-08-08 17:44:52
GGOV,,,,,,,,,-,-,-,-,-,50.26,-0.0012,4.0,2025-08-08 17:44:52
SIMS,,,,,,,,,-,-,-,-,-,37.4,0.0028000000000000004,695.0,2025-08-08 17:44:52
EPIN,,,,,,,,,-,-,-,-,-,20.81,0.0,0.0,2025-08-08 17:44:52
PPTY,,,,,,,,,-,-,-,-,-,29.44,-0.0079,1090.0,2025-08-08 17:44:52
GVLU,,,,,,,,,-,-,-,-,-,24.12,0.0034999999999999996,2741.0,2025-08-08 17:44:52
LRND,,,,,,,,,-,-,-,-,-,37.29,0.0092,1009.0,2025-08-08 17:44:52
TRIO,,,,,,,,,-,-,-,-,-,63.54,0.0032,301.0,2025-08-08 17:44:52
ALRG,,,,,,,,,-,-,-,-,-,25.59,0.0091,117.0,2025-08-08 17:44:52
GEM,,,,,,,,,-,-,-,-,-,38.08,-0.0018,42105.0,2025-08-08 17:44:52
EWQ,,,,,,,,,-,-,-,-,-,42.68,0.0045000000000000005,320209.0,2025-08-08 17:44:52
MYMJ,,,,,,,,,-,-,-,-,-,24.47,-0.0006,1.0,2025-08-08 17:44:52
PY,,,,,,,,,-,-,-,-,-,50.32,0.0073,7563.0,2025-08-08 17:44:52
GVLU,,,,,,,,,-,-,-,-,-,24.12,0.0034999999999999996,2741.0,2025-08-08 17:44:52
PIEQ,,,,,,,,,-,-,-,-,-,29.92,-0.0027,32875.0,2025-08-08 17:44:52
HAPI,,,,,,,,,-,-,-,-,-,38.72,0.0067,488.0,2025-08-08 17:44:52
CANQ,,,,,,,,,-,-,-,-,-,29.33,0.0060999999999999995,2469.0,2025-08-08 17:44:52
LTPZ,,,,,,,,,-,-,-,-,-,52.14,-0.001,51526.0,2025-08-08 17:44:52
EWS,,,,,,,,,-,-,-,-,-,27.09,-0.0029,250184.0,2025-08-08 17:44:52
LQAI,,,,,,,,,-,-,-,-,-,37.97,0.0086,222.0,2025-08-08 17:44:52
PYLD,,,,,,,,,-,-,-,-,-,26.49,-0.0004,1422800.0,2025-08-08 17:44:52
GVUS,,,,,,,,,-,-,-,-,-,50.23,0.004699999999999999,857.0,2025-08-08 17:44:52
PIFI,,,,,,,,,-,-,-,-,-,95.46,-0.0015,114.0,2025-08-08 17:44:52
HAPS,,,,,,,,,-,-,-,-,-,28.73,0.0,0.0,2025-08-08 17:44:52
CAOS,,,,,,,,,-,-,-,-,-,89.19,0.001,8453.0,2025-08-08 17:44:52
LTL,,,,,,,,,-,-,-,-,-,96.72,0.0075,761.0,2025-08-08 17:44:52
EWT,,,,,,,,,-,-,-,-,-,60.29,-0.0012,2088044.0,2025-08-08 17:44:52
LQD,,,,,,,,,-,-,-,-,-,109.41,-0.0032,16946050.0,2025-08-08 17:44:52
PYPG,,,,,,,,,-,-,-,-,-,16.36,-0.0161,58473.0,2025-08-08 17:44:52
GVAL,,,,,,,,,-,-,-,-,-,28.55,0.0053,43293.0,2025-08-08 17:44:52
FSYD,,,,,,,,,-,-,-,-,-,47.76,0.001,5234.0,2025-08-08 17:44:52
PSIL,,,,,,,,,-,-,-,-,-,16.68,0.0101,11223.0,2025-08-08 17:44:52
CAPE,,,,,,,,,-,-,-,-,-,31.74,0.0002,13715.0,2025-08-08 17:44:52
XBI,,,,,,,,,-,-,-,-,-,85.43,0.0013,6666614.0,2025-08-08 17:44:52
AMZD,,,,,,,,,-,-,-,-,-,10.73,0.0023,325775.0,2025-08-08 17:44:52
EQL,,,,,,,,,-,-,-,-,-,44.32,0.0038,27165.0,2025-08-08 17:44:52
SAEF,,,,,,,,,-,-,-,-,-,26.75,-0.004,1655.0,2025-08-08 17:44:52
XSLV,,,,,,,,,-,-,-,-,-,45.37,-0.0,9802.0,2025-08-08 17:44:52
FSZ,,,,,,,,,-,-,-,-,-,78.74,-0.0009,202.0,2025-08-08 17:44:52
PSMD,,,,,,,,,-,-,-,-,-,30.82,0.0,0.0,2025-08-08 17:44:52
CAML,,,,,,,,,-,-,-,-,-,37.55,0.0011,18512.0,2025-08-08 17:44:52
XBIL,,,,,,,,,-,-,-,-,-,50.05,0.0002,162488.0,2025-08-08 17:44:52
AMZP,,,,,,,,,-,-,-,-,-,29.27,0.0027,6823.0,2025-08-08 17:44:52
EQLT,,,,,,,,,-,-,-,-,-,27.3,-0.0004,175.0,2025-08-08 17:44:52
RZV,,,,,,,,,-,-,-,-,-,107.76,-0.0036,969.0,2025-08-08 17:44:52
XSMO,,,,,,,,,-,-,-,-,-,68.38,0.0023,128408.0,2025-08-08 17:44:52
FTBD,,,,,,,,,-,-,-,-,-,49.34,-0.0009,1021.0,2025-08-08 17:44:52
PSMJ,,,,,,,,,-,-,-,-,-,30.84,0.0024,33007.0,2025-08-08 17:44:52
CANC,,,,,,,,,-,-,-,-,-,25.27,-0.0029,7076.0,2025-08-08 17:44:52
WWJD,,,,,,,,,-,-,-,-,-,34.64,0.0033,37781.0,2025-08-08 17:44:52
QOWZ,,,,,,,,,-,-,-,-,-,35.82,0.0026,357.0,2025-08-08 17:44:52
SPMV,,,,,,,,,-,-,-,-,-,48.45,0.0043,133.0,2025-08-08 17:44:52
EVX,,,,,,,,,-,-,-,-,-,39.04,0.0033,4586.0,2025-08-08 17:44:52
OIH,,,,,,,,,-,-,-,-,-,237.51,0.0073,209839.0,2025-08-08 17:44:52
GTO,,,,,,,,,-,-,-,-,-,46.95,-0.002,240644.0,2025-08-08 17:44:52
PIPE,,,,,,,,,-,-,-,-,-,23.86,-0.0040999999999999995,1017.0,2025-08-08 17:44:52
CANE,,,,,,,,,-,-,-,-,-,10.91,0.0125,25850.0,2025-08-08 17:44:52
SOXX,,,,,,,,,-,-,-,-,-,242.87,0.0084,5230979.0,2025-08-08 17:44:52
QPFF,,,,,,,,,-,-,-,-,-,35.88,0.0023,5154.0,2025-08-08 17:44:52
SBIL,,,,,,,,,-,-,-,-,-,100.3,0.0002,14572.0,2025-08-08 17:44:52
EVYM,,,,,,,,,-,-,-,-,-,47.92,0.001,4803.0,2025-08-08 17:44:52
OKLL,,,,,,,,,-,-,-,-,-,32.73,-0.1035,1316501.0,2025-08-08 17:44:52
GTOC,,,,,,,,,-,-,-,-,-,25.17,-0.0022,512.0,2025-08-08 17:44:52
PIT,,,,,,,,,-,-,-,-,-,51.6,0.002,490.0,2025-08-08 17:44:52
CAMX,,,,,,,,,-,-,-,-,-,30.8,0.0013,580.0,2025-08-08 17:44:52
SOXY,,,,,,,,,-,-,-,-,-,52.44,0.0075,1003.0,2025-08-08 17:44:52
QPUX,,,,,,,,,-,-,-,-,-,19.3,0.0108,76695.0,2025-08-08 17:44:52
SBIO,,,,,,,,,-,-,-,-,-,32.74,-0.0013,7816.0,2025-08-08 17:44:52
EWA,,,,,,,,,-,-,-,-,-,26.63,0.0011,2033693.0,2025-08-08 17:44:52
OILD,,,,,,,,,-,-,-,-,-,13.21,-0.015600000000000001,136254.0,2025-08-08 17:44:52
QPFF,,,,,,,,,-,-,-,-,-,35.88,0.0023,5154.0,2025-08-08 17:44:52
KNOW,,,,,,,,,-,-,-,-,-,11.06,0.0009,305.0,2025-08-08 17:44:52
CVRD,,,,,,,,,-,-,-,-,-,18.57,0.002,14.0,2025-08-08 17:44:52
TSME,,,,,,,,,-,-,-,-,-,40.22,0.0079,29104.0,2025-08-08 17:44:52
XSEP,,,,,,,,,-,-,-,-,-,41.14,0.0023,3245.0,2025-08-08 17:44:52
FDT,,,,,,,,,-,-,-,-,-,72.49,0.0049,61071.0,2025-08-08 17:44:52
PJAN,,,,,,,,,-,-,-,-,-,44.76,0.0034000000000000002,31126.0,2025-08-08 17:44:52
GSKH,,,,,,,,,-,-,-,-,-,52.75,0.0038,303.0,2025-08-08 17:44:52
QPUX,,,,,,,,,-,-,-,-,-,19.3,0.0108,76695.0,2025-08-08 17:44:52
KNRG,,,,,,,,,-,-,-,-,-,25.67,0.0013,12860.0,2025-08-08 17:44:52
CVRT,,,,,,,,,-,-,-,-,-,33.19,-0.0005,175.0,2025-08-08 17:44:52
TSMG,,,,,,,,,-,-,-,-,-,18.12,0.0011,22430.0,2025-08-08 17:44:52
XSHD,,,,,,,,,-,-,-,-,-,13.02,-0.0031,56873.0,2025-08-08 17:44:52
FDTS,,,,,,,,,-,-,-,-,-,53.22,0.0053,109.0,2025-08-08 17:44:52
PJBF,,,,,,,,,-,-,-,-,-,59.64,-0.0004,482.0,2025-08-08 17:44:52
FORH,,,,,,,,,-,-,-,-,-,23.21,0.0029,283.0,2025-08-08 17:44:52
QPX,,,,,,,,,-,-,-,-,-,40.05,0.005600000000000001,968.0,2025-08-08 17:44:52
KOCT,,,,,,,,,-,-,-,-,-,30.79,0.0011,18409.0,2025-08-08 17:44:52
CVNX,,,,,,,,,-,-,-,-,-,21.3,-0.0677,32595.0,2025-08-08 17:44:52
TSMU,,,,,,,,,-,-,-,-,-,30.56,-0.0078000000000000005,47476.0,2025-08-08 17:44:52
QBUL,,,,,,,,,-,-,-,-,-,25.56,0.0026,954.0,2025-08-08 17:44:52
APRJ,,,,,,,,,-,-,-,-,-,24.77,0.0009,4899.0,2025-08-08 17:44:52
PJFV,,,,,,,,,-,-,-,-,-,75.57,0.0044,3.0,2025-08-08 17:44:52
KDEC,,,,,,,,,-,-,-,-,-,24.3,0.001,5318.0,2025-08-08 17:44:52
EWA,,,,,,,,,-,-,-,-,-,26.63,0.0011,2033693.0,2025-08-08 17:44:52
QQDN,,,,,,,,,-,-,-,-,-,30.95,-0.0287,2916.0,2025-08-08 17:44:52
CARU,,,,,,,,,-,-,-,-,-,27.82,-0.005,203.0,2025-08-08 17:44:52
EDOG,,,,,,,,,-,-,-,-,-,22.65,0.0022,1879.0,2025-08-08 17:44:52
QCAP,,,,,,,,,-,-,-,-,-,23.05,0.002,1088.0,2025-08-08 17:44:52
APRP,,,,,,,,,-,-,-,-,-,28.57,0.0031,113.0,2025-08-08 17:44:52
PJIO,,,,,,,,,-,-,-,-,-,60.9,-0.0021,313.0,2025-08-08 17:44:52
KDEF,,,,,,,,,-,-,-,-,-,41.07,-0.0368,30146.0,2025-08-08 17:44:52
EWU,,,,,,,,,-,-,-,-,-,40.53,0.001,1463678.0,2025-08-08 17:44:52
QQEW,,,,,,,,,-,-,-,-,-,135.58,-0.0014000000000000002,31980.0,2025-08-08 17:44:52
CARD,,,,,,,,,-,-,-,-,-,3.8,0.0,12789.0,2025-08-08 17:44:52
EDOW,,,,,,,,,-,-,-,-,-,38.65,0.0063,6074.0,2025-08-08 17:44:52
QCJA,,,,,,,,,-,-,-,-,-,21.03,0.0039000000000000003,3192.0,2025-08-08 17:44:52
APRT,,,,,,,,,-,-,-,-,-,39.94,0.0042,922.0,2025-08-08 17:44:52
PJP,,,,,,,,,-,-,-,-,-,85.63,0.020099999999999996,5777.0,2025-08-08 17:44:52
KEMQ,,,,,,,,,-,-,-,-,-,22.65,-0.0076,2489.0,2025-08-08 17:44:52
NACP,,,,,,,,,-,-,-,-,-,44.16,0.0097,564.0,2025-08-08 17:44:52
SPUS,,,,,,,,,-,-,-,-,-,46.65,0.008,305429.0,2025-08-08 17:44:52
CPSN,,,,,,,,,-,-,-,-,-,26.25,0.0,0.0,2025-08-08 17:44:52
SPCZ,,,,,,,,,-,-,-,-,-,28.0,0.0038,3.0,2025-08-08 17:44:52
KEUA,,,,,,,,,-,-,-,-,-,24.28,0.016,446.0,2025-08-08 17:44:52
FLCV,,,,,,,,,-,-,-,-,-,29.64,0.0024,3137.0,2025-08-08 17:44:52
XSHQ,,,,,,,,,-,-,-,-,-,41.57,-0.0007000000000000001,33188.0,2025-08-08 17:44:52
FTA,,,,,,,,,-,-,-,-,-,79.45,0.0058,31745.0,2025-08-08 17:44:52
MYY,,,,,,,,,-,-,-,-,-,18.74,-0.0003,603.0,2025-08-08 17:44:52
SPUT,,,,,,,,,-,-,-,-,-,26.36,0.0042,117.0,2025-08-08 17:44:52
CPSO,,,,,,,,,-,-,-,-,-,26.48,0.0008,1.0,2025-08-08 17:44:52
SPD,,,,,,,,,-,-,-,-,-,38.06,0.0083,1843.0,2025-08-08 17:44:52
KEMQ,,,,,,,,,-,-,-,-,-,22.65,-0.0076,2489.0,2025-08-08 17:44:52
FJAN,,,,,,,,,-,-,-,-,-,48.63,0.0054,16215.0,2025-08-08 17:44:52
XSLV,,,,,,,,,-,-,-,-,-,45.37,-0.0,9802.0,2025-08-08 17:44:52
FTAG,,,,,,,,,-,-,-,-,-,26.18,-0.0002,55.0,2025-08-08 17:44:52
LQAI,,,,,,,,,-,-,-,-,-,37.97,0.0086,222.0,2025-08-08 17:44:52
SPUU,,,,,,,,,-,-,-,-,-,165.2,0.0151,10189.0,2025-08-08 17:44:52
CPSP,,,,,,,,,-,-,-,-,-,25.51,0.0012,1.0,2025-08-08 17:44:52
SPDG,,,,,,,,,-,-,-,-,-,38.53,0.0069,201.0,2025-08-08 17:44:52
JEPQ,,,,,,,,,-,-,-,-,-,55.32,0.0062,5980098.0,2025-08-08 17:44:52
URE,,,,,,,,,-,-,-,-,-,61.96,-0.0155,1191.0,2025-08-08 17:44:52
QOWZ,,,,,,,,,-,-,-,-,-,35.82,0.0026,357.0,2025-08-08 17:44:52
LOCT,,,,,,,,,-,-,-,-,-,23.87,0.0008,1317.0,2025-08-08 17:44:52
FEBZ,,,,,,,,,-,-,-,-,-,36.8,0.0055000000000000005,646.0,2025-08-08 17:44:52
KEMQ,,,,,,,,,-,-,-,-,-,22.65,-0.0076,2489.0,2025-08-08 17:44:52
CBLS,,,,,,,,,-,-,-,-,-,28.85,0.0004,236.0,2025-08-08 17:44:52
IJAN,,,,,,,,,-,-,-,-,-,34.57,0.0032,51762.0,2025-08-08 17:44:52
JEMA,,,,,,,,,-,-,-,-,-,44.19,-0.0002,14709.0,2025-08-08 17:44:52
TCPB,,,,,,,,,-,-,-,-,-,50.89,-0.0021,8281.0,2025-08-08 17:44:52
QPFF,,,,,,,,,-,-,-,-,-,35.88,0.0023,5154.0,2025-08-08 17:44:52
LOUP,,,,,,,,,-,-,-,-,-,64.57,-0.0053,9532.0,2025-08-08 17:44:52
FEDM,,,,,,,,,-,-,-,-,-,55.51,0.0075,162.0,2025-08-08 17:44:52
KEMX,,,,,,,,,-,-,-,-,-,32.77,-0.0015,9365.0,2025-08-08 17:44:52
CBOA,,,,,,,,,-,-,-,-,-,26.5,0.0004,360.0,2025-08-08 17:44:52
IJH,,,,,,,,,-,-,-,-,-,62.53,-0.0002,4751785.0,2025-08-08 17:44:52
JEMB,,,,,,,,,-,-,-,-,-,52.09,0.0011,1050.0,2025-08-08 17:44:52
TCV,,,,,,,,,-,-,-,-,-,23.34,-0.0049,2864.0,2025-08-08 17:44:52
QPUX,,,,,,,,,-,-,-,-,-,19.3,0.0108,76695.0,2025-08-08 17:44:52
LOWV,,,,,,,,,-,-,-,-,-,75.94,0.0060999999999999995,1925.0,2025-08-08 17:44:52
LCTD,,,,,,,,,-,-,-,-,-,51.35,0.0048,4157.0,2025-08-08 17:44:52
QIG,,,,,,,,,-,-,-,-,-,44.77,-0.0026,341.0,2025-08-08 17:44:52
CBOJ,,,,,,,,,-,-,-,-,-,26.02,-0.0009,884.0,2025-08-08 17:44:52
FNDA,,,,,,,,,-,-,-,-,-,29.32,0.0,1012171.0,2025-08-08 17:44:52
LYLD,,,,,,,,,-,-,-,-,-,26.25,0.0060999999999999995,28.0,2025-08-08 17:44:52
CNAV,,,,,,,,,-,-,-,-,-,28.11,-0.0025,14204.0,2025-08-08 17:44:52
FUSI,,,,,,,,,-,-,-,-,-,50.53,0.001,1519.0,2025-08-08 17:44:52
JCTR,,,,,,,,,-,-,-,-,-,85.82,0.0086,30.0,2025-08-08 17:44:52
LCTU,,,,,,,,,-,-,-,-,-,69.34,0.008100000000000001,14082.0,2025-08-08 17:44:52
QINT,,,,,,,,,-,-,-,-,-,59.44,0.0055000000000000005,21745.0,2025-08-08 17:44:52
CBON,,,,,,,,,-,-,-,-,-,22.25,0.0004,1127.0,2025-08-08 17:44:52
FNDB,,,,,,,,,-,-,-,-,-,24.34,0.0087,52804.0,2025-08-08 17:44:52
MYCK,,,,,,,,,-,-,-,-,-,24.89,-0.0024,3.0,2025-08-08 17:44:52
CNBS,,,,,,,,,-,-,-,-,-,22.47,0.0658,12812.0,2025-08-08 17:44:52
FUNL,,,,,,,,,-,-,-,-,-,44.2,0.0073,352.0,2025-08-08 17:44:52
JDIV,,,,,,,,,-,-,-,-,-,52.09,0.0034999999999999996,218.0,2025-08-08 17:44:52
LDRC,,,,,,,,,-,-,-,-,-,25.19,-0.0004,8113.0,2025-08-08 17:44:52
QGRD,,,,,,,,,-,-,-,-,-,25.64,0.0079,2483.0,2025-08-08 17:44:52
CBOY,,,,,,,,,-,-,-,-,-,25.32,-0.0004,7213.0,2025-08-08 17:44:52
FNDC,,,,,,,,,-,-,-,-,-,43.48,0.0034999999999999996,187428.0,2025-08-08 17:44:52
QQQD,,,,,,,,,-,-,-,-,-,14.64,-0.0128,45807.0,2025-08-08 17:44:52
FEAT,,,,,,,,,-,-,-,-,-,34.59,0.0001,52510.0,2025-08-08 17:44:52
SPXM,,,,,,,,,-,-,-,-,-,20.45,0.0039000000000000003,35899.0,2025-08-08 17:44:52
PSCX,,,,,,,,,-,-,-,-,-,29.32,0.0,0.0,2025-08-08 17:44:52
IGBH,,,,,,,,,-,-,-,-,-,24.23,0.0,27099.0,2025-08-08 17:44:52
FTCB,,,,,,,,,-,-,-,-,-,21.07,-0.0024,251870.0,2025-08-08 17:44:52
CRMG,,,,,,,,,-,-,-,-,-,12.25,-0.0046,93383.0,2025-08-08 17:44:52
WTV,,,,,,,,,-,-,-,-,-,87.17,0.0046,63982.0,2025-08-08 17:44:52
QQQE,,,,,,,,,-,-,-,-,-,97.65,-0.0019,54451.0,2025-08-08 17:44:52
FEBM,,,,,,,,,-,-,-,-,-,29.56,0.0017000000000000001,1043.0,2025-08-08 17:44:52
SPXN,,,,,,,,,-,-,-,-,-,68.73,0.009000000000000001,665.0,2025-08-08 17:44:52
PSDM,,,,,,,,,-,-,-,-,-,51.22,-0.0004,10801.0,2025-08-08 17:44:52
IFV,,,,,,,,,-,-,-,-,-,23.79,0.0073,10442.0,2025-08-08 17:44:52
FTCE,,,,,,,,,-,-,-,-,-,22.43,0.0033,1442.0,2025-08-08 17:44:52
CSCL,,,,,,,,,-,-,-,-,-,27.77,0.0548,17285.0,2025-08-08 17:44:52
WTPI,,,,,,,,,-,-,-,-,-,32.54,0.005699999999999999,30048.0,2025-08-08 17:44:52
QQQG,,,,,,,,,-,-,-,-,-,23.21,0.0097,1291.0,2025-08-08 17:44:52
FEAC,,,,,,,,,-,-,-,-,-,26.82,0.0077,878.0,2025-08-08 17:44:52
SPXS,,,,,,,,,-,-,-,-,-,4.34,-0.0225,49332129.0,2025-08-08 17:44:52
ONEO,,,,,,,,,-,-,-,-,-,124.2,0.0013,157.0,2025-08-08 17:44:52
ITDD,,,,,,,,,-,-,-,-,-,33.62,0.0025,22259.0,2025-08-08 17:44:52
TIME,,,,,,,,,-,-,-,-,-,25.98,-0.0005,3001.0,2025-08-08 17:44:52
CSCS,,,,,,,,,-,-,-,-,-,23.63,-0.0276,22.0,2025-08-08 17:44:52
IBHE,,,,,,,,,-,-,-,-,-,23.17,0.0002,189945.0,2025-08-08 17:44:52
ANGL,,,,,,,,,-,-,-,-,-,29.1,0.0003,241912.0,2025-08-08 17:44:52
GQRE,,,,,,,,,-,-,-,-,-,59.46,-0.0034999999999999996,23250.0,2025-08-08 17:44:52
MAMB,,,,,,,,,-,-,-,-,-,23.21,-0.0021,23947.0,2025-08-08 17:44:52
FSEC,,,,,,,,,-,-,-,-,-,43.51,-0.0033,368028.0,2025-08-08 17:44:52
ITDE,,,,,,,,,-,-,-,-,-,34.32,0.0045000000000000005,48205.0,2025-08-08 17:44:52
TINT,,,,,,,,,-,-,-,-,-,31.61,0.0033,80.0,2025-08-08 17:44:52
CSD,,,,,,,,,-,-,-,-,-,86.1,0.0067,821.0,2025-08-08 17:44:52
IBHF,,,,,,,,,-,-,-,-,-,23.17,0.0,327750.0,2025-08-08 17:44:52
CETH,,,,,,,,,-,-,-,-,-,20.32,0.0501,997747.0,2025-08-08 17:44:52
GPRF,,,,,,,,,-,-,-,-,-,50.54,0.0008,6433.0,2025-08-08 17:44:52
MAKX,,,,,,,,,-,-,-,-,-,48.08,0.018500000000000003,675.0,2025-08-08 17:44:52
FSEP,,,,,,,,,-,-,-,-,-,49.17,0.0059,8252.0,2025-08-08 17:44:52
ITDF,,,,,,,,,-,-,-,-,-,34.99,0.0051,2005.0,2025-08-08 17:44:52
TINY,,,,,,,,,-,-,-,-,-,44.71,0.0172,72.0,2025-08-08 17:44:52
CSB,,,,,,,,,-,-,-,-,-,56.27,0.0045000000000000005,16037.0,2025-08-08 17:44:52
IBHG,,,,,,,,,-,-,-,-,-,22.41,0.0005,37860.0,2025-08-08 17:44:52
FTKI,,,,,,,,,-,-,-,-,-,18.5,0.0068000000000000005,216.0,2025-08-08 17:44:52
WCLD,,,,,,,,,-,-,-,-,-,33.48,-0.0248,656094.0,2025-08-08 17:44:52
VGVT,,,,,,,,,-,-,-,-,-,75.74,-0.0016,3739.0,2025-08-08 17:44:52
JHCB,,,,,,,,,-,-,-,-,-,21.45,-0.0025,8786.0,2025-08-08 17:44:52
QCML,,,,,,,,,-,-,-,-,-,16.72,0.023,36686.0,2025-08-08 17:44:52
DUST,,,,,,,,,-,-,-,-,-,19.47,-0.0026,2238623.0,2025-08-08 17:44:52
CSHI,,,,,,,,,-,-,-,-,-,49.83,0.0009,180119.0,2025-08-08 17:44:52
GVIP,,,,,,,,,-,-,-,-,-,139.41,0.0034000000000000002,1713.0,2025-08-08 17:44:52
FTRI,,,,,,,,,-,-,-,-,-,14.42,0.0028000000000000004,25513.0,2025-08-08 17:44:52
WCME,,,,,,,,,-,-,-,-,-,16.02,0.0034000000000000002,5866.0,2025-08-08 17:44:52
VFLO,,,,,,,,,-,-,-,-,-,34.69,0.0078000000000000005,1161196.0,2025-08-08 17:44:52
JHCP,,,,,,,,,-,-,-,-,-,25.17,-0.0032,33.0,2025-08-08 17:44:52
QCMU,,,,,,,,,-,-,-,-,-,21.86,0.0255,3511.0,2025-08-08 17:44:52
DUBS,,,,,,,,,-,-,-,-,-,34.86,0.009000000000000001,6369.0,2025-08-08 17:44:52
CSHP,,,,,,,,,-,-,-,-,-,99.64,0.0004,404.0,2025-08-08 17:44:52
GVLU,,,,,,,,,-,-,-,-,-,24.12,0.0034999999999999996,2741.0,2025-08-08 17:44:52
FTQI,,,,,,,,,-,-,-,-,-,20.22,0.0055000000000000005,141967.0,2025-08-08 17:44:52
WCMI,,,,,,,,,-,-,-,-,-,15.58,-0.0006,80126.0,2025-08-08 17:44:52
VFMF,,,,,,,,,-,-,-,-,-,135.99,0.0075,3071.0,2025-08-08 17:44:52
JHCR,,,,,,,,,-,-,-,-,-,25.27,-0.0024,3.0,2025-08-08 17:44:52
SNPE,,,,,,,,,-,-,-,-,-,57.39,0.010700000000000001,151539.0,2025-08-08 17:44:52
RZG,,,,,,,,,-,-,-,-,-,50.96,0.002,472.0,2025-08-08 17:44:52
CPXR,,,,,,,,,-,-,-,-,-,17.71,0.026699999999999998,23438.0,2025-08-08 17:44:52
FFUT,,,,,,,,,-,-,-,-,-,50.9,0.0046,4383.0,2025-08-08 17:44:52
RSP,,,,,,,,,-,-,-,-,-,183.08,0.0018,9185101.0,2025-08-08 17:44:52
VCIT,,,,,,,,,-,-,-,-,-,82.88,-0.0025,14683660.0,2025-08-08 17:44:52
LVDS,,,,,,,,,-,-,-,-,-,49.78,0.0048,9627.0,2025-08-08 17:44:52
FTRB,,,,,,,,,-,-,-,-,-,25.16,-0.0016,25453.0,2025-08-08 17:44:52
SNPG,,,,,,,,,-,-,-,-,-,49.4,0.009399999999999999,230.0,2025-08-08 17:44:52
SAGP,,,,,,,,,-,-,-,-,-,32.95,0.0005,2240.0,2025-08-08 17:44:52
CQQQ,,,,,,,,,-,-,-,-,-,47.45,-0.005,160308.0,2025-08-08 17:44:52
FFIU,,,,,,,,,-,-,-,-,-,21.96,0.0016,143.0,2025-08-08 17:44:52
RSPA,,,,,,,,,-,-,-,-,-,49.77,0.0018,160072.0,2025-08-08 17:44:52
VCLN,,,,,,,,,-,-,-,-,-,20.83,0.0028000000000000004,3.0,2025-08-08 17:44:52
LVHD,,,,,,,,,-,-,-,-,-,40.63,0.0006,54057.0,2025-08-08 17:44:52
FTWO,,,,,,,,,-,-,-,-,-,37.1,0.0034000000000000002,10790.0,2025-08-08 17:44:52
SMU,,,,,,,,,-,-,-,-,-,27.08,-0.2408,842101.0,2025-08-08 17:44:52
SAEF,,,,,,,,,-,-,-,-,-,26.75,-0.004,1655.0,2025-08-08 17:44:52
CANQ,,,,,,,,,-,-,-,-,-,29.33,0.0060999999999999995,2469.0,2025-08-08 17:44:52
FFDI,,,,,,,,,-,-,-,-,-,29.62,0.0027,1094.0,2025-08-08 17:44:52
FTXG,,,,,,,,,-,-,-,-,-,22.59,0.0040999999999999995,10033.0,2025-08-08 17:44:52
LIVR,,,,,,,,,-,-,-,-,-,27.61,0.0075,4595.0,2025-08-08 17:44:52
FINE,,,,,,,,,-,-,-,-,-,21.39,-0.0028000000000000004,11.0,2025-08-08 17:44:52
LVHD,,,,,,,,,-,-,-,-,-,40.63,0.0006,54057.0,2025-08-08 17:44:52
ITDD,,,,,,,,,-,-,-,-,-,33.62,0.0025,22259.0,2025-08-08 17:44:52
PBUS,,,,,,,,,-,-,-,-,-,64.09,0.0075,345517.0,2025-08-08 17:44:52
CSPF,,,,,,,,,-,-,-,-,-,25.69,0.0016,1704.0,2025-08-08 17:44:52
DJUN,,,,,,,,,-,-,-,-,-,45.65,0.0031,4022.0,2025-08-08 17:44:52
FTXH,,,,,,,,,-,-,-,-,-,26.39,0.0087,605.0,2025-08-08 17:44:52
LKOR,,,,,,,,,-,-,-,-,-,42.33,-0.005,782.0,2025-08-08 17:44:52
GNR,,,,,,,,,-,-,-,-,-,55.73,0.0054,94195.0,2025-08-08 17:44:52
LVHI,,,,,,,,,-,-,-,-,-,33.99,0.0068000000000000005,512929.0,2025-08-08 17:44:52
ITDE,,,,,,,,,-,-,-,-,-,34.32,0.0045000000000000005,48205.0,2025-08-08 17:44:52
PBW,,,,,,,,,-,-,-,-,-,23.37,0.0013,295524.0,2025-08-08 17:44:52
CRWU,,,,,,,,,-,-,-,-,-,27.85,0.1435,123927.0,2025-08-08 17:44:52
CMDT,,,,,,,,,-,-,-,-,-,26.13,0.0011,83432.0,2025-08-08 17:44:52
FTXL,,,,,,,,,-,-,-,-,-,98.21,0.0104,13448.0,2025-08-08 17:44:52
LLDR,,,,,,,,,-,-,-,-,-,45.34,-0.0043,21.0,2025-08-08 17:44:52
GNMA,,,,,,,,,-,-,-,-,-,43.74,-0.0021,14484.0,2025-08-08 17:44:52
MRGR,,,,,,,,,-,-,-,-,-,42.5,-0.0016,345.0,2025-08-08 17:44:52
FTXL,,,,,,,,,-,-,-,-,-,98.21,0.0104,13448.0,2025-08-08 17:44:52
QCLR,,,,,,,,,-,-,-,-,-,31.39,0.0045000000000000005,143.0,2025-08-08 17:44:52
CRWL,,,,,,,,,-,-,-,-,-,28.39,-0.0178,227778.0,2025-08-08 17:44:52
USSG,,,,,,,,,-,-,-,-,-,58.61,0.0089,9515.0,2025-08-08 17:44:52
DULL,,,,,,,,,-,-,-,-,-,3.7,0.0,88164.0,2025-08-08 17:44:52
RSEE,,,,,,,,,-,-,-,-,-,31.24,0.008,13047.0,2025-08-08 17:44:52
PSET,,,,,,,,,-,-,-,-,-,74.68,0.005699999999999999,5232.0,2025-08-08 17:44:52
DEW,,,,,,,,,-,-,-,-,-,58.53,0.0051,892.0,2025-08-08 17:44:52
FTXN,,,,,,,,,-,-,-,-,-,27.26,0.0067,16197.0,2025-08-08 17:44:52
QCMD,,,,,,,,,-,-,-,-,-,26.38,-0.013500000000000002,1154.0,2025-08-08 17:44:52
CRTC,,,,,,,,,-,-,-,-,-,34.99,0.0029,185764.0,2025-08-08 17:44:52
USSH,,,,,,,,,-,-,-,-,-,50.71,-0.0006,1723.0,2025-08-08 17:44:52
DTRE,,,,,,,,,-,-,-,-,-,39.03,-0.0055000000000000005,365.0,2025-08-08 17:44:52
ROM,,,,,,,,,-,-,-,-,-,83.21,0.0192,49099.0,2025-08-08 17:44:52
PSP,,,,,,,,,-,-,-,-,-,71.02,0.0084,12055.0,2025-08-08 17:44:52
DEXC,,,,,,,,,-,-,-,-,-,54.87,-0.0018,14084.0,2025-08-08 17:44:52
FTXO,,,,,,,,,-,-,-,-,-,33.16,0.0139,29416.0,2025-08-08 17:44:52
QCML,,,,,,,,,-,-,-,-,-,16.72,0.023,36686.0,2025-08-08 17:44:52
CRPT,,,,,,,,,-,-,-,-,-,22.3,-0.008,53504.0,2025-08-08 17:44:52
UST,,,,,,,,,-,-,-,-,-,43.38,-0.0053,16854.0,2025-08-08 17:44:52
EUSM,,,,,,,,,-,-,-,-,-,26.23,0.0008,5868.0,2025-08-08 17:44:52
QQH,,,,,,,,,-,-,-,-,-,71.8,0.015,6491.0,2025-08-08 17:44:52
FELG,,,,,,,,,-,-,-,-,-,38.86,0.0096,291845.0,2025-08-08 17:44:52
JUNZ,,,,,,,,,-,-,-,-,-,31.62,0.0062,6.0,2025-08-08 17:44:52
ISHG,,,,,,,,,-,-,-,-,-,75.54,-0.0013,25965.0,2025-08-08 17:44:52
TSDD,,,,,,,,,-,-,-,-,-,19.69,-0.045599999999999995,3777494.0,2025-08-08 17:44:52
CAAA,,,,,,,,,-,-,-,-,-,20.45,-0.002,349.0,2025-08-08 17:44:52
TOK,,,,,,,,,-,-,-,-,-,129.01,0.0068000000000000005,111.0,2025-08-08 17:44:52
EVAC-U,,,,,,,,,-,-,-,-,-,10.12,0.0005,701.0,2025-08-08 17:44:52
QQHG,,,,,,,,,-,-,-,-,-,56.38,0.0075,5.0,2025-08-08 17:44:52
FELV,,,,,,,,,-,-,-,-,-,32.03,0.0066,89983.0,2025-08-08 17:44:52
JUSA,,,,,,,,,-,-,-,-,-,57.69,0.0072,1238.0,2025-08-08 17:44:52
ISHP,,,,,,,,,-,-,-,-,-,40.27,-0.0034000000000000002,8.0,2025-08-08 17:44:52
VRAI,,,,,,,,,-,-,-,-,-,23.11,-0.0024,591.0,2025-08-08 17:44:52
BWET,,,,,,,,,-,-,-,-,-,11.8,0.0025,1179.0,2025-08-08 17:44:52
TOKE,,,,,,,,,-,-,-,-,-,5.36,0.0447,46497.0,2025-08-08 17:44:52
EVAV,,,,,,,,,-,-,-,-,-,23.05,0.009399999999999999,4198.0,2025-08-08 17:44:52
QQJG,,,,,,,,,-,-,-,-,-,25.28,-0.0023,1343.0,2025-08-08 17:44:52
FEM,,,,,,,,,-,-,-,-,-,25.84,0.006500000000000001,30664.0,2025-08-08 17:44:52
JUST,,,,,,,,,-,-,-,-,-,90.28,0.0087,5012.0,2025-08-08 17:44:52
FEBM,,,,,,,,,-,-,-,-,-,29.56,0.0017000000000000001,1043.0,2025-08-08 17:44:52
SPSB,,,,,,,,,-,-,-,-,-,30.11,-0.001,1948549.0,2025-08-08 17:44:52
CTEX,,,,,,,,,-,-,-,-,-,24.1,-0.0022,489.0,2025-08-08 17:44:52
FSBD,,,,,,,,,-,-,-,-,-,47.19,-0.0029,396.0,2025-08-08 17:44:52
JPEM,,,,,,,,,-,-,-,-,-,57.57,-0.001,12794.0,2025-08-08 17:44:52
OASC,,,,,,,,,-,-,-,-,-,26.31,0.004,10321.0,2025-08-08 17:44:52
SKOR,,,,,,,,,-,-,-,-,-,48.73,-0.0017000000000000001,21880.0,2025-08-08 17:44:52
GYLD,,,,,,,,,-,-,-,-,-,13.3,-0.0089,7351.0,2025-08-08 17:44:52
FELG,,,,,,,,,-,-,-,-,-,38.86,0.0096,291845.0,2025-08-08 17:44:52
SPMO,,,,,,,,,-,-,-,-,-,117.19,0.006999999999999999,1416334.0,2025-08-08 17:44:52
CTA,,,,,,,,,-,-,-,-,-,26.96,-0.015,179328.0,2025-08-08 17:44:52
FSIG,,,,,,,,,-,-,-,-,-,19.16,0.0,142066.0,2025-08-08 17:44:52
JPHY,,,,,,,,,-,-,-,-,-,50.4,-0.0002,7935.0,2025-08-08 17:44:52
OACP,,,,,,,,,-,-,-,-,-,22.83,-0.0019,10659.0,2025-08-08 17:44:52
SKRE,,,,,,,,,-,-,-,-,-,11.7,-0.0246,16384.0,2025-08-08 17:44:52
HAP,,,,,,,,,-,-,-,-,-,53.36,0.0063,11800.0,2025-08-08 17:44:52
FELV,,,,,,,,,-,-,-,-,-,32.03,0.0066,89983.0,2025-08-08 17:44:52
SPMV,,,,,,,,,-,-,-,-,-,48.45,0.0043,133.0,2025-08-08 17:44:52
DYFI,,,,,,,,,-,-,-,-,-,23.18,-0.0001,939.0,2025-08-08 17:44:52
FSGS,,,,,,,,,-,-,-,-,-,30.39,0.0032,2279.0,2025-08-08 17:44:52
CGBL,,,,,,,,,-,-,-,-,-,33.74,0.0045000000000000005,644200.0,2025-08-08 17:44:52
IBTI,,,,,,,,,-,-,-,-,-,22.28,-0.0009,94634.0,2025-08-08 17:44:52
MSTB,,,,,,,,,-,-,-,-,-,37.91,0.0026,585.0,2025-08-08 17:44:52
DWX,,,,,,,,,-,-,-,-,-,42.42,0.0001,20740.0,2025-08-08 17:44:52
EZA,,,,,,,,,-,-,-,-,-,56.45,-0.0037,105247.0,2025-08-08 17:44:52
VYM,,,,,,,,,-,-,-,-,-,135.34,0.0055000000000000005,780496.0,2025-08-08 17:44:52
DYLD,,,,,,,,,-,-,-,-,-,22.64,-0.0007000000000000001,2375.0,2025-08-08 17:44:52
USO,,,,,,,,,-,-,-,-,-,73.3,-0.0016,5782526.0,2025-08-08 17:44:52
CGGE,,,,,,,,,-,-,-,-,-,29.72,0.0044,222711.0,2025-08-08 17:44:52
IBTJ,,,,,,,,,-,-,-,-,-,21.84,-0.0009,119340.0,2025-08-08 17:44:52
MSTI,,,,,,,,,-,-,-,-,-,20.64,-0.0007000000000000001,122.0,2025-08-08 17:44:52
DXD,,,,,,,,,-,-,-,-,-,24.33,-0.0086,327677.0,2025-08-08 17:44:52
EZBC,,,,,,,,,-,-,-,-,-,67.41,-0.0102,202815.0,2025-08-08 17:44:52
VYMI,,,,,,,,,-,-,-,-,-,82.7,0.0046,803308.0,2025-08-08 17:44:52
DYLG,,,,,,,,,-,-,-,-,-,26.21,0.0063,1484.0,2025-08-08 17:44:52
USOI,,,,,,,,,-,-,-,-,-,51.23,-0.0101,166741.0,2025-08-08 17:44:52
CGGG,,,,,,,,,-,-,-,-,-,27.56,0.0025,14064.0,2025-08-08 17:44:52
IBTK,,,,,,,,,-,-,-,-,-,19.75,-0.002,131295.0,2025-08-08 17:44:52
MSTP,,,,,,,,,-,-,-,-,-,23.42,-0.0345,18483.0,2025-08-08 17:44:52
DVLU,,,,,,,,,-,-,-,-,-,29.97,0.0102,3030.0,2025-08-08 17:44:52
DVLU,,,,,,,,,-,-,-,-,-,29.97,0.0102,3030.0,2025-08-08 17:44:52
PALD,,,,,,,,,-,-,-,-,-,27.01,0.0067,632.0,2025-08-08 17:44:52
DYTA,,,,,,,,,-,-,-,-,-,28.28,0.002,8268.0,2025-08-08 17:44:52
GOAU,,,,,,,,,-,-,-,-,-,31.3,-0.0013,22227.0,2025-08-08 17:44:52
PSMR,,,,,,,,,-,-,-,-,-,28.8,0.0019,113.0,2025-08-08 17:44:52
SIJ,,,,,,,,,-,-,-,-,-,12.12,-0.0075,6244.0,2025-08-08 17:44:52
LMUB,,,,,,,,,-,-,-,-,-,48.19,0.0,0.0,2025-08-08 17:44:52
EUO,,,,,,,,,-,-,-,-,-,28.24,0.0021,66482.0,2025-08-08 17:44:52
DVDN,,,,,,,,,-,-,-,-,-,22.14,0.003,5103.0,2025-08-08 17:44:52
PAII-U,,,,,,,,,-,-,-,-,-,10.1,0.003,6100.0,2025-08-08 17:44:52
DZZ,,,,,,,,,-,-,-,-,-,1.83,-0.0027,5238.0,2025-08-08 17:44:52
GOOP,,,,,,,,,-,-,-,-,-,29.08,0.0138,4047.0,2025-08-08 17:44:52
MXI,,,,,,,,,-,-,-,-,-,87.25,0.0083,1548.0,2025-08-08 17:44:52
SIL,,,,,,,,,-,-,-,-,-,54.43,0.0111,1960707.0,2025-08-08 17:44:52
LODI,,,,,,,,,-,-,-,-,-,25.22,-0.0002,4050.0,2025-08-08 17:44:52
EVNT,,,,,,,,,-,-,-,-,-,11.53,0.0012,353.0,2025-08-08 17:44:52
DVIN,,,,,,,,,-,-,-,-,-,24.8,0.0,0.0,2025-08-08 17:44:52
PAB,,,,,,,,,-,-,-,-,-,42.35,-0.0018,90373.0,2025-08-08 17:44:52
DYNF,,,,,,,,,-,-,-,-,-,56.64,0.0103,1487682.0,2025-08-08 17:44:52
GOOW,,,,,,,,,-,-,-,-,-,53.14,0.0305,9391.0,2025-08-08 17:44:52
RSST,,,,,,,,,-,-,-,-,-,23.8,0.019299999999999998,27157.0,2025-08-08 17:44:52
DVRE,,,,,,,,,-,-,-,-,-,23.93,0.0,0.0,2025-08-08 17:44:52
JNK,,,,,,,,,-,-,-,-,-,96.72,0.0002,2644692.0,2025-08-08 17:44:52
PUSH,,,,,,,,,-,-,-,-,-,50.38,-0.0001,11261.0,2025-08-08 17:44:52
USIG,,,,,,,,,-,-,-,-,-,51.4,-0.0021,572969.0,2025-08-08 17:44:52
NWLG,,,,,,,,,-,-,-,-,-,36.65,0.0043,31.0,2025-08-08 17:44:52
CPSM,,,,,,,,,-,-,-,-,-,28.02,0.0012,128.0,2025-08-08 17:44:52
SFLO,,,,,,,,,-,-,-,-,-,27.14,0.0076,27139.0,2025-08-08 17:44:52
RSSX,,,,,,,,,-,-,-,-,-,22.29,0.0013,7414.0,2025-08-08 17:44:52
DVSP,,,,,,,,,-,-,-,-,-,24.66,0.0161,338.0,2025-08-08 17:44:52
JNUG,,,,,,,,,-,-,-,-,-,88.99,-0.0012,252261.0,2025-08-08 17:44:52
PUTD,,,,,,,,,-,-,-,-,-,20.97,0.0036,349.0,2025-08-08 17:44:52
USIN,,,,,,,,,-,-,-,-,-,50.24,-0.0024,9952.0,2025-08-08 17:44:52
PILL,,,,,,,,,-,-,-,-,-,6.04,0.039599999999999996,77887.0,2025-08-08 17:44:52
CPSN,,,,,,,,,-,-,-,-,-,26.25,0.0,0.0,2025-08-08 17:44:52
SFLR,,,,,,,,,-,-,-,-,-,34.69,0.0073,105165.0,2025-08-08 17:44:52
RSSY,,,,,,,,,-,-,-,-,-,19.05,0.0102,17981.0,2025-08-08 17:44:52
DVUT,,,,,,,,,-,-,-,-,-,25.68,0.011899999999999999,1.0,2025-08-08 17:44:52
JMSI,,,,,,,,,-,-,-,-,-,49.19,0.0001,26188.0,2025-08-08 17:44:52
PVAL,,,,,,,,,-,-,-,-,-,40.48,0.0067,724182.0,2025-08-08 17:44:52
VCR,,,,,,,,,-,-,-,-,-,371.15,-0.001,32074.0,2025-08-08 17:44:52
ISCG,,,,,,,,,-,-,-,-,-,50.7,0.0002,20585.0,2025-08-08 17:44:52
CTEC,,,,,,,,,-,-,-,-,-,8.23,0.0086,10821.0,2025-08-08 17:44:52
CGIC,,,,,,,,,-,-,-,-,-,29.64,0.003,212531.0,2025-08-08 17:44:52
SIVR,,,,,,,,,-,-,-,-,-,36.58,0.0033,2204427.0,2025-08-08 17:44:52
JPIB,,,,,,,,,-,-,-,-,-,48.64,-0.0008,258958.0,2025-08-08 17:44:52
VSLU,,,,,,,,,-,-,-,-,-,40.81,0.0089,47338.0,2025-08-08 17:44:52
GYLD,,,,,,,,,-,-,-,-,-,13.3,-0.0089,7351.0,2025-08-08 17:44:52
VCRB,,,,,,,,,-,-,-,-,-,77.39,-0.0021,236470.0,2025-08-08 17:44:52
ISCV,,,,,,,,,-,-,-,-,-,62.26,0.0019,15924.0,2025-08-08 17:44:52
CTEF,,,,,,,,,-,-,-,-,-,56.8,0.0084,9424.0,2025-08-08 17:44:52
CGIE,,,,,,,,,-,-,-,-,-,32.88,0.0037,213873.0,2025-08-08 17:44:52
SIXA,,,,,,,,,-,-,-,-,-,49.15,0.0073,12128.0,2025-08-08 17:44:52
JPIE,,,,,,,,,-,-,-,-,-,46.22,-0.0001,508222.0,2025-08-08 17:44:52
VSDA,,,,,,,,,-,-,-,-,-,53.43,0.0043,8466.0,2025-08-08 17:44:52
FTCS,,,,,,,,,-,-,-,-,-,91.9,0.0068000000000000005,189474.0,2025-08-08 17:44:52
VCRM,,,,,,,,,-,-,-,-,-,73.33,0.0001,75466.0,2025-08-08 17:44:52
IRET,,,,,,,,,-,-,-,-,-,18.48,-0.006,412.0,2025-08-08 17:44:52
IVLU,,,,,,,,,-,-,-,-,-,34.36,0.013000000000000001,382601.0,2025-08-08 17:44:52
CGMM,,,,,,,,,-,-,-,-,-,27.14,0.0022,417894.0,2025-08-08 17:44:52
LTPZ,,,,,,,,,-,-,-,-,-,52.14,-0.001,51526.0,2025-08-08 17:44:52
EWD,,,,,,,,,-,-,-,-,-,45.88,0.0060999999999999995,33259.0,2025-08-08 17:44:52
PSR,,,,,,,,,-,-,-,-,-,90.1,-0.009000000000000001,19393.0,2025-08-08 17:44:52
VLUE,,,,,,,,,-,-,-,-,-,114.44,0.0106,409763.0,2025-08-08 17:44:52
EVAV,,,,,,,,,-,-,-,-,-,23.05,0.009399999999999999,4198.0,2025-08-08 17:44:52
ITDF,,,,,,,,,-,-,-,-,-,34.99,0.0051,2005.0,2025-08-08 17:44:52
IVOG,,,,,,,,,-,-,-,-,-,114.62,-0.0006,27111.0,2025-08-08 17:44:52
SCEC,,,,,,,,,-,-,-,-,-,25.19,-0.002,48573.0,2025-08-08 17:44:52
KLXY,,,,,,,,,-,-,-,-,-,24.5,0.0012,171.0,2025-08-08 17:44:52
EWG,,,,,,,,,-,-,-,-,-,42.34,0.0002,1907487.0,2025-08-08 17:44:52
PST,,,,,,,,,-,-,-,-,-,22.72,0.005600000000000001,6822.0,2025-08-08 17:44:52
VLLU,,,,,,,,,-,-,-,-,-,21.9,0.010700000000000001,142.0,2025-08-08 17:44:52
EUDG,,,,,,,,,-,-,-,-,-,33.89,0.0008,2250.0,2025-08-08 17:44:52
ITDG,,,,,,,,,-,-,-,-,-,35.32,0.005600000000000001,4352.0,2025-08-08 17:44:52
IVOL,,,,,,,,,-,-,-,-,-,19.51,-0.0036,189307.0,2025-08-08 17:44:52
SCHA,,,,,,,,,-,-,-,-,-,25.77,-0.0008,2326633.0,2025-08-08 17:44:52
KMAR,,,,,,,,,-,-,-,-,-,26.3,0.0,0.0,2025-08-08 17:44:52
EWH,,,,,,,,,-,-,-,-,-,21.05,-0.0005,1885603.0,2025-08-08 17:44:52
PSP,,,,,,,,,-,-,-,-,-,71.02,0.0084,12055.0,2025-08-08 17:44:52
VNSE,,,,,,,,,-,-,-,-,-,36.71,0.0,0.0,2025-08-08 17:44:52
FDD,,,,,,,,,-,-,-,-,-,15.99,0.008199999999999999,209261.0,2025-08-08 17:44:52
PWRD,,,,,,,,,-,-,-,-,-,94.08,0.0002,57631.0,2025-08-08 17:44:52
CSNR,,,,,,,,,-,-,-,-,-,27.04,0.0042,2991.0,2025-08-08 17:44:52
STCE,,,,,,,,,-,-,-,-,-,53.51,-0.012,35252.0,2025-08-08 17:44:52
FGD,,,,,,,,,-,-,-,-,-,28.45,0.0039000000000000003,69849.0,2025-08-08 17:44:52
BSCU,,,,,,,,,-,-,-,-,-,16.82,-0.0018,440729.0,2025-08-08 17:44:52
FSTA,,,,,,,,,-,-,-,-,-,51.98,0.0029,114398.0,2025-08-08 17:44:52
KMAR,,,,,,,,,-,-,-,-,-,26.3,0.0,0.0,2025-08-08 17:44:52
FDEC,,,,,,,,,-,-,-,-,-,47.69,0.0053,14652.0,2025-08-08 17:44:52
PWS,,,,,,,,,-,-,-,-,-,31.18,0.002,7523.0,2025-08-08 17:44:52
CSPF,,,,,,,,,-,-,-,-,-,25.69,0.0016,1704.0,2025-08-08 17:44:52
SSUS,,,,,,,,,-,-,-,-,-,45.84,0.0067,7550.0,2025-08-08 17:44:52
FGDL,,,,,,,,,-,-,-,-,-,45.36,-0.0009,50312.0,2025-08-08 17:44:52
BSCV,,,,,,,,,-,-,-,-,-,16.57,-0.0024,137586.0,2025-08-08 17:44:52
FSYD,,,,,,,,,-,-,-,-,-,47.76,0.001,5234.0,2025-08-08 17:44:52
KMAY,,,,,,,,,-,-,-,-,-,26.59,0.0026,12713.0,2025-08-08 17:44:52
FDEM,,,,,,,,,-,-,-,-,-,28.77,0.0,30572.0,2025-08-08 17:44:52
PWV,,,,,,,,,-,-,-,-,-,62.25,0.006500000000000001,22098.0,2025-08-08 17:44:52
CRTC,,,,,,,,,-,-,-,-,-,34.99,0.0029,185764.0,2025-08-08 17:44:52
SSXU,,,,,,,,,-,-,-,-,-,32.42,0.005600000000000001,597.0,2025-08-08 17:44:52
EVAV,,,,,,,,,-,-,-,-,-,23.05,0.009399999999999999,4198.0,2025-08-08 17:44:52
EAOA,,,,,,,,,-,-,-,-,-,39.01,0.0040999999999999995,255.0,2025-08-08 17:44:52
VNM,,,,,,,,,-,-,-,-,-,17.18,0.0226,661019.0,2025-08-08 17:44:52
PBJ,,,,,,,,,-,-,-,-,-,48.12,0.0043,4505.0,2025-08-08 17:44:52
MNRS,,,,,,,,,-,-,-,-,-,26.22,-0.013999999999999999,3319.0,2025-08-08 17:44:52
HARD,,,,,,,,,-,-,-,-,-,28.31,-0.0296,5639.0,2025-08-08 17:44:52
GLBL,,,,,,,,,-,-,-,-,-,23.45,0.0074,100.0,2025-08-08 17:44:52
HEQQ,,,,,,,,,-,-,-,-,-,54.79,0.004699999999999999,58.0,2025-08-08 17:44:52
EUDG,,,,,,,,,-,-,-,-,-,33.89,0.0008,2250.0,2025-08-08 17:44:52
EAOK,,,,,,,,,-,-,-,-,-,26.74,0.0005,7.0,2025-08-08 17:44:52
TRTY,,,,,,,,,-,-,-,-,-,26.78,0.0018,4501.0,2025-08-08 17:44:52
PBJA,,,,,,,,,-,-,-,-,-,29.5,0.0031,215.0,2025-08-08 17:44:52
MMTM,,,,,,,,,-,-,-,-,-,274.48,0.0076,842.0,2025-08-08 17:44:52
HART,,,,,,,,,-,-,-,-,-,29.44,0.0108,8.0,2025-08-08 17:44:52
HWSM,,,,,,,,,-,-,-,-,-,26.0,0.0,0.0,2025-08-08 17:44:52
HEQT,,,,,,,,,-,-,-,-,-,30.58,0.0021,43350.0,2025-08-08 17:44:52
EUDV,,,,,,,,,-,-,-,-,-,51.75,0.0011,8122.0,2025-08-08 17:44:52
EAOM,,,,,,,,,-,-,-,-,-,29.05,0.0017000000000000001,3.0,2025-08-08 17:44:52
TRSY,,,,,,,,,-,-,-,-,-,30.09,0.0003,3030.0,2025-08-08 17:44:52
PBJL,,,,,,,,,-,-,-,-,-,28.74,0.0,0.0,2025-08-08 17:44:52
DOL,,,,,,,,,-,-,-,-,-,60.88,0.0066,11014.0,2025-08-08 17:44:52
MNA,,,,,,,,,-,-,-,-,-,35.53,0.0004,1814.0,2025-08-08 17:44:52
IVRA,,,,,,,,,-,-,-,-,-,16.14,-0.0069,3853.0,2025-08-08 17:44:52
PPH,,,,,,,,,-,-,-,-,-,82.84,0.0031,158359.0,2025-08-08 17:44:52
JMBS,,,,,,,,,-,-,-,-,-,44.85,-0.0027,478797.0,2025-08-08 17:44:52
FPFD,,,,,,,,,-,-,-,-,-,21.72,0.0014000000000000002,23527.0,2025-08-08 17:44:52
SPBX,,,,,,,,,-,-,-,-,-,26.34,0.0048,4919.0,2025-08-08 17:44:52
FTGC,,,,,,,,,-,-,-,-,-,24.81,0.0012,689142.0,2025-08-08 17:44:52
DOG,,,,,,,,,-,-,-,-,-,25.59,-0.004699999999999999,1075673.0,2025-08-08 17:44:52
MNBD,,,,,,,,,-,-,-,-,-,25.5,-0.0004,4753.0,2025-08-08 17:44:52
IVRS,,,,,,,,,-,-,-,-,-,39.92,0.0014000000000000002,170.0,2025-08-08 17:44:52
PPI,,,,,,,,,-,-,-,-,-,16.97,-0.0023,3636.0,2025-08-08 17:44:52
JMEE,,,,,,,,,-,-,-,-,-,59.93,0.0015,58564.0,2025-08-08 17:44:52
FOXY,,,,,,,,,-,-,-,-,-,26.42,-0.0032,5451.0,2025-08-08 17:44:52
SPC,,,,,,,,,-,-,-,-,-,21.53,0.0,290.0,2025-08-08 17:44:52
GXUS,,,,,,,,,-,-,-,-,-,51.69,0.0067,10.0,2025-08-08 17:44:52
DOGG,,,,,,,,,-,-,-,-,-,19.89,0.0032,6384.0,2025-08-08 17:44:52
LEXI,,,,,,,,,-,-,-,-,-,33.17,0.005,1259.0,2025-08-08 17:44:52
IVVM,,,,,,,,,-,-,-,-,-,33.2,0.0059,16633.0,2025-08-08 17:44:52
PPIE,,,,,,,,,-,-,-,-,-,27.07,0.0066,8595.0,2025-08-08 17:44:52
JCTR,,,,,,,,,-,-,-,-,-,85.82,0.0086,30.0,2025-08-08 17:44:52
FEAC,,,,,,,,,-,-,-,-,-,26.82,0.0077,878.0,2025-08-08 17:44:52
EKG,,,,,,,,,-,-,-,-,-,17.03,0.016,304.0,2025-08-08 17:44:52
TOK,,,,,,,,,-,-,-,-,-,129.01,0.0068000000000000005,111.0,2025-08-08 17:44:52
JSML,,,,,,,,,-,-,-,-,-,69.11,0.0040999999999999995,6366.0,2025-08-08 17:44:52
PJUN,,,,,,,,,-,-,-,-,-,40.33,0.003,7598.0,2025-08-08 17:44:52
DVOL,,,,,,,,,-,-,-,-,-,34.95,0.0043,14067.0,2025-08-08 17:44:52
DIA,,,,,,,,,-,-,-,-,-,441.92,0.005,3569334.0,2025-08-08 17:44:52
JCPB,,,,,,,,,-,-,-,-,-,46.92,-0.0016,647823.0,2025-08-08 17:44:52
FEGE,,,,,,,,,-,-,-,-,-,41.38,0.0068000000000000005,104157.0,2025-08-08 17:44:52
DAX,,,,,,,,,-,-,-,-,-,44.9,-0.0002,79134.0,2025-08-08 17:44:52
TOKE,,,,,,,,,-,-,-,-,-,5.36,0.0447,46497.0,2025-08-08 17:44:52
JQUA,,,,,,,,,-,-,-,-,-,60.87,0.0038,326240.0,2025-08-08 17:44:52
PIO,,,,,,,,,-,-,-,-,-,44.84,0.0038,2250.0,2025-08-08 17:44:52
DVQQ,,,,,,,,,-,-,-,-,-,25.32,0.0181,310.0,2025-08-08 17:44:52
DIAL,,,,,,,,,-,-,-,-,-,18.17,-0.0005,22323.0,2025-08-08 17:44:52
JCPI,,,,,,,,,-,-,-,-,-,48.41,0.0,36594.0,2025-08-08 17:44:52
FEIG,,,,,,,,,-,-,-,-,-,41.11,-0.0017000000000000001,1602.0,2025-08-08 17:44:52
EJAN,,,,,,,,,-,-,-,-,-,32.49,-0.0008,4136.0,2025-08-08 17:44:52
TOLL,,,,,,,,,-,-,-,-,-,33.96,0.005699999999999999,10726.0,2025-08-08 17:44:52
PIPE,,,,,,,,,-,-,-,-,-,23.86,-0.0040999999999999995,1017.0,2025-08-08 17:44:52
SPWO,,,,,,,,,-,-,-,-,-,24.53,0.003,10376.0,2025-08-08 17:44:52
INCM,,,,,,,,,-,-,-,-,-,27.21,0.0026,136666.0,2025-08-08 17:44:52
IHF,,,,,,,,,-,-,-,-,-,42.62,0.0258,384666.0,2025-08-08 17:44:52
JETS,,,,,,,,,-,-,-,-,-,23.68,0.0038,3236106.0,2025-08-08 17:44:52
FDIS,,,,,,,,,-,-,-,-,-,96.31,-0.0007000000000000001,81227.0,2025-08-08 17:44:52
LSAF,,,,,,,,,-,-,-,-,-,42.57,0.0068000000000000005,8869.0,2025-08-08 17:44:52
BAGY,,,,,,,,,-,-,-,-,-,58.05,-0.0055000000000000005,7698.0,2025-08-08 17:44:52
PIT,,,,,,,,,-,-,-,-,-,51.6,0.002,490.0,2025-08-08 17:44:52
SPTB,,,,,,,,,-,-,-,-,-,30.34,-0.0018,5701.0,2025-08-08 17:44:52
INCO,,,,,,,,,-,-,-,-,-,62.7,-0.0074,25510.0,2025-08-08 17:44:52
GSIB,,,,,,,,,-,-,-,-,-,46.09,0.0139,6485.0,2025-08-08 17:44:52
JETU,,,,,,,,,-,-,-,-,-,20.93,0.006,63.0,2025-08-08 17:44:52
FDIV,,,,,,,,,-,-,-,-,-,26.33,0.0059,17796.0,2025-08-08 17:44:52
KLXY,,,,,,,,,-,-,-,-,-,24.5,0.0012,171.0,2025-08-08 17:44:52
BAFE,,,,,,,,,-,-,-,-,-,26.16,0.0067,23535.0,2025-08-08 17:44:52
PIZ,,,,,,,,,-,-,-,-,-,46.26,-0.0055000000000000005,15568.0,2025-08-08 17:44:52
SPTE,,,,,,,,,-,-,-,-,-,32.05,0.009399999999999999,5942.0,2025-08-08 17:44:52
INDE,,,,,,,,,-,-,-,-,-,28.92,-0.0109,22.0,2025-08-08 17:44:52
GSID,,,,,,,,,-,-,-,-,-,64.73,0.0043,641.0,2025-08-08 17:44:52
MAGX,,,,,,,,,-,-,-,-,-,48.99,0.0322,113015.0,2025-08-08 17:44:52
KMLI,,,,,,,,,-,-,-,-,-,23.61,0.0165,3214.0,2025-08-08 17:44:52
DIAL,,,,,,,,,-,-,-,-,-,18.17,-0.0005,22323.0,2025-08-08 17:44:52
FDM,,,,,,,,,-,-,-,-,-,71.44,0.0003,3396.0,2025-08-08 17:44:52
EWO,,,,,,,,,-,-,-,-,-,31.43,0.0113,12722.0,2025-08-08 17:44:52
VCSH,,,,,,,,,-,-,-,-,-,79.38,-0.001,4646843.0,2025-08-08 17:44:52
ECH,,,,,,,,,-,-,-,-,-,31.41,0.0218,520654.0,2025-08-08 17:44:52
QQXT,,,,,,,,,-,-,-,-,-,98.05,-0.0036,16486.0,2025-08-08 17:44:52
MAGY,,,,,,,,,-,-,-,-,-,56.84,-0.0060999999999999995,66818.0,2025-08-08 17:44:52
KMLM,,,,,,,,,-,-,-,-,-,26.4,0.003,15041.0,2025-08-08 17:44:52
ETEC,,,,,,,,,-,-,-,-,-,21.43,0.009899999999999999,378.0,2025-08-08 17:44:52
FDMO,,,,,,,,,-,-,-,-,-,79.04,0.0085,26341.0,2025-08-08 17:44:52
EWP,,,,,,,,,-,-,-,-,-,47.14,0.0101,569156.0,2025-08-08 17:44:52
VDC,,,,,,,,,-,-,-,-,-,222.66,0.0027,89576.0,2025-08-08 17:44:52
ECLN,,,,,,,,,-,-,-,-,-,32.96,-0.004,354.0,2025-08-08 17:44:52
QRFT,,,,,,,,,-,-,-,-,-,58.34,0.0087,306.0,2025-08-08 17:44:52
JPIB,,,,,,,,,-,-,-,-,-,48.64,-0.0008,258958.0,2025-08-08 17:44:52
KJAN,,,,,,,,,-,-,-,-,-,37.95,0.0004,51976.0,2025-08-08 17:44:52
ETH,,,,,,,,,-,-,-,-,-,38.3,0.050199999999999995,5562204.0,2025-08-08 17:44:52
HSCZ,,,,,,,,,-,-,-,-,-,36.77,0.0044,10620.0,2025-08-08 17:44:52
TRSY,,,,,,,,,-,-,-,-,-,30.09,0.0003,3030.0,2025-08-08 17:44:52
MMSD,,,,,,,,,-,-,-,-,-,25.36,0.0006,42202.0,2025-08-08 17:44:52
DVIN,,,,,,,,,-,-,-,-,-,24.8,0.0,0.0,2025-08-08 17:44:52
IBTQ,,,,,,,,,-,-,-,-,-,25.2,-0.0025,4975.0,2025-08-08 17:44:52
OBND,,,,,,,,,-,-,-,-,-,26.03,-0.0006,5495.0,2025-08-08 17:44:52
PRN,,,,,,,,,-,-,-,-,-,164.1,0.0008,5634.0,2025-08-08 17:44:52
RBLD,,,,,,,,,-,-,-,-,-,72.97,-0.005,8.0,2025-08-08 17:44:52
EWC,,,,,,,,,-,-,-,-,-,47.34,0.0,922472.0,2025-08-08 17:44:52
TRPA,,,,,,,,,-,-,-,-,-,38.92,-0.0001,9012.0,2025-08-08 17:44:52
MNTL,,,,,,,,,-,-,-,-,-,23.81,0.0,0.0,2025-08-08 17:44:52
DVAL,,,,,,,,,-,-,-,-,-,14.17,0.0039000000000000003,548.0,2025-08-08 17:44:52
IBUF,,,,,,,,,-,-,-,-,-,27.94,0.0023,7311.0,2025-08-08 17:44:52
OBOR,,,,,,,,,-,-,-,-,-,24.5,0.0028000000000000004,123.0,2025-08-08 17:44:52
PRNT,,,,,,,,,-,-,-,-,-,21.69,-0.0064,18930.0,2025-08-08 17:44:52
RBLU,,,,,,,,,-,-,-,-,-,90.44,-0.0147,79686.0,2025-08-08 17:44:52
DKUP,,,,,,,,,-,-,-,-,-,21.72,-0.10710000000000001,333.0,2025-08-08 17:44:52
TRIO,,,,,,,,,-,-,-,-,-,63.54,0.0032,301.0,2025-08-08 17:44:52
MNRS,,,,,,,,,-,-,-,-,-,26.22,-0.013999999999999999,3319.0,2025-08-08 17:44:52
DVND,,,,,,,,,-,-,-,-,-,33.62,0.0067,10.0,2025-08-08 17:44:52
IBUY,,,,,,,,,-,-,-,-,-,71.51,-0.0022,3628.0,2025-08-08 17:44:52
JMST,,,,,,,,,-,-,-,-,-,50.96,0.0003,719349.0,2025-08-08 17:44:52
PTL,,,,,,,,,-,-,-,-,-,238.63,0.0012,20260.0,2025-08-08 17:44:52
SGDJ,,,,,,,,,-,-,-,-,-,52.39,-0.0051,22642.0,2025-08-08 17:44:52
FORH,,,,,,,,,-,-,-,-,-,23.21,0.0029,283.0,2025-08-08 17:44:52
SQMX,,,,,,,,,-,-,-,-,-,32.18,0.0009,363.0,2025-08-08 17:44:52
WNTR,,,,,,,,,-,-,-,-,-,30.55,0.0096,18861.0,2025-08-08 17:44:52
FTEC,,,,,,,,,-,-,-,-,-,208.06,0.0089,259718.0,2025-08-08 17:44:52
EALT,,,,,,,,,-,-,-,-,-,33.38,0.0054,65103.0,2025-08-08 17:44:52
JMTG,,,,,,,,,-,-,-,-,-,50.12,-0.0016,249512.0,2025-08-08 17:44:52
PTLC,,,,,,,,,-,-,-,-,-,52.29,0.0077,149165.0,2025-08-08 17:44:52
SGDM,,,,,,,,,-,-,-,-,-,49.7,0.0055000000000000005,50249.0,2025-08-08 17:44:52
FOCT,,,,,,,,,-,-,-,-,-,45.75,0.006500000000000001,113769.0,2025-08-08 17:44:52
SPWO,,,,,,,,,-,-,-,-,-,24.53,0.003,10376.0,2025-08-08 17:44:52
WLTG,,,,,,,,,-,-,-,-,-,32.92,0.0068000000000000005,6767.0,2025-08-08 17:44:52
HACK,,,,,,,,,-,-,-,-,-,81.68,-0.0070999999999999995,129623.0,2025-08-08 17:44:52
EAOA,,,,,,,,,-,-,-,-,-,39.01,0.0040999999999999995,255.0,2025-08-08 17:44:52
JMUB,,,,,,,,,-,-,-,-,-,49.37,-0.0002,451884.0,2025-08-08 17:44:52
PTMC,,,,,,,,,-,-,-,-,-,34.17,0.0003,213430.0,2025-08-08 17:44:52
RECS,,,,,,,,,-,-,-,-,-,38.47,0.0113,418867.0,2025-08-08 17:44:52
FNX,,,,,,,,,-,-,-,-,-,116.87,0.0032,15688.0,2025-08-08 17:44:52
HTUS,,,,,,,,,-,-,-,-,-,40.83,0.0058,4412.0,2025-08-08 17:44:52
SPTI,,,,,,,,,-,-,-,-,-,28.68,-0.0017000000000000001,608919.0,2025-08-08 17:44:52
EATZ,,,,,,,,,-,-,-,-,-,27.84,-0.016399999999999998,1205.0,2025-08-08 17:44:52
RSSB,,,,,,,,,-,-,-,-,-,26.72,0.0040999999999999995,35463.0,2025-08-08 17:44:52
EIDO,,,,,,,,,-,-,-,-,-,17.83,0.0062,417480.0,2025-08-08 17:44:52
DMBS,,,,,,,,,-,-,-,-,-,49.03,-0.002,238251.0,2025-08-08 17:44:52
DSMC,,,,,,,,,-,-,-,-,-,33.99,0.0073,5246.0,2025-08-08 17:44:52
OND,,,,,,,,,-,-,-,-,-,43.45,-0.0023,597.0,2025-08-08 17:44:52
HTEC,,,,,,,,,-,-,-,-,-,28.72,0.011000000000000001,2879.0,2025-08-08 17:44:52
SPTL,,,,,,,,,-,-,-,-,-,26.36,-0.0038,3008836.0,2025-08-08 17:44:52
EBI,,,,,,,,,-,-,-,-,-,52.16,0.0083,971.0,2025-08-08 17:44:52
RSSE,,,,,,,,,-,-,-,-,-,20.52,0.001,2797.0,2025-08-08 17:44:52
DAUG,,,,,,,,,-,-,-,-,-,42.63,0.0026,6705.0,2025-08-08 17:44:52
DMCY,,,,,,,,,-,-,-,-,-,28.84,0.0044,80.0,2025-08-08 17:44:52
DSI,,,,,,,,,-,-,-,-,-,120.47,0.0064,58144.0,2025-08-08 17:44:52
ONEO,,,,,,,,,-,-,-,-,-,124.2,0.0013,157.0,2025-08-08 17:44:52
HTFL,,,,,,,,,-,-,-,-,-,28.75,0.5132,7005323.0,2025-08-08 17:44:52
SPTM,,,,,,,,,-,-,-,-,-,77.1,0.0073,419243.0,2025-08-08 17:44:52
EBIT,,,,,,,,,-,-,-,-,-,31.6,0.0042,462.0,2025-08-08 17:44:52
RSSL,,,,,,,,,-,-,-,-,-,86.47,0.0023,1539.0,2025-08-08 17:44:52
TNGY,,,,,,,,,-,-,-,-,-,8.99,0.0011,52537.0,2025-08-08 17:44:52
DMX,,,,,,,,,-,-,-,-,-,50.31,0.0003,1890.0,2025-08-08 17:44:52
QLTA,,,,,,,,,-,-,-,-,-,47.76,-0.0025,73382.0,2025-08-08 17:44:52
CVNY,,,,,,,,,-,-,-,-,-,41.57,-0.0242,29045.0,2025-08-08 17:44:52
SPYA,,,,,,,,,-,-,-,-,-,26.5,0.0059,875.0,2025-08-08 17:44:52
LEMB,,,,,,,,,-,-,-,-,-,40.54,-0.0007000000000000001,29646.0,2025-08-08 17:44:52
GEM,,,,,,,,,-,-,-,-,-,38.08,-0.0018,42105.0,2025-08-08 17:44:52
QQQS,,,,,,,,,-,-,-,-,-,27.99,0.005,2627.0,2025-08-08 17:44:52
TOAK,,,,,,,,,-,-,-,-,-,27.92,0.0009,4993.0,2025-08-08 17:44:52
DMXF,,,,,,,,,-,-,-,-,-,74.0,0.005,12639.0,2025-08-08 17:44:52
QLTI,,,,,,,,,-,-,-,-,-,24.93,0.0009,6763.0,2025-08-08 17:44:52
CVAR,,,,,,,,,-,-,-,-,-,26.55,0.0037,737.0,2025-08-08 17:44:52
SPYC,,,,,,,,,-,-,-,-,-,41.17,0.0101,3671.0,2025-08-08 17:44:52
LEGR,,,,,,,,,-,-,-,-,-,54.12,0.0067,1350.0,2025-08-08 17:44:52
GEMD,,,,,,,,,-,-,-,-,-,41.29,-0.0,2046.0,2025-08-08 17:44:52
QQQT,,,,,,,,,-,-,-,-,-,18.05,0.006,25756.0,2025-08-08 17:44:52
TOGA,,,,,,,,,-,-,-,-,-,33.85,-0.014499999999999999,11649.0,2025-08-08 17:44:52
DNL,,,,,,,,,-,-,-,-,-,39.24,0.0023,16456.0,2025-08-08 17:44:52
QLTY,,,,,,,,,-,-,-,-,-,34.27,0.0070999999999999995,95832.0,2025-08-08 17:44:52
CTWO,,,,,,,,,-,-,-,-,-,16.73,0.0204,606.0,2025-08-08 17:44:52
TTT,,,,,,,,,-,-,-,-,-,73.93,0.0146,3516.0,2025-08-08 17:44:52
PCIG,,,,,,,,,-,-,-,-,-,9.35,-0.0043,4421.0,2025-08-08 17:44:52
DUSL,,,,,,,,,-,-,-,-,-,71.4,0.002,7036.0,2025-08-08 17:44:52
JUNT,,,,,,,,,-,-,-,-,-,34.69,0.0044,1474.0,2025-08-08 17:44:52
MSTP,,,,,,,,,-,-,-,-,-,23.42,-0.0345,18483.0,2025-08-08 17:44:52
MMIT,,,,,,,,,-,-,-,-,-,23.89,0.0017000000000000001,258852.0,2025-08-08 17:44:52
IYT,,,,,,,,,-,-,-,-,-,68.08,-0.009899999999999999,350839.0,2025-08-08 17:44:52
HAIL,,,,,,,,,-,-,-,-,-,31.31,0.0076,903.0,2025-08-08 17:44:52
TUA,,,,,,,,,-,-,-,-,-,21.82,-0.0040999999999999995,94215.0,2025-08-08 17:44:52
PY,,,,,,,,,-,-,-,-,-,50.32,0.0073,7563.0,2025-08-08 17:44:52
DUST,,,,,,,,,-,-,-,-,-,19.47,-0.0026,2238623.0,2025-08-08 17:44:52
JUNW,,,,,,,,,-,-,-,-,-,32.25,0.0028000000000000004,2834.0,2025-08-08 17:44:52
MSTQ,,,,,,,,,-,-,-,-,-,37.18,0.0058,8.0,2025-08-08 17:44:52
MMKT,,,,,,,,,-,-,-,-,-,100.21,-0.0004,21057.0,2025-08-08 17:44:52
IYW,,,,,,,,,-,-,-,-,-,183.92,0.009899999999999999,332101.0,2025-08-08 17:44:52
FXA,,,,,,,,,-,-,-,-,-,64.55,0.0014000000000000002,35691.0,2025-08-08 17:44:52
TUG,,,,,,,,,-,-,-,-,-,37.58,0.0101,13359.0,2025-08-08 17:44:52
PYLD,,,,,,,,,-,-,-,-,-,26.49,-0.0004,1422800.0,2025-08-08 17:44:52
DUKH,,,,,,,,,-,-,-,-,-,24.32,0.0008,276.0,2025-08-08 17:44:52
JUNZ,,,,,,,,,-,-,-,-,-,31.62,0.0062,6.0,2025-08-08 17:44:52
MSSS,,,,,,,,,-,-,-,-,-,29.0,0.0062,10403.0,2025-08-08 17:44:52
EPV,,,,,,,,,-,-,-,-,-,26.03,-0.006,5799.0,2025-08-08 17:44:52
TSMZ,,,,,,,,,-,-,-,-,-,15.86,0.0022,10871.0,2025-08-08 17:44:52
IUSB,,,,,,,,,-,-,-,-,-,46.12,-0.0019,1639603.0,2025-08-08 17:44:52
SOCL,,,,,,,,,-,-,-,-,-,56.62,-0.006999999999999999,7675.0,2025-08-08 17:44:52
WLDR,,,,,,,,,-,-,-,-,-,34.42,0.0078000000000000005,2294.0,2025-08-08 17:44:52
GCOR,,,,,,,,,-,-,-,-,-,41.2,-0.0019,25825.0,2025-08-08 17:44:52
EYEG,,,,,,,,,-,-,-,-,-,35.61,-0.0026,713.0,2025-08-08 17:44:52
MST,,,,,,,,,-,-,-,-,-,15.24,-0.0187,1033426.0,2025-08-08 17:44:52
EPS,,,,,,,,,-,-,-,-,-,65.84,0.008100000000000001,28649.0,2025-08-08 17:44:52
SPWO,,,,,,,,,-,-,-,-,-,24.53,0.003,10376.0,2025-08-08 17:44:52
IUSG,,,,,,,,,-,-,-,-,-,156.52,0.006500000000000001,235468.0,2025-08-08 17:44:52
SOFL,,,,,,,,,-,-,-,-,-,20.68,0.018000000000000002,566.0,2025-08-08 17:44:52
WNDY,,,,,,,,,-,-,-,-,-,12.81,0.0075,10990.0,2025-08-08 17:44:52
GCOW,,,,,,,,,-,-,-,-,-,39.2,0.009000000000000001,132911.0,2025-08-08 17:44:52
EYLD,,,,,,,,,-,-,-,-,-,37.29,0.0049,29703.0,2025-08-08 17:44:52
MSTB,,,,,,,,,-,-,-,-,-,37.91,0.0026,585.0,2025-08-08 17:44:52
DNOV,,,,,,,,,-,-,-,-,-,45.59,0.0052,3380.0,2025-08-08 17:44:52
SPSK,,,,,,,,,-,-,-,-,-,18.43,0.0044,87854.0,2025-08-08 17:44:52
IUSV,,,,,,,,,-,-,-,-,-,96.26,0.008100000000000001,367023.0,2025-08-08 17:44:52
ETHE,,,,,,,,,-,-,-,-,-,33.59,0.05,9914301.0,2025-08-08 17:44:52
QABA,,,,,,,,,-,-,-,-,-,53.6,0.0102,3188.0,2025-08-08 17:44:52
EDGU,,,,,,,,,-,-,-,-,-,26.46,0.006500000000000001,9035.0,2025-08-08 17:44:52
GVAL,,,,,,,,,-,-,-,-,-,28.55,0.0053,43293.0,2025-08-08 17:44:52
HUSV,,,,,,,,,-,-,-,-,-,39.94,0.0040999999999999995,3780.0,2025-08-08 17:44:52
SHM,,,,,,,,,-,-,-,-,-,48.11,0.0002,114288.0,2025-08-08 17:44:52
RUNN,,,,,,,,,-,-,-,-,-,33.96,0.0014000000000000002,28795.0,2025-08-08 17:44:52
TRND,,,,,,,,,-,-,-,-,-,32.37,0.005699999999999999,319.0,2025-08-08 17:44:52
ETHO,,,,,,,,,-,-,-,-,-,58.89,0.0008,4344.0,2025-08-08 17:44:52
QAI,,,,,,,,,-,-,-,-,-,32.67,-0.0,14523.0,2025-08-08 17:44:52
EDC,,,,,,,,,-,-,-,-,-,41.49,-0.0058,75537.0,2025-08-08 17:44:52
GXC,,,,,,,,,-,-,-,-,-,93.0,0.001,15241.0,2025-08-08 17:44:52
GDIV,,,,,,,,,-,-,-,-,-,15.6,0.0053,9348.0,2025-08-08 17:44:52
SHDG,,,,,,,,,-,-,-,-,-,30.58,0.0105,28.0,2025-08-08 17:44:52
RUSC,,,,,,,,,-,-,-,-,-,28.14,0.0033,1730.0,2025-08-08 17:44:52
TRPA,,,,,,,,,-,-,-,-,-,38.92,-0.0001,9012.0,2025-08-08 17:44:52
ETHT,,,,,,,,,-,-,-,-,-,95.86,0.0977,1312917.0,2025-08-08 17:44:52
QARP,,,,,,,,,-,-,-,-,-,54.88,0.0098,970.0,2025-08-08 17:44:52
EDEN,,,,,,,,,-,-,-,-,-,107.75,0.0025,4745.0,2025-08-08 17:44:52
GXDW,,,,,,,,,-,-,-,-,-,25.75,-0.0023,294.0,2025-08-08 17:44:52
EVYM,,,,,,,,,-,-,-,-,-,47.92,0.001,4803.0,2025-08-08 17:44:52
FIW,,,,,,,,,-,-,-,-,-,110.98,0.0002,24849.0,2025-08-08 17:44:52
SSO,,,,,,,,,-,-,-,-,-,103.1,0.0147,1322781.0,2025-08-08 17:44:52
THYF,,,,,,,,,-,-,-,-,-,52.23,-0.0005,4324.0,2025-08-08 17:44:52
VIXI,,,,,,,,,-,-,-,-,-,19.06,,3852.0,2025-08-08 17:44:52
GDOC,,,,,,,,,-,-,-,-,-,30.84,0.0092,14.0,2025-08-08 17:44:52
FBL,,,,,,,,,-,-,-,-,-,48.35,0.0177,368770.0,2025-08-08 17:44:52
PFRL,,,,,,,,,-,-,-,-,-,50.01,0.0013,5764.0,2025-08-08 17:44:52
DTAN,,,,,,,,,-,-,-,-,-,29.07,0.0083,2168.0,2025-08-08 17:44:52
EPMB,,,,,,,,,-,-,-,-,-,21.63,0.0,0.0,2025-08-08 17:44:52
STAX,,,,,,,,,-,-,-,-,-,25.5,0.0002,946.0,2025-08-08 17:44:52
THTA,,,,,,,,,-,-,-,-,-,15.1,0.002,18894.0,2025-08-08 17:44:52
VIXM,,,,,,,,,-,-,-,-,-,16.72,-0.0024,62468.0,2025-08-08 17:44:52
GDMA,,,,,,,,,-,-,-,-,-,35.83,0.0037,1827.0,2025-08-08 17:44:52
FAUG,,,,,,,,,-,-,-,-,-,50.41,0.0048,20811.0,2025-08-08 17:44:52
PFM,,,,,,,,,-,-,-,-,-,48.79,0.0064,10354.0,2025-08-08 17:44:52
EVTR,,,,,,,,,-,-,-,-,-,50.97,-0.0022,205856.0,2025-08-08 17:44:52
EPMV,,,,,,,,,-,-,-,-,-,21.65,0.0,0.0,2025-08-08 17:44:52
STBF,,,,,,,,,-,-,-,-,-,25.34,0.0,9846.0,2025-08-08 17:44:52
TIIV,,,,,,,,,-,-,-,-,-,24.78,0.0,0.0,2025-08-08 17:44:52
TSDD,,,,,,,,,-,-,-,-,-,19.69,-0.045599999999999995,3777494.0,2025-08-08 17:44:52
SAA,,,,,,,,,-,-,-,-,-,22.52,0.0062,335.0,2025-08-08 17:44:52
ICOW,,,,,,,,,-,-,-,-,-,35.07,0.0089,82629.0,2025-08-08 17:44:52
OMFS,,,,,,,,,-,-,-,-,-,40.56,0.0045000000000000005,4028.0,2025-08-08 17:44:52
FLDZ,,,,,,,,,-,-,-,-,-,28.78,-0.002,3.0,2025-08-08 17:44:52
JUSA,,,,,,,,,-,-,-,-,-,57.69,0.0072,1238.0,2025-08-08 17:44:52
IYRI,,,,,,,,,-,-,-,-,-,49.87,-0.005,48609.0,2025-08-08 17:44:52
BUYW,,,,,,,,,-,-,-,-,-,14.19,0.0021,202510.0,2025-08-08 17:44:52
TRND,,,,,,,,,-,-,-,-,-,32.37,0.005699999999999999,319.0,2025-08-08 17:44:52
SAEF,,,,,,,,,-,-,-,-,-,26.75,-0.004,1655.0,2025-08-08 17:44:52
ICSH,,,,,,,,,-,-,-,-,-,50.59,0.0003,1030998.0,2025-08-08 17:44:52
ONOF,,,,,,,,,-,-,-,-,-,35.33,0.0083,1587.0,2025-08-08 17:44:52
FLEE,,,,,,,,,-,-,-,-,-,33.74,0.0019,5089.0,2025-08-08 17:44:52
JUST,,,,,,,,,-,-,-,-,-,90.28,0.0087,5012.0,2025-08-08 17:44:52
IYT,,,,,,,,,-,-,-,-,-,68.08,-0.009899999999999999,350839.0,2025-08-08 17:44:52
BUYZ,,,,,,,,,-,-,-,-,-,41.73,-0.006999999999999999,395.0,2025-08-08 17:44:52
TRSY,,,,,,,,,-,-,-,-,-,30.09,0.0003,3030.0,2025-08-08 17:44:52
RZV,,,,,,,,,-,-,-,-,-,107.76,-0.0036,969.0,2025-08-08 17:44:52
ICOI,,,,,,,,,-,-,-,-,-,41.62,0.0,28658.0,2025-08-08 17:44:52
PPTY,,,,,,,,,-,-,-,-,-,29.44,-0.0079,1090.0,2025-08-08 17:44:52
BIB,,,,,,,,,-,-,-,-,-,50.8,0.014199999999999999,4076.0,2025-08-08 17:44:52
KDEC,,,,,,,,,-,-,-,-,-,24.3,0.001,5318.0,2025-08-08 17:44:52
GGRW,,,,,,,,,-,-,-,-,-,34.34,0.0075,442.0,2025-08-08 17:44:52
NULC,,,,,,,,,-,-,-,-,-,50.07,0.0029,142.0,2025-08-08 17:44:52
VUG,,,,,,,,,-,-,-,-,-,459.14,0.0075,800001.0,2025-08-08 17:44:52
DKUP,,,,,,,,,-,-,-,-,-,21.72,-0.10710000000000001,333.0,2025-08-08 17:44:52
DYNF,,,,,,,,,-,-,-,-,-,56.64,0.0103,1487682.0,2025-08-08 17:44:52
SNTH,,,,,,,,,-,-,-,-,-,28.54,0.0121,17752.0,2025-08-08 17:44:52
BIBL,,,,,,,,,-,-,-,-,-,42.28,0.0017000000000000001,15714.0,2025-08-08 17:44:52
KDEF,,,,,,,,,-,-,-,-,-,41.07,-0.0368,30146.0,2025-08-08 17:44:52
GGOV,,,,,,,,,-,-,-,-,-,50.26,-0.0012,4.0,2025-08-08 17:44:52
NULG,,,,,,,,,-,-,-,-,-,97.32,0.0043,109145.0,2025-08-08 17:44:52
VUSB,,,,,,,,,-,-,-,-,-,49.78,0.0002,780727.0,2025-08-08 17:44:52
DLS,,,,,,,,,-,-,-,-,-,77.87,0.0046,29741.0,2025-08-08 17:44:52
EASG,,,,,,,,,-,-,-,-,-,33.61,0.005699999999999999,5593.0,2025-08-08 17:44:52
SNSR,,,,,,,,,-,-,-,-,-,36.94,0.0068000000000000005,18478.0,2025-08-08 17:44:52
BIDD,,,,,,,,,-,-,-,-,-,26.87,0.003,41712.0,2025-08-08 17:44:52
IMF,,,,,,,,,-,-,-,-,-,43.51,0.0091,1061.0,2025-08-08 17:44:52
HRTS,,,,,,,,,-,-,-,-,-,27.63,0.0067,3736.0,2025-08-08 17:44:52
NULV,,,,,,,,,-,-,-,-,-,42.05,0.0021,172801.0,2025-08-08 17:44:52
AESR,,,,,,,,,-,-,-,-,-,19.41,0.005699999999999999,9855.0,2025-08-08 17:44:52
TCAI,,,,,,,,,-,-,-,-,-,25.31,0.0003,15697.0,2025-08-08 17:44:52
GEND,,,,,,,,,-,-,-,-,-,10.94,0.006999999999999999,397.0,2025-08-08 17:44:52
RPV,,,,,,,,,-,-,-,-,-,92.35,0.0045000000000000005,78041.0,2025-08-08 17:44:52
DJUL,,,,,,,,,-,-,-,-,-,45.65,0.0042,53269.0,2025-08-08 17:44:52
TPLC,,,,,,,,,-,-,-,-,-,44.99,0.0007000000000000001,8503.0,2025-08-08 17:44:52
QBTX,,,,,,,,,-,-,-,-,-,83.02,-0.0374,576921.0,2025-08-08 17:44:52
JPXN,,,,,,,,,-,-,-,-,-,83.17,0.0141,2014.0,2025-08-08 17:44:52
AETH,,,,,,,,,-,-,-,-,-,49.97,0.0003,6607.0,2025-08-08 17:44:52
TCAL,,,,,,,,,-,-,-,-,-,24.77,0.005699999999999999,22717.0,2025-08-08 17:44:52
GENM,,,,,,,,,-,-,-,-,-,10.22,0.0005,6202.0,2025-08-08 17:44:52
ROMO,,,,,,,,,-,-,-,-,-,32.44,0.008,713.0,2025-08-08 17:44:52
DJUN,,,,,,,,,-,-,-,-,-,45.65,0.0031,4022.0,2025-08-08 17:44:52
TPLE,,,,,,,,,-,-,-,-,-,26.8,0.001,1573.0,2025-08-08 17:44:52
QBUF,,,,,,,,,-,-,-,-,-,28.12,0.003,10757.0,2025-08-08 17:44:52
JPY,,,,,,,,,-,-,-,-,-,30.01,0.0165,2336.0,2025-08-08 17:44:52
AGG,,,,,,,,,-,-,-,-,-,98.94,-0.0019,8237988.0,2025-08-08 17:44:52
TCPB,,,,,,,,,-,-,-,-,-,50.89,-0.0021,8281.0,2025-08-08 17:44:52
GENT,,,,,,,,,-,-,-,-,-,10.32,-0.0015,17334.0,2025-08-08 17:44:52
ROUS,,,,,,,,,-,-,-,-,-,54.29,0.0067,8559.0,2025-08-08 17:44:52
EQAL,,,,,,,,,-,-,-,-,-,49.76,0.0004,18959.0,2025-08-08 17:44:52
GEVX,,,,,,,,,-,-,-,-,-,35.22,0.005,54953.0,2025-08-08 17:44:52
RISN,,,,,,,,,-,-,-,-,-,28.5,0.003,3393.0,2025-08-08 17:44:52
VOO,,,,,,,,,-,-,-,-,-,585.74,0.0077,4326344.0,2025-08-08 17:44:52
VRIG,,,,,,,,,-,-,-,-,-,25.12,0.0004,707298.0,2025-08-08 17:44:52
TCHP,,,,,,,,,-,-,-,-,-,47.16,0.008100000000000001,74318.0,2025-08-08 17:44:52
IFV,,,,,,,,,-,-,-,-,-,23.79,0.0073,10442.0,2025-08-08 17:44:52
SIMS,,,,,,,,,-,-,-,-,-,37.4,0.0028000000000000004,695.0,2025-08-08 17:44:52
EQIN,,,,,,,,,-,-,-,-,-,44.72,0.0029,18795.0,2025-08-08 17:44:52
GFLW,,,,,,,,,-,-,-,-,-,27.04,0.0029,338332.0,2025-08-08 17:44:52
RISR,,,,,,,,,-,-,-,-,-,36.86,0.0005,86729.0,2025-08-08 17:44:52
VOOG,,,,,,,,,-,-,-,-,-,413.86,0.0070999999999999995,243000.0,2025-08-08 17:44:52
TSEC,,,,,,,,,-,-,-,-,-,26.3,0.0021,148.0,2025-08-08 17:44:52
TBIL,,,,,,,,,-,-,-,-,-,49.89,0.0004,1687238.0,2025-08-08 17:44:52
IG,,,,,,,,,-,-,-,-,-,20.74,-0.0019,43741.0,2025-08-08 17:44:52
SIVR,,,,,,,,,-,-,-,-,-,36.58,0.0033,2204427.0,2025-08-08 17:44:52
EQRR,,,,,,,,,-,-,-,-,-,60.04,0.0011,323.0,2025-08-08 17:44:52
GGLL,,,,,,,,,-,-,-,-,-,44.64,0.0501,2895974.0,2025-08-08 17:44:52
RITA,,,,,,,,,-,-,-,-,-,19.05,-0.0045000000000000005,652.0,2025-08-08 17:44:52
VOOV,,,,,,,,,-,-,-,-,-,192.16,0.0084,56395.0,2025-08-08 17:44:52
AIBD,,,,,,,,,-,-,-,-,-,8.96,0.0045000000000000005,1554.0,2025-08-08 17:44:52
SIVR,,,,,,,,,-,-,-,-,-,36.58,0.0033,2204427.0,2025-08-08 17:44:52
JPXN,,,,,,,,,-,-,-,-,-,83.17,0.0141,2014.0,2025-08-08 17:44:52
MSLC,,,,,,,,,-,-,-,-,-,52.31,0.0077,53156.0,2025-08-08 17:44:52
REM,,,,,,,,,-,-,-,-,-,22.05,0.0027,313801.0,2025-08-08 17:44:52
HQGO,,,,,,,,,-,-,-,-,-,55.72,0.0083,16.0,2025-08-08 17:44:52
PSI,,,,,,,,,-,-,-,-,-,60.44,0.0095,18879.0,2025-08-08 17:44:52
SPEU,,,,,,,,,-,-,-,-,-,48.56,0.0027,45768.0,2025-08-08 17:44:52
AIBU,,,,,,,,,-,-,-,-,-,46.43,0.0040999999999999995,77619.0,2025-08-08 17:44:52
SIXA,,,,,,,,,-,-,-,-,-,49.15,0.0073,12128.0,2025-08-08 17:44:52
JPY,,,,,,,,,-,-,-,-,-,30.01,0.0165,2336.0,2025-08-08 17:44:52
MSFD,,,,,,,,,-,-,-,-,-,10.76,-0.0016,372648.0,2025-08-08 17:44:52
REMG,,,,,,,,,-,-,-,-,-,26.48,-0.0023,4992.0,2025-08-08 17:44:52
ADVE,,,,,,,,,-,-,-,-,-,36.75,0.0040999999999999995,5.0,2025-08-08 17:44:52
PSFD,,,,,,,,,-,-,-,-,-,35.34,0.0046,8867.0,2025-08-08 17:44:52
SPFF,,,,,,,,,-,-,-,-,-,9.18,0.0044,48526.0,2025-08-08 17:44:52
AIEQ,,,,,,,,,-,-,-,-,-,43.16,0.006999999999999999,2813.0,2025-08-08 17:44:52
SIXD,,,,,,,,,-,-,-,-,-,27.82,0.0024,1288.0,2025-08-08 17:44:52
ICVT,,,,,,,,,-,-,-,-,-,91.87,-0.0023,629874.0,2025-08-08 17:44:52
MSFL,,,,,,,,,-,-,-,-,-,32.8,0.0049,261922.0,2025-08-08 17:44:52
SPBX,,,,,,,,,-,-,-,-,-,26.34,0.0048,4919.0,2025-08-08 17:44:52
VUSE,,,,,,,,,-,-,-,-,-,63.5,0.0039000000000000003,17722.0,2025-08-08 17:44:52
HISF,,,,,,,,,-,-,-,-,-,44.75,-0.0017000000000000001,939.0,2025-08-08 17:44:52
OUSA,,,,,,,,,-,-,-,-,-,54.78,0.0092,10850.0,2025-08-08 17:44:52
RLY,,,,,,,,,-,-,-,-,-,29.68,0.0017000000000000001,37194.0,2025-08-08 17:44:52
TBIL,,,,,,,,,-,-,-,-,-,49.89,0.0004,1687238.0,2025-08-08 17:44:52
GEVX,,,,,,,,,-,-,-,-,-,35.22,0.005,54953.0,2025-08-08 17:44:52
DFSV,,,,,,,,,-,-,-,-,-,29.89,0.0054,1805877.0,2025-08-08 17:44:52
SPC,,,,,,,,,-,-,-,-,-,21.53,0.0,290.0,2025-08-08 17:44:52
VWID,,,,,,,,,-,-,-,-,-,32.91,0.008,777.0,2025-08-08 17:44:52
HIMZ,,,,,,,,,-,-,-,-,-,20.94,0.0331,3027371.0,2025-08-08 17:44:52
OUSM,,,,,,,,,-,-,-,-,-,43.54,0.0048,41905.0,2025-08-08 17:44:52
RMCA,,,,,,,,,-,-,-,-,-,23.47,-0.0004,22.0,2025-08-08 17:44:52
TBJL,,,,,,,,,-,-,-,-,-,19.78,-0.0008,5157.0,2025-08-08 17:44:52
EDC,,,,,,,,,-,-,-,-,-,41.49,-0.0058,75537.0,2025-08-08 17:44:52
DFUS,,,,,,,,,-,-,-,-,-,69.1,0.0073,291105.0,2025-08-08 17:44:52
SPLB,,,,,,,,,-,-,-,-,-,22.5,-0.0044,3131998.0,2025-08-08 17:44:52
VWO,,,,,,,,,-,-,-,-,-,50.69,-0.0012,5063204.0,2025-08-08 17:44:52
HELO,,,,,,,,,-,-,-,-,-,63.47,0.0043,297045.0,2025-08-08 17:44:52
OTGL,,,,,,,,,-,-,-,-,-,9.25,-0.005,509.0,2025-08-08 17:44:52
PBL,,,,,,,,,-,-,-,-,-,29.99,0.0034000000000000002,452.0,2025-08-08 17:44:52
SHE,,,,,,,,,-,-,-,-,-,122.96,0.0008,1732.0,2025-08-08 17:44:52
FCA,,,,,,,,,-,-,-,-,-,26.62,0.0176,4443.0,2025-08-08 17:44:52
GDMN,,,,,,,,,-,-,-,-,-,57.12,0.0018,22588.0,2025-08-08 17:44:52
JETU,,,,,,,,,-,-,-,-,-,20.93,0.006,63.0,2025-08-08 17:44:52
PTL,,,,,,,,,-,-,-,-,-,238.63,0.0012,20260.0,2025-08-08 17:44:52
VXF,,,,,,,,,-,-,-,-,-,196.6,-0.0027,334664.0,2025-08-08 17:44:52
AVBH,,,,,,,,,-,-,-,-,-,23.25,0.0449,764257.0,2025-08-08 17:44:52
PBD,,,,,,,,,-,-,-,-,-,13.61,0.0015,15773.0,2025-08-08 17:44:52
SHEH,,,,,,,,,-,-,-,-,-,51.47,0.0036,9200.0,2025-08-08 17:44:52
FCAL,,,,,,,,,-,-,-,-,-,47.81,0.0013,18121.0,2025-08-08 17:44:52
GDE,,,,,,,,,-,-,-,-,-,50.19,0.0139,59467.0,2025-08-08 17:44:52
JENA-U,,,,,,,,,-,-,-,-,-,10.39,0.0,0.0,2025-08-08 17:44:52
PTLC,,,,,,,,,-,-,-,-,-,52.29,0.0077,149165.0,2025-08-08 17:44:52
VXUS,,,,,,,,,-,-,-,-,-,70.44,0.0033,3236062.0,2025-08-08 17:44:52
AVDE,,,,,,,,,-,-,-,-,-,75.82,0.0046,531276.0,2025-08-08 17:44:52
PBDC,,,,,,,,,-,-,-,-,-,33.57,0.0108,44694.0,2025-08-08 17:44:52
REVS,,,,,,,,,-,-,-,-,-,26.91,0.0101,4677.0,2025-08-08 17:44:52
FCOM,,,,,,,,,-,-,-,-,-,66.03,0.0015,112351.0,2025-08-08 17:44:52
GDEC,,,,,,,,,-,-,-,-,-,35.78,0.0043,4764.0,2025-08-08 17:44:52
PHYD,,,,,,,,,-,-,-,-,-,51.92,0.0008,9485.0,2025-08-08 17:44:52
VWOB,,,,,,,,,-,-,-,-,-,65.77,-0.0002,501000.0,2025-08-08 17:44:52
IAUM,,,,,,,,,-,-,-,-,-,33.89,0.0,5927042.0,2025-08-08 17:44:52
GENM,,,,,,,,,-,-,-,-,-,10.22,0.0005,6202.0,2025-08-08 17:44:52
AVDS,,,,,,,,,-,-,-,-,-,64.47,0.0027,17404.0,2025-08-08 17:44:52
PLTZ,,,,,,,,,-,-,-,-,-,7.29,-0.0508,7270230.0,2025-08-08 17:44:52
JHID,,,,,,,,,-,-,-,-,-,34.82,0.0092,33.0,2025-08-08 17:44:52
PSCE,,,,,,,,,-,-,-,-,-,38.84,0.006500000000000001,5695.0,2025-08-08 17:44:52
PHYL,,,,,,,,,-,-,-,-,-,35.36,-0.0003,64899.0,2025-08-08 17:44:52
VXF,,,,,,,,,-,-,-,-,-,196.6,-0.0027,334664.0,2025-08-08 17:44:52
IBD,,,,,,,,,-,-,-,-,-,24.02,-0.0008,38065.0,2025-08-08 17:44:52
GENT,,,,,,,,,-,-,-,-,-,10.32,-0.0015,17334.0,2025-08-08 17:44:52
AVDV,,,,,,,,,-,-,-,-,-,83.33,0.0046,301449.0,2025-08-08 17:44:52
REET,,,,,,,,,-,-,-,-,-,24.72,-0.0048,648072.0,2025-08-08 17:44:52
JHMB,,,,,,,,,-,-,-,-,-,21.86,-0.0021,3240.0,2025-08-08 17:44:52
PSCF,,,,,,,,,-,-,-,-,-,54.59,0.0026,1132.0,2025-08-08 17:44:52
RBLY,,,,,,,,,-,-,-,-,-,54.01,-0.0070999999999999995,1522.0,2025-08-08 17:44:52
VXUS,,,,,,,,,-,-,-,-,-,70.44,0.0033,3236062.0,2025-08-08 17:44:52
IBDQ,,,,,,,,,-,-,-,-,-,25.12,0.0,512143.0,2025-08-08 17:44:52
GENW,,,,,,,,,-,-,-,-,-,12.23,0.005699999999999999,178.0,2025-08-08 17:44:52
CGGG,,,,,,,,,-,-,-,-,-,27.56,0.0025,14064.0,2025-08-08 17:44:52
OTGL,,,,,,,,,-,-,-,-,-,9.25,-0.005,509.0,2025-08-08 17:44:52
FAPR,,,,,,,,,-,-,-,-,-,42.83,0.0028000000000000004,8850.0,2025-08-08 17:44:52
VMBS,,,,,,,,,-,-,-,-,-,46.23,-0.0019,1029074.0,2025-08-08 17:44:52
NUMG,,,,,,,,,-,-,-,-,-,47.03,-0.0105,10959.0,2025-08-08 17:44:52
FNDC,,,,,,,,,-,-,-,-,-,43.48,0.0034999999999999996,187428.0,2025-08-08 17:44:52
PTIR,,,,,,,,,-,-,-,-,-,35.49,0.0525,3113609.0,2025-08-08 17:44:52
AGQI,,,,,,,,,-,-,-,-,-,15.64,0.005600000000000001,903.0,2025-08-08 17:44:52
CGGO,,,,,,,,,-,-,-,-,-,32.5,0.0006,690153.0,2025-08-08 17:44:52
OVF,,,,,,,,,-,-,-,-,-,27.76,0.0052,3687.0,2025-08-08 17:44:52
FAD,,,,,,,,,-,-,-,-,-,149.96,-0.001,20012.0,2025-08-08 17:44:52
TPIF,,,,,,,,,-,-,-,-,-,32.79,0.0034000000000000002,9119.0,2025-08-08 17:44:52
NUMI,,,,,,,,,-,-,-,-,-,24.25,-0.0008,60.0,2025-08-08 17:44:52
FNDE,,,,,,,,,-,-,-,-,-,34.04,-0.0018,1336809.0,2025-08-08 17:44:52
RSST,,,,,,,,,-,-,-,-,-,23.8,0.019299999999999998,27157.0,2025-08-08 17:44:52
AGRH,,,,,,,,,-,-,-,-,-,25.91,-0.0002,181.0,2025-08-08 17:44:52
CGGR,,,,,,,,,-,-,-,-,-,41.8,0.0024,3140453.0,2025-08-08 17:44:52
OVB,,,,,,,,,-,-,-,-,-,20.44,-0.0014000000000000002,17609.0,2025-08-08 17:44:52
FAI,,,,,,,,,-,-,-,-,-,37.28,0.0049,4681.0,2025-08-08 17:44:52
TPLC,,,,,,,,,-,-,-,-,-,44.99,0.0007000000000000001,8503.0,2025-08-08 17:44:52
SPAQ,,,,,,,,,-,-,-,-,-,104.24,0.0002,3.0,2025-08-08 17:44:52
BSEP,,,,,,,,,-,-,-,-,-,46.37,0.006999999999999999,3357.0,2025-08-08 17:44:52
TRFM,,,,,,,,,-,-,-,-,-,43.92,-0.002,14513.0,2025-08-08 17:44:52
CCEF,,,,,,,,,-,-,-,-,-,28.44,0.0023,1584.0,2025-08-08 17:44:52
GGLL,,,,,,,,,-,-,-,-,-,44.64,0.0501,2895974.0,2025-08-08 17:44:52
AGRW,,,,,,,,,-,-,-,-,-,28.96,-0.0002,974.0,2025-08-08 17:44:52
FCFY,,,,,,,,,-,-,-,-,-,25.28,0.0126,108.0,2025-08-08 17:44:52
GUSA,,,,,,,,,-,-,-,-,-,54.79,0.0,0.0,2025-08-08 17:44:52
SPEM,,,,,,,,,-,-,-,-,-,43.78,-0.0016,948588.0,2025-08-08 17:44:52
BRRR,,,,,,,,,-,-,-,-,-,32.93,-0.009000000000000001,304083.0,2025-08-08 17:44:52
TRIO,,,,,,,,,-,-,-,-,-,63.54,0.0032,301.0,2025-08-08 17:44:52
CBXA,,,,,,,,,-,-,-,-,-,29.43,-0.0012,190.0,2025-08-08 17:44:52
GGLS,,,,,,,,,-,-,-,-,-,10.85,-0.025,249643.0,2025-08-08 17:44:52
AGNG,,,,,,,,,-,-,-,-,-,31.93,0.0018,25528.0,2025-08-08 17:44:52
FCG,,,,,,,,,-,-,-,-,-,22.83,0.0053,441754.0,2025-08-08 17:44:52
GUSH,,,,,,,,,-,-,-,-,-,21.48,0.006999999999999999,1097363.0,2025-08-08 17:44:52
SPEU,,,,,,,,,-,-,-,-,-,48.56,0.0027,45768.0,2025-08-08 17:44:52
BRKC,,,,,,,,,-,-,-,-,-,46.97,0.0068000000000000005,1469.0,2025-08-08 17:44:52
PBMR,,,,,,,,,-,-,-,-,-,29.18,0.0,0.0,2025-08-08 17:44:52
CBXJ,,,,,,,,,-,-,-,-,-,27.67,-0.0025,425.0,2025-08-08 17:44:52
VFMV,,,,,,,,,-,-,-,-,-,128.03,0.0029,17870.0,2025-08-08 17:44:52
SHYD,,,,,,,,,-,-,-,-,-,22.63,0.0,41537.0,2025-08-08 17:44:52
DWM,,,,,,,,,-,-,-,-,-,65.07,0.0039000000000000003,12148.0,2025-08-08 17:44:52
RSPC,,,,,,,,,-,-,-,-,-,36.67,-0.023799999999999998,19079.0,2025-08-08 17:44:52
FTRB,,,,,,,,,-,-,-,-,-,25.16,-0.0016,25453.0,2025-08-08 17:44:52
QCML,,,,,,,,,-,-,-,-,-,16.72,0.023,36686.0,2025-08-08 17:44:52
PREF,,,,,,,,,-,-,-,-,-,18.91,0.0013,90971.0,2025-08-08 17:44:52
ACSI,,,,,,,,,-,-,-,-,-,64.46,0.0042,50.0,2025-08-08 17:44:52
VFQY,,,,,,,,,-,-,-,-,-,146.12,0.006500000000000001,3609.0,2025-08-08 17:44:52
SHYG,,,,,,,,,-,-,-,-,-,42.91,0.0002,1046602.0,2025-08-08 17:44:52
DWMF,,,,,,,,,-,-,-,-,-,31.77,0.001,126.0,2025-08-08 17:44:52
RSPD,,,,,,,,,-,-,-,-,-,55.48,-0.0011,4402.0,2025-08-08 17:44:52
FUSI,,,,,,,,,-,-,-,-,-,50.53,0.001,1519.0,2025-08-08 17:44:52
QCMU,,,,,,,,,-,-,-,-,-,21.86,0.0255,3511.0,2025-08-08 17:44:52
PRF,,,,,,,,,-,-,-,-,-,42.85,0.0066,260836.0,2025-08-08 17:44:52
ACTV,,,,,,,,,-,-,-,-,-,32.31,0.0027,1915.0,2025-08-08 17:44:52
VETZ,,,,,,,,,-,-,-,-,-,19.78,-0.0013,372.0,2025-08-08 17:44:52
SHYL,,,,,,,,,-,-,-,-,-,45.03,0.0002,32792.0,2025-08-08 17:44:52
DWSH,,,,,,,,,-,-,-,-,-,7.19,0.0002,34257.0,2025-08-08 17:44:52
RSPE,,,,,,,,,-,-,-,-,-,27.61,0.0053,6228.0,2025-08-08 17:44:52
JDVI,,,,,,,,,-,-,-,-,-,31.85,0.0024,666.0,2025-08-08 17:44:52
PBQQ,,,,,,,,,-,-,-,-,-,27.44,0.0052,62708.0,2025-08-08 17:44:52
RSMV,,,,,,,,,-,-,-,-,-,25.2,0.008100000000000001,10590.0,2025-08-08 17:44:52
TINY,,,,,,,,,-,-,-,-,-,44.71,0.0172,72.0,2025-08-08 17:44:52
OUSM,,,,,,,,,-,-,-,-,-,43.54,0.0048,41905.0,2025-08-08 17:44:52
BAI,,,,,,,,,-,-,-,-,-,31.68,0.0048,653421.0,2025-08-08 17:44:52
DVXF,,,,,,,,,-,-,-,-,-,23.98,0.0,0.0,2025-08-08 17:44:52
AESR,,,,,,,,,-,-,-,-,-,19.41,0.005699999999999999,9855.0,2025-08-08 17:44:52
JDVL,,,,,,,,,-,-,-,-,-,24.89,0.0018,9096.0,2025-08-08 17:44:52
PBSE,,,,,,,,,-,-,-,-,-,28.21,0.0,0.0,2025-08-08 17:44:52
RSP,,,,,,,,,-,-,-,-,-,183.08,0.0018,9185101.0,2025-08-08 17:44:52
TIP,,,,,,,,,-,-,-,-,-,110.35,-0.0006,1830858.0,2025-08-08 17:44:52
OTGL,,,,,,,,,-,-,-,-,-,9.25,-0.005,509.0,2025-08-08 17:44:52
BBH,,,,,,,,,-,-,-,-,-,159.34,0.011699999999999999,4553.0,2025-08-08 17:44:52
DVXK,,,,,,,,,-,-,-,-,-,26.25,0.0202,13.0,2025-08-08 17:44:52
AETH,,,,,,,,,-,-,-,-,-,49.97,0.0003,6607.0,2025-08-08 17:44:52
JBBB,,,,,,,,,-,-,-,-,-,48.23,0.0002,313832.0,2025-08-08 17:44:52
PBTP,,,,,,,,,-,-,-,-,-,26.15,-0.0006,2324.0,2025-08-08 17:44:52
RSPA,,,,,,,,,-,-,-,-,-,49.77,0.0018,160072.0,2025-08-08 17:44:52
TLH,,,,,,,,,-,-,-,-,-,100.99,-0.0036,1678168.0,2025-08-08 17:44:52
PY,,,,,,,,,-,-,-,-,-,50.32,0.0073,7563.0,2025-08-08 17:44:52
ACIO,,,,,,,,,-,-,-,-,-,42.06,0.0055000000000000005,92580.0,2025-08-08 17:44:52
FCPI,,,,,,,,,-,-,-,-,-,47.47,0.0096,11470.0,2025-08-08 17:44:52
HFND,,,,,,,,,-,-,-,-,-,22.57,0.0031,7079.0,2025-08-08 17:44:52
SLON,,,,,,,,,-,-,-,-,-,43.3,0.0787,85904.0,2025-08-08 17:44:52
GLD,,,,,,,,,-,-,-,-,-,313.05,-0.0002,19854321.0,2025-08-08 17:44:52
PBOC,,,,,,,,,-,-,-,-,-,28.11,0.0033,19174.0,2025-08-08 17:44:52
PSL,,,,,,,,,-,-,-,-,-,110.6,0.0097,13595.0,2025-08-08 17:44:52
PYLD,,,,,,,,,-,-,-,-,-,26.49,-0.0004,1422800.0,2025-08-08 17:44:52
ACLC,,,,,,,,,-,-,-,-,-,73.9,0.0074,5431.0,2025-08-08 17:44:52
FCTE,,,,,,,,,-,-,-,-,-,26.05,0.0066,53373.0,2025-08-08 17:44:52
HEWJ,,,,,,,,,-,-,-,-,-,47.58,0.022099999999999998,9432.0,2025-08-08 17:44:52
SLYG,,,,,,,,,-,-,-,-,-,89.34,0.0028000000000000004,92442.0,2025-08-08 17:44:52
GLDI,,,,,,,,,-,-,-,-,-,161.57,0.0014000000000000002,7542.0,2025-08-08 17:44:52
PBP,,,,,,,,,-,-,-,-,-,22.15,0.0027,66576.0,2025-08-08 17:44:52
PSMD,,,,,,,,,-,-,-,-,-,30.82,0.0,0.0,2025-08-08 17:44:52
PYPG,,,,,,,,,-,-,-,-,-,16.36,-0.0161,58473.0,2025-08-08 17:44:52
ACLO,,,,,,,,,-,-,-,-,-,50.33,0.0002,18.0,2025-08-08 17:44:52
FCTR,,,,,,,,,-,-,-,-,-,33.64,-0.0152,2779.0,2025-08-08 17:44:52
HEZU,,,,,,,,,-,-,-,-,-,40.89,0.0064,55228.0,2025-08-08 17:44:52
PRXV,,,,,,,,,-,-,-,-,-,28.56,0.0069,1606.0,2025-08-08 17:44:52
AVIE,,,,,,,,,-,-,-,-,-,59.6,0.0066,697.0,2025-08-08 17:44:52
RSPM,,,,,,,,,-,-,-,-,-,32.15,0.005,13812.0,2025-08-08 17:44:52
NUEM,,,,,,,,,-,-,-,-,-,34.03,-0.0001,8869.0,2025-08-08 17:44:52
REKT,,,,,,,,,-,-,-,-,-,19.32,-0.0002,220.0,2025-08-08 17:44:52
SBIL,,,,,,,,,-,-,-,-,-,100.3,0.0002,14572.0,2025-08-08 17:44:52
FDIG,,,,,,,,,-,-,-,-,-,36.49,-0.012199999999999999,33653.0,2025-08-08 17:44:52
EMDV,,,,,,,,,-,-,-,-,-,45.98,-0.001,90.0,2025-08-08 17:44:52
PSC,,,,,,,,,-,-,-,-,-,52.74,-0.0006,105842.0,2025-08-08 17:44:52
AVIG,,,,,,,,,-,-,-,-,-,41.53,-0.0026,89084.0,2025-08-08 17:44:52
RSPN,,,,,,,,,-,-,-,-,-,54.82,-0.0005,28061.0,2025-08-08 17:44:52
NUGO,,,,,,,,,-,-,-,-,-,37.86,0.0060999999999999995,4590.0,2025-08-08 17:44:52
REGL,,,,,,,,,-,-,-,-,-,82.89,0.0021,26342.0,2025-08-08 17:44:52
SBIO,,,,,,,,,-,-,-,-,-,32.74,-0.0013,7816.0,2025-08-08 17:44:52
FDIS,,,,,,,,,-,-,-,-,-,96.31,-0.0007000000000000001,81227.0,2025-08-08 17:44:52
EMEQ,,,,,,,,,-,-,-,-,-,30.73,-0.0044,5073.0,2025-08-08 17:44:52
PSCC,,,,,,,,,-,-,-,-,-,34.68,-0.003,6487.0,2025-08-08 17:44:52
AFK,,,,,,,,,-,-,-,-,-,21.83,0.0055000000000000005,10076.0,2025-08-08 17:44:52
RSPR,,,,,,,,,-,-,-,-,-,34.49,-0.0074,3020.0,2025-08-08 17:44:52
NUGT,,,,,,,,,-,-,-,-,-,91.1,0.0051,832264.0,2025-08-08 17:44:52
PULT,,,,,,,,,-,-,-,-,-,50.53,0.0004,4593.0,2025-08-08 17:44:52
AJUL,,,,,,,,,-,-,-,-,-,28.23,0.0022,1653.0,2025-08-08 17:44:52
FYLD,,,,,,,,,-,-,-,-,-,30.57,0.0034999999999999996,34411.0,2025-08-08 17:44:52
DAUG,,,,,,,,,-,-,-,-,-,42.63,0.0026,6705.0,2025-08-08 17:44:52
RAYC,,,,,,,,,-,-,-,-,-,16.11,0.0027,1747.0,2025-08-08 17:44:52
JCPB,,,,,,,,,-,-,-,-,-,46.92,-0.0016,647823.0,2025-08-08 17:44:52
AGEM,,,,,,,,,-,-,-,-,-,34.52,0.001,74.0,2025-08-08 17:44:52
PSP,,,,,,,,,-,-,-,-,-,71.02,0.0084,12055.0,2025-08-08 17:44:52
PUI,,,,,,,,,-,-,-,-,-,44.27,-0.0046,7349.0,2025-08-08 17:44:52
AIS,,,,,,,,,-,-,-,-,-,29.73,0.0068000000000000005,204232.0,2025-08-08 17:44:52
FYT,,,,,,,,,-,-,-,-,-,51.91,0.0028000000000000004,6941.0,2025-08-08 17:44:52
DAX,,,,,,,,,-,-,-,-,-,44.9,-0.0002,79134.0,2025-08-08 17:44:52
RAYD,,,,,,,,,-,-,-,-,-,36.76,0.005699999999999999,2535.0,2025-08-08 17:44:52
JCPI,,,,,,,,,-,-,-,-,-,48.41,0.0,36594.0,2025-08-08 17:44:52
AVGB,,,,,,,,,-,-,-,-,-,51.15,0.0,0.0,2025-08-08 17:44:52
PSQ,,,,,,,,,-,-,-,-,-,32.57,-0.0085,3456066.0,2025-08-08 17:44:52
PTRB,,,,,,,,,-,-,-,-,-,41.69,-0.0019,28443.0,2025-08-08 17:44:52
AIRR,,,,,,,,,-,-,-,-,-,88.7,0.0036,423768.0,2025-08-08 17:44:52
FYX,,,,,,,,,-,-,-,-,-,99.7,0.0028000000000000004,18097.0,2025-08-08 17:44:52
DARP,,,,,,,,,-,-,-,-,-,38.4,0.008100000000000001,258.0,2025-08-08 17:44:52
AZNH,,,,,,,,,-,-,-,-,-,44.26,-0.0059,3050.0,2025-08-08 17:44:52
TGLR,,,,,,,,,-,-,-,-,-,33.45,0.0063,3812.0,2025-08-08 17:44:52
ACGR,,,,,,,,,-,-,-,-,-,62.27,0.0087,4.0,2025-08-08 17:44:52
NDVG,,,,,,,,,-,-,-,-,-,34.49,0.0073,20.0,2025-08-08 17:44:52
OUSA,,,,,,,,,-,-,-,-,-,54.78,0.0092,10850.0,2025-08-08 17:44:52
SWAN,,,,,,,,,-,-,-,-,-,31.03,0.0019,15327.0,2025-08-08 17:44:52
FDEM,,,,,,,,,-,-,-,-,-,28.77,0.0,30572.0,2025-08-08 17:44:52
ODDS,,,,,,,,,-,-,-,-,-,33.31,-0.004,1770.0,2025-08-08 17:44:52
AWAY,,,,,,,,,-,-,-,-,-,21.3,0.0029,9219.0,2025-08-08 17:44:52
TGRT,,,,,,,,,-,-,-,-,-,41.87,0.0087,28268.0,2025-08-08 17:44:52
ACIO,,,,,,,,,-,-,-,-,-,42.06,0.0055000000000000005,92580.0,2025-08-08 17:44:52
NEAR,,,,,,,,,-,-,-,-,-,50.99,-0.0007000000000000001,224963.0,2025-08-08 17:44:52
OUSM,,,,,,,,,-,-,-,-,-,43.54,0.0048,41905.0,2025-08-08 17:44:52
SXQG,,,,,,,,,-,-,-,-,-,32.81,0.0085,2583.0,2025-08-08 17:44:52
FDEV,,,,,,,,,-,-,-,-,-,32.59,0.0022,16138.0,2025-08-08 17:44:52
ODHY,,,,,,,,,-,-,-,-,-,10.02,0.0005,4.0,2025-08-08 17:44:52
AWEG,,,,,,,,,-,-,-,-,-,23.58,0.0,0.0,2025-08-08 17:44:52
TGRW,,,,,,,,,-,-,-,-,-,43.74,0.0098,1988.0,2025-08-08 17:44:52
ACLC,,,,,,,,,-,-,-,-,-,73.9,0.0074,5431.0,2025-08-08 17:44:52
NERD,,,,,,,,,-,-,-,-,-,27.13,0.0053,2828.0,2025-08-08 17:44:52
BNDX,,,,,,,,,-,-,-,-,-,49.36,-0.0016,2448666.0,2025-08-08 17:44:52
TAGS,,,,,,,,,-,-,-,-,-,23.51,-0.0023,2671.0,2025-08-08 17:44:52
FDVV,,,,,,,,,-,-,-,-,-,54.25,0.0070999999999999995,858824.0,2025-08-08 17:44:52
PFEB,,,,,,,,,-,-,-,-,-,38.73,0.004,15519.0,2025-08-08 17:44:52
UBOT,,,,,,,,,-,-,-,-,-,22.85,0.0066,22462.0,2025-08-08 17:44:52
SMCO,,,,,,,,,-,-,-,-,-,25.86,0.0009,55032.0,2025-08-08 17:44:52
RYLD,,,,,,,,,-,-,-,-,-,14.8,0.0027,495058.0,2025-08-08 17:44:52
PBAP,,,,,,,,,-,-,-,-,-,27.99,0.0021,100.0,2025-08-08 17:44:52
BNDY,,,,,,,,,-,-,-,-,-,25.18,-0.0014000000000000002,4074.0,2025-08-08 17:44:52
TAIL,,,,,,,,,-,-,-,-,-,11.86,-0.0038,61636.0,2025-08-08 17:44:52
FDWM,,,,,,,,,-,-,-,-,-,24.94,0.0089,74.0,2025-08-08 17:44:52
PFF,,,,,,,,,-,-,-,-,-,31.16,0.0039000000000000003,1948637.0,2025-08-08 17:44:52
UBR,,,,,,,,,-,-,-,-,-,19.88,-0.0204,7046.0,2025-08-08 17:44:52
SMCX,,,,,,,,,-,-,-,-,-,36.13,-0.0897,3751039.0,2025-08-08 17:44:52
RYLG,,,,,,,,,-,-,-,-,-,21.36,0.003,2005.0,2025-08-08 17:44:52
PBAU,,,,,,,,,-,-,-,-,-,28.75,0.0027,1690.0,2025-08-08 17:44:52
BOXX,,,,,,,,,-,-,-,-,-,113.18,0.0004,723844.0,2025-08-08 17:44:52
SVXY,,,,,,,,,-,-,-,-,-,46.08,0.0177,1111536.0,2025-08-08 17:44:52
FDN,,,,,,,,,-,-,-,-,-,270.78,-0.0033,198861.0,2025-08-08 17:44:52
PFFA,,,,,,,,,-,-,-,-,-,21.53,0.006500000000000001,409536.0,2025-08-08 17:44:52
SMUP,,,,,,,,,-,-,-,-,-,14.31,-0.2368,61797.0,2025-08-08 17:44:52
AVUS,,,,,,,,,-,-,-,-,-,103.71,0.0077,179405.0,2025-08-08 17:44:52
SEIX,,,,,,,,,-,-,-,-,-,23.63,0.0,85994.0,2025-08-08 17:44:52
BMED,,,,,,,,,-,-,-,-,-,24.82,0.0072,8260.0,2025-08-08 17:44:52
AADR,,,,,,,,,-,-,-,-,-,81.21,0.004699999999999999,5377.0,2025-08-08 17:44:52
NEAR,,,,,,,,,-,-,-,-,-,50.99,-0.0007000000000000001,224963.0,2025-08-08 17:44:52
ECNS,,,,,,,,,-,-,-,-,-,35.8,0.0023,14284.0,2025-08-08 17:44:52
IBDV,,,,,,,,,-,-,-,-,-,21.94,-0.0023,151754.0,2025-08-08 17:44:52
SNAV,,,,,,,,,-,-,-,-,-,33.16,0.0075,13485.0,2025-08-08 17:44:52
AVUV,,,,,,,,,-,-,-,-,-,92.47,0.0023,1111572.0,2025-08-08 17:44:52
SEPM,,,,,,,,,-,-,-,-,-,31.1,0.002,562.0,2025-08-08 17:44:52
BMDL,,,,,,,,,-,-,-,-,-,25.1,-0.0026,4.0,2025-08-08 17:44:52
AAA,,,,,,,,,-,-,-,-,-,24.99,0.0006,4505.0,2025-08-08 17:44:52
NDVG,,,,,,,,,-,-,-,-,-,34.49,0.0073,20.0,2025-08-08 17:44:52
EBND,,,,,,,,,-,-,-,-,-,21.21,0.0,392727.0,2025-08-08 17:44:52
IBDW,,,,,,,,,-,-,-,-,-,20.99,-0.0019,174306.0,2025-08-08 17:44:52
SNOU,,,,,,,,,-,-,-,-,-,38.86,-0.1422,61503.0,2025-08-08 17:44:52
AVXC,,,,,,,,,-,-,-,-,-,57.03,-0.002,7206.0,2025-08-08 17:44:52
SEPP,,,,,,,,,-,-,-,-,-,28.96,0.0053,120.0,2025-08-08 17:44:52
BLST,,,,,,,,,-,-,-,-,-,25.17,-0.0014000000000000002,13678.0,2025-08-08 17:44:52
TEC,,,,,,,,,-,-,-,-,-,25.62,0.0008,878.0,2025-08-08 17:44:52
PALL,,,,,,,,,-,-,-,-,-,102.45,-0.0304,472120.0,2025-08-08 17:44:52
EBUF,,,,,,,,,-,-,-,-,-,27.65,0.0004,1276.0,2025-08-08 17:44:52
RSP,,,,,,,,,-,-,-,-,-,183.08,0.0018,9185101.0,2025-08-08 17:44:52
PBNV,,,,,,,,,-,-,-,-,-,28.3,0.0,0.0,2025-08-08 17:44:52
BAMG,,,,,,,,,-,-,-,-,-,35.97,-0.009300000000000001,7368.0,2025-08-08 17:44:52
ADBG,,,,,,,,,-,-,-,-,-,10.51,0.016,72355.0,2025-08-08 17:44:52
SMRI,,,,,,,,,-,-,-,-,-,31.98,0.0077,17171.0,2025-08-08 17:44:52
TECB,,,,,,,,,-,-,-,-,-,57.48,0.0048,9799.0,2025-08-08 17:44:52
PALU,,,,,,,,,-,-,-,-,-,17.18,-0.013000000000000001,91471.0,2025-08-08 17:44:52
EASG,,,,,,,,,-,-,-,-,-,33.61,0.005699999999999999,5593.0,2025-08-08 17:44:52
RSPA,,,,,,,,,-,-,-,-,-,49.77,0.0018,160072.0,2025-08-08 17:44:52
PBOC,,,,,,,,,-,-,-,-,-,28.11,0.0033,19174.0,2025-08-08 17:44:52
BAMO,,,,,,,,,-,-,-,-,-,31.43,0.0022,2485.0,2025-08-08 17:44:52
ACVF,,,,,,,,,-,-,-,-,-,47.86,0.0051,2475.0,2025-08-08 17:44:52
RSHO,,,,,,,,,-,-,-,-,-,41.0,0.0014000000000000002,10226.0,2025-08-08 17:44:52
TDTT,,,,,,,,,-,-,-,-,-,24.27,0.0002,281476.0,2025-08-08 17:44:52
PAMC,,,,,,,,,-,-,-,-,-,43.49,0.0008,6910.0,2025-08-08 17:44:52
EATZ,,,,,,,,,-,-,-,-,-,27.84,-0.016399999999999998,1205.0,2025-08-08 17:44:52
RSPC,,,,,,,,,-,-,-,-,-,36.67,-0.023799999999999998,19079.0,2025-08-08 17:44:52
QIDX,,,,,,,,,-,-,-,-,-,10.61,0.0069,13672.0,2025-08-08 17:44:52
DIPS,,,,,,,,,-,-,-,-,-,6.43,-0.0092,39841.0,2025-08-08 17:44:52
NZAC,,,,,,,,,-,-,-,-,-,40.42,0.006500000000000001,48784.0,2025-08-08 17:44:52
IVVB,,,,,,,,,-,-,-,-,-,31.74,0.0062,18551.0,2025-08-08 17:44:52
URNM,,,,,,,,,-,-,-,-,-,47.17,-0.0021,417968.0,2025-08-08 17:44:52
MDST,,,,,,,,,-,-,-,-,-,26.63,-0.0008,50458.0,2025-08-08 17:44:52
FXU,,,,,,,,,-,-,-,-,-,44.77,-0.0044,270309.0,2025-08-08 17:44:52
CLSM,,,,,,,,,-,-,-,-,-,22.22,0.0075,6822.0,2025-08-08 17:44:52
QIG,,,,,,,,,-,-,-,-,-,44.77,-0.0026,341.0,2025-08-08 17:44:52
DISO,,,,,,,,,-,-,-,-,-,13.06,-0.005699999999999999,10339.0,2025-08-08 17:44:52
MSOS,,,,,,,,,-,-,-,-,-,3.74,0.0747,12408975.0,2025-08-08 17:44:52
IWB,,,,,,,,,-,-,-,-,-,349.7,0.0067,1000076.0,2025-08-08 17:44:52
URE,,,,,,,,,-,-,-,-,-,61.96,-0.0155,1191.0,2025-08-08 17:44:52
MDPL,,,,,,,,,-,-,-,-,-,26.27,0.0086,4804.0,2025-08-08 17:44:52
FXY,,,,,,,,,-,-,-,-,-,62.32,-0.0043,87413.0,2025-08-08 17:44:52
CLOX,,,,,,,,,-,-,-,-,-,25.55,0.0012,108911.0,2025-08-08 17:44:52
QINT,,,,,,,,,-,-,-,-,-,59.44,0.0055000000000000005,21745.0,2025-08-08 17:44:52
DISV,,,,,,,,,-,-,-,-,-,34.1,0.0049,234794.0,2025-08-08 17:44:52
MSOX,,,,,,,,,-,-,-,-,-,5.85,0.1404,671737.0,2025-08-08 17:44:52
IWC,,,,,,,,,-,-,-,-,-,131.77,0.0053,13286.0,2025-08-08 17:44:52
BAMD,,,,,,,,,-,-,-,-,-,30.88,0.0025,8358.0,2025-08-08 17:44:52
SILJ,,,,,,,,,-,-,-,-,-,16.74,0.0097,9028763.0,2025-08-08 17:44:52
FGD,,,,,,,,,-,-,-,-,-,28.45,0.0039000000000000003,69849.0,2025-08-08 17:44:52
ACWX,,,,,,,,,-,-,-,-,-,61.96,0.0031,780507.0,2025-08-08 17:44:52
RLY,,,,,,,,,-,-,-,-,-,29.68,0.0017000000000000001,37194.0,2025-08-08 17:44:52
ROBT,,,,,,,,,-,-,-,-,-,49.96,0.0045000000000000005,44574.0,2025-08-08 17:44:52
PFF,,,,,,,,,-,-,-,-,-,31.16,0.0039000000000000003,1948637.0,2025-08-08 17:44:52
MBND,,,,,,,,,-,-,-,-,-,26.83,-0.0009,5111.0,2025-08-08 17:44:52
BAMG,,,,,,,,,-,-,-,-,-,35.97,-0.009300000000000001,7368.0,2025-08-08 17:44:52
RGLO,,,,,,,,,-,-,-,-,-,27.19,0.0078000000000000005,7525.0,2025-08-08 17:44:52
FGDL,,,,,,,,,-,-,-,-,-,45.36,-0.0009,50312.0,2025-08-08 17:44:52
CNAV,,,,,,,,,-,-,-,-,-,28.11,-0.0025,14204.0,2025-08-08 17:44:52
RMIF,,,,,,,,,-,-,-,-,-,24.9,0.0004,600.0,2025-08-08 17:44:52
RODM,,,,,,,,,-,-,-,-,-,34.66,0.0003,42211.0,2025-08-08 17:44:52
PFFA,,,,,,,,,-,-,-,-,-,21.53,0.006500000000000001,409536.0,2025-08-08 17:44:52
NBOS,,,,,,,,,-,-,-,-,-,26.39,0.0046,16980.0,2025-08-08 17:44:52
BAMO,,,,,,,,,-,-,-,-,-,31.43,0.0022,2485.0,2025-08-08 17:44:52
RGTU,,,,,,,,,-,-,-,-,-,43.79,-0.026099999999999998,13052.0,2025-08-08 17:44:52
FFIU,,,,,,,,,-,-,-,-,-,21.96,0.0016,143.0,2025-08-08 17:44:52
CNBS,,,,,,,,,-,-,-,-,-,22.47,0.0658,12812.0,2025-08-08 17:44:52
VEGN,,,,,,,,,-,-,-,-,-,56.19,0.005600000000000001,4634.0,2025-08-08 17:44:52
PAUG,,,,,,,,,-,-,-,-,-,41.43,0.0024,168658.0,2025-08-08 17:44:52
OTGL,,,,,,,,,-,-,-,-,-,9.25,-0.005,509.0,2025-08-08 17:44:52
FXH,,,,,,,,,-,-,-,-,-,101.74,0.0152,10596.0,2025-08-08 17:44:52
DGZ,,,,,,,,,-,-,-,-,-,6.73,0.003,306.0,2025-08-08 17:44:52
URNM,,,,,,,,,-,-,-,-,-,47.17,-0.0021,417968.0,2025-08-08 17:44:52
FDD,,,,,,,,,-,-,-,-,-,15.99,0.008199999999999999,209261.0,2025-08-08 17:44:52
AALG,,,,,,,,,-,-,-,-,-,11.68,-0.0215,2894.0,2025-08-08 17:44:52
VFH,,,,,,,,,-,-,-,-,-,126.66,0.0089,618337.0,2025-08-08 17:44:52
PAVE,,,,,,,,,-,-,-,-,-,45.75,0.0039000000000000003,708905.0,2025-08-08 17:44:52
OUNZ,,,,,,,,,-,-,-,-,-,32.75,0.0,1894518.0,2025-08-08 17:44:52
FXI,,,,,,,,,-,-,-,-,-,37.67,-0.0019,11915977.0,2025-08-08 17:44:52
DGIN,,,,,,,,,-,-,-,-,-,40.37,-0.013600000000000001,7357.0,2025-08-08 17:44:52
URE,,,,,,,,,-,-,-,-,-,61.96,-0.0155,1191.0,2025-08-08 17:44:52
FDEC,,,,,,,,,-,-,-,-,-,47.69,0.0053,14652.0,2025-08-08 17:44:52
AAPB,,,,,,,,,-,-,-,-,-,24.74,0.0827,1335628.0,2025-08-08 17:44:52
VFLO,,,,,,,,,-,-,-,-,-,34.69,0.0078000000000000005,1161196.0,2025-08-08 17:44:52
PBD,,,,,,,,,-,-,-,-,-,13.61,0.0015,15773.0,2025-08-08 17:44:52
OUSA,,,,,,,,,-,-,-,-,-,54.78,0.0092,10850.0,2025-08-08 17:44:52
FXL,,,,,,,,,-,-,-,-,-,157.94,-0.0042,5341.0,2025-08-08 17:44:52
THNQ,,,,,,,,,-,-,-,-,-,56.21,0.0002,17350.0,2025-08-08 17:44:52
SJB,,,,,,,,,-,-,-,-,-,15.66,0.001,35252.0,2025-08-08 17:44:52
EAOA,,,,,,,,,-,-,-,-,-,39.01,0.0040999999999999995,255.0,2025-08-08 17:44:52
RSMC,,,,,,,,,-,-,-,-,-,25.32,0.0044,1973.0,2025-08-08 17:44:52
CEFA,,,,,,,,,-,-,-,-,-,35.01,0.0066,185.0,2025-08-08 17:44:52
PAUG,,,,,,,,,-,-,-,-,-,41.43,0.0024,168658.0,2025-08-08 17:44:52
CNRG,,,,,,,,,-,-,-,-,-,67.91,0.0006,5300.0,2025-08-08 17:44:52
AVL,,,,,,,,,-,-,-,-,-,46.62,0.0078000000000000005,130846.0,2025-08-08 17:44:52
THNR,,,,,,,,,-,-,-,-,-,21.99,0.0034000000000000002,836.0,2025-08-08 17:44:52
SJCP,,,,,,,,,-,-,-,-,-,25.18,0.0002,3.0,2025-08-08 17:44:52
EAOK,,,,,,,,,-,-,-,-,-,26.74,0.0005,7.0,2025-08-08 17:44:52
RSJN,,,,,,,,,-,-,-,-,-,32.95,0.0018,480.0,2025-08-08 17:44:52
CEFD,,,,,,,,,-,-,-,-,-,19.58,0.0045000000000000005,747.0,2025-08-08 17:44:52
PAVE,,,,,,,,,-,-,-,-,-,45.75,0.0039000000000000003,708905.0,2025-08-08 17:44:52
DINT,,,,,,,,,-,-,-,-,-,25.9,0.0007000000000000001,15555.0,2025-08-08 17:44:52
AVLC,,,,,,,,,-,-,-,-,-,73.04,0.0072,8024.0,2025-08-08 17:44:52
THIR,,,,,,,,,-,-,-,-,-,29.86,0.004699999999999999,305571.0,2025-08-08 17:44:52
SJLD,,,,,,,,,-,-,-,-,-,25.32,-0.0004,3.0,2025-08-08 17:44:52
EAOM,,,,,,,,,-,-,-,-,-,29.05,0.0017000000000000001,3.0,2025-08-08 17:44:52
SMST,,,,,,,,,-,-,-,-,-,21.84,0.0326,1549518.0,2025-08-08 17:44:52
SPCX,,,,,,,,,-,-,-,-,-,24.78,0.0002,2914.0,2025-08-08 17:44:52
LBO,,,,,,,,,-,-,-,-,-,31.62,0.0102,924.0,2025-08-08 17:44:52
ADME,,,,,,,,,-,-,-,-,-,49.22,0.0060999999999999995,10404.0,2025-08-08 17:44:52
UTWY,,,,,,,,,-,-,-,-,-,43.38,-0.0036,685.0,2025-08-08 17:44:52
SZK,,,,,,,,,-,-,-,-,-,11.53,-0.004699999999999999,5779.0,2025-08-08 17:44:52
NMAR,,,,,,,,,-,-,-,-,-,28.2,0.0042,102.0,2025-08-08 17:44:52
EAOR,,,,,,,,,-,-,-,-,-,33.73,0.0034999999999999996,131.0,2025-08-08 17:44:52
PULT,,,,,,,,,-,-,-,-,-,50.53,0.0004,4593.0,2025-08-08 17:44:52
SPCY,,,,,,,,,-,-,-,-,-,29.19,-0.031200000000000002,4057.0,2025-08-08 17:44:52
LBAY,,,,,,,,,-,-,-,-,-,24.36,0.005699999999999999,8802.0,2025-08-08 17:44:52
ADFI,,,,,,,,,-,-,-,-,-,8.56,-0.0034999999999999996,8038.0,2025-08-08 17:44:52
UTRE,,,,,,,,,-,-,-,-,-,49.63,-0.001,2554.0,2025-08-08 17:44:52
SZNE,,,,,,,,,-,-,-,-,-,34.47,0.0078000000000000005,1309.0,2025-08-08 17:44:52
NLR,,,,,,,,,-,-,-,-,-,118.02,-0.010700000000000001,342859.0,2025-08-08 17:44:52
EAPR,,,,,,,,,-,-,-,-,-,28.39,0.0002,1689.0,2025-08-08 17:44:52
PUSH,,,,,,,,,-,-,-,-,-,50.38,-0.0001,11261.0,2025-08-08 17:44:52
SPCZ,,,,,,,,,-,-,-,-,-,28.0,0.0038,3.0,2025-08-08 17:44:52
PDBA,,,,,,,,,-,-,-,-,-,34.87,-0.002,14604.0,2025-08-08 17:44:52
ADBG,,,,,,,,,-,-,-,-,-,10.51,0.016,72355.0,2025-08-08 17:44:52
UVXY,,,,,,,,,-,-,-,-,-,14.49,-0.0492,19592822.0,2025-08-08 17:44:52
NDOW,,,,,,,,,-,-,-,-,-,26.24,0.0017000000000000001,69510.0,2025-08-08 17:44:52
TCPB,,,,,,,,,-,-,-,-,-,50.89,-0.0021,8281.0,2025-08-08 17:44:52
FEBP,,,,,,,,,-,-,-,-,-,30.09,0.0052,40923.0,2025-08-08 17:44:52
SOCL,,,,,,,,,-,-,-,-,-,56.62,-0.006999999999999999,7675.0,2025-08-08 17:44:52
MUSI,,,,,,,,,-,-,-,-,-,43.94,-0.0001,3595.0,2025-08-08 17:44:52
BMAY,,,,,,,,,-,-,-,-,-,42.94,0.0037,786.0,2025-08-08 17:44:52
MLPD,,,,,,,,,-,-,-,-,-,25.22,-0.002,5375.0,2025-08-08 17:44:52
AVSU,,,,,,,,,-,-,-,-,-,70.35,0.006999999999999999,4731.0,2025-08-08 17:44:52
NDEC,,,,,,,,,-,-,-,-,-,26.43,0.0039000000000000003,6032.0,2025-08-08 17:44:52
TDI,,,,,,,,,-,-,-,-,-,35.03,0.0025,1945.0,2025-08-08 17:44:52
FEBT,,,,,,,,,-,-,-,-,-,35.86,0.0054,4452.0,2025-08-08 17:44:52
SNTH,,,,,,,,,-,-,-,-,-,28.54,0.0121,17752.0,2025-08-08 17:44:52
MUSQ,,,,,,,,,-,-,-,-,-,28.73,0.017,1929.0,2025-08-08 17:44:52
CLCG,,,,,,,,,-,-,-,-,-,25.71,0.0125,202.0,2025-08-08 17:44:52
MLPR,,,,,,,,,-,-,-,-,-,59.52,0.0087,908.0,2025-08-08 17:44:52
AVNV,,,,,,,,,-,-,-,-,-,68.16,0.005,4568.0,2025-08-08 17:44:52
NDIA,,,,,,,,,-,-,-,-,-,28.85,-0.006,1899.0,2025-08-08 17:44:52
TDEC,,,,,,,,,-,-,-,-,-,22.5,0.0,803.0,2025-08-08 17:44:52
FEBU,,,,,,,,,-,-,-,-,-,26.25,0.008100000000000001,6358.0,2025-08-08 17:44:52
SNSR,,,,,,,,,-,-,-,-,-,36.94,0.0068000000000000005,18478.0,2025-08-08 17:44:52
HERD,,,,,,,,,-,-,-,-,-,40.62,0.006999999999999999,7022.0,2025-08-08 17:44:52
BLST,,,,,,,,,-,-,-,-,-,25.17,-0.0014000000000000002,13678.0,2025-08-08 17:44:52
AVDS,,,,,,,,,-,-,-,-,-,64.47,0.0027,17404.0,2025-08-08 17:44:52
TLTI,,,,,,,,,-,-,-,-,-,46.29,-0.0046,6840.0,2025-08-08 17:44:52
RETL,,,,,,,,,-,-,-,-,-,8.52,-0.0184,149356.0,2025-08-08 17:44:52
QGRW,,,,,,,,,-,-,-,-,-,54.39,0.0054,117147.0,2025-08-08 17:44:52
FEBW,,,,,,,,,-,-,-,-,-,32.44,0.0032,815.0,2025-08-08 17:44:52
HYBI,,,,,,,,,-,-,-,-,-,50.47,0.0002,8250.0,2025-08-08 17:44:52
HERO,,,,,,,,,-,-,-,-,-,32.68,0.0028000000000000004,14959.0,2025-08-08 17:44:52
BLTD,,,,,,,,,-,-,-,-,-,25.37,-0.0038,13284.0,2025-08-08 17:44:52
AVDV,,,,,,,,,-,-,-,-,-,83.33,0.0046,301449.0,2025-08-08 17:44:52
TLTP,,,,,,,,,-,-,-,-,-,22.53,-0.0049,4955.0,2025-08-08 17:44:52
REM,,,,,,,,,-,-,-,-,-,22.05,0.0027,313801.0,2025-08-08 17:44:52
QNXT,,,,,,,,,-,-,-,-,-,26.11,-0.0004,2313.0,2025-08-08 17:44:52
FEBZ,,,,,,,,,-,-,-,-,-,36.8,0.0055000000000000005,646.0,2025-08-08 17:44:52
HYBL,,,,,,,,,-,-,-,-,-,28.46,-0.0,72633.0,2025-08-08 17:44:52
HELO,,,,,,,,,-,-,-,-,-,63.47,0.0043,297045.0,2025-08-08 17:44:52
BLUC,,,,,,,,,-,-,-,-,-,26.85,0.0072,16085.0,2025-08-08 17:44:52
BMVP,,,,,,,,,-,-,-,-,-,48.38,0.0053,142.0,2025-08-08 17:44:52
TLTW,,,,,,,,,-,-,-,-,-,22.75,-0.0013,742178.0,2025-08-08 17:44:52
DIVY,,,,,,,,,-,-,-,-,-,25.19,0.0018,1891.0,2025-08-08 17:44:52
URNJ,,,,,,,,,-,-,-,-,-,21.55,0.0005,454888.0,2025-08-08 17:44:52
HFEQ,,,,,,,,,-,-,-,-,-,20.56,0.0069,677.0,2025-08-08 17:44:52
FLKR,,,,,,,,,-,-,-,-,-,24.97,0.0024,81492.0,2025-08-08 17:44:52
SPDV,,,,,,,,,-,-,-,-,-,32.85,0.0063,1879.0,2025-08-08 17:44:52
BAMO,,,,,,,,,-,-,-,-,-,31.43,0.0022,2485.0,2025-08-08 17:44:52
NMAR,,,,,,,,,-,-,-,-,-,28.2,0.0042,102.0,2025-08-08 17:44:52
QGRW,,,,,,,,,-,-,-,-,-,54.39,0.0054,117147.0,2025-08-08 17:44:52
DIVZ,,,,,,,,,-,-,-,-,-,35.98,0.0028000000000000004,19567.0,2025-08-08 17:44:52
URNM,,,,,,,,,-,-,-,-,-,47.17,-0.0021,417968.0,2025-08-08 17:44:52
HFGM,,,,,,,,,-,-,-,-,-,28.58,0.0109,18660.0,2025-08-08 17:44:52
FLGR,,,,,,,,,-,-,-,-,-,33.45,0.0013,4065.0,2025-08-08 17:44:52
SPDW,,,,,,,,,-,-,-,-,-,41.2,0.0049,2941734.0,2025-08-08 17:44:52
BAMU,,,,,,,,,-,-,-,-,-,25.37,0.0004,7359.0,2025-08-08 17:44:52
NMAY,,,,,,,,,-,-,-,-,-,26.82,0.0017000000000000001,18.0,2025-08-08 17:44:52
QETH,,,,,,,,,-,-,-,-,-,40.58,0.050199999999999995,55934.0,2025-08-08 17:44:52
DJAN,,,,,,,,,-,-,-,-,-,41.1,0.0048,60186.0,2025-08-08 17:44:52
URA,,,,,,,,,-,-,-,-,-,39.95,-0.0158,2145564.0,2025-08-08 17:44:52
HFGO,,,,,,,,,-,-,-,-,-,25.96,0.0069,15393.0,2025-08-08 17:44:52
FLGB,,,,,,,,,-,-,-,-,-,31.18,0.0019,47135.0,2025-08-08 17:44:52
MAYZ,,,,,,,,,-,-,-,-,-,32.26,0.0068000000000000005,5.0,2025-08-08 17:44:52
DGRW,,,,,,,,,-,-,-,-,-,86.24,0.0087,550162.0,2025-08-08 17:44:52
PFRL,,,,,,,,,-,-,-,-,-,50.01,0.0013,5764.0,2025-08-08 17:44:52
BATT,,,,,,,,,-,-,-,-,-,10.4,0.0161,35740.0,2025-08-08 17:44:52
TECB,,,,,,,,,-,-,-,-,-,57.48,0.0048,9799.0,2025-08-08 17:44:52
AESR,,,,,,,,,-,-,-,-,-,19.41,0.005699999999999999,9855.0,2025-08-08 17:44:52
HEZU,,,,,,,,,-,-,-,-,-,40.89,0.0064,55228.0,2025-08-08 17:44:52
SPBX,,,,,,,,,-,-,-,-,-,26.34,0.0048,4919.0,2025-08-08 17:44:52
MBB,,,,,,,,,-,-,-,-,-,93.56,-0.0016,2750430.0,2025-08-08 17:44:52
DGS,,,,,,,,,-,-,-,-,-,56.22,-0.0009,61272.0,2025-08-08 17:44:52
PFLD,,,,,,,,,-,-,-,-,-,19.64,0.0015,116676.0,2025-08-08 17:44:52
BAUG,,,,,,,,,-,-,-,-,-,47.48,0.0059,36771.0,2025-08-08 17:44:52
TDIV,,,,,,,,,-,-,-,-,-,91.08,0.0052,95916.0,2025-08-08 17:44:52
AETH,,,,,,,,,-,-,-,-,-,49.97,0.0003,6607.0,2025-08-08 17:44:52
HF,,,,,,,,,-,-,-,-,-,20.72,-0.0002,506.0,2025-08-08 17:44:52
SPC,,,,,,,,,-,-,-,-,-,21.53,0.0,290.0,2025-08-08 17:44:52
MBBB,,,,,,,,,-,-,-,-,-,21.61,-0.0017000000000000001,2715.0,2025-08-08 17:44:52
DGT,,,,,,,,,-,-,-,-,-,153.56,0.0076,4624.0,2025-08-08 17:44:52
PFM,,,,,,,,,-,-,-,-,-,48.79,0.0064,10354.0,2025-08-08 17:44:52
BBAX,,,,,,,,,-,-,-,-,-,55.95,0.0009,197994.0,2025-08-08 17:44:52
SPCX,,,,,,,,,-,-,-,-,-,24.78,0.0002,2914.0,2025-08-08 17:44:52
SGOV,,,,,,,,,-,-,-,-,-,100.48,0.0005,11881367.0,2025-08-08 17:44:52
FDTS,,,,,,,,,-,-,-,-,-,53.22,0.0053,109.0,2025-08-08 17:44:52
HEEM,,,,,,,,,-,-,-,-,-,30.99,-0.0013,6865.0,2025-08-08 17:44:52
MILK,,,,,,,,,-,-,-,-,-,24.71,-0.0034999999999999996,3345.0,2025-08-08 17:44:52
ICOW,,,,,,,,,-,-,-,-,-,35.07,0.0089,82629.0,2025-08-08 17:44:52
SMLF,,,,,,,,,-,-,-,-,-,69.21,-0.0006,47485.0,2025-08-08 17:44:52
ATFV,,,,,,,,,-,-,-,-,-,32.23,0.0167,19848.0,2025-08-08 17:44:52
SPCY,,,,,,,,,-,-,-,-,-,29.19,-0.031200000000000002,4057.0,2025-08-08 17:44:52
SGVT,,,,,,,,,-,-,-,-,-,100.27,0.0003,121993.0,2025-08-08 17:44:52
FDTX,,,,,,,,,-,-,-,-,-,39.53,-0.0028000000000000004,18882.0,2025-08-08 17:44:52
HEFA,,,,,,,,,-,-,-,-,-,38.44,0.008100000000000001,433438.0,2025-08-08 17:44:52
MILN,,,,,,,,,-,-,-,-,-,48.3,-0.0022,7468.0,2025-08-08 17:44:52
ICSH,,,,,,,,,-,-,-,-,-,50.59,0.0003,1030998.0,2025-08-08 17:44:52
SMLL,,,,,,,,,-,-,-,-,-,21.25,0.0007000000000000001,272.0,2025-08-08 17:44:52
ASTX,,,,,,,,,-,-,-,-,-,26.87,-0.0407,342719.0,2025-08-08 17:44:52
SPCZ,,,,,,,,,-,-,-,-,-,28.0,0.0038,3.0,2025-08-08 17:44:52
SH,,,,,,,,,-,-,-,-,-,38.79,-0.0072,3628683.0,2025-08-08 17:44:52
FDV,,,,,,,,,-,-,-,-,-,28.11,0.005,27564.0,2025-08-08 17:44:52
HEGD,,,,,,,,,-,-,-,-,-,23.98,0.0055000000000000005,43288.0,2025-08-08 17:44:52
CPRY,,,,,,,,,-,-,-,-,-,25.17,0.0002,140.0,2025-08-08 17:44:52
ABCS,,,,,,,,,-,-,-,-,-,28.83,0.0053,4303.0,2025-08-08 17:44:52
TBG,,,,,,,,,-,-,-,-,-,32.72,0.0018,47040.0,2025-08-08 17:44:52
RSMV,,,,,,,,,-,-,-,-,-,25.2,0.008100000000000001,10590.0,2025-08-08 17:44:52
IMF,,,,,,,,,-,-,-,-,-,43.51,0.0091,1061.0,2025-08-08 17:44:52
RAYD,,,,,,,,,-,-,-,-,-,36.76,0.005699999999999999,2535.0,2025-08-08 17:44:52
ECOW,,,,,,,,,-,-,-,-,-,23.23,0.0046,12309.0,2025-08-08 17:44:52
TSLP,,,,,,,,,-,-,-,-,-,19.91,0.0148,46438.0,2025-08-08 17:44:52
CPSJ,,,,,,,,,-,-,-,-,-,26.3,0.0013,8908.0,2025-08-08 17:44:52
AALG,,,,,,,,,-,-,-,-,-,11.68,-0.0215,2894.0,2025-08-08 17:44:52
SKYY,,,,,,,,,-,-,-,-,-,120.45,-0.0159,111058.0,2025-08-08 17:44:52
RSP,,,,,,,,,-,-,-,-,-,183.08,0.0018,9185101.0,2025-08-08 17:44:52
IMFL,,,,,,,,,-,-,-,-,-,27.48,0.0075,11613.0,2025-08-08 17:44:52
RAYE,,,,,,,,,-,-,-,-,-,27.06,0.0024,1690.0,2025-08-08 17:44:52
EDGE,,,,,,,,,-,-,-,-,-,41.29,0.0070999999999999995,15.0,2025-08-08 17:44:52
TSLQ,,,,,,,,,-,-,-,-,-,15.73,-0.0461,41384108.0,2025-08-08 17:44:52
CPSL,,,,,,,,,-,-,-,-,-,26.51,-0.0011,7733.0,2025-08-08 17:44:52
AAPB,,,,,,,,,-,-,-,-,-,24.74,0.0827,1335628.0,2025-08-08 17:44:52
SLDR,,,,,,,,,-,-,-,-,-,50.17,-0.0004,272.0,2025-08-08 17:44:52
RSPA,,,,,,,,,-,-,-,-,-,49.77,0.0018,160072.0,2025-08-08 17:44:52
TOLL,,,,,,,,,-,-,-,-,-,33.96,0.005699999999999999,10726.0,2025-08-08 17:44:52
IGOV,,,,,,,,,-,-,-,-,-,42.31,-0.0028000000000000004,180935.0,2025-08-08 17:44:52
IRET,,,,,,,,,-,-,-,-,-,18.48,-0.006,412.0,2025-08-08 17:44:52
AVLV,,,,,,,,,-,-,-,-,-,69.54,0.0067,279957.0,2025-08-08 17:44:52
FTXO,,,,,,,,,-,-,-,-,-,33.16,0.0139,29416.0,2025-08-08 17:44:52
ADME,,,,,,,,,-,-,-,-,-,49.22,0.0060999999999999995,10404.0,2025-08-08 17:44:52
QCON,,,,,,,,,-,-,-,-,-,48.12,-0.0001,2212.0,2025-08-08 17:44:52
DFVE,,,,,,,,,-,-,-,-,-,29.87,0.0018,1090.0,2025-08-08 17:44:52
TOLZ,,,,,,,,,-,-,-,-,-,53.5,-0.004699999999999999,8720.0,2025-08-08 17:44:52
KCE,,,,,,,,,-,-,-,-,-,152.8,0.009000000000000001,7405.0,2025-08-08 17:44:52
IRHOU,,,,,,,,,-,-,-,-,-,,,0.0,2025-08-08 17:44:52
AVMA,,,,,,,,,-,-,-,-,-,62.6,0.0032,668.0,2025-08-08 17:44:52
FTXR,,,,,,,,,-,-,-,-,-,32.67,0.005699999999999999,1000.0,2025-08-08 17:44:52
ADFI,,,,,,,,,-,-,-,-,-,8.56,-0.0034999999999999996,8038.0,2025-08-08 17:44:52
QGRD,,,,,,,,,-,-,-,-,-,25.64,0.0079,2483.0,2025-08-08 17:44:52
DFVX,,,,,,,,,-,-,-,-,-,70.05,0.006,17083.0,2025-08-08 17:44:52
TOUS,,,,,,,,,-,-,-,-,-,32.68,0.0068000000000000005,46502.0,2025-08-08 17:44:52
KCSH,,,,,,,,,-,-,-,-,-,25.12,0.0016,103.0,2025-08-08 17:44:52
IRTR,,,,,,,,,-,-,-,-,-,29.87,0.0003,17218.0,2025-08-08 17:44:52
AVMC,,,,,,,,,-,-,-,-,-,66.8,0.0008,5368.0,2025-08-08 17:44:52
CWI,,,,,,,,,-,-,-,-,-,33.17,0.0042,281643.0,2025-08-08 17:44:52
DFVE,,,,,,,,,-,-,-,-,-,29.87,0.0018,1090.0,2025-08-08 17:44:52
BNDW,,,,,,,,,-,-,-,-,-,69.14,-0.002,112207.0,2025-08-08 17:44:52
FINX,,,,,,,,,-,-,-,-,-,32.74,-0.016200000000000003,61897.0,2025-08-08 17:44:52
ILOW,,,,,,,,,-,-,-,-,-,41.66,0.0022,42129.0,2025-08-08 17:44:52
LIAU,,,,,,,,,-,-,-,-,-,233.12,-0.0039000000000000003,1.0,2025-08-08 17:44:52
EUAD,,,,,,,,,-,-,-,-,-,41.66,-0.009300000000000001,517635.0,2025-08-08 17:44:52
EMNT,,,,,,,,,-,-,-,-,-,98.55,0.0005,2781.0,2025-08-08 17:44:52
CWS,,,,,,,,,-,-,-,-,-,68.8,0.0104,7157.0,2025-08-08 17:44:52
DFVX,,,,,,,,,-,-,-,-,-,70.05,0.006,17083.0,2025-08-08 17:44:52
BNDX,,,,,,,,,-,-,-,-,-,49.36,-0.0016,2448666.0,2025-08-08 17:44:52
FISR,,,,,,,,,-,-,-,-,-,25.75,-0.0018,44995.0,2025-08-08 17:44:52
IHY,,,,,,,,,-,-,-,-,-,21.97,0.0009,15405.0,2025-08-08 17:44:52
LIAV,,,,,,,,,-,-,-,-,-,240.04,0.0,0.0,2025-08-08 17:44:52
ETU,,,,,,,,,-,-,-,-,-,35.65,0.0969,233000.0,2025-08-08 17:44:52
FIRI,,,,,,,,,-,-,-,-,-,19.04,-0.0013,28.0,2025-08-08 17:44:52
BAB,,,,,,,,,-,-,-,-,-,26.64,-0.0022,55395.0,2025-08-08 17:44:52
DFLV,,,,,,,,,-,-,-,-,-,31.33,0.008,1337604.0,2025-08-08 17:44:52
BNDY,,,,,,,,,-,-,-,-,-,25.18,-0.0014000000000000002,4074.0,2025-08-08 17:44:52
FIRS,,,,,,,,,-,-,-,-,-,21.77,0.0002,62.0,2025-08-08 17:44:52
SLVO,,,,,,,,,-,-,-,-,-,85.15,0.006,35345.0,2025-08-08 17:44:52
REW,,,,,,,,,-,-,-,-,-,6.71,-0.0197,51028.0,2025-08-08 17:44:52
FSMD,,,,,,,,,-,-,-,-,-,41.91,0.0036,378124.0,2025-08-08 17:44:52
SEIS,,,,,,,,,-,-,-,-,-,25.94,0.0058,41744.0,2025-08-08 17:44:52
DEFI,,,,,,,,,-,-,-,-,-,131.73,-0.0097,661.0,2025-08-08 17:44:52
ABLD,,,,,,,,,-,-,-,-,-,28.2,-0.0066,11923.0,2025-08-08 17:44:52
IOO,,,,,,,,,-,-,-,-,-,113.58,0.0103,122467.0,2025-08-08 17:44:52
NFLY,,,,,,,,,-,-,-,-,-,17.29,0.0159,99879.0,2025-08-08 17:44:52
SLVP,,,,,,,,,-,-,-,-,-,20.24,0.011000000000000001,153344.0,2025-08-08 17:44:52
REZ,,,,,,,,,-,-,-,-,-,81.78,-0.0076,25350.0,2025-08-08 17:44:52
FSYD,,,,,,,,,-,-,-,-,-,47.76,0.001,5234.0,2025-08-08 17:44:52
SEIV,,,,,,,,,-,-,-,-,-,36.47,0.0139,45277.0,2025-08-08 17:44:52
DEFR,,,,,,,,,-,-,-,-,-,25.79,-0.001,3165.0,2025-08-08 17:44:52
ABLG,,,,,,,,,-,-,-,-,-,29.41,-0.0013,1128.0,2025-08-08 17:44:52
IOPP,,,,,,,,,-,-,-,-,-,26.5,-0.011000000000000001,788.0,2025-08-08 17:44:52
NFRA,,,,,,,,,-,-,-,-,-,61.92,0.0008,52040.0,2025-08-08 17:44:52
SLVR,,,,,,,,,-,-,-,-,-,32.99,-0.0089,121521.0,2025-08-08 17:44:52
REIT,,,,,,,,,-,-,-,-,-,25.82,-0.0074,8354.0,2025-08-08 17:44:52
FSZ,,,,,,,,,-,-,-,-,-,78.74,-0.0009,202.0,2025-08-08 17:44:52
SEIX,,,,,,,,,-,-,-,-,-,23.63,0.0,85994.0,2025-08-08 17:44:52
OCTD,,,,,,,,,-,-,-,-,-,24.12,0.0005,3.0,2025-08-08 17:44:52
AVMU,,,,,,,,,-,-,-,-,-,44.26,-0.0009,2870.0,2025-08-08 17:44:52
CLOD,,,,,,,,,-,-,-,-,-,33.6,-0.0043,553.0,2025-08-08 17:44:52
SPBX,,,,,,,,,-,-,-,-,-,26.34,0.0048,4919.0,2025-08-08 17:44:52
SHYG,,,,,,,,,-,-,-,-,-,42.91,0.0002,1046602.0,2025-08-08 17:44:52
KSPY,,,,,,,,,-,-,-,-,-,27.29,0.004699999999999999,7595.0,2025-08-08 17:44:52
EEM,,,,,,,,,-,-,-,-,-,49.44,-0.0008,16896765.0,2025-08-08 17:44:52
BOTT,,,,,,,,,-,-,-,-,-,32.92,0.0129,2160.0,2025-08-08 17:44:52
OCTH,,,,,,,,,-,-,-,-,-,24.06,0.0005,1177.0,2025-08-08 17:44:52
AVMV,,,,,,,,,-,-,-,-,-,66.31,0.0029,9492.0,2025-08-08 17:44:52
CLOI,,,,,,,,,-,-,-,-,-,52.88,0.0004,103305.0,2025-08-08 17:44:52
SPC,,,,,,,,,-,-,-,-,-,21.53,0.0,290.0,2025-08-08 17:44:52
SHYL,,,,,,,,,-,-,-,-,-,45.03,0.0002,32792.0,2025-08-08 17:44:52
KSTR,,,,,,,,,-,-,-,-,-,14.41,-0.0106,24454.0,2025-08-08 17:44:52
EEMA,,,,,,,,,-,-,-,-,-,84.54,-0.0045000000000000005,32397.0,2025-08-08 17:44:52
BOTZ,,,,,,,,,-,-,-,-,-,33.6,0.0051,518999.0,2025-08-08 17:44:52
OCTJ,,,,,,,,,-,-,-,-,-,24.01,0.0004,1309.0,2025-08-08 17:44:52
AVNM,,,,,,,,,-,-,-,-,-,67.21,0.0037,14035.0,2025-08-08 17:44:52
CLOU,,,,,,,,,-,-,-,-,-,21.79,-0.0281,127788.0,2025-08-08 17:44:52
SPHQ,,,,,,,,,-,-,-,-,-,71.97,0.0087,3095975.0,2025-08-08 17:44:52
SHPP,,,,,,,,,-,-,-,-,-,28.31,0.0025,3.0,2025-08-08 17:44:52
MEDI,,,,,,,,,-,-,-,-,-,26.1,0.0053,3865.0,2025-08-08 17:44:52
FENY,,,,,,,,,-,-,-,-,-,23.47,0.006,5626834.0,2025-08-08 17:44:52
FLBR,,,,,,,,,-,-,-,-,-,17.55,-0.0066,15215.0,2025-08-08 17:44:52
GHMS,,,,,,,,,-,-,-,-,-,26.15,-0.0025,10199.0,2025-08-08 17:44:52
USVN,,,,,,,,,-,-,-,-,-,48.29,-0.0023,991.0,2025-08-08 17:44:52
DIVP,,,,,,,,,-,-,-,-,-,25.29,0.006500000000000001,39372.0,2025-08-08 17:44:52
MIDE,,,,,,,,,-,-,-,-,-,30.8,0.0040999999999999995,1116.0,2025-08-08 17:44:52
SHPU,,,,,,,,,-,-,-,-,-,33.44,-0.0204,11023.0,2025-08-08 17:44:52
MEDX,,,,,,,,,-,-,-,-,-,27.23,-0.0007000000000000001,793.0,2025-08-08 17:44:52
FEOE,,,,,,,,,-,-,-,-,-,43.37,0.0037,32798.0,2025-08-08 17:44:52
FLGV,,,,,,,,,-,-,-,-,-,20.46,-0.0015,58439.0,2025-08-08 17:44:52
GHTA,,,,,,,,,-,-,-,-,-,30.64,0.0013,26217.0,2025-08-08 17:44:52
USXF,,,,,,,,,-,-,-,-,-,55.72,0.0045000000000000005,35055.0,2025-08-08 17:44:52
DIVS,,,,,,,,,-,-,-,-,-,30.66,0.0043,2489.0,2025-08-08 17:44:52
MIDU,,,,,,,,,-,-,-,-,-,45.32,-0.0009,28174.0,2025-08-08 17:44:52
SHRT,,,,,,,,,-,-,-,-,-,7.73,0.006500000000000001,65.0,2025-08-08 17:44:52
MCSE,,,,,,,,,-,-,-,-,-,14.14,0.0052,53.0,2025-08-08 17:44:52
FEP,,,,,,,,,-,-,-,-,-,49.61,0.0043,20716.0,2025-08-08 17:44:52
FLHY,,,,,,,,,-,-,-,-,-,24.23,-0.0002,69436.0,2025-08-08 17:44:52
DGRE,,,,,,,,,-,-,-,-,-,27.87,-0.0007000000000000001,12605.0,2025-08-08 17:44:52
RPHS,,,,,,,,,-,-,-,-,-,10.68,0.0072,9199.0,2025-08-08 17:44:52
CQQQ,,,,,,,,,-,-,-,-,-,47.45,-0.005,160308.0,2025-08-08 17:44:52
BSJP,,,,,,,,,-,-,-,-,-,23.09,0.0004,168574.0,2025-08-08 17:44:52
UCC,,,,,,,,,-,-,-,-,-,47.36,0.0042,2060.0,2025-08-08 17:44:52
MCHI,,,,,,,,,-,-,-,-,-,58.19,-0.0002,1274630.0,2025-08-08 17:44:52
INTW,,,,,,,,,-,-,-,-,-,15.17,0.0134,989679.0,2025-08-08 17:44:52
SMDV,,,,,,,,,-,-,-,-,-,64.66,0.0023,15802.0,2025-08-08 17:44:52
DGRO,,,,,,,,,-,-,-,-,-,65.25,0.006500000000000001,1175180.0,2025-08-08 17:44:52
ROUS,,,,,,,,,-,-,-,-,-,54.29,0.0067,8559.0,2025-08-08 17:44:52
CPRY,,,,,,,,,-,-,-,-,-,25.17,0.0002,140.0,2025-08-08 17:44:52
BSJQ,,,,,,,,,-,-,-,-,-,23.38,0.0004,160907.0,2025-08-08 17:44:52
UCIB,,,,,,,,,-,-,-,-,-,26.35,0.0015,29.0,2025-08-08 17:44:52
MCHS,,,,,,,,,-,-,-,-,-,31.25,0.0,0.0,2025-08-08 17:44:52
INVG,,,,,,,,,-,-,-,-,-,25.54,-0.0027,1371.0,2025-08-08 17:44:52
SMDX,,,,,,,,,-,-,-,-,-,21.37,0.0018,11133.0,2025-08-08 17:44:52
DGRS,,,,,,,,,-,-,-,-,-,47.69,0.0059,13068.0,2025-08-08 17:44:52
RPAR,,,,,,,,,-,-,-,-,-,20.16,0.0017000000000000001,8700.0,2025-08-08 17:44:52
CPXR,,,,,,,,,-,-,-,-,-,17.71,0.026699999999999998,23438.0,2025-08-08 17:44:52
BSJR,,,,,,,,,-,-,-,-,-,22.7,0.0,98661.0,2025-08-08 17:44:52
SHV,,,,,,,,,-,-,-,-,-,110.21,0.0004,3326584.0,2025-08-08 17:44:52
BSMV,,,,,,,,,-,-,-,-,-,20.69,-0.0005,4800.0,2025-08-08 17:44:52
FEIG,,,,,,,,,-,-,-,-,-,41.11,-0.0017000000000000001,1602.0,2025-08-08 17:44:52
MGMT,,,,,,,,,-,-,-,-,-,41.7,0.0171,6568.0,2025-08-08 17:44:52
KVLE,,,,,,,,,-,-,-,-,-,26.63,0.0083,3613.0,2025-08-08 17:44:52
MUST,,,,,,,,,-,-,-,-,-,20.04,-0.001,102685.0,2025-08-08 17:44:52
MBND,,,,,,,,,-,-,-,-,-,26.83,-0.0009,5111.0,2025-08-08 17:44:52
SMST,,,,,,,,,-,-,-,-,-,21.84,0.0326,1549518.0,2025-08-08 17:44:52
SHY,,,,,,,,,-,-,-,-,-,82.62,-0.0002,2621161.0,2025-08-08 17:44:52
BSMW,,,,,,,,,-,-,-,-,-,24.45,-0.0004,30534.0,2025-08-08 17:44:52
FELC,,,,,,,,,-,-,-,-,-,35.46,0.0088,690795.0,2025-08-08 17:44:52
MGOV,,,,,,,,,-,-,-,-,-,20.19,-0.002,3013.0,2025-08-08 17:44:52
KURE,,,,,,,,,-,-,-,-,-,19.31,0.0021,67415.0,2025-08-08 17:44:52
MUU,,,,,,,,,-,-,-,-,-,21.98,0.12369999999999999,726827.0,2025-08-08 17:44:52
NFEB,,,,,,,,,-,-,-,-,-,26.59,0.005600000000000001,5340.0,2025-08-08 17:44:52
SMRI,,,,,,,,,-,-,-,-,-,31.98,0.0077,17171.0,2025-08-08 17:44:52
SHYD,,,,,,,,,-,-,-,-,-,22.63,0.0,41537.0,2025-08-08 17:44:52
BSMY,,,,,,,,,-,-,-,-,-,23.66,-0.0008,2939.0,2025-08-08 17:44:52
FELG,,,,,,,,,-,-,-,-,-,38.86,0.0096,291845.0,2025-08-08 17:44:52
MGNR,,,,,,,,,-,-,-,-,-,34.24,0.0067,11449.0,2025-08-08 17:44:52
UVXY,,,,,,,,,-,-,-,-,-,14.49,-0.0492,19592822.0,2025-08-08 17:44:52
ASMH,,,,,,,,,-,-,-,-,-,49.03,0.0143,504.0,2025-08-08 17:44:52
BSJU,,,,,,,,,-,-,-,-,-,26.0,0.0008,39960.0,2025-08-08 17:44:52
HYSD,,,,,,,,,-,-,-,-,-,20.2,0.0004,2877.0,2025-08-08 17:44:52
KBWY,,,,,,,,,-,-,-,-,-,15.19,-0.015600000000000001,179667.0,2025-08-08 17:44:52
SILJ,,,,,,,,,-,-,-,-,-,16.74,0.0097,9028763.0,2025-08-08 17:44:52
FELV,,,,,,,,,-,-,-,-,-,32.03,0.0066,89983.0,2025-08-08 17:44:52
BBAG,,,,,,,,,-,-,-,-,-,46.03,-0.0021,74632.0,2025-08-08 17:44:52
UWM,,,,,,,,,-,-,-,-,-,38.89,0.0026,181479.0,2025-08-08 17:44:52
ARTY,,,,,,,,,-,-,-,-,-,42.51,0.0002,615602.0,2025-08-08 17:44:52
BSJV,,,,,,,,,-,-,-,-,-,26.52,0.0001,1166.0,2025-08-08 17:44:52
HYTI,,,,,,,,,-,-,-,-,-,19.84,0.0,13169.0,2025-08-08 17:44:52
KBE,,,,,,,,,-,-,-,-,-,56.06,0.0101,1382222.0,2025-08-08 17:44:52
SIO,,,,,,,,,-,-,-,-,-,26.12,-0.0021,2764.0,2025-08-08 17:44:52
FEM,,,,,,,,,-,-,-,-,-,25.84,0.006500000000000001,30664.0,2025-08-08 17:44:52
BBEM,,,,,,,,,-,-,-,-,-,59.75,-0.001,22.0,2025-08-08 17:44:52
UX,,,,,,,,,-,-,-,-,-,25.61,0.004699999999999999,2812.0,2025-08-08 17:44:52
ARVR,,,,,,,,,-,-,-,-,-,46.86,0.0034000000000000002,87.0,2025-08-08 17:44:52
BSJW,,,,,,,,,-,-,-,-,-,25.6,0.0003,4828.0,2025-08-08 17:44:52
HYTR,,,,,,,,,-,-,-,-,-,21.76,0.0007000000000000001,45426.0,2025-08-08 17:44:52
BTR,,,,,,,,,-,-,-,-,-,24.27,0.0034000000000000002,775.0,2025-08-08 17:44:52
REW,,,,,,,,,-,-,-,-,-,6.71,-0.0197,51028.0,2025-08-08 17:44:52
HTFL,,,,,,,,,-,-,-,-,-,28.75,0.5132,7005323.0,2025-08-08 17:44:52
DJAN,,,,,,,,,-,-,-,-,-,41.1,0.0048,60186.0,2025-08-08 17:44:52
MIDU,,,,,,,,,-,-,-,-,-,45.32,-0.0009,28174.0,2025-08-08 17:44:52
OOQB,,,,,,,,,-,-,-,-,-,17.29,-0.0004,1992.0,2025-08-08 17:44:52
EOCT,,,,,,,,,-,-,-,-,-,28.82,-0.0011,1799.0,2025-08-08 17:44:52
JIRE,,,,,,,,,-,-,-,-,-,71.3,0.0042,231602.0,2025-08-08 17:44:52
BTRN,,,,,,,,,-,-,-,-,-,41.1,-0.0049,5866.0,2025-08-08 17:44:52
REZ,,,,,,,,,-,-,-,-,-,81.78,-0.0076,25350.0,2025-08-08 17:44:52
HTAB,,,,,,,,,-,-,-,-,-,18.61,0.0,42719.0,2025-08-08 17:44:52
EQIN,,,,,,,,,-,-,-,-,-,44.72,0.0029,18795.0,2025-08-08 17:44:52
MIG,,,,,,,,,-,-,-,-,-,21.49,-0.0023,1543.0,2025-08-08 17:44:52
OOSB,,,,,,,,,-,-,-,-,-,17.5,-0.0018,268.0,2025-08-08 17:44:52
EPEM,,,,,,,,,-,-,-,-,-,21.63,0.0014000000000000002,204.0,2025-08-08 17:44:52
JIVE,,,,,,,,,-,-,-,-,-,72.12,0.0060999999999999995,22275.0,2025-08-08 17:44:52
BUCK,,,,,,,,,-,-,-,-,-,23.82,-0.0004,50463.0,2025-08-08 17:44:52
RETL,,,,,,,,,-,-,-,-,-,8.52,-0.0184,149356.0,2025-08-08 17:44:52
HTAX,,,,,,,,,-,-,-,-,-,23.43,-0.0021,1735.0,2025-08-08 17:44:52
EQAL,,,,,,,,,-,-,-,-,-,49.76,0.0004,18959.0,2025-08-08 17:44:52
FQAL,,,,,,,,,-,-,-,-,-,71.83,0.0077,23843.0,2025-08-08 17:44:52
SMCF,,,,,,,,,-,-,-,-,-,31.51,0.0104,7.0,2025-08-08 17:44:52
TYA,,,,,,,,,-,-,-,-,-,13.39,-0.0067,122072.0,2025-08-08 17:44:52
RWJ,,,,,,,,,-,-,-,-,-,44.17,0.0027,107344.0,2025-08-08 17:44:52
CORP,,,,,,,,,-,-,-,-,-,97.11,-0.0026,32019.0,2025-08-08 17:44:52
KNO,,,,,,,,,-,-,-,-,-,50.0,0.0078000000000000005,226.0,2025-08-08 17:44:52
GDIV,,,,,,,,,-,-,-,-,-,15.6,0.0053,9348.0,2025-08-08 17:44:52
QDVO,,,,,,,,,-,-,-,-,-,28.66,0.0077,221226.0,2025-08-08 17:44:52
GSUS,,,,,,,,,-,-,-,-,-,88.25,0.009000000000000001,115497.0,2025-08-08 17:44:52
SMBS,,,,,,,,,-,-,-,-,-,25.27,-0.002,400666.0,2025-08-08 17:44:52
TYD,,,,,,,,,-,-,-,-,-,25.2,-0.0086,40201.0,2025-08-08 17:44:52
RWK,,,,,,,,,-,-,-,-,-,118.22,0.0011,9637.0,2025-08-08 17:44:52
COPA,,,,,,,,,-,-,-,-,-,29.0,0.0225,794.0,2025-08-08 17:44:52
KQQQ,,,,,,,,,-,-,-,-,-,28.53,0.011699999999999999,11239.0,2025-08-08 17:44:52
GDMA,,,,,,,,,-,-,-,-,-,35.83,0.0037,1827.0,2025-08-08 17:44:52
QDWN,,,,,,,,,-,-,-,-,-,12.7,0.0,0.0,2025-08-08 17:44:52
GSY,,,,,,,,,-,-,-,-,-,50.24,0.0002,423546.0,2025-08-08 17:44:52
SMAP,,,,,,,,,-,-,-,-,-,24.17,0.0019,3.0,2025-08-08 17:44:52
TXS,,,,,,,,,-,-,-,-,-,34.52,0.0012,609.0,2025-08-08 17:44:52
RWL,,,,,,,,,-,-,-,-,-,104.34,0.0072,113194.0,2025-08-08 17:44:52
RSBA,,,,,,,,,-,-,-,-,-,21.1,-0.0022,546.0,2025-08-08 17:44:52
JPIB,,,,,,,,,-,-,-,-,-,48.64,-0.0008,258958.0,2025-08-08 17:44:52
IQRA,,,,,,,,,-,-,-,-,-,27.69,-0.0031,85.0,2025-08-08 17:44:52
MINV,,,,,,,,,-,-,-,-,-,32.89,-0.0048,1204.0,2025-08-08 17:44:52
MEMS,,,,,,,,,-,-,-,-,-,26.16,0.0004,3626.0,2025-08-08 17:44:52
ODHY,,,,,,,,,-,-,-,-,-,10.02,0.0005,4.0,2025-08-08 17:44:52
TEMP,,,,,,,,,-,-,-,-,-,50.24,0.0043,4904.0,2025-08-08 17:44:52
DFLV,,,,,,,,,-,-,-,-,-,31.33,0.008,1337604.0,2025-08-08 17:44:52
RSBT,,,,,,,,,-,-,-,-,-,16.12,0.0034999999999999996,4203.0,2025-08-08 17:44:52
JPIE,,,,,,,,,-,-,-,-,-,46.22,-0.0001,508222.0,2025-08-08 17:44:52
IQSI,,,,,,,,,-,-,-,-,-,33.3,0.006500000000000001,4242.0,2025-08-08 17:44:52
MLDR,,,,,,,,,-,-,-,-,-,49.26,-0.0022,10.0,2025-08-08 17:44:52
MEMX,,,,,,,,,-,-,-,-,-,33.45,-0.0016,767.0,2025-08-08 17:44:52
MSTU,,,,,,,,,-,-,-,-,-,7.66,-0.0365,43101511.0,2025-08-08 17:44:52
TEMT,,,,,,,,,-,-,-,-,-,19.05,0.0684,5051545.0,2025-08-08 17:44:52
DFND,,,,,,,,,-,-,-,-,-,43.68,0.0078000000000000005,3.0,2025-08-08 17:44:52
RSBY,,,,,,,,,-,-,-,-,-,15.98,-0.008100000000000001,7772.0,2025-08-08 17:44:52
JPIN,,,,,,,,,-,-,-,-,-,65.25,0.0045000000000000005,3686.0,2025-08-08 17:44:52
IQSM,,,,,,,,,-,-,-,-,-,32.48,-0.0032,352.0,2025-08-08 17:44:52
MKOR,,,,,,,,,-,-,-,-,-,27.81,-0.0048,12279.0,2025-08-08 17:44:52
KNO,,,,,,,,,-,-,-,-,-,50.0,0.0078000000000000005,226.0,2025-08-08 17:44:52
AOR,,,,,,,,,-,-,-,-,-,62.16,0.0037,194002.0,2025-08-08 17:44:52
DKI,,,,,,,,,-,-,-,-,-,5.48,0.37,1944996.0,2025-08-08 17:44:52
ASLV,,,,,,,,,-,-,-,-,-,26.32,0.005600000000000001,39.0,2025-08-08 17:44:52
PIT,,,,,,,,,-,-,-,-,-,51.6,0.002,490.0,2025-08-08 17:44:52
MGRO,,,,,,,,,-,-,-,-,-,31.85,0.0008,30.0,2025-08-08 17:44:52
GDOC,,,,,,,,,-,-,-,-,-,30.84,0.0092,14.0,2025-08-08 17:44:52
EEMX,,,,,,,,,-,-,-,-,-,38.62,0.0005,2840.0,2025-08-08 17:44:52
ILCB,,,,,,,,,-,-,-,-,-,88.35,0.0066,8594.0,2025-08-08 17:44:52
AOTG,,,,,,,,,-,-,-,-,-,51.85,-0.0023,5820.0,2025-08-08 17:44:52
DKNX,,,,,,,,,-,-,-,-,-,17.3,-0.1065,72811.0,2025-08-08 17:44:52
ASHR,,,,,,,,,-,-,-,-,-,28.81,-0.0003,1887936.0,2025-08-08 17:44:52
PIZ,,,,,,,,,-,-,-,-,-,46.26,-0.0055000000000000005,15568.0,2025-08-08 17:44:52
MGK,,,,,,,,,-,-,-,-,-,385.22,0.009399999999999999,200853.0,2025-08-08 17:44:52
GDX,,,,,,,,,-,-,-,-,-,58.06,0.0021,18157129.0,2025-08-08 17:44:52
EES,,,,,,,,,-,-,-,-,-,51.84,0.0033,46560.0,2025-08-08 17:44:52
ILCG,,,,,,,,,-,-,-,-,-,100.83,0.0060999999999999995,39086.0,2025-08-08 17:44:52
ANEW,,,,,,,,,-,-,-,-,-,50.04,0.0025,67.0,2025-08-08 17:44:52
DJTU,,,,,,,,,-,-,-,-,-,9.21,-0.016,499758.0,2025-08-08 17:44:52
ASHS,,,,,,,,,-,-,-,-,-,31.73,0.0011,3164.0,2025-08-08 17:44:52
KBWY,,,,,,,,,-,-,-,-,-,15.19,-0.015600000000000001,179667.0,2025-08-08 17:44:52
SHM,,,,,,,,,-,-,-,-,-,48.11,0.0002,114288.0,2025-08-08 17:44:52
GDXD,,,,,,,,,-,-,-,-,-,2.18,-0.0091,15385435.0,2025-08-08 17:44:52
BTAL,,,,,,,,,-,-,-,-,-,16.65,-0.0077,519818.0,2025-08-08 17:44:52
RSPE,,,,,,,,,-,-,-,-,-,27.61,0.0053,6228.0,2025-08-08 17:44:52
BRKW,,,,,,,,,-,-,-,-,-,45.85,0.0078000000000000005,10593.0,2025-08-08 17:44:52
SOCL,,,,,,,,,-,-,-,-,-,56.62,-0.006999999999999999,7675.0,2025-08-08 17:44:52
BOUT,,,,,,,,,-,-,-,-,-,36.79,-0.0054,1977.0,2025-08-08 17:44:52
MART,,,,,,,,,-,-,-,-,-,36.69,0.0064,456.0,2025-08-08 17:44:52
SHPD,,,,,,,,,-,-,-,-,-,20.23,0.01,1026.0,2025-08-08 17:44:52
GDXJ,,,,,,,,,-,-,-,-,-,72.23,-0.0019,4478582.0,2025-08-08 17:44:52
BTCW,,,,,,,,,-,-,-,-,-,123.35,-0.0101,63425.0,2025-08-08 17:44:52
RSPF,,,,,,,,,-,-,-,-,-,75.83,0.0076,3616.0,2025-08-08 17:44:52
BRLN,,,,,,,,,-,-,-,-,-,52.09,0.0038,2671.0,2025-08-08 17:44:52
SOLR,,,,,,,,,-,-,-,-,-,28.81,0.0046,5.0,2025-08-08 17:44:52
BOIL,,,,,,,,,-,-,-,-,-,33.55,-0.048799999999999996,5092474.0,2025-08-08 17:44:52
MARU,,,,,,,,,-,-,-,-,-,26.28,0.0069,108.0,2025-08-08 17:44:52
SHNY,,,,,,,,,-,-,-,-,-,73.91,-0.0031,114569.0,2025-08-08 17:44:52
GDXU,,,,,,,,,-,-,-,-,-,92.88,0.0040999999999999995,651127.0,2025-08-08 17:44:52
BTCZ,,,,,,,,,-,-,-,-,-,2.86,0.0196,807577.0,2025-08-08 17:44:52
FPX,,,,,,,,,-,-,-,-,-,154.0,-0.0006,35377.0,2025-08-08 17:44:52
BTCZ,,,,,,,,,-,-,-,-,-,2.86,0.0196,807577.0,2025-08-08 17:44:52
BJAN,,,,,,,,,-,-,-,-,-,51.38,0.0059,9924.0,2025-08-08 17:44:52
KBAB,,,,,,,,,-,-,-,-,-,17.1,-0.0083,3121.0,2025-08-08 17:44:52
BSCZ,,,,,,,,,-,-,-,-,-,20.52,-0.0032,9632.0,2025-08-08 17:44:52
REMX,,,,,,,,,-,-,-,-,-,54.79,0.0416,890244.0,2025-08-08 17:44:52
EFZ,,,,,,,,,-,-,-,-,-,13.73,-0.0029,8804.0,2025-08-08 17:44:52
BWET,,,,,,,,,-,-,-,-,-,11.8,0.0025,1179.0,2025-08-08 17:44:52
FPXE,,,,,,,,,-,-,-,-,-,31.67,0.0013,301.0,2025-08-08 17:44:52
BTC,,,,,,,,,-,-,-,-,-,51.56,-0.01,1053390.0,2025-08-08 17:44:52
BITB,,,,,,,,,-,-,-,-,-,63.36,-0.0097,1301118.0,2025-08-08 17:44:52
KBE,,,,,,,,,-,-,-,-,-,56.06,0.0101,1382222.0,2025-08-08 17:44:52
BSEP,,,,,,,,,-,-,-,-,-,46.37,0.006999999999999999,3357.0,2025-08-08 17:44:52
PLTD,,,,,,,,,-,-,-,-,-,6.75,-0.0246,13506785.0,2025-08-08 17:44:52
EGLE,,,,,,,,,-,-,-,-,-,28.15,0.0043,1083.0,2025-08-08 17:44:52
BWEB,,,,,,,,,-,-,-,-,-,71.65,-0.0054,1972.0,2025-08-08 17:44:52
FPXI,,,,,,,,,-,-,-,-,-,56.44,0.0084,7074.0,2025-08-08 17:44:52
BTCC,,,,,,,,,-,-,-,-,-,35.45,-0.0034999999999999996,46781.0,2025-08-08 17:44:52
BITC,,,,,,,,,-,-,-,-,-,49.15,0.0001,6202.0,2025-08-08 17:44:52
KCAI,,,,,,,,,-,-,-,-,-,32.58,0.0015,51.0,2025-08-08 17:44:52
FB,,,,,,,,,-,-,-,-,-,40.3,-0.006,9291.0,2025-08-08 17:44:52
CORP,,,,,,,,,-,-,-,-,-,97.11,-0.0026,32019.0,2025-08-08 17:44:52
GGOV,,,,,,,,,-,-,-,-,-,50.26,-0.0012,4.0,2025-08-08 17:44:52
BLES,,,,,,,,,-,-,-,-,-,41.12,0.0024,6665.0,2025-08-08 17:44:52
JABS,,,,,,,,,-,-,-,-,-,50.35,0.0002,608.0,2025-08-08 17:44:52
IDGT,,,,,,,,,-,-,-,-,-,83.56,-0.0075,4506.0,2025-08-08 17:44:52
BSCU,,,,,,,,,-,-,-,-,-,16.82,-0.0018,440729.0,2025-08-08 17:44:52
VEU,,,,,,,,,-,-,-,-,-,68.51,0.0037,1812053.0,2025-08-08 17:44:52
FBCG,,,,,,,,,-,-,-,-,-,51.19,0.0096,403351.0,2025-08-08 17:44:52
COPP,,,,,,,,,-,-,-,-,-,23.02,0.0236,12682.0,2025-08-08 17:44:52
GGLL,,,,,,,,,-,-,-,-,-,44.64,0.0501,2895974.0,2025-08-08 17:44:52
BLCN,,,,,,,,,-,-,-,-,-,23.63,-0.009000000000000001,3448.0,2025-08-08 17:44:52
JANH,,,,,,,,,-,-,-,-,-,24.89,0.0016,17397.0,2025-08-08 17:44:52
IDHQ,,,,,,,,,-,-,-,-,-,32.34,-0.0012,40619.0,2025-08-08 17:44:52
BSCV,,,,,,,,,-,-,-,-,-,16.57,-0.0024,137586.0,2025-08-08 17:44:52
VEGA,,,,,,,,,-,-,-,-,-,46.94,0.0037,1704.0,2025-08-08 17:44:52
FBCV,,,,,,,,,-,-,-,-,-,32.92,0.009300000000000001,8508.0,2025-08-08 17:44:52
COPX,,,,,,,,,-,-,-,-,-,46.24,0.0241,2323472.0,2025-08-08 17:44:52
GGLS,,,,,,,,,-,-,-,-,-,10.85,-0.025,249643.0,2025-08-08 17:44:52
BKWO,,,,,,,,,-,-,-,-,-,37.72,0.0058,901.0,2025-08-08 17:44:52
FLOW,,,,,,,,,-,-,-,-,-,32.03,0.0078000000000000005,2119.0,2025-08-08 17:44:52
PSTR,,,,,,,,,-,-,-,-,-,27.75,0.0031,2326.0,2025-08-08 17:44:52
DFAX,,,,,,,,,-,-,-,-,-,30.18,0.0033,577128.0,2025-08-08 17:44:52
BAMU,,,,,,,,,-,-,-,-,-,25.37,0.0004,7359.0,2025-08-08 17:44:52
CPSA,,,,,,,,,-,-,-,-,-,26.34,0.0019,10105.0,2025-08-08 17:44:52
MEXX,,,,,,,,,-,-,-,-,-,17.96,-0.0060999999999999995,58403.0,2025-08-08 17:44:52
PICB,,,,,,,,,-,-,-,-,-,23.76,-0.0015,19771.0,2025-08-08 17:44:52
EFU,,,,,,,,,-,-,-,-,-,10.59,-0.0123,942.0,2025-08-08 17:44:52
FLQL,,,,,,,,,-,-,-,-,-,65.67,0.01,53271.0,2025-08-08 17:44:52
PTMC,,,,,,,,,-,-,-,-,-,34.17,0.0003,213430.0,2025-08-08 17:44:52
DFCA,,,,,,,,,-,-,-,-,-,49.27,-0.0003,14266.0,2025-08-08 17:44:52
BAMV,,,,,,,,,-,-,-,-,-,31.59,0.0048,5612.0,2025-08-08 17:44:52
CPSD,,,,,,,,,-,-,-,-,-,25.11,0.003,2129.0,2025-08-08 17:44:52
HEAL,,,,,,,,,-,-,-,-,-,10.15,0.015,8895.0,2025-08-08 17:44:52
PICK,,,,,,,,,-,-,-,-,-,39.74,0.0151,373710.0,2025-08-08 17:44:52
EFV,,,,,,,,,-,-,-,-,-,65.74,0.0078000000000000005,2162194.0,2025-08-08 17:44:52
FLQM,,,,,,,,,-,-,-,-,-,54.9,0.0007000000000000001,80107.0,2025-08-08 17:44:52
RSMR,,,,,,,,,-,-,-,-,-,20.98,-0.0015,260.0,2025-08-08 17:44:52
DFCF,,,,,,,,,-,-,-,-,-,42.32,-0.0026,473302.0,2025-08-08 17:44:52
BAMY,,,,,,,,,-,-,-,-,-,27.61,0.0034000000000000002,2578.0,2025-08-08 17:44:52
APOC,,,,,,,,,-,-,-,-,-,25.75,0.0016,2596.0,2025-08-08 17:44:52
JSTC,,,,,,,,,-,-,-,-,-,19.83,0.004699999999999999,866.0,2025-08-08 17:44:52
TBFG,,,,,,,,,-,-,-,-,-,28.41,0.004699999999999999,406630.0,2025-08-08 17:44:52
DCOR,,,,,,,,,-,-,-,-,-,68.66,0.0060999999999999995,61787.0,2025-08-08 17:44:52
BVAL,,,,,,,,,-,-,-,-,-,26.12,0.0074,21053.0,2025-08-08 17:44:52
RMCA,,,,,,,,,-,-,-,-,-,23.47,-0.0004,22.0,2025-08-08 17:44:52
BUFD,,,,,,,,,-,-,-,-,-,27.04,0.0037,713694.0,2025-08-08 17:44:52
BRIF,,,,,,,,,-,-,-,-,-,28.11,0.0029,78.0,2025-08-08 17:44:52
APRH,,,,,,,,,-,-,-,-,-,24.95,0.0012,660.0,2025-08-08 17:44:52
JUNT,,,,,,,,,-,-,-,-,-,34.69,0.0044,1474.0,2025-08-08 17:44:52
TBG,,,,,,,,,-,-,-,-,-,32.72,0.0018,47040.0,2025-08-08 17:44:52
DCRE,,,,,,,,,-,-,-,-,-,51.9,0.0002,11083.0,2025-08-08 17:44:52
BWET,,,,,,,,,-,-,-,-,-,11.8,0.0025,1179.0,2025-08-08 17:44:52
RMIF,,,,,,,,,-,-,-,-,-,24.9,0.0004,600.0,2025-08-08 17:44:52
BUFF,,,,,,,,,-,-,-,-,-,47.85,0.005699999999999999,45040.0,2025-08-08 17:44:52
BRHY,,,,,,,,,-,-,-,-,-,51.59,0.0001,1643.0,2025-08-08 17:44:52
APRJ,,,,,,,,,-,-,-,-,-,24.77,0.0009,4899.0,2025-08-08 17:44:52
JUNW,,,,,,,,,-,-,-,-,-,32.25,0.0028000000000000004,2834.0,2025-08-08 17:44:52
TCPB,,,,,,,,,-,-,-,-,-,50.89,-0.0021,8281.0,2025-08-08 17:44:52
DBJP,,,,,,,,,-,-,-,-,-,82.0,0.023700000000000002,64050.0,2025-08-08 17:44:52
OARK,,,,,,,,,-,-,-,-,-,8.6,0.004699999999999999,332877.0,2025-08-08 17:44:52
BSMP,,,,,,,,,-,-,-,-,-,24.5,-0.0004,73701.0,2025-08-08 17:44:52
IEI,,,,,,,,,-,-,-,-,-,118.72,-0.0017000000000000001,1950249.0,2025-08-08 17:44:52
BFEB,,,,,,,,,-,-,-,-,-,45.69,0.0060999999999999995,5971.0,2025-08-08 17:44:52
PAB,,,,,,,,,-,-,-,-,-,42.35,-0.0018,90373.0,2025-08-08 17:44:52
GTR,,,,,,,,,-,-,-,-,-,24.86,0.0034000000000000002,313.0,2025-08-08 17:44:52
GEVX,,,,,,,,,-,-,-,-,-,35.22,0.005,54953.0,2025-08-08 17:44:52
QMMY,,,,,,,,,-,-,-,-,-,24.01,0.0042,3692.0,2025-08-08 17:44:52
OASC,,,,,,,,,-,-,-,-,-,26.31,0.004,10321.0,2025-08-08 17:44:52
BSMQ,,,,,,,,,-,-,-,-,-,23.53,-0.0004,25879.0,2025-08-08 17:44:52
IEMG,,,,,,,,,-,-,-,-,-,61.41,-0.0013,4297136.0,2025-08-08 17:44:52
BGLD,,,,,,,,,-,-,-,-,-,22.02,0.0,12397.0,2025-08-08 17:44:52
PABD,,,,,,,,,-,-,-,-,-,60.8,0.0055000000000000005,1039.0,2025-08-08 17:44:52
GVI,,,,,,,,,-,-,-,-,-,106.64,-0.0012,66748.0,2025-08-08 17:44:52
MSTU,,,,,,,,,-,-,-,-,-,7.66,-0.0365,43101511.0,2025-08-08 17:44:52
QMNV,,,,,,,,,-,-,-,-,-,21.9,0.005600000000000001,9934.0,2025-08-08 17:44:52
OBIL,,,,,,,,,-,-,-,-,-,50.08,0.0002,30494.0,2025-08-08 17:44:52
BSMR,,,,,,,,,-,-,-,-,-,23.6,-0.0004,23194.0,2025-08-08 17:44:52
IEO,,,,,,,,,-,-,-,-,-,86.99,0.0042,94121.0,2025-08-08 17:44:52
BGRN,,,,,,,,,-,-,-,-,-,47.61,-0.0013,34317.0,2025-08-08 17:44:52
DXD,,,,,,,,,-,-,-,-,-,24.33,-0.0086,327677.0,2025-08-08 17:44:52
KMAY,,,,,,,,,-,-,-,-,-,26.59,0.0026,12713.0,2025-08-08 17:44:52
MYCI,,,,,,,,,-,-,-,-,-,24.9,-0.0016,1668.0,2025-08-08 17:44:52
MGRO,,,,,,,,,-,-,-,-,-,31.85,0.0008,30.0,2025-08-08 17:44:52
NULG,,,,,,,,,-,-,-,-,-,97.32,0.0043,109145.0,2025-08-08 17:44:52
CVY,,,,,,,,,-,-,-,-,-,25.99,0.0055000000000000005,1098.0,2025-08-08 17:44:52
SOXX,,,,,,,,,-,-,-,-,-,242.87,0.0084,5230979.0,2025-08-08 17:44:52
BSR,,,,,,,,,-,-,-,-,-,28.97,0.0023,225.0,2025-08-08 17:44:52
DWUS,,,,,,,,,-,-,-,-,-,51.96,0.0087,493.0,2025-08-08 17:44:52
KLIP,,,,,,,,,-,-,-,-,-,32.29,0.0001,56638.0,2025-08-08 17:44:52
MYCJ,,,,,,,,,-,-,-,-,-,24.85,-0.0016,108.0,2025-08-08 17:44:52
JXX,,,,,,,,,-,-,-,-,-,26.39,-0.0048,13.0,2025-08-08 17:44:52
NULV,,,,,,,,,-,-,-,-,-,42.05,0.0021,172801.0,2025-08-08 17:44:52
CWB,,,,,,,,,-,-,-,-,-,84.49,-0.0022,263962.0,2025-08-08 17:44:52
SOXY,,,,,,,,,-,-,-,-,-,52.44,0.0075,1003.0,2025-08-08 17:44:52
BTOP,,,,,,,,,-,-,-,-,-,38.6,-0.0001,834.0,2025-08-08 17:44:52
DWX,,,,,,,,,-,-,-,-,-,42.42,0.0001,20740.0,2025-08-08 17:44:52
KLMN,,,,,,,,,-,-,-,-,-,26.19,0.0077,5429.0,2025-08-08 17:44:52
MTUL,,,,,,,,,-,-,-,-,-,36.49,0.011899999999999999,401.0,2025-08-08 17:44:52
KAPR,,,,,,,,,-,-,-,-,-,32.87,0.0027,6805.0,2025-08-08 17:44:52
ROBO,,,,,,,,,-,-,-,-,-,63.12,0.0053,50902.0,2025-08-08 17:44:52
ERET,,,,,,,,,-,-,-,-,-,26.48,-0.0032,86.0,2025-08-08 17:44:52
KMID,,,,,,,,,-,-,-,-,-,24.44,0.0004,4751.0,2025-08-08 17:44:52
BUFM,,,,,,,,,-,-,-,-,-,37.25,0.0038,27717.0,2025-08-08 17:44:52
AMDD,,,,,,,,,-,-,-,-,-,13.71,-0.0034999999999999996,1258586.0,2025-08-08 17:44:52
BUZZ,,,,,,,,,-,-,-,-,-,31.88,0.005,42411.0,2025-08-08 17:44:52
ITM,,,,,,,,,-,-,-,-,-,45.53,-0.0007000000000000001,306007.0,2025-08-08 17:44:52
FLV,,,,,,,,,-,-,-,-,-,72.43,0.0076,1938.0,2025-08-08 17:44:52
ROBT,,,,,,,,,-,-,-,-,-,49.96,0.0045000000000000005,44574.0,2025-08-08 17:44:52
EQRR,,,,,,,,,-,-,-,-,-,60.04,0.0011,323.0,2025-08-08 17:44:52
KMLI,,,,,,,,,-,-,-,-,-,23.61,0.0165,3214.0,2025-08-08 17:44:52
BUFP,,,,,,,,,-,-,-,-,-,28.65,0.003,121017.0,2025-08-08 17:44:52
AMDG,,,,,,,,,-,-,-,-,-,23.2,0.0026,288554.0,2025-08-08 17:44:52
BULU,,,,,,,,,-,-,-,-,-,28.14,-0.0378,4646.0,2025-08-08 17:44:52
ITA,,,,,,,,,-,-,-,-,-,196.45,-0.0026,424136.0,2025-08-08 17:44:52
FLXN,,,,,,,,,-,-,-,-,-,25.23,0.0012,787.0,2025-08-08 17:44:52
ENOR,,,,,,,,,-,-,-,-,-,27.42,-0.0013,3673.0,2025-08-08 17:44:52
EQTY,,,,,,,,,-,-,-,-,-,25.64,0.006999999999999999,17035.0,2025-08-08 17:44:52
KMLM,,,,,,,,,-,-,-,-,-,26.4,0.003,15041.0,2025-08-08 17:44:52
BUFQ,,,,,,,,,-,-,-,-,-,34.0,0.0027,126324.0,2025-08-08 17:44:52
HCOW,,,,,,,,,-,-,-,-,-,23.24,0.005,1905.0,2025-08-08 17:44:52
BKWO,,,,,,,,,-,-,-,-,-,37.72,0.0058,901.0,2025-08-08 17:44:52
GXPD,,,,,,,,,-,-,-,-,-,24.8,0.0011,16834.0,2025-08-08 17:44:52
NFLW,,,,,,,,,-,-,-,-,-,46.45,0.0315,13643.0,2025-08-08 17:44:52
RUSC,,,,,,,,,-,-,-,-,-,28.14,0.0033,1730.0,2025-08-08 17:44:52
BEGS,,,,,,,,,-,-,-,-,-,34.55,-0.0034000000000000002,690.0,2025-08-08 17:44:52
DWX,,,,,,,,,-,-,-,-,-,42.42,0.0001,20740.0,2025-08-08 17:44:52
KSEP,,,,,,,,,-,-,-,-,-,25.66,0.0,0.0,2025-08-08 17:44:52
HCRB,,,,,,,,,-,-,-,-,-,35.12,-0.0024,4464.0,2025-08-08 17:44:52
BKUI,,,,,,,,,-,-,-,-,-,49.76,-0.0001,5342.0,2025-08-08 17:44:52
GXPE,,,,,,,,,-,-,-,-,-,24.86,0.0058,9.0,2025-08-08 17:44:52
MBS,,,,,,,,,-,-,-,-,-,8.61,-0.0017000000000000001,14068.0,2025-08-08 17:44:52
RTXG,,,,,,,,,-,-,-,-,-,18.08,-0.006999999999999999,2221.0,2025-08-08 17:44:52
AMZA,,,,,,,,,-,-,-,-,-,42.65,0.0007000000000000001,38598.0,2025-08-08 17:44:52
DVND,,,,,,,,,-,-,-,-,-,33.62,0.0067,10.0,2025-08-08 17:44:52
KSA,,,,,,,,,-,-,-,-,-,37.83,0.0,799885.0,2025-08-08 17:44:52
HDLB,,,,,,,,,-,-,-,-,-,16.04,0.0037,661.0,2025-08-08 17:44:52
BKSE,,,,,,,,,-,-,-,-,-,101.21,0.0029,2861.0,2025-08-08 17:44:52
GXPS,,,,,,,,,-,-,-,-,-,25.42,0.0045000000000000005,11651.0,2025-08-08 17:44:52
MBSD,,,,,,,,,-,-,-,-,-,20.62,-0.0011,1337.0,2025-08-08 17:44:52
AAAA,,,,,,,,,-,-,-,-,-,25.63,0.008,12883.0,2025-08-08 17:44:52
KCCA,,,,,,,,,-,-,-,-,-,15.53,0.0006,673022.0,2025-08-08 17:44:52
OSCV,,,,,,,,,-,-,-,-,-,36.6,0.0017000000000000001,39380.0,2025-08-08 17:44:52
PUTD,,,,,,,,,-,-,-,-,-,20.97,0.0036,349.0,2025-08-08 17:44:52
BSMC,,,,,,,,,-,-,-,-,-,31.56,0.0078000000000000005,8813.0,2025-08-08 17:44:52
RFG,,,,,,,,,-,-,-,-,-,49.56,-0.0011,1333.0,2025-08-08 17:44:52
TAGG,,,,,,,,,-,-,-,-,-,42.68,-0.0032,32149.0,2025-08-08 17:44:52
EPI,,,,,,,,,-,-,-,-,-,44.26,-0.006999999999999999,852441.0,2025-08-08 17:44:52
AAAU,,,,,,,,,-,-,-,-,-,33.56,-0.0006,8283534.0,2025-08-08 17:44:52
MADE,,,,,,,,,-,-,-,-,-,27.86,0.0029,8771.0,2025-08-08 17:44:52
OSEA,,,,,,,,,-,-,-,-,-,29.02,0.0033,266997.0,2025-08-08 17:44:52
PVAL,,,,,,,,,-,-,-,-,-,40.48,0.0067,724182.0,2025-08-08 17:44:52
BSMP,,,,,,,,,-,-,-,-,-,24.5,-0.0004,73701.0,2025-08-08 17:44:52
EZJ,,,,,,,,,-,-,-,-,-,46.75,0.0362,3582.0,2025-08-08 17:44:52
TAGS,,,,,,,,,-,-,-,-,-,23.51,-0.0023,2671.0,2025-08-08 17:44:52
EPIN,,,,,,,,,-,-,-,-,-,20.81,0.0,0.0,2025-08-08 17:44:52
AAUS,,,,,,,,,-,-,-,-,-,51.23,0.0074,158.0,2025-08-08 17:44:52
MAGA,,,,,,,,,-,-,-,-,-,51.28,0.0032,861.0,2025-08-08 17:44:52
PPTY,,,,,,,,,-,-,-,-,-,29.44,-0.0079,1090.0,2025-08-08 17:44:52
PTNQ,,,,,,,,,-,-,-,-,-,74.15,0.0102,46876.0,2025-08-08 17:44:52
AOTG,,,,,,,,,-,-,-,-,-,51.85,-0.0023,5820.0,2025-08-08 17:44:52
IBAT,,,,,,,,,-,-,-,-,-,24.26,0.0011,872.0,2025-08-08 17:44:52
LIAV,,,,,,,,,-,-,-,-,-,240.04,0.0,0.0,2025-08-08 17:44:52
GVUS,,,,,,,,,-,-,-,-,-,50.23,0.004699999999999999,857.0,2025-08-08 17:44:52
CORP,,,,,,,,,-,-,-,-,-,97.11,-0.0026,32019.0,2025-08-08 17:44:52
DEFI,,,,,,,,,-,-,-,-,-,131.73,-0.0097,661.0,2025-08-08 17:44:52
PTMC,,,,,,,,,-,-,-,-,-,34.17,0.0003,213430.0,2025-08-08 17:44:52
CPSA,,,,,,,,,-,-,-,-,-,26.34,0.0019,10105.0,2025-08-08 17:44:52
ANEW,,,,,,,,,-,-,-,-,-,50.04,0.0025,67.0,2025-08-08 17:44:52
IBB,,,,,,,,,-,-,-,-,-,132.04,0.0062,1306760.0,2025-08-08 17:44:52
LIAW,,,,,,,,,-,-,-,-,-,241.79,0.0,0.0,2025-08-08 17:44:52
GVAL,,,,,,,,,-,-,-,-,-,28.55,0.0053,43293.0,2025-08-08 17:44:52
CORX,,,,,,,,,-,-,-,-,-,10.66,-0.0079,5595.0,2025-08-08 17:44:52
DEFR,,,,,,,,,-,-,-,-,-,25.79,-0.001,3165.0,2025-08-08 17:44:52
RSMR,,,,,,,,,-,-,-,-,-,20.98,-0.0015,260.0,2025-08-08 17:44:52
CPSD,,,,,,,,,-,-,-,-,-,25.11,0.003,2129.0,2025-08-08 17:44:52
ANGL,,,,,,,,,-,-,-,-,-,29.1,0.0003,241912.0,2025-08-08 17:44:52
IBBQ,,,,,,,,,-,-,-,-,-,22.37,0.0077,5445.0,2025-08-08 17:44:52
LIAX,,,,,,,,,-,-,-,-,-,249.33,0.0,0.0,2025-08-08 17:44:52
GWX,,,,,,,,,-,-,-,-,-,38.59,0.0018,17877.0,2025-08-08 17:44:52
BILS,,,,,,,,,-,-,-,-,-,99.24,0.0003,448311.0,2025-08-08 17:44:52
BGRO,,,,,,,,,-,-,-,-,-,37.51,0.0066,138.0,2025-08-08 17:44:52
FPRO,,,,,,,,,-,-,-,-,-,22.28,-0.0096,570.0,2025-08-08 17:44:52
MCDS,,,,,,,,,-,-,-,-,-,56.02,-0.004,28.0,2025-08-08 17:44:52
CSHI,,,,,,,,,-,-,-,-,-,49.83,0.0009,180119.0,2025-08-08 17:44:52
PEVC,,,,,,,,,-,-,-,-,-,27.57,0.0129,11.0,2025-08-08 17:44:52
PKW,,,,,,,,,-,-,-,-,-,125.61,0.0070999999999999995,15455.0,2025-08-08 17:44:52
ARKB,,,,,,,,,-,-,-,-,-,38.71,-0.01,1671479.0,2025-08-08 17:44:52
BILT,,,,,,,,,-,-,-,-,-,25.52,-0.0013,6616.0,2025-08-08 17:44:52
BGIG,,,,,,,,,-,-,-,-,-,30.68,0.0022,17036.0,2025-08-08 17:44:52
FPX,,,,,,,,,-,-,-,-,-,154.0,-0.0006,35377.0,2025-08-08 17:44:52
KLXY,,,,,,,,,-,-,-,-,-,24.5,0.0012,171.0,2025-08-08 17:44:52
CSHP,,,,,,,,,-,-,-,-,-,99.64,0.0004,404.0,2025-08-08 17:44:52
QQQY,,,,,,,,,-,-,-,-,-,25.84,0.0034999999999999996,87011.0,2025-08-08 17:44:52
PLBL,,,,,,,,,-,-,-,-,-,10.73,,216475.0,2025-08-08 17:44:52
ARKD,,,,,,,,,-,-,-,-,-,60.35,0.0064,9331.0,2025-08-08 17:44:52
BILZ,,,,,,,,,-,-,-,-,-,100.96,0.0004,121563.0,2025-08-08 17:44:52
BGIN,,,,,,,,,-,-,-,-,-,,,0.0,2025-08-08 17:44:52
FPXE,,,,,,,,,-,-,-,-,-,31.67,0.0013,301.0,2025-08-08 17:44:52
KMAR,,,,,,,,,-,-,-,-,-,26.3,0.0,0.0,2025-08-08 17:44:52
DVLU,,,,,,,,,-,-,-,-,-,29.97,0.0102,3030.0,2025-08-08 17:44:52
SVXY,,,,,,,,,-,-,-,-,-,46.08,0.0177,1111536.0,2025-08-08 17:44:52
FIXD,,,,,,,,,-,-,-,-,-,43.88,-0.0019,322453.0,2025-08-08 17:44:52
SNOU,,,,,,,,,-,-,-,-,-,38.86,-0.1422,61503.0,2025-08-08 17:44:52
GVIP,,,,,,,,,-,-,-,-,-,139.41,0.0034000000000000002,1713.0,2025-08-08 17:44:52
COII,,,,,,,,,-,-,-,-,-,24.22,0.0004,30689.0,2025-08-08 17:44:52
JIRE,,,,,,,,,-,-,-,-,-,71.3,0.0042,231602.0,2025-08-08 17:44:52
SPC,,,,,,,,,-,-,-,-,-,21.53,0.0,290.0,2025-08-08 17:44:52
DVSP,,,,,,,,,-,-,-,-,-,24.66,0.0161,338.0,2025-08-08 17:44:52
SWAN,,,,,,,,,-,-,-,-,-,31.03,0.0019,15327.0,2025-08-08 17:44:52
FIXP,,,,,,,,,-,-,-,-,-,19.72,0.0029,1187.0,2025-08-08 17:44:52
SNOV,,,,,,,,,-,-,-,-,-,23.4,0.0040999999999999995,4201.0,2025-08-08 17:44:52
GVLU,,,,,,,,,-,-,-,-,-,24.12,0.0034999999999999996,2741.0,2025-08-08 17:44:52
CONI,,,,,,,,,-,-,-,-,-,2.68,0.0037,18633990.0,2025-08-08 17:44:52
JIVE,,,,,,,,,-,-,-,-,-,72.12,0.0060999999999999995,22275.0,2025-08-08 17:44:52
SPEM,,,,,,,,,-,-,-,-,-,43.78,-0.0016,948588.0,2025-08-08 17:44:52
DVUT,,,,,,,,,-,-,-,-,-,25.68,0.011899999999999999,1.0,2025-08-08 17:44:52
SWP,,,,,,,,,-,-,-,-,-,26.93,0.0049,3472.0,2025-08-08 17:44:52
FIXT,,,,,,,,,-,-,-,-,-,38.06,-0.0038,7119.0,2025-08-08 17:44:52
SNOY,,,,,,,,,-,-,-,-,-,14.35,-0.0633,219234.0,2025-08-08 17:44:52
BSCP,,,,,,,,,-,-,-,-,-,20.72,0.0005,681051.0,2025-08-08 17:44:52
BGRN,,,,,,,,,-,-,-,-,-,47.61,-0.0013,34317.0,2025-08-08 17:44:52
BJUL,,,,,,,,,-,-,-,-,-,48.13,0.005600000000000001,8261.0,2025-08-08 17:44:52
AZNH,,,,,,,,,-,-,-,-,-,44.26,-0.0059,3050.0,2025-08-08 17:44:52
SSG,,,,,,,,,-,-,-,-,-,10.57,-0.0158,100438.0,2025-08-08 17:44:52
DWAW,,,,,,,,,-,-,-,-,-,42.18,0.0067,569.0,2025-08-08 17:44:52
OMAH,,,,,,,,,-,-,-,-,-,19.23,0.0105,519644.0,2025-08-08 17:44:52
PRN,,,,,,,,,-,-,-,-,-,164.1,0.0008,5634.0,2025-08-08 17:44:52
BSCQ,,,,,,,,,-,-,-,-,-,19.56,0.0008,518698.0,2025-08-08 17:44:52
BGRO,,,,,,,,,-,-,-,-,-,37.51,0.0066,138.0,2025-08-08 17:44:52
BJUN,,,,,,,,,-,-,-,-,-,44.73,0.0073,3028.0,2025-08-08 17:44:52
AWAY,,,,,,,,,-,-,-,-,-,21.3,0.0029,9219.0,2025-08-08 17:44:52
SRVR,,,,,,,,,-,-,-,-,-,31.41,-0.008100000000000001,35672.0,2025-08-08 17:44:52
DWCR,,,,,,,,,-,-,-,-,-,32.6,0.0,0.0,2025-08-08 17:44:52
PMAY,,,,,,,,,-,-,-,-,-,38.26,0.0028000000000000004,43869.0,2025-08-08 17:44:52
PRNT,,,,,,,,,-,-,-,-,-,21.69,-0.0064,18930.0,2025-08-08 17:44:52
BSCR,,,,,,,,,-,-,-,-,-,19.7,0.0003,842050.0,2025-08-08 17:44:52
BGIG,,,,,,,,,-,-,-,-,-,30.68,0.0022,17036.0,2025-08-08 17:44:52
BKDV,,,,,,,,,-,-,-,-,-,26.67,0.006,46862.0,2025-08-08 17:44:52
AWEG,,,,,,,,,-,-,-,-,-,23.58,0.0,0.0,2025-08-08 17:44:52
EXUS,,,,,,,,,-,-,-,-,-,25.26,0.0,0.0,2025-08-08 17:44:52
GSST,,,,,,,,,-,-,-,-,-,50.47,-0.0002,116903.0,2025-08-08 17:44:52
SHYG,,,,,,,,,-,-,-,-,-,42.91,0.0002,1046602.0,2025-08-08 17:44:52
DBAW,,,,,,,,,-,-,-,-,-,37.88,0.005,9578.0,2025-08-08 17:44:52
NODE,,,,,,,,,-,-,-,-,-,31.52,0.0045000000000000005,7851.0,2025-08-08 17:44:52
CVRD,,,,,,,,,-,-,-,-,-,18.57,0.002,14.0,2025-08-08 17:44:52
SEIM,,,,,,,,,-,-,-,-,-,43.61,0.0078000000000000005,37376.0,2025-08-08 17:44:52
COII,,,,,,,,,-,-,-,-,-,24.22,0.0004,30689.0,2025-08-08 17:44:52
EXI,,,,,,,,,-,-,-,-,-,168.47,0.0021,31916.0,2025-08-08 17:44:52
GTEK,,,,,,,,,-,-,-,-,-,35.46,-0.0018,2017.0,2025-08-08 17:44:52
SHYL,,,,,,,,,-,-,-,-,-,45.03,0.0002,32792.0,2025-08-08 17:44:52
DBB,,,,,,,,,-,-,-,-,-,19.59,0.0015,131614.0,2025-08-08 17:44:52
MGK,,,,,,,,,-,-,-,-,-,385.22,0.009399999999999999,200853.0,2025-08-08 17:44:52
CVRT,,,,,,,,,-,-,-,-,-,33.19,-0.0005,175.0,2025-08-08 17:44:52
SEIQ,,,,,,,,,-,-,-,-,-,37.47,0.0097,22252.0,2025-08-08 17:44:52
COIW,,,,,,,,,-,-,-,-,-,42.4,-0.0029,153537.0,2025-08-08 17:44:52
EVUS,,,,,,,,,-,-,-,-,-,30.16,0.0,0.0,2025-08-08 17:44:52
GSJY,,,,,,,,,-,-,-,-,-,43.79,0.0152,3779.0,2025-08-08 17:44:52
SHYM,,,,,,,,,-,-,-,-,-,22.01,-0.0009,376326.0,2025-08-08 17:44:52
DBC,,,,,,,,,-,-,-,-,-,21.84,0.0,536650.0,2025-08-08 17:44:52
LQAI,,,,,,,,,-,-,-,-,-,37.97,0.0086,222.0,2025-08-08 17:44:52
SCUS,,,,,,,,,-,-,-,-,-,25.15,0.0002,123499.0,2025-08-08 17:44:52
DEED,,,,,,,,,-,-,-,-,-,21.14,-0.0014000000000000002,6956.0,2025-08-08 17:44:52
BKCG,,,,,,,,,-,-,-,-,-,34.49,0.005699999999999999,1276.0,2025-08-08 17:44:52
UGA,,,,,,,,,-,-,-,-,-,61.86,0.0038,9250.0,2025-08-08 17:44:52
AVBC,,,,,,,,,-,-,-,-,-,14.58,0.0189,341167.0,2025-08-08 17:44:52
PJFM,,,,,,,,,-,-,-,-,-,59.09,-0.004,139.0,2025-08-08 17:44:52
BUFZ,,,,,,,,,-,-,-,-,-,25.38,0.0048,54890.0,2025-08-08 17:44:52
LQD,,,,,,,,,-,-,-,-,-,109.41,-0.0032,16946050.0,2025-08-08 17:44:52
SCLZ,,,,,,,,,-,-,-,-,-,53.19,0.0034000000000000002,1869.0,2025-08-08 17:44:52
DEEF,,,,,,,,,-,-,-,-,-,34.38,0.003,319.0,2025-08-08 17:44:52
BKCH,,,,,,,,,-,-,-,-,-,55.96,-0.015,51630.0,2025-08-08 17:44:52
UGE,,,,,,,,,-,-,-,-,-,19.04,0.0005,146533.0,2025-08-08 17:44:52
AVBH,,,,,,,,,-,-,-,-,-,23.25,0.0449,764257.0,2025-08-08 17:44:52
PJFV,,,,,,,,,-,-,-,-,-,75.57,0.0044,3.0,2025-08-08 17:44:52
BUG,,,,,,,,,-,-,-,-,-,32.26,-0.0159,375145.0,2025-08-08 17:44:52
LQDB,,,,,,,,,-,-,-,-,-,86.61,-0.0027,287.0,2025-08-08 17:44:52
SCMB,,,,,,,,,-,-,-,-,-,25.05,-0.0004,401820.0,2025-08-08 17:44:52
DEEP,,,,,,,,,-,-,-,-,-,33.49,0.0003,4093.0,2025-08-08 17:44:52
BKCI,,,,,,,,,-,-,-,-,-,50.4,0.0004,9145.0,2025-08-08 17:44:52
DUKZ,,,,,,,,,-,-,-,-,-,25.02,-0.0004,2497.0,2025-08-08 17:44:52
FPEI,,,,,,,,,-,-,-,-,-,19.15,0.0021,184073.0,2025-08-08 17:44:52
SMB,,,,,,,,,-,-,-,-,-,17.32,0.0012,33226.0,2025-08-08 17:44:52
BUFS,,,,,,,,,-,-,-,-,-,21.29,0.0014000000000000002,92075.0,2025-08-08 17:44:52
BIZD,,,,,,,,,-,-,-,-,-,15.96,0.0069,1819352.0,2025-08-08 17:44:52
SPFF,,,,,,,,,-,-,-,-,-,9.18,0.0044,48526.0,2025-08-08 17:44:52
BELT,,,,,,,,,-,-,-,-,-,32.65,0.0028000000000000004,105.0,2025-08-08 17:44:52
QUS,,,,,,,,,-,-,-,-,-,163.69,0.0063,13049.0,2025-08-08 17:44:52
DULL,,,,,,,,,-,-,-,-,-,3.7,0.0,88164.0,2025-08-08 17:44:52
FPRO,,,,,,,,,-,-,-,-,-,22.28,-0.0096,570.0,2025-08-08 17:44:52
SMCL,,,,,,,,,-,-,-,-,-,13.45,-0.09,1775019.0,2025-08-08 17:44:52
BUFT,,,,,,,,,-,-,-,-,-,23.84,0.0008,12765.0,2025-08-08 17:44:52
BJAN,,,,,,,,,-,-,-,-,-,51.38,0.0059,9924.0,2025-08-08 17:44:52
SPBC,,,,,,,,,-,-,-,-,-,42.95,0.008199999999999999,9925.0,2025-08-08 17:44:52
BEMB,,,,,,,,,-,-,-,-,-,53.26,0.0007000000000000001,338.0,2025-08-08 17:44:52
QUSA,,,,,,,,,-,-,-,-,-,20.01,0.0,39680.0,2025-08-08 17:44:52
DVSP,,,,,,,,,-,-,-,-,-,24.66,0.0161,338.0,2025-08-08 17:44:52
FPX,,,,,,,,,-,-,-,-,-,154.0,-0.0006,35377.0,2025-08-08 17:44:52
SMCO,,,,,,,,,-,-,-,-,-,25.86,0.0009,55032.0,2025-08-08 17:44:52
BUFX,,,,,,,,,-,-,-,-,-,20.49,0.0025,9050.0,2025-08-08 17:44:52
CVRD,,,,,,,,,-,-,-,-,-,18.57,0.002,14.0,2025-08-08 17:44:52
JUCY,,,,,,,,,-,-,-,-,-,22.27,0.0,87966.0,2025-08-08 17:44:52
UJAN,,,,,,,,,-,-,-,-,-,41.18,0.0045000000000000005,2840.0,2025-08-08 17:44:52
CPLB,,,,,,,,,-,-,-,-,-,21.13,-0.0019,1524.0,2025-08-08 17:44:52
GBXA,,,,,,,,,-,-,-,-,-,25.72,0.0,0.0,2025-08-08 17:44:52
ENFR,,,,,,,,,-,-,-,-,-,31.8,-0.0044,28472.0,2025-08-08 17:44:52
SRS,,,,,,,,,-,-,-,-,-,48.51,0.0183,14160.0,2025-08-08 17:44:52
QCML,,,,,,,,,-,-,-,-,-,16.72,0.023,36686.0,2025-08-08 17:44:52
CVRT,,,,,,,,,-,-,-,-,-,33.19,-0.0005,175.0,2025-08-08 17:44:52
JULH,,,,,,,,,-,-,-,-,-,25.11,0.0033,1959.0,2025-08-08 17:44:52
UJB,,,,,,,,,-,-,-,-,-,76.88,-0.0012,594.0,2025-08-08 17:44:52
CPLS,,,,,,,,,-,-,-,-,-,35.41,-0.0017000000000000001,5577.0,2025-08-08 17:44:52
GBXB,,,,,,,,,-,-,-,-,-,25.23,0.0,0.0,2025-08-08 17:44:52
EMSF,,,,,,,,,-,-,-,-,-,27.1,0.0001,88.0,2025-08-08 17:44:52
SRLN,,,,,,,,,-,-,-,-,-,41.43,0.0,1267779.0,2025-08-08 17:44:52
QCMU,,,,,,,,,-,-,-,-,-,21.86,0.0255,3511.0,2025-08-08 17:44:52
CVSB,,,,,,,,,-,-,-,-,-,50.72,0.0002,9770.0,2025-08-08 17:44:52
JULJ,,,,,,,,,-,-,-,-,-,25.02,0.0016,4205.0,2025-08-08 17:44:52
UJUL,,,,,,,,,-,-,-,-,-,37.31,0.0039000000000000003,10846.0,2025-08-08 17:44:52
CPRJ,,,,,,,,,-,-,-,-,-,25.92,0.0008,2422.0,2025-08-08 17:44:52
QRMI,,,,,,,,,-,-,-,-,-,15.96,0.0021,2010.0,2025-08-08 17:44:52
DUSB,,,,,,,,,-,-,-,-,-,50.8,0.0006,134521.0,2025-08-08 17:44:52
MYCN,,,,,,,,,-,-,-,-,-,24.53,-0.0032,39.0,2025-08-08 17:44:52
MAMB,,,,,,,,,-,-,-,-,-,23.21,-0.0021,23947.0,2025-08-08 17:44:52
MLPX,,,,,,,,,-,-,-,-,-,60.22,-0.0023,641295.0,2025-08-08 17:44:52
SCJ,,,,,,,,,-,-,-,-,-,89.45,0.0028000000000000004,7320.0,2025-08-08 17:44:52
GEVX,,,,,,,,,-,-,-,-,-,35.22,0.005,54953.0,2025-08-08 17:44:52
APPX,,,,,,,,,-,-,-,-,-,62.84,0.1009,876223.0,2025-08-08 17:44:52
QSIG,,,,,,,,,-,-,-,-,-,48.83,-0.0008,396.0,2025-08-08 17:44:52
DUSL,,,,,,,,,-,-,-,-,-,71.4,0.002,7036.0,2025-08-08 17:44:52
LLDR,,,,,,,,,-,-,-,-,-,45.34,-0.0043,21.0,2025-08-08 17:44:52
MAKX,,,,,,,,,-,-,-,-,-,48.08,0.018500000000000003,675.0,2025-08-08 17:44:52
MLN,,,,,,,,,-,-,-,-,-,16.8,0.0,127233.0,2025-08-08 17:44:52
SCCR,,,,,,,,,-,-,-,-,-,25.59,-0.0016,90328.0,2025-08-08 17:44:52
GENM,,,,,,,,,-,-,-,-,-,10.22,0.0005,6202.0,2025-08-08 17:44:52
AOA,,,,,,,,,-,-,-,-,-,84.53,0.0051,54320.0,2025-08-08 17:44:52
QSIX,,,,,,,,,-,-,-,-,-,35.77,0.009399999999999999,830.0,2025-08-08 17:44:52
DUST,,,,,,,,,-,-,-,-,-,19.47,-0.0026,2238623.0,2025-08-08 17:44:52
LJAN,,,,,,,,,-,-,-,-,-,24.66,0.0015,1971.0,2025-08-08 17:44:52
ENOR,,,,,,,,,-,-,-,-,-,27.42,-0.0013,3673.0,2025-08-08 17:44:52
HAUZ,,,,,,,,,-,-,-,-,-,23.29,0.004699999999999999,47497.0,2025-08-08 17:44:52
BGRN,,,,,,,,,-,-,-,-,-,47.61,-0.0013,34317.0,2025-08-08 17:44:52
DBAW,,,,,,,,,-,-,-,-,-,37.88,0.005,9578.0,2025-08-08 17:44:52
SDEM,,,,,,,,,-,-,-,-,-,28.11,0.0086,5140.0,2025-08-08 17:44:52
DVXK,,,,,,,,,-,-,-,-,-,26.25,0.0202,13.0,2025-08-08 17:44:52
SPEU,,,,,,,,,-,-,-,-,-,48.56,0.0027,45768.0,2025-08-08 17:44:52
TAGS,,,,,,,,,-,-,-,-,-,23.51,-0.0023,2671.0,2025-08-08 17:44:52
GSY,,,,,,,,,-,-,-,-,-,50.24,0.0002,423546.0,2025-08-08 17:44:52
HAWX,,,,,,,,,-,-,-,-,-,35.98,0.005,16024.0,2025-08-08 17:44:52
BGRO,,,,,,,,,-,-,-,-,-,37.51,0.0066,138.0,2025-08-08 17:44:52
DBB,,,,,,,,,-,-,-,-,-,19.59,0.0015,131614.0,2025-08-08 17:44:52
SDFI,,,,,,,,,-,-,-,-,-,35.73,-0.0004,532.0,2025-08-08 17:44:52
DVXP,,,,,,,,,-,-,-,-,-,25.45,0.0475,2.0,2025-08-08 17:44:52
SPFF,,,,,,,,,-,-,-,-,-,9.18,0.0044,48526.0,2025-08-08 17:44:52
TAIL,,,,,,,,,-,-,-,-,-,11.86,-0.0038,61636.0,2025-08-08 17:44:52
GSSC,,,,,,,,,-,-,-,-,-,69.35,0.004699999999999999,14222.0,2025-08-08 17:44:52
FRDD,,,,,,,,,-,-,-,-,-,24.72,-0.0040999999999999995,26.0,2025-08-08 17:44:52
BGIG,,,,,,,,,-,-,-,-,-,30.68,0.0022,17036.0,2025-08-08 17:44:52
DBC,,,,,,,,,-,-,-,-,-,21.84,0.0,536650.0,2025-08-08 17:44:52
SDG,,,,,,,,,-,-,-,-,-,80.03,0.005,9136.0,2025-08-08 17:44:52
QQQM,,,,,,,,,-,-,-,-,-,236.52,0.009300000000000001,2028935.0,2025-08-08 17:44:52
DOL,,,,,,,,,-,-,-,-,-,60.88,0.0066,11014.0,2025-08-08 17:44:52
WLDR,,,,,,,,,-,-,-,-,-,34.42,0.0078000000000000005,2294.0,2025-08-08 17:44:52
FPRO,,,,,,,,,-,-,-,-,-,22.28,-0.0096,570.0,2025-08-08 17:44:52
THD,,,,,,,,,-,-,-,-,-,58.09,-0.0048,20823.0,2025-08-08 17:44:52
BFAP,,,,,,,,,-,-,-,-,-,24.1,-0.0017000000000000001,1238.0,2025-08-08 17:44:52
RSPC,,,,,,,,,-,-,-,-,-,36.67,-0.023799999999999998,19079.0,2025-08-08 17:44:52
DECT,,,,,,,,,-,-,-,-,-,34.12,0.0069,6610.0,2025-08-08 17:44:52
QQQP,,,,,,,,,-,-,-,-,-,157.57,0.0195,1275.0,2025-08-08 17:44:52
DOG,,,,,,,,,-,-,-,-,-,25.59,-0.004699999999999999,1075673.0,2025-08-08 17:44:52
WLTG,,,,,,,,,-,-,-,-,-,32.92,0.0068000000000000005,6767.0,2025-08-08 17:44:52
FPX,,,,,,,,,-,-,-,-,-,154.0,-0.0006,35377.0,2025-08-08 17:44:52
THEQ,,,,,,,,,-,-,-,-,-,26.89,0.0069,142.0,2025-08-08 17:44:52
BFRZ,,,,,,,,,-,-,-,-,-,25.8,0.0037,2874.0,2025-08-08 17:44:52
RSPD,,,,,,,,,-,-,-,-,-,55.48,-0.0011,4402.0,2025-08-08 17:44:52
DECU,,,,,,,,,-,-,-,-,-,25.93,0.0066,48109.0,2025-08-08 17:44:52
QQQS,,,,,,,,,-,-,-,-,-,27.99,0.005,2627.0,2025-08-08 17:44:52
DOGG,,,,,,,,,-,-,-,-,-,19.89,0.0032,6384.0,2025-08-08 17:44:52
UPAR,,,,,,,,,-,-,-,-,-,14.2,0.003,743.0,2025-08-08 17:44:52
FPXE,,,,,,,,,-,-,-,-,-,31.67,0.0013,301.0,2025-08-08 17:44:52
BITU,,,,,,,,,-,-,-,-,-,57.96,-0.0204,1928002.0,2025-08-08 17:44:52
PFLD,,,,,,,,,-,-,-,-,-,19.64,0.0015,116676.0,2025-08-08 17:44:52
MYCI,,,,,,,,,-,-,-,-,-,24.9,-0.0016,1668.0,2025-08-08 17:44:52
SCHV,,,,,,,,,-,-,-,-,-,27.99,0.0054,1596868.0,2025-08-08 17:44:52
FARX,,,,,,,,,-,-,-,-,-,25.59,0.0019,404.0,2025-08-08 17:44:52
FTSD,,,,,,,,,-,-,-,-,-,90.68,0.0006,74818.0,2025-08-08 17:44:52
IWFG,,,,,,,,,-,-,-,-,-,52.39,0.0034000000000000002,2.0,2025-08-08 17:44:52
DCRE,,,,,,,,,-,-,-,-,-,51.9,0.0002,11083.0,2025-08-08 17:44:52
BITX,,,,,,,,,-,-,-,-,-,60.88,-0.0207,5174174.0,2025-08-08 17:44:52
PFM,,,,,,,,,-,-,-,-,-,48.79,0.0064,10354.0,2025-08-08 17:44:52
MYCJ,,,,,,,,,-,-,-,-,-,24.85,-0.0016,108.0,2025-08-08 17:44:52
SCHX,,,,,,,,,-,-,-,-,-,25.21,0.0064,9276235.0,2025-08-08 17:44:52
FAS,,,,,,,,,-,-,-,-,-,160.9,0.0256,482261.0,2025-08-08 17:44:52
FTSL,,,,,,,,,-,-,-,-,-,46.04,0.0015,446599.0,2025-08-08 17:44:52
IWFL,,,,,,,,,-,-,-,-,-,52.05,0.0187,1.0,2025-08-08 17:44:52
PEVC,,,,,,,,,-,-,-,-,-,27.57,0.0129,11.0,2025-08-08 17:44:52
BITY,,,,,,,,,-,-,-,-,-,58.85,-0.0044,8655.0,2025-08-08 17:44:52
NUSA,,,,,,,,,-,-,-,-,-,23.32,-0.0012,3236.0,2025-08-08 17:44:52
OPER,,,,,,,,,-,-,-,-,-,100.26,0.0003,2794.0,2025-08-08 17:44:52
SCHY,,,,,,,,,-,-,-,-,-,27.71,0.0018,353246.0,2025-08-08 17:44:52
TMFX,,,,,,,,,-,-,-,-,-,20.63,-0.0073,3504.0,2025-08-08 17:44:52
DSTL,,,,,,,,,-,-,-,-,-,55.15,0.0046,54724.0,2025-08-08 17:44:52
RDIV,,,,,,,,,-,-,-,-,-,48.57,0.006999999999999999,20989.0,2025-08-08 17:44:52
GLCR,,,,,,,,,-,-,-,-,-,25.68,0.0042,15.0,2025-08-08 17:44:52
DDLS,,,,,,,,,-,-,-,-,-,41.33,0.0076,31753.0,2025-08-08 17:44:52
WEAT,,,,,,,,,-,-,-,-,-,4.3,-0.0069,1676573.0,2025-08-08 17:44:52
BIZD,,,,,,,,,-,-,-,-,-,15.96,0.0069,1819352.0,2025-08-08 17:44:52
FPX,,,,,,,,,-,-,-,-,-,154.0,-0.0006,35377.0,2025-08-08 17:44:52
TMH,,,,,,,,,-,-,-,-,-,51.69,0.0424,487.0,2025-08-08 17:44:52
DSTX,,,,,,,,,-,-,-,-,-,28.69,0.0066,1334.0,2025-08-08 17:44:52
RDVY,,,,,,,,,-,-,-,-,-,64.01,0.0091,966325.0,2025-08-08 17:44:52
GLD,,,,,,,,,-,-,-,-,-,313.05,-0.0002,19854321.0,2025-08-08 17:44:52
DDM,,,,,,,,,-,-,-,-,-,97.89,0.0095,178117.0,2025-08-08 17:44:52
WEBL,,,,,,,,,-,-,-,-,-,29.9,-0.009300000000000001,108030.0,2025-08-08 17:44:52
BJAN,,,,,,,,,-,-,-,-,-,51.38,0.0059,9924.0,2025-08-08 17:44:52
FPXE,,,,,,,,,-,-,-,-,-,31.67,0.0013,301.0,2025-08-08 17:44:52
SPAM,,,,,,,,,-,-,-,-,-,31.04,-0.0115,764.0,2025-08-08 17:44:52
DSPY,,,,,,,,,-,-,-,-,-,54.45,0.0072,166.0,2025-08-08 17:44:52
REAI,,,,,,,,,-,-,-,-,-,18.7,-0.0078000000000000005,178.0,2025-08-08 17:44:52
GLDI,,,,,,,,,-,-,-,-,-,161.57,0.0014000000000000002,7542.0,2025-08-08 17:44:52
CBSE,,,,,,,,,-,-,-,-,-,38.36,0.005699999999999999,2212.0,2025-08-08 17:44:52
BITU,,,,,,,,,-,-,-,-,-,57.96,-0.0204,1928002.0,2025-08-08 17:44:52
UPSX,,,,,,,,,-,-,-,-,-,31.36,-0.027000000000000003,233178.0,2025-08-08 17:44:52
FPFD,,,,,,,,,-,-,-,-,-,21.72,0.0014000000000000002,23527.0,2025-08-08 17:44:52
EPMV,,,,,,,,,-,-,-,-,-,21.65,0.0,0.0,2025-08-08 17:44:52
DTD,,,,,,,,,-,-,-,-,-,81.3,0.008199999999999999,16810.0,2025-08-08 17:44:52
SHAG,,,,,,,,,-,-,-,-,-,47.84,-0.0012,1387.0,2025-08-08 17:44:52
DIPS,,,,,,,,,-,-,-,-,-,6.43,-0.0092,39841.0,2025-08-08 17:44:52
BAB,,,,,,,,,-,-,-,-,-,26.64,-0.0022,55395.0,2025-08-08 17:44:52
BITX,,,,,,,,,-,-,-,-,-,60.88,-0.0207,5174174.0,2025-08-08 17:44:52
UPV,,,,,,,,,-,-,-,-,-,79.0,0.0068000000000000005,284.0,2025-08-08 17:44:52
FOXY,,,,,,,,,-,-,-,-,-,26.42,-0.0032,5451.0,2025-08-08 17:44:52
EPOL,,,,,,,,,-,-,-,-,-,33.97,0.0131,291869.0,2025-08-08 17:44:52
DTH,,,,,,,,,-,-,-,-,-,48.15,0.0042,19841.0,2025-08-08 17:44:52
SHDG,,,,,,,,,-,-,-,-,-,30.58,0.0105,28.0,2025-08-08 17:44:52
DISO,,,,,,,,,-,-,-,-,-,13.06,-0.005699999999999999,10339.0,2025-08-08 17:44:52
CBTA,,,,,,,,,-,-,-,-,-,32.27,-0.0021,718.0,2025-08-08 17:44:52
BITY,,,,,,,,,-,-,-,-,-,58.85,-0.0044,8655.0,2025-08-08 17:44:52
UPW,,,,,,,,,-,-,-,-,-,89.22,-0.0073,7237.0,2025-08-08 17:44:52
FPA,,,,,,,,,-,-,-,-,-,36.4,-0.005,8913.0,2025-08-08 17:44:52
BKIV,,,,,,,,,-,-,-,-,-,38.05,0.0006,10.0,2025-08-08 17:44:52
FCTR,,,,,,,,,-,-,-,-,-,33.64,-0.0152,2779.0,2025-08-08 17:44:52
SPMO,,,,,,,,,-,-,-,-,-,117.19,0.006999999999999999,1416334.0,2025-08-08 17:44:52
SCLZ,,,,,,,,,-,-,-,-,-,53.19,0.0034000000000000002,1869.0,2025-08-08 17:44:52
SMN,,,,,,,,,-,-,-,-,-,14.11,-0.0139,4598.0,2025-08-08 17:44:52
UGA,,,,,,,,,-,-,-,-,-,61.86,0.0038,9250.0,2025-08-08 17:44:52
RAA,,,,,,,,,-,-,-,-,-,26.23,0.0043,29320.0,2025-08-08 17:44:52
TMET,,,,,,,,,-,-,-,-,-,24.3,0.0029,35.0,2025-08-08 17:44:52
BKEM,,,,,,,,,-,-,-,-,-,68.39,-0.0013,1421.0,2025-08-08 17:44:52
FCSH,,,,,,,,,-,-,-,-,-,24.33,-0.0016,259.0,2025-08-08 17:44:52
SPMV,,,,,,,,,-,-,-,-,-,48.45,0.0043,133.0,2025-08-08 17:44:52
SCMB,,,,,,,,,-,-,-,-,-,25.05,-0.0004,401820.0,2025-08-08 17:44:52
SMOG,,,,,,,,,-,-,-,-,-,115.56,0.0038,708.0,2025-08-08 17:44:52
UGE,,,,,,,,,-,-,-,-,-,19.04,0.0005,146533.0,2025-08-08 17:44:52
RAAA,,,,,,,,,-,-,-,-,-,25.06,-0.0004,10529.0,2025-08-08 17:44:52
TMF,,,,,,,,,-,-,-,-,-,38.2,-0.015,5639939.0,2025-08-08 17:44:52
BKF,,,,,,,,,-,-,-,-,-,41.65,-0.0036,963.0,2025-08-08 17:44:52
GABF,,,,,,,,,-,-,-,-,-,47.5,0.0128,3337.0,2025-08-08 17:44:52
SBIL,,,,,,,,,-,-,-,-,-,100.3,0.0002,14572.0,2025-08-08 17:44:52
SDCI,,,,,,,,,-,-,-,-,-,21.77,0.0014000000000000002,37026.0,2025-08-08 17:44:52
KHYB,,,,,,,,,-,-,-,-,-,24.22,0.0022,792.0,2025-08-08 17:44:52
HSMV,,,,,,,,,-,-,-,-,-,35.86,0.0034999999999999996,525.0,2025-08-08 17:44:52
TSEC,,,,,,,,,-,-,-,-,-,26.3,0.0021,148.0,2025-08-08 17:44:52
NUDM,,,,,,,,,-,-,-,-,-,36.12,0.0087,27058.0,2025-08-08 17:44:52
DTH,,,,,,,,,-,-,-,-,-,48.15,0.0042,19841.0,2025-08-08 17:44:52
BPAY,,,,,,,,,-,-,-,-,-,32.13,-0.0158,3956.0,2025-08-08 17:44:52
TMAR,,,,,,,,,-,-,-,-,-,21.42,0.0059,2337.0,2025-08-08 17:44:52
CERY,,,,,,,,,-,-,-,-,-,27.36,0.0004,28970.0,2025-08-08 17:44:52
AUSF,,,,,,,,,-,-,-,-,-,44.53,0.0059,42566.0,2025-08-08 17:44:52
GGRW,,,,,,,,,-,-,-,-,-,34.34,0.0075,442.0,2025-08-08 17:44:52
TSEL,,,,,,,,,-,-,-,-,-,29.14,-0.0018,550.0,2025-08-08 17:44:52
NUDV,,,,,,,,,-,-,-,-,-,28.26,0.0051,2547.0,2025-08-08 17:44:52
DTCR,,,,,,,,,-,-,-,-,-,18.79,-0.0069,165977.0,2025-08-08 17:44:52
BPH,,,,,,,,,-,-,-,-,-,52.65,-0.0014000000000000002,314.0,2025-08-08 17:44:52
TMAT,,,,,,,,,-,-,-,-,-,24.71,-0.0033,19772.0,2025-08-08 17:44:52
CEPI,,,,,,,,,-,-,-,-,-,39.62,-0.0006,32098.0,2025-08-08 17:44:52
AUSM,,,,,,,,,-,-,-,-,-,25.1,0.0,4.0,2025-08-08 17:44:52
HSBH,,,,,,,,,-,-,-,-,-,69.52,0.0116,303.0,2025-08-08 17:44:52
TSDD,,,,,,,,,-,-,-,-,-,19.69,-0.045599999999999995,3777494.0,2025-08-08 17:44:52
MJ,,,,,,,,,-,-,-,-,-,24.32,0.0492,60434.0,2025-08-08 17:44:52
FNDA,,,,,,,,,-,-,-,-,-,29.32,0.0,1012171.0,2025-08-08 17:44:52
PCRB,,,,,,,,,-,-,-,-,-,48.9,-0.0028000000000000004,25940.0,2025-08-08 17:44:52
LDDR,,,,,,,,,-,-,-,-,-,85.64,-0.0017000000000000001,806.0,2025-08-08 17:44:52
AIYY,,,,,,,,,-,-,-,-,-,3.53,-0.0222,882899.0,2025-08-08 17:44:52
FFGX,,,,,,,,,-,-,-,-,-,28.89,-0.0005,495.0,2025-08-08 17:44:52
BSMS,,,,,,,,,-,-,-,-,-,23.3,-0.0005,7353.0,2025-08-08 17:44:52
GFLW,,,,,,,,,-,-,-,-,-,27.04,0.0029,338332.0,2025-08-08 17:44:52
CETH,,,,,,,,,-,-,-,-,-,20.32,0.0501,997747.0,2025-08-08 17:44:52
FNDB,,,,,,,,,-,-,-,-,-,24.34,0.0087,52804.0,2025-08-08 17:44:52
PCS,,,,,,,,,-,-,-,-,-,50.25,-0.0007000000000000001,1.0,2025-08-08 17:44:52
LDEM,,,,,,,,,-,-,-,-,-,55.41,-0.0021,537.0,2025-08-08 17:44:52
AJAN,,,,,,,,,-,-,-,-,-,27.23,0.0002,6126.0,2025-08-08 17:44:52
FGD,,,,,,,,,-,-,-,-,-,28.45,0.0039000000000000003,69849.0,2025-08-08 17:44:52
BSMT,,,,,,,,,-,-,-,-,-,22.88,-0.0003,3822.0,2025-08-08 17:44:52
GGLL,,,,,,,,,-,-,-,-,-,44.64,0.0501,2895974.0,2025-08-08 17:44:52
CEW,,,,,,,,,-,-,-,-,-,18.58,0.0011,3460.0,2025-08-08 17:44:52
FNDC,,,,,,,,,-,-,-,-,-,43.48,0.0034999999999999996,187428.0,2025-08-08 17:44:52
PDP,,,,,,,,,-,-,-,-,-,111.82,-0.0017000000000000001,21354.0,2025-08-08 17:44:52
LDER,,,,,,,,,-,-,-,-,-,115.1,-0.0024,204.0,2025-08-08 17:44:52
AJUL,,,,,,,,,-,-,-,-,-,28.23,0.0022,1653.0,2025-08-08 17:44:52
TJUN,,,,,,,,,-,-,-,-,-,20.85,0.0014000000000000002,102.0,2025-08-08 17:44:52
EWO,,,,,,,,,-,-,-,-,-,31.43,0.0113,12722.0,2025-08-08 17:44:52
BKCH,,,,,,,,,-,-,-,-,-,55.96,-0.015,51630.0,2025-08-08 17:44:52
LIAO,,,,,,,,,-,-,-,-,-,208.45,0.0,0.0,2025-08-08 17:44:52
WGMI,,,,,,,,,-,-,-,-,-,24.96,-0.016200000000000003,311903.0,2025-08-08 17:44:52
FSZ,,,,,,,,,-,-,-,-,-,78.74,-0.0009,202.0,2025-08-08 17:44:52
LCR,,,,,,,,,-,-,-,-,-,36.38,0.0037,12830.0,2025-08-08 17:44:52
BOTZ,,,,,,,,,-,-,-,-,-,33.6,0.0051,518999.0,2025-08-08 17:44:52
TLH,,,,,,,,,-,-,-,-,-,100.99,-0.0036,1678168.0,2025-08-08 17:44:52
EWP,,,,,,,,,-,-,-,-,-,47.14,0.0101,569156.0,2025-08-08 17:44:52
BKCI,,,,,,,,,-,-,-,-,-,50.4,0.0004,9145.0,2025-08-08 17:44:52
LIAP,,,,,,,,,-,-,-,-,-,216.33,0.0,0.0,2025-08-08 17:44:52
WEAT,,,,,,,,,-,-,-,-,-,4.3,-0.0069,1676573.0,2025-08-08 17:44:52
FTBD,,,,,,,,,-,-,-,-,-,49.34,-0.0009,1021.0,2025-08-08 17:44:52
LCTD,,,,,,,,,-,-,-,-,-,51.35,0.0048,4157.0,2025-08-08 17:44:52
BOUT,,,,,,,,,-,-,-,-,-,36.79,-0.0054,1977.0,2025-08-08 17:44:52
TLCI,,,,,,,,,-,-,-,-,-,26.12,-0.0004,1.0,2025-08-08 17:44:52
EWQ,,,,,,,,,-,-,-,-,-,42.68,0.0045000000000000005,320209.0,2025-08-08 17:44:52
BINT,,,,,,,,,-,-,-,-,-,26.4,0.005699999999999999,18361.0,2025-08-08 17:44:52
LIAQ,,,,,,,,,-,-,-,-,-,221.61,0.0,0.0,2025-08-08 17:44:52
TDTT,,,,,,,,,-,-,-,-,-,24.27,0.0002,281476.0,2025-08-08 17:44:52
SPDV,,,,,,,,,-,-,-,-,-,32.85,0.0063,1879.0,2025-08-08 17:44:52
LCTU,,,,,,,,,-,-,-,-,-,69.34,0.008100000000000001,14082.0,2025-08-08 17:44:52
DIVL,,,,,,,,,-,-,-,-,-,22.47,0.0067,371.0,2025-08-08 17:44:52
MYCN,,,,,,,,,-,-,-,-,-,24.53,-0.0032,39.0,2025-08-08 17:44:52
PRFD,,,,,,,,,-,-,-,-,-,50.98,0.0008,4211.0,2025-08-08 17:44:52
BIL,,,,,,,,,-,-,-,-,-,91.54,0.0003,6148824.0,2025-08-08 17:44:52
AMLP,,,,,,,,,-,-,-,-,-,49.09,0.0037,2580333.0,2025-08-08 17:44:52
TDIV,,,,,,,,,-,-,-,-,-,91.08,0.0052,95916.0,2025-08-08 17:44:52
SPDW,,,,,,,,,-,-,-,-,-,41.2,0.0049,2941734.0,2025-08-08 17:44:52
LDRC,,,,,,,,,-,-,-,-,-,25.19,-0.0004,8113.0,2025-08-08 17:44:52
DIVN,,,,,,,,,-,-,-,-,-,25.48,0.0074,5470.0,2025-08-08 17:44:52
LLDR,,,,,,,,,-,-,-,-,-,45.34,-0.0043,21.0,2025-08-08 17:44:52
PRAE,,,,,,,,,-,-,-,-,-,32.74,0.0075,105.0,2025-08-08 17:44:52
BILD,,,,,,,,,-,-,-,-,-,27.41,-0.003,107.0,2025-08-08 17:44:52
AMAX,,,,,,,,,-,-,-,-,-,7.99,0.0032,95503.0,2025-08-08 17:44:52
TDSB,,,,,,,,,-,-,-,-,-,22.58,0.0011,9103.0,2025-08-08 17:44:52
ENOR,,,,,,,,,-,-,-,-,-,27.42,-0.0013,3673.0,2025-08-08 17:44:52
LDRH,,,,,,,,,-,-,-,-,-,24.9,0.0006,83.0,2025-08-08 17:44:52
DIVO,,,,,,,,,-,-,-,-,-,42.99,0.0028000000000000004,531182.0,2025-08-08 17:44:52
MAGY,,,,,,,,,-,-,-,-,-,56.84,-0.0060999999999999995,66818.0,2025-08-08 17:44:52
GLCR,,,,,,,,,-,-,-,-,-,25.68,0.0042,15.0,2025-08-08 17:44:52
FDLO,,,,,,,,,-,-,-,-,-,63.7,0.0055000000000000005,72345.0,2025-08-08 17:44:52
STAX,,,,,,,,,-,-,-,-,-,25.5,0.0002,946.0,2025-08-08 17:44:52
CNEQ,,,,,,,,,-,-,-,-,-,32.07,0.0085,82226.0,2025-08-08 17:44:52
MGC,,,,,,,,,-,-,-,-,-,232.87,0.009399999999999999,56669.0,2025-08-08 17:44:52
SHDG,,,,,,,,,-,-,-,-,-,30.58,0.0105,28.0,2025-08-08 17:44:52
CEFS,,,,,,,,,-,-,-,-,-,22.35,-0.0002,75199.0,2025-08-08 17:44:52
KAPR,,,,,,,,,-,-,-,-,-,32.87,0.0027,6805.0,2025-08-08 17:44:52
GLD,,,,,,,,,-,-,-,-,-,313.05,-0.0002,19854321.0,2025-08-08 17:44:52
FDLS,,,,,,,,,-,-,-,-,-,32.56,0.010700000000000001,6169.0,2025-08-08 17:44:52
STCE,,,,,,,,,-,-,-,-,-,53.51,-0.012,35252.0,2025-08-08 17:44:52
CMF,,,,,,,,,-,-,-,-,-,55.61,-0.0005,564816.0,2025-08-08 17:44:52
MFLX,,,,,,,,,-,-,-,-,-,16.43,-0.0012,1331.0,2025-08-08 17:44:52
SHE,,,,,,,,,-,-,-,-,-,122.96,0.0008,1732.0,2025-08-08 17:44:52
CEFZ,,,,,,,,,-,-,-,-,-,7.95,0.0019,4569.0,2025-08-08 17:44:52
JXI,,,,,,,,,-,-,-,-,-,76.08,-0.005,6952.0,2025-08-08 17:44:52
GLDI,,,,,,,,,-,-,-,-,-,161.57,0.0014000000000000002,7542.0,2025-08-08 17:44:52
FDM,,,,,,,,,-,-,-,-,-,71.44,0.0003,3396.0,2025-08-08 17:44:52
STBF,,,,,,,,,-,-,-,-,-,25.34,0.0,9846.0,2025-08-08 17:44:52
APRP,,,,,,,,,-,-,-,-,-,28.57,0.0031,113.0,2025-08-08 17:44:52
GAST,,,,,,,,,-,-,-,-,-,30.08,0.002,28.0,2025-08-08 17:44:52
SHE,,,,,,,,,-,-,-,-,-,122.96,0.0008,1732.0,2025-08-08 17:44:52
SSPX,,,,,,,,,-,-,-,-,-,30.07,0.0032,308.0,2025-08-08 17:44:52
OGIG,,,,,,,,,-,-,-,-,-,53.97,-0.0101,18086.0,2025-08-08 17:44:52
FFND,,,,,,,,,-,-,-,-,-,28.51,0.0049,14047.0,2025-08-08 17:44:52
GLL,,,,,,,,,-,-,-,-,-,21.16,0.004699999999999999,1288950.0,2025-08-08 17:44:52
SEIE,,,,,,,,,-,-,-,-,-,29.78,0.0042,68865.0,2025-08-08 17:44:52
APRT,,,,,,,,,-,-,-,-,-,39.94,0.0042,922.0,2025-08-08 17:44:52
GAPR,,,,,,,,,-,-,-,-,-,38.74,0.0021,988.0,2025-08-08 17:44:52
SHEH,,,,,,,,,-,-,-,-,-,51.47,0.0036,9200.0,2025-08-08 17:44:52
SSPY,,,,,,,,,-,-,-,-,-,83.1,0.0031,293.0,2025-08-08 17:44:52
OGSP,,,,,,,,,-,-,-,-,-,10.07,-0.0005,10.0,2025-08-08 17:44:52
FFOG,,,,,,,,,-,-,-,-,-,45.89,0.0044,16588.0,2025-08-08 17:44:52
GLCR,,,,,,,,,-,-,-,-,-,25.68,0.0042,15.0,2025-08-08 17:44:52
SEIM,,,,,,,,,-,-,-,-,-,43.61,0.0078000000000000005,37376.0,2025-08-08 17:44:52
APRW,,,,,,,,,-,-,-,-,-,33.77,0.0023,1906.0,2025-08-08 17:44:52
GARP,,,,,,,,,-,-,-,-,-,61.53,0.005600000000000001,34732.0,2025-08-08 17:44:52
SGVT,,,,,,,,,-,-,-,-,-,100.27,0.0003,121993.0,2025-08-08 17:44:52
STAX,,,,,,,,,-,-,-,-,-,25.5,0.0002,946.0,2025-08-08 17:44:52
RAA,,,,,,,,,-,-,-,-,-,26.23,0.0043,29320.0,2025-08-08 17:44:52
EMHY,,,,,,,,,-,-,-,-,-,39.29,0.001,47180.0,2025-08-08 17:44:52
IXJ,,,,,,,,,-,-,-,-,-,83.35,0.0075,101525.0,2025-08-08 17:44:52
AHLT,,,,,,,,,-,-,-,-,-,22.14,0.0069,3730.0,2025-08-08 17:44:52
FLBR,,,,,,,,,-,-,-,-,-,17.55,-0.0066,15215.0,2025-08-08 17:44:52
HYGV,,,,,,,,,-,-,-,-,-,40.75,0.0005,61567.0,2025-08-08 17:44:52
MOAT,,,,,,,,,-,-,-,-,-,96.12,0.0014000000000000002,392199.0,2025-08-08 17:44:52
QFLR,,,,,,,,,-,-,-,-,-,31.68,0.0102,29168.0,2025-08-08 17:44:52
RAAA,,,,,,,,,-,-,-,-,-,25.06,-0.0004,10529.0,2025-08-08 17:44:52
EMIF,,,,,,,,,-,-,-,-,-,24.61,-0.0008,976.0,2025-08-08 17:44:52
IXN,,,,,,,,,-,-,-,-,-,97.43,0.0089,88419.0,2025-08-08 17:44:52
AGMI,,,,,,,,,-,-,-,-,-,40.1,0.012,69.0,2025-08-08 17:44:52
FJAN,,,,,,,,,-,-,-,-,-,48.63,0.0054,16215.0,2025-08-08 17:44:52
HYGW,,,,,,,,,-,-,-,-,-,30.11,0.0017000000000000001,20976.0,2025-08-08 17:44:52
MODL,,,,,,,,,-,-,-,-,-,44.15,0.0083,19888.0,2025-08-08 17:44:52
QMAG,,,,,,,,,-,-,-,-,-,22.69,0.0015,2144.0,2025-08-08 17:44:52
QVML,,,,,,,,,-,-,-,-,-,37.62,0.0102,2981.0,2025-08-08 17:44:52
EMDM,,,,,,,,,-,-,-,-,-,26.03,0.0005,114.0,2025-08-08 17:44:52
IXP,,,,,,,,,-,-,-,-,-,115.76,0.0095,27206.0,2025-08-08 17:44:52
AGIX,,,,,,,,,-,-,-,-,-,32.86,0.0013,36214.0,2025-08-08 17:44:52
EIPI,,,,,,,,,-,-,-,-,-,19.79,0.0040999999999999995,42877.0,2025-08-08 17:44:52
CTWO,,,,,,,,,-,-,-,-,-,16.73,0.0204,606.0,2025-08-08 17:44:52
MQQQ,,,,,,,,,-,-,-,-,-,166.5,0.019799999999999998,41.0,2025-08-08 17:44:52
PEY,,,,,,,,,-,-,-,-,-,20.49,0.0021,144598.0,2025-08-08 17:44:52
DIG,,,,,,,,,-,-,-,-,-,33.04,0.011899999999999999,31042.0,2025-08-08 17:44:52
SSPX,,,,,,,,,-,-,-,-,-,30.07,0.0032,308.0,2025-08-08 17:44:52
IDEC,,,,,,,,,-,-,-,-,-,30.36,0.0039000000000000003,9965.0,2025-08-08 17:44:52
SPBC,,,,,,,,,-,-,-,-,-,42.95,0.008199999999999999,9925.0,2025-08-08 17:44:52
EIPX,,,,,,,,,-,-,-,-,-,25.74,0.0001,19521.0,2025-08-08 17:44:52
CURE,,,,,,,,,-,-,-,-,-,69.31,0.0258,151024.0,2025-08-08 17:44:52
LMBO,,,,,,,,,-,-,-,-,-,25.28,0.0003,3970.0,2025-08-08 17:44:52
PEZ,,,,,,,,,-,-,-,-,-,97.91,-0.011899999999999999,265.0,2025-08-08 17:44:52
DIHP,,,,,,,,,-,-,-,-,-,29.42,0.0040999999999999995,309698.0,2025-08-08 17:44:52
SSPY,,,,,,,,,-,-,-,-,-,83.1,0.0031,293.0,2025-08-08 17:44:52
IDEF,,,,,,,,,-,-,-,-,-,29.12,-0.0066,14091.0,2025-08-08 17:44:52
SPBO,,,,,,,,,-,-,-,-,-,29.17,-0.0024,290415.0,2025-08-08 17:44:52
EIRL,,,,,,,,,-,-,-,-,-,66.54,-0.0012,10286.0,2025-08-08 17:44:52
CUT,,,,,,,,,-,-,-,-,-,30.75,0.0055000000000000005,2060.0,2025-08-08 17:44:52
LMBS,,,,,,,,,-,-,-,-,-,49.42,-0.0009,299673.0,2025-08-08 17:44:52
PEVC,,,,,,,,,-,-,-,-,-,27.57,0.0129,11.0,2025-08-08 17:44:52
APMU,,,,,,,,,-,-,-,-,-,24.9,-0.0014000000000000002,15531.0,2025-08-08 17:44:52
SPDN,,,,,,,,,-,-,-,-,-,10.07,-0.0079,8104295.0,2025-08-08 17:44:52
GWX,,,,,,,,,-,-,-,-,-,38.59,0.0018,17877.0,2025-08-08 17:44:52
HYMB,,,,,,,,,-,-,-,-,-,24.25,-0.0025,1100501.0,2025-08-08 17:44:52
AMZZ,,,,,,,,,-,-,-,-,-,31.16,-0.003,164122.0,2025-08-08 17:44:52
SEPZ,,,,,,,,,-,-,-,-,-,40.76,0.0068000000000000005,3992.0,2025-08-08 17:44:52
MNTL,,,,,,,,,-,-,-,-,-,23.81,0.0,0.0,2025-08-08 17:44:52
HFSP,,,,,,,,,-,-,-,-,-,17.86,0.0,0.0,2025-08-08 17:44:52
APOC,,,,,,,,,-,-,-,-,-,25.75,0.0016,2596.0,2025-08-08 17:44:52
SPDV,,,,,,,,,-,-,-,-,-,32.85,0.0063,1879.0,2025-08-08 17:44:52
GXPC,,,,,,,,,-,-,-,-,-,25.91,0.0123,16838.0,2025-08-08 17:44:52
HYRM,,,,,,,,,-,-,-,-,-,23.36,0.0,2808.0,2025-08-08 17:44:52
CWEB,,,,,,,,,-,-,-,-,-,42.54,-0.0033,96122.0,2025-08-08 17:44:52
SFY,,,,,,,,,-,-,-,-,-,122.88,0.0060999999999999995,17023.0,2025-08-08 17:44:52
MOAT,,,,,,,,,-,-,-,-,-,96.12,0.0014000000000000002,392199.0,2025-08-08 17:44:52
HGER,,,,,,,,,-,-,-,-,-,24.46,0.0025,105064.0,2025-08-08 17:44:52
APRH,,,,,,,,,-,-,-,-,-,24.95,0.0012,660.0,2025-08-08 17:44:52
SPDW,,,,,,,,,-,-,-,-,-,41.2,0.0049,2941734.0,2025-08-08 17:44:52
GXPD,,,,,,,,,-,-,-,-,-,24.8,0.0011,16834.0,2025-08-08 17:44:52
HYS,,,,,,,,,-,-,-,-,-,94.75,0.0005,81598.0,2025-08-08 17:44:52
STHH,,,,,,,,,-,-,-,-,-,49.99,0.0167,273.0,2025-08-08 17:44:52
LIT,,,,,,,,,-,-,-,-,-,43.93,0.0242,257735.0,2025-08-08 17:44:52
MODL,,,,,,,,,-,-,-,-,-,44.15,0.0083,19888.0,2025-08-08 17:44:52
BOCT,,,,,,,,,-,-,-,-,-,46.49,0.0060999999999999995,6076.0,2025-08-08 17:44:52
FJUN,,,,,,,,,-,-,-,-,-,54.64,0.0036,7868.0,2025-08-08 17:44:52
KGLD,,,,,,,,,-,-,-,-,-,25.31,0.0002,7401.0,2025-08-08 17:44:52
BIB,,,,,,,,,-,-,-,-,-,50.8,0.014199999999999999,4076.0,2025-08-08 17:44:52
DFNM,,,,,,,,,-,-,-,-,-,47.4,-0.0002,100508.0,2025-08-08 17:44:52
STCE,,,,,,,,,-,-,-,-,-,53.51,-0.012,35252.0,2025-08-08 17:44:52
LITL,,,,,,,,,-,-,-,-,-,26.72,0.0072,70.0,2025-08-08 17:44:52
MMSC,,,,,,,,,-,-,-,-,-,21.06,0.0002,10240.0,2025-08-08 17:44:52
BOED,,,,,,,,,-,-,-,-,-,17.55,-0.0077,964.0,2025-08-08 17:44:52
FKU,,,,,,,,,-,-,-,-,-,46.93,0.0001,15410.0,2025-08-08 17:44:52
KGRN,,,,,,,,,-,-,-,-,-,27.81,0.0104,14728.0,2025-08-08 17:44:52
BIBL,,,,,,,,,-,-,-,-,-,42.28,0.0017000000000000001,15714.0,2025-08-08 17:44:52
DFIP,,,,,,,,,-,-,-,-,-,42.09,0.0002,40515.0,2025-08-08 17:44:52
STBF,,,,,,,,,-,-,-,-,-,25.34,0.0,9846.0,2025-08-08 17:44:52
LIMI,,,,,,,,,-,-,-,-,-,28.74,0.0492,781.0,2025-08-08 17:44:52
MMSD,,,,,,,,,-,-,-,-,-,25.36,0.0006,42202.0,2025-08-08 17:44:52
BOEG,,,,,,,,,-,-,-,-,-,18.37,0.0144,5263.0,2025-08-08 17:44:52
AMDL,,,,,,,,,-,-,-,-,-,12.17,0.0008,29352325.0,2025-08-08 17:44:52
NBFC,,,,,,,,,-,-,-,-,-,51.29,-0.0003,575.0,2025-08-08 17:44:52
BND,,,,,,,,,-,-,-,-,-,73.42,-0.0022,5564064.0,2025-08-08 17:44:52
QVMS,,,,,,,,,-,-,-,-,-,26.22,0.0046,150.0,2025-08-08 17:44:52
CEMB,,,,,,,,,-,-,-,-,-,45.61,0.0002,25029.0,2025-08-08 17:44:52
GUMI,,,,,,,,,-,-,-,-,-,50.22,0.0001,701.0,2025-08-08 17:44:52
LFDR,,,,,,,,,-,-,-,-,-,176.28,-0.0039000000000000003,4.0,2025-08-08 17:44:52
REM,,,,,,,,,-,-,-,-,-,22.05,0.0027,313801.0,2025-08-08 17:44:52
AMDW,,,,,,,,,-,-,-,-,-,55.0,0.0043,140148.0,2025-08-08 17:44:52
NBGX,,,,,,,,,-,-,-,-,-,26.88,0.0,0.0,2025-08-08 17:44:52
BNDC,,,,,,,,,-,-,-,-,-,22.21,-0.0012,3691.0,2025-08-08 17:44:52
QVOY,,,,,,,,,-,-,-,-,-,26.68,0.0007000000000000001,1980.0,2025-08-08 17:44:52
CEPI,,,,,,,,,-,-,-,-,-,39.62,-0.0006,32098.0,2025-08-08 17:44:52
GUNR,,,,,,,,,-,-,-,-,-,41.19,0.0051,167939.0,2025-08-08 17:44:52
LFEQ,,,,,,,,,-,-,-,-,-,50.79,0.008100000000000001,244.0,2025-08-08 17:44:52
REMG,,,,,,,,,-,-,-,-,-,26.48,-0.0023,4992.0,2025-08-08 17:44:52
AMDY,,,,,,,,,-,-,-,-,-,8.81,0.0034000000000000002,667739.0,2025-08-08 17:44:52
LGHT,,,,,,,,,-,-,-,-,-,10.2,0.0128,250.0,2025-08-08 17:44:52
BNDD,,,,,,,,,-,-,-,-,-,12.3,-0.003,899.0,2025-08-08 17:44:52
QWLD,,,,,,,,,-,-,-,-,-,135.53,0.006999999999999999,1437.0,2025-08-08 17:44:52
DTCR,,,,,,,,,-,-,-,-,-,18.79,-0.0069,165977.0,2025-08-08 17:44:52
TEC,,,,,,,,,-,-,-,-,-,25.62,0.0008,878.0,2025-08-08 17:44:52
LFGY,,,,,,,,,-,-,-,-,-,36.39,-0.0016,174573.0,2025-08-08 17:44:52
SFY,,,,,,,,,-,-,-,-,-,122.88,0.0060999999999999995,17023.0,2025-08-08 17:44:52
GRNB,,,,,,,,,-,-,-,-,-,24.25,-0.0012,12440.0,2025-08-08 17:44:52
PSCJ,,,,,,,,,-,-,-,-,-,28.83,0.0038,9324.0,2025-08-08 17:44:52
DRSK,,,,,,,,,-,-,-,-,-,28.59,-0.0003,56155.0,2025-08-08 17:44:52
IBBQ,,,,,,,,,-,-,-,-,-,22.37,0.0077,5445.0,2025-08-08 17:44:52
DTD,,,,,,,,,-,-,-,-,-,81.3,0.008199999999999999,16810.0,2025-08-08 17:44:52
TECB,,,,,,,,,-,-,-,-,-,57.48,0.0048,9799.0,2025-08-08 17:44:52
LFSC,,,,,,,,,-,-,-,-,-,25.27,0.011899999999999999,23286.0,2025-08-08 17:44:52
SFYF,,,,,,,,,-,-,-,-,-,49.94,0.009899999999999999,7131.0,2025-08-08 17:44:52
GREK,,,,,,,,,-,-,-,-,-,65.07,0.0076,102895.0,2025-08-08 17:44:52
PSCM,,,,,,,,,-,-,-,-,-,75.28,0.0058,78.0,2025-08-08 17:44:52
DRIP,,,,,,,,,-,-,-,-,-,10.15,-0.0078000000000000005,1913144.0,2025-08-08 17:44:52
IBCA,,,,,,,,,-,-,-,-,-,25.6,-0.0025,38142.0,2025-08-08 17:44:52
CNXT,,,,,,,,,-,-,-,-,-,31.17,-0.0005,6758.0,2025-08-08 17:44:52
UPRO,,,,,,,,,-,-,-,-,-,98.75,0.0223,4219768.0,2025-08-08 17:44:52
LEXI,,,,,,,,,-,-,-,-,-,33.17,0.005,1259.0,2025-08-08 17:44:52
SFYX,,,,,,,,,-,-,-,-,-,15.13,0.0009,10042.0,2025-08-08 17:44:52
IDLV,,,,,,,,,-,-,-,-,-,33.34,-0.0003,24203.0,2025-08-08 17:44:52
GFEB,,,,,,,,,-,-,-,-,-,39.7,0.0046,5612.0,2025-08-08 17:44:52
BHYB,,,,,,,,,-,-,-,-,-,54.2,0.0,15.0,2025-08-08 17:44:52
STPZ,,,,,,,,,-,-,-,-,-,53.97,0.0,14987.0,2025-08-08 17:44:52
GUSA,,,,,,,,,-,-,-,-,-,54.79,0.0,0.0,2025-08-08 17:44:52
FCEF,,,,,,,,,-,-,-,-,-,22.55,0.0021,6950.0,2025-08-08 17:44:52
RSSX,,,,,,,,,-,-,-,-,-,22.29,0.0013,7414.0,2025-08-08 17:44:52
BSMU,,,,,,,,,-,-,-,-,-,21.68,-0.0008,25889.0,2025-08-08 17:44:52
IDMO,,,,,,,,,-,-,-,-,-,52.14,0.0,337528.0,2025-08-08 17:44:52
GFGF,,,,,,,,,-,-,-,-,-,32.82,0.0088,8.0,2025-08-08 17:44:52
BIGY,,,,,,,,,-,-,-,-,-,50.55,0.0091,2662.0,2025-08-08 17:44:52
STNC,,,,,,,,,-,-,-,-,-,32.08,0.006999999999999999,707.0,2025-08-08 17:44:52
GUSH,,,,,,,,,-,-,-,-,-,21.48,0.006999999999999999,1097363.0,2025-08-08 17:44:52
FCFY,,,,,,,,,-,-,-,-,-,25.28,0.0126,108.0,2025-08-08 17:44:52
RSSY,,,,,,,,,-,-,-,-,-,19.05,0.0102,17981.0,2025-08-08 17:44:52
BSMV,,,,,,,,,-,-,-,-,-,20.69,-0.0005,4800.0,2025-08-08 17:44:52
JIRE,,,,,,,,,-,-,-,-,-,71.3,0.0042,231602.0,2025-08-08 17:44:52
GEVX,,,,,,,,,-,-,-,-,-,35.22,0.005,54953.0,2025-08-08 17:44:52
CEFA,,,,,,,,,-,-,-,-,-,35.01,0.0066,185.0,2025-08-08 17:44:52
SUPL,,,,,,,,,-,-,-,-,-,37.85,-0.0036,225.0,2025-08-08 17:44:52
GOCT,,,,,,,,,-,-,-,-,-,37.28,0.0049,14990.0,2025-08-08 17:44:52
FDLS,,,,,,,,,-,-,-,-,-,32.56,0.010700000000000001,6169.0,2025-08-08 17:44:52
LDDR,,,,,,,,,-,-,-,-,-,85.64,-0.0017000000000000001,806.0,2025-08-08 17:44:52
QQJG,,,,,,,,,-,-,-,-,-,25.28,-0.0023,1343.0,2025-08-08 17:44:52
DRIV,,,,,,,,,-,-,-,-,-,24.87,0.0218,127827.0,2025-08-08 17:44:52
METV,,,,,,,,,-,-,-,-,-,18.45,0.009300000000000001,157065.0,2025-08-08 17:44:52
OCIO,,,,,,,,,-,-,-,-,-,36.0,0.0043,372.0,2025-08-08 17:44:52
MAVF,,,,,,,,,-,-,-,-,-,111.47,0.0116,96.0,2025-08-08 17:44:52
GOEX,,,,,,,,,-,-,-,-,-,48.76,0.006999999999999999,12171.0,2025-08-08 17:44:52
FDM,,,,,,,,,-,-,-,-,-,71.44,0.0003,3396.0,2025-08-08 17:44:52
LDEM,,,,,,,,,-,-,-,-,-,55.41,-0.0021,537.0,2025-08-08 17:44:52
QQLV,,,,,,,,,-,-,-,-,-,25.52,0.0068000000000000005,1054.0,2025-08-08 17:44:52
DRLL,,,,,,,,,-,-,-,-,-,27.25,0.0052,28531.0,2025-08-08 17:44:52
METW,,,,,,,,,-,-,-,-,-,53.03,0.012,19961.0,2025-08-08 17:44:52
OCTD,,,,,,,,,-,-,-,-,-,24.12,0.0005,3.0,2025-08-08 17:44:52
MART,,,,,,,,,-,-,-,-,-,36.69,0.0064,456.0,2025-08-08 17:44:52
GOLY,,,,,,,,,-,-,-,-,-,29.86,0.0017000000000000001,30339.0,2025-08-08 17:44:52
FDMO,,,,,,,,,-,-,-,-,-,79.04,0.0085,26341.0,2025-08-08 17:44:52
LDER,,,,,,,,,-,-,-,-,-,115.1,-0.0024,204.0,2025-08-08 17:44:52
QQMG,,,,,,,,,-,-,-,-,-,39.44,0.0108,11914.0,2025-08-08 17:44:52
FHDG,,,,,,,,,-,-,-,-,-,32.32,0.0021,1707.0,2025-08-08 17:44:52
OCTD,,,,,,,,,-,-,-,-,-,24.12,0.0005,3.0,2025-08-08 17:44:52
EVTR,,,,,,,,,-,-,-,-,-,50.97,-0.0022,205856.0,2025-08-08 17:44:52
QQQG,,,,,,,,,-,-,-,-,-,23.21,0.0097,1291.0,2025-08-08 17:44:52
FCLD,,,,,,,,,-,-,-,-,-,26.84,-0.019,36236.0,2025-08-08 17:44:52
SHPU,,,,,,,,,-,-,-,-,-,33.44,-0.0204,11023.0,2025-08-08 17:44:52
PSCC,,,,,,,,,-,-,-,-,-,34.68,-0.003,6487.0,2025-08-08 17:44:52
DIVS,,,,,,,,,-,-,-,-,-,30.66,0.0043,2489.0,2025-08-08 17:44:52
FHEQ,,,,,,,,,-,-,-,-,-,29.42,0.0075,14291.0,2025-08-08 17:44:52
OCTH,,,,,,,,,-,-,-,-,-,24.06,0.0005,1177.0,2025-08-08 17:44:52
EWU,,,,,,,,,-,-,-,-,-,40.53,0.001,1463678.0,2025-08-08 17:44:52
QQQH,,,,,,,,,-,-,-,-,-,53.55,0.0059,19951.0,2025-08-08 17:44:52
FXO,,,,,,,,,-,-,-,-,-,56.75,0.0076,51533.0,2025-08-08 17:44:52
SHRT,,,,,,,,,-,-,-,-,-,7.73,0.006500000000000001,65.0,2025-08-08 17:44:52
PSCD,,,,,,,,,-,-,-,-,-,103.5,-0.0044,50.0,2025-08-08 17:44:52
DIVY,,,,,,,,,-,-,-,-,-,25.19,0.0018,1891.0,2025-08-08 17:44:52
FHYS,,,,,,,,,-,-,-,-,-,23.2,0.0002,9517.0,2025-08-08 17:44:52
OCTJ,,,,,,,,,-,-,-,-,-,24.01,0.0004,1309.0,2025-08-08 17:44:52
EWUS,,,,,,,,,-,-,-,-,-,40.7,0.0008,2904.0,2025-08-08 17:44:52
SCLZ,,,,,,,,,-,-,-,-,-,53.19,0.0034000000000000002,1869.0,2025-08-08 17:44:52
USD,,,,,,,,,-,-,-,-,-,89.99,0.0194,377572.0,2025-08-08 17:44:52
EDIV,,,,,,,,,-,-,-,-,-,38.49,-0.001,85023.0,2025-08-08 17:44:52
LFAQ,,,,,,,,,-,-,-,-,-,150.48,-0.0076,1.0,2025-08-08 17:44:52
GRN,,,,,,,,,-,-,-,-,-,28.89,0.0147,100.0,2025-08-08 17:44:52
IYLD,,,,,,,,,-,-,-,-,-,20.69,0.0005,5165.0,2025-08-08 17:44:52
PY,,,,,,,,,-,-,-,-,-,50.32,0.0073,7563.0,2025-08-08 17:44:52
BSMU,,,,,,,,,-,-,-,-,-,21.68,-0.0008,25889.0,2025-08-08 17:44:52
QULL,,,,,,,,,-,-,-,-,-,49.98,0.0172,1.0,2025-08-08 17:44:52
USDU,,,,,,,,,-,-,-,-,-,26.25,0.0,449043.0,2025-08-08 17:44:52
EDOG,,,,,,,,,-,-,-,-,-,22.65,0.0022,1879.0,2025-08-08 17:44:52
LFAR,,,,,,,,,-,-,-,-,-,154.05,0.0,0.0,2025-08-08 17:44:52
GRNB,,,,,,,,,-,-,-,-,-,24.25,-0.0012,12440.0,2025-08-08 17:44:52
IYM,,,,,,,,,-,-,-,-,-,143.29,0.004,4903.0,2025-08-08 17:44:52
PYLD,,,,,,,,,-,-,-,-,-,26.49,-0.0004,1422800.0,2025-08-08 17:44:52
BSMV,,,,,,,,,-,-,-,-,-,20.69,-0.0005,4800.0,2025-08-08 17:44:52
QUMSU,,,,,,,,,-,-,-,-,-,10.04,0.0011,86873.0,2025-08-08 17:44:52
USDX,,,,,,,,,-,-,-,-,-,25.67,0.0008,31660.0,2025-08-08 17:44:52
EDOW,,,,,,,,,-,-,-,-,-,38.65,0.0063,6074.0,2025-08-08 17:44:52
LFAU,,,,,,,,,-,-,-,-,-,157.79,0.0,0.0,2025-08-08 17:44:52
GRNY,,,,,,,,,-,-,-,-,-,23.8,0.0059,3380101.0,2025-08-08 17:44:52
MINO,,,,,,,,,-,-,-,-,-,43.92,0.0005,21380.0,2025-08-08 17:44:52
SSK,,,,,,,,,-,-,-,-,-,28.61,0.0332,734399.0,2025-08-08 17:44:52
DEXC,,,,,,,,,-,-,-,-,-,54.87,-0.0018,14084.0,2025-08-08 17:44:52
IONL,,,,,,,,,-,-,-,-,-,43.4,0.0642,175775.0,2025-08-08 17:44:52
GAST,,,,,,,,,-,-,-,-,-,30.08,0.002,28.0,2025-08-08 17:44:52
CSCL,,,,,,,,,-,-,-,-,-,27.77,0.0548,17285.0,2025-08-08 17:44:52
TECS,,,,,,,,,-,-,-,-,-,23.19,-0.0297,1108221.0,2025-08-08 17:44:52
ABIG,,,,,,,,,-,-,-,-,-,30.66,0.0068000000000000005,3259.0,2025-08-08 17:44:52
MINT,,,,,,,,,-,-,-,-,-,100.37,0.0003,1483113.0,2025-08-08 17:44:52
STAX,,,,,,,,,-,-,-,-,-,25.5,0.0002,946.0,2025-08-08 17:44:52
DFAC,,,,,,,,,-,-,-,-,-,36.81,0.0063,1532376.0,2025-08-08 17:44:52
HIGH,,,,,,,,,-,-,-,-,-,23.3,0.0026,221284.0,2025-08-08 17:44:52
GAPR,,,,,,,,,-,-,-,-,-,38.74,0.0021,988.0,2025-08-08 17:44:52
CSB,,,,,,,,,-,-,-,-,-,56.27,0.0045000000000000005,16037.0,2025-08-08 17:44:52
TEK,,,,,,,,,-,-,-,-,-,29.28,0.0034000000000000002,25947.0,2025-08-08 17:44:52
ABLD,,,,,,,,,-,-,-,-,-,28.2,-0.0066,11923.0,2025-08-08 17:44:52
MINV,,,,,,,,,-,-,-,-,-,32.89,-0.0048,1204.0,2025-08-08 17:44:52
STBF,,,,,,,,,-,-,-,-,-,25.34,0.0,9846.0,2025-08-08 17:44:52
DFAE,,,,,,,,,-,-,-,-,-,29.75,-0.0013,360219.0,2025-08-08 17:44:52
HIMZ,,,,,,,,,-,-,-,-,-,20.94,0.0331,3027371.0,2025-08-08 17:44:52
FEOE,,,,,,,,,-,-,-,-,-,43.37,0.0037,32798.0,2025-08-08 17:44:52
SSEAU,,,,,,,,,-,-,-,-,-,10.03,,2530263.0,2025-08-08 17:44:52
LFBB,,,,,,,,,-,-,-,-,-,169.46,0.0,0.0,2025-08-08 17:44:52
JUSA,,,,,,,,,-,-,-,-,-,57.69,0.0072,1238.0,2025-08-08 17:44:52
PMAU,,,,,,,,,-,-,-,-,-,25.08,0.0012,3.0,2025-08-08 17:44:52
DDM,,,,,,,,,-,-,-,-,-,97.89,0.0095,178117.0,2025-08-08 17:44:52
AQWA,,,,,,,,,-,-,-,-,-,19.3,-0.0006,2229.0,2025-08-08 17:44:52
AAA,,,,,,,,,-,-,-,-,-,24.99,0.0006,4505.0,2025-08-08 17:44:52
FEP,,,,,,,,,-,-,-,-,-,49.61,0.0043,20716.0,2025-08-08 17:44:52
SSFI,,,,,,,,,-,-,-,-,-,21.42,-0.0016,653.0,2025-08-08 17:44:52
LEMB,,,,,,,,,-,-,-,-,-,40.54,-0.0007000000000000001,29646.0,2025-08-08 17:44:52
JUST,,,,,,,,,-,-,-,-,-,90.28,0.0087,5012.0,2025-08-08 17:44:52
OEUR,,,,,,,,,-,-,-,-,-,31.94,0.0008,117.0,2025-08-08 17:44:52
DDTL,,,,,,,,,-,-,-,-,-,20.03,0.0038,23170.0,2025-08-08 17:44:52
ARB,,,,,,,,,-,-,-,-,-,28.76,-0.0017000000000000001,5281.0,2025-08-08 17:44:52
AAAA,,,,,,,,,-,-,-,-,-,25.63,0.008,12883.0,2025-08-08 17:44:52
FEPI,,,,,,,,,-,-,-,-,-,46.69,0.0070999999999999995,78024.0,2025-08-08 17:44:52
SSG,,,,,,,,,-,-,-,-,-,10.57,-0.0158,100438.0,2025-08-08 17:44:52
LENS,,,,,,,,,-,-,-,-,-,29.12,0.0039000000000000003,2281.0,2025-08-08 17:44:52
KAPR,,,,,,,,,-,-,-,-,-,32.87,0.0027,6805.0,2025-08-08 17:44:52
FCVT,,,,,,,,,-,-,-,-,-,39.44,-0.0046,12450.0,2025-08-08 17:44:52
DECU,,,,,,,,,-,-,-,-,-,25.93,0.0066,48109.0,2025-08-08 17:44:52
CWVX,,,,,,,,,-,-,-,-,-,22.18,0.1552,1755065.0,2025-08-08 17:44:52
TAFL,,,,,,,,,-,-,-,-,-,24.1,-0.0006,3589.0,2025-08-08 17:44:52
SFLO,,,,,,,,,-,-,-,-,-,27.14,0.0076,27139.0,2025-08-08 17:44:52
DFSB,,,,,,,,,-,-,-,-,-,52.61,-0.0014000000000000002,11388.0,2025-08-08 17:44:52
QGRW,,,,,,,,,-,-,-,-,-,54.39,0.0054,117147.0,2025-08-08 17:44:52
ELM,,,,,,,,,-,-,-,-,-,26.31,0.0048,137164.0,2025-08-08 17:44:52
FDAT,,,,,,,,,-,-,-,-,-,21.43,0.0012,883.0,2025-08-08 17:44:52
DECW,,,,,,,,,-,-,-,-,-,32.13,0.0043,61535.0,2025-08-08 17:44:52
CXRN,,,,,,,,,-,-,-,-,-,17.72,-0.0059,50.0,2025-08-08 17:44:52
TAFM,,,,,,,,,-,-,-,-,-,24.75,-0.0002,39673.0,2025-08-08 17:44:52
SFLR,,,,,,,,,-,-,-,-,-,34.69,0.0073,105165.0,2025-08-08 17:44:52
DFIC,,,,,,,,,-,-,-,-,-,31.78,0.0040999999999999995,950602.0,2025-08-08 17:44:52
QDF,,,,,,,,,-,-,-,-,-,76.17,0.009000000000000001,22297.0,2025-08-08 17:44:52
ELON,,,,,,,,,-,-,-,-,-,13.62,0.0374,4827.0,2025-08-08 17:44:52
FDT,,,,,,,,,-,-,-,-,-,72.49,0.0049,61071.0,2025-08-08 17:44:52
DECZ,,,,,,,,,-,-,-,-,-,39.33,0.0064,2173.0,2025-08-08 17:44:52
CXSE,,,,,,,,,-,-,-,-,-,37.39,0.0012,6524.0,2025-08-08 17:44:52
TAGG,,,,,,,,,-,-,-,-,-,42.68,-0.0032,32149.0,2025-08-08 17:44:52
GLRY,,,,,,,,,-,-,-,-,-,33.85,0.0,10497.0,2025-08-08 17:44:52
INVG,,,,,,,,,-,-,-,-,-,25.54,-0.0027,1371.0,2025-08-08 17:44:52
ITDG,,,,,,,,,-,-,-,-,-,35.32,0.005600000000000001,4352.0,2025-08-08 17:44:52
USEP,,,,,,,,,-,-,-,-,-,37.69,0.0046,6385.0,2025-08-08 17:44:52
IJR,,,,,,,,,-,-,-,-,-,110.89,0.0027,3370469.0,2025-08-08 17:44:52
GENW,,,,,,,,,-,-,-,-,-,12.23,0.005699999999999999,178.0,2025-08-08 17:44:52
JHEM,,,,,,,,,-,-,-,-,-,29.72,-0.001,65809.0,2025-08-08 17:44:52
GBUG,,,,,,,,,-,-,-,-,-,27.47,0.0043,71591.0,2025-08-08 17:44:52
HYBB,,,,,,,,,-,-,-,-,-,46.78,0.0008,7015.0,2025-08-08 17:44:52
IOCT,,,,,,,,,-,-,-,-,-,33.12,0.0058,5260.0,2025-08-08 17:44:52
ITDH,,,,,,,,,-,-,-,-,-,35.3,0.0048,2017.0,2025-08-08 17:44:52
USCA,,,,,,,,,-,-,-,-,-,39.65,0.0077,696.0,2025-08-08 17:44:52
IJS,,,,,,,,,-,-,-,-,-,101.76,0.0044,266871.0,2025-08-08 17:44:52
GFEB,,,,,,,,,-,-,-,-,-,39.7,0.0046,5612.0,2025-08-08 17:44:52
JHID,,,,,,,,,-,-,-,-,-,34.82,0.0092,33.0,2025-08-08 17:44:52
GBXA,,,,,,,,,-,-,-,-,-,25.72,0.0,0.0,2025-08-08 17:44:52
HYBI,,,,,,,,,-,-,-,-,-,50.47,0.0002,8250.0,2025-08-08 17:44:52
ION,,,,,,,,,-,-,-,-,-,33.32,0.03,1858.0,2025-08-08 17:44:52
ITDI,,,,,,,,,-,-,-,-,-,35.27,0.005699999999999999,486.0,2025-08-08 17:44:52
USHY,,,,,,,,,-,-,-,-,-,37.3,-0.0003,7821602.0,2025-08-08 17:44:52
QTR,,,,,,,,,-,-,-,-,-,34.04,0.0098,3.0,2025-08-08 17:44:52
DFAT,,,,,,,,,-,-,-,-,-,54.58,0.0044,210505.0,2025-08-08 17:44:52
LTTI,,,,,,,,,-,-,-,-,-,19.41,-0.0048,4788.0,2025-08-08 17:44:52
DFCA,,,,,,,,,-,-,-,-,-,49.27,-0.0003,14266.0,2025-08-08 17:44:52
GLOW,,,,,,,,,-,-,-,-,-,28.61,0.0053,53.0,2025-08-08 17:44:52
EUSA,,,,,,,,,-,-,-,-,-,99.92,0.0003,111429.0,2025-08-08 17:44:52
IWF,,,,,,,,,-,-,-,-,-,445.93,0.008199999999999999,915492.0,2025-08-08 17:44:52
GBXA,,,,,,,,,-,-,-,-,-,25.72,0.0,0.0,2025-08-08 17:44:52
NIXT,,,,,,,,,-,-,-,-,-,24.31,-0.001,6267.0,2025-08-08 17:44:52
EMPB,,,,,,,,,-,-,-,-,-,28.89,-0.0014000000000000002,2028.0,2025-08-08 17:44:52
LTL,,,,,,,,,-,-,-,-,-,96.72,0.0075,761.0,2025-08-08 17:44:52
DFCF,,,,,,,,,-,-,-,-,-,42.32,-0.0026,473302.0,2025-08-08 17:44:52
HWSM,,,,,,,,,-,-,-,-,-,26.0,0.0,0.0,2025-08-08 17:44:52
EUSB,,,,,,,,,-,-,-,-,-,43.43,-0.0021,25839.0,2025-08-08 17:44:52
IWFG,,,,,,,,,-,-,-,-,-,52.39,0.0034000000000000002,2.0,2025-08-08 17:44:52
GBXB,,,,,,,,,-,-,-,-,-,25.23,0.0,0.0,2025-08-08 17:44:52
NJAN,,,,,,,,,-,-,-,-,-,52.0,0.004699999999999999,1092.0,2025-08-08 17:44:52
DEM,,,,,,,,,-,-,-,-,-,46.11,-0.0015,159187.0,2025-08-08 17:44:52
LTPZ,,,,,,,,,-,-,-,-,-,52.14,-0.001,51526.0,2025-08-08 17:44:52
CIL,,,,,,,,,-,-,-,-,-,50.97,0.0023,7.0,2025-08-08 17:44:52
FCAL,,,,,,,,,-,-,-,-,-,47.81,0.0013,18121.0,2025-08-08 17:44:52
QUVU,,,,,,,,,-,-,-,-,-,25.16,0.009000000000000001,5643.0,2025-08-08 17:44:52
TEKX,,,,,,,,,-,-,-,-,-,32.36,-0.0018,200.0,2025-08-08 17:44:52
CEPI,,,,,,,,,-,-,-,-,-,39.62,-0.0006,32098.0,2025-08-08 17:44:52
JULT,,,,,,,,,-,-,-,-,-,42.61,0.0051,3907.0,2025-08-08 17:44:52
EUDV,,,,,,,,,-,-,-,-,-,51.75,0.0011,8122.0,2025-08-08 17:44:52
FFOX,,,,,,,,,-,-,-,-,-,26.0,-0.0023,415566.0,2025-08-08 17:44:52
IFED,,,,,,,,,-,-,-,-,-,44.79,0.0,0.0,2025-08-08 17:44:52
GCOR,,,,,,,,,-,-,-,-,-,41.2,-0.0019,25825.0,2025-08-08 17:44:52
QVAL,,,,,,,,,-,-,-,-,-,42.98,0.0054,12726.0,2025-08-08 17:44:52
TEKY,,,,,,,,,-,-,-,-,-,34.99,-0.0009,521.0,2025-08-08 17:44:52
CFND,,,,,,,,,-,-,-,-,-,9.67,0.0398,413400.0,2025-08-08 17:44:52
JULU,,,,,,,,,-,-,-,-,-,28.13,0.008,6012.0,2025-08-08 17:44:52
EUFN,,,,,,,,,-,-,-,-,-,33.71,0.0072,1086391.0,2025-08-08 17:44:52
FFSM,,,,,,,,,-,-,-,-,-,27.68,0.0058,30333.0,2025-08-08 17:44:52
IEZ,,,,,,,,,-,-,-,-,-,17.6,0.0069,114336.0,2025-08-08 17:44:52
GCOW,,,,,,,,,-,-,-,-,-,39.2,0.009000000000000001,132911.0,2025-08-08 17:44:52
RAA,,,,,,,,,-,-,-,-,-,26.23,0.0043,29320.0,2025-08-08 17:44:52
TEMP,,,,,,,,,-,-,-,-,-,50.24,0.0043,4904.0,2025-08-08 17:44:52
CFO,,,,,,,,,-,-,-,-,-,71.71,0.0034000000000000002,33176.0,2025-08-08 17:44:52
TAGG,,,,,,,,,-,-,-,-,-,42.68,-0.0032,32149.0,2025-08-08 17:44:52
CVRT,,,,,,,,,-,-,-,-,-,33.19,-0.0005,175.0,2025-08-08 17:44:52
SFYX,,,,,,,,,-,-,-,-,-,15.13,0.0009,10042.0,2025-08-08 17:44:52
BUFT,,,,,,,,,-,-,-,-,-,23.84,0.0008,12765.0,2025-08-08 17:44:52
IDYN,,,,,,,,,-,-,-,-,-,25.64,0.0051,5202.0,2025-08-08 17:44:52
TPHE,,,,,,,,,-,-,-,-,-,25.35,0.0008,3341.0,2025-08-08 17:44:52
LFAK,,,,,,,,,-,-,-,-,-,135.89,0.0,0.0,2025-08-08 17:44:52
IBDW,,,,,,,,,-,-,-,-,-,20.99,-0.0019,174306.0,2025-08-08 17:44:52
TAGS,,,,,,,,,-,-,-,-,-,23.51,-0.0023,2671.0,2025-08-08 17:44:52
CVSB,,,,,,,,,-,-,-,-,-,50.72,0.0002,9770.0,2025-08-08 17:44:52
SFTY,,,,,,,,,-,-,-,-,-,26.35,0.01,11853.0,2025-08-08 17:44:52
BUFX,,,,,,,,,-,-,-,-,-,20.49,0.0025,9050.0,2025-08-08 17:44:52
IDU,,,,,,,,,-,-,-,-,-,109.91,-0.0039000000000000003,45959.0,2025-08-08 17:44:52
TOPT,,,,,,,,,-,-,-,-,-,28.79,0.0127,278190.0,2025-08-08 17:44:52
LFAL,,,,,,,,,-,-,-,-,-,139.14,-0.0070999999999999995,1.0,2025-08-08 17:44:52
IBDX,,,,,,,,,-,-,-,-,-,25.3,-0.0024,94573.0,2025-08-08 17:44:52
TAIL,,,,,,,,,-,-,-,-,-,11.86,-0.0038,61636.0,2025-08-08 17:44:52
CVSE,,,,,,,,,-,-,-,-,-,72.32,0.008,648.0,2025-08-08 17:44:52
SETH,,,,,,,,,-,-,-,-,-,9.18,-0.0467,294582.0,2025-08-08 17:44:52
BUFY,,,,,,,,,-,-,-,-,-,21.25,0.0026,90060.0,2025-08-08 17:44:52
GYLD,,,,,,,,,-,-,-,-,-,13.3,-0.0089,7351.0,2025-08-08 17:44:52
GAMR,,,,,,,,,-,-,-,-,-,91.63,0.0123,3539.0,2025-08-08 17:44:52
LMBO,,,,,,,,,-,-,-,-,-,25.28,0.0003,3970.0,2025-08-08 17:44:52
IGHG,,,,,,,,,-,-,-,-,-,78.32,-0.0003,6127.0,2025-08-08 17:44:52
CEGX,,,,,,,,,-,-,-,-,-,28.01,-0.0151,46952.0,2025-08-08 17:44:52
QXQ,,,,,,,,,-,-,-,-,-,29.6,0.009899999999999999,12421.0,2025-08-08 17:44:52
FTGC,,,,,,,,,-,-,-,-,-,24.81,0.0012,689142.0,2025-08-08 17:44:52
GLCR,,,,,,,,,-,-,-,-,-,25.68,0.0042,15.0,2025-08-08 17:44:52
HAP,,,,,,,,,-,-,-,-,-,53.36,0.0063,11800.0,2025-08-08 17:44:52
GAL,,,,,,,,,-,-,-,-,-,47.55,0.0025,5442.0,2025-08-08 17:44:52
LMBS,,,,,,,,,-,-,-,-,-,49.42,-0.0009,299673.0,2025-08-08 17:44:52
IGBH,,,,,,,,,-,-,-,-,-,24.23,0.0,27099.0,2025-08-08 17:44:52
CEFA,,,,,,,,,-,-,-,-,-,35.01,0.0066,185.0,2025-08-08 17:44:52
QYLD,,,,,,,,,-,-,-,-,-,16.89,0.003,2860314.0,2025-08-08 17:44:52
HEEM,,,,,,,,,-,-,-,-,-,30.99,-0.0013,6865.0,2025-08-08 17:44:52
GLD,,,,,,,,,-,-,-,-,-,313.05,-0.0002,19854321.0,2025-08-08 17:44:52
HAPI,,,,,,,,,-,-,-,-,-,38.72,0.0067,488.0,2025-08-08 17:44:52
FXO,,,,,,,,,-,-,-,-,-,56.75,0.0076,51533.0,2025-08-08 17:44:52
LKOR,,,,,,,,,-,-,-,-,-,42.33,-0.005,782.0,2025-08-08 17:44:52
IFV,,,,,,,,,-,-,-,-,-,23.79,0.0073,10442.0,2025-08-08 17:44:52
TSMX,,,,,,,,,-,-,-,-,-,36.23,-0.0074,542009.0,2025-08-08 17:44:52
GMET,,,,,,,,,-,-,-,-,-,25.87,0.0269,2138.0,2025-08-08 17:44:52
JANH,,,,,,,,,-,-,-,-,-,24.89,0.0016,17397.0,2025-08-08 17:44:52
CGIB,,,,,,,,,-,-,-,-,-,25.22,-0.0008,11334.0,2025-08-08 17:44:52
RECS,,,,,,,,,-,-,-,-,-,38.47,0.0113,418867.0,2025-08-08 17:44:52
FXZ,,,,,,,,,-,-,-,-,-,57.69,-0.0009,6628.0,2025-08-08 17:44:52
IWS,,,,,,,,,-,-,-,-,-,133.91,0.0,598281.0,2025-08-08 17:44:52
DMXF,,,,,,,,,-,-,-,-,-,74.0,0.005,12639.0,2025-08-08 17:44:52
TSMY,,,,,,,,,-,-,-,-,-,15.71,0.0006,334530.0,2025-08-08 17:44:52
GMEU,,,,,,,,,-,-,-,-,-,12.82,-0.031,321481.0,2025-08-08 17:44:52
JANJ,,,,,,,,,-,-,-,-,-,24.83,0.0008,2350.0,2025-08-08 17:44:52
CGIC,,,,,,,,,-,-,-,-,-,29.64,0.003,212531.0,2025-08-08 17:44:52
SGLC,,,,,,,,,-,-,-,-,-,35.36,0.0079,13738.0,2025-08-08 17:44:52
FYC,,,,,,,,,-,-,-,-,-,81.01,0.0005,18792.0,2025-08-08 17:44:52
IWTR,,,,,,,,,-,-,-,-,-,33.38,0.0016,826.0,2025-08-08 17:44:52
DNOV,,,,,,,,,-,-,-,-,-,45.59,0.0052,3380.0,2025-08-08 17:44:52
TSMZ,,,,,,,,,-,-,-,-,-,15.86,0.0022,10871.0,2025-08-08 17:44:52
GMF,,,,,,,,,-,-,-,-,-,129.47,-0.0015,2669.0,2025-08-08 17:44:52
JANM,,,,,,,,,-,-,-,-,-,32.06,0.0022,3526.0,2025-08-08 17:44:52
CGIE,,,,,,,,,-,-,-,-,-,32.88,0.0037,213873.0,2025-08-08 17:44:52
SHDG,,,,,,,,,-,-,-,-,-,30.58,0.0105,28.0,2025-08-08 17:44:52
DECZ,,,,,,,,,-,-,-,-,-,39.33,0.0064,2173.0,2025-08-08 17:44:52
TARK,,,,,,,,,-,-,-,-,-,62.47,0.0097,33756.0,2025-08-08 17:44:52
HEZU,,,,,,,,,-,-,-,-,-,40.89,0.0064,55228.0,2025-08-08 17:44:52
OACP,,,,,,,,,-,-,-,-,-,22.83,-0.0019,10659.0,2025-08-08 17:44:52
JADE,,,,,,,,,-,-,-,-,-,55.26,-0.0008,398.0,2025-08-08 17:44:52
NORW,,,,,,,,,-,-,-,-,-,28.69,-0.0076,3276.0,2025-08-08 17:44:52
JPSE,,,,,,,,,-,-,-,-,-,46.45,0.0040999999999999995,10050.0,2025-08-08 17:44:52
SHE,,,,,,,,,-,-,-,-,-,122.96,0.0008,1732.0,2025-08-08 17:44:52
DEED,,,,,,,,,-,-,-,-,-,21.14,-0.0014000000000000002,6956.0,2025-08-08 17:44:52
TAPR,,,,,,,,,-,-,-,-,-,25.3,0.0,0.0,2025-08-08 17:44:52
HF,,,,,,,,,-,-,-,-,-,20.72,-0.0002,506.0,2025-08-08 17:44:52
OAEM,,,,,,,,,-,-,-,-,-,33.06,-0.0105,2216.0,2025-08-08 17:44:52
JAAA,,,,,,,,,-,-,-,-,-,50.62,0.0002,6337332.0,2025-08-08 17:44:52
NOVM,,,,,,,,,-,-,-,-,-,31.71,0.0,0.0,2025-08-08 17:44:52
JPST,,,,,,,,,-,-,-,-,-,50.59,0.0004,4513900.0,2025-08-08 17:44:52
SHEH,,,,,,,,,-,-,-,-,-,51.47,0.0036,9200.0,2025-08-08 17:44:52
DEEF,,,,,,,,,-,-,-,-,-,34.38,0.003,319.0,2025-08-08 17:44:52
TAX,,,,,,,,,-,-,-,-,-,26.5,0.001,206.0,2025-08-08 17:44:52
FVD,,,,,,,,,-,-,-,-,-,45.5,0.002,489543.0,2025-08-08 17:44:52
CZAR,,,,,,,,,-,-,-,-,-,31.71,0.0048,70.0,2025-08-08 17:44:52
OCTD,,,,,,,,,-,-,-,-,-,24.12,0.0005,3.0,2025-08-08 17:44:52
DDLS,,,,,,,,,-,-,-,-,-,41.33,0.0076,31753.0,2025-08-08 17:44:52
SYLD,,,,,,,,,-,-,-,-,-,65.0,0.0012,24654.0,2025-08-08 17:44:52
BUFR,,,,,,,,,-,-,-,-,-,32.5,0.0046,696116.0,2025-08-08 17:44:52
BETE,,,,,,,,,-,-,-,-,-,84.08,0.0246,4298.0,2025-08-08 17:44:52
OPPE,,,,,,,,,-,-,-,-,-,47.75,0.0034000000000000002,9313.0,2025-08-08 17:44:52
IDGT,,,,,,,,,-,-,-,-,-,83.56,-0.0075,4506.0,2025-08-08 17:44:52
ELM,,,,,,,,,-,-,-,-,-,26.31,0.0048,137164.0,2025-08-08 17:44:52
OCTH,,,,,,,,,-,-,-,-,-,24.06,0.0005,1177.0,2025-08-08 17:44:52
DDM,,,,,,,,,-,-,-,-,-,97.89,0.0095,178117.0,2025-08-08 17:44:52
SZK,,,,,,,,,-,-,-,-,-,11.53,-0.004699999999999999,5779.0,2025-08-08 17:44:52
BUFS,,,,,,,,,-,-,-,-,-,21.29,0.0014000000000000002,92075.0,2025-08-08 17:44:52
BETH,,,,,,,,,-,-,-,-,-,86.27,0.0011,1995.0,2025-08-08 17:44:52
OPPJ,,,,,,,,,-,-,-,-,-,38.94,0.011200000000000002,3837.0,2025-08-08 17:44:52
IDHQ,,,,,,,,,-,-,-,-,-,32.34,-0.0012,40619.0,2025-08-08 17:44:52
ELON,,,,,,,,,-,-,-,-,-,13.62,0.0374,4827.0,2025-08-08 17:44:52
OCTJ,,,,,,,,,-,-,-,-,-,24.01,0.0004,1309.0,2025-08-08 17:44:52
DDIV,,,,,,,,,-,-,-,-,-,38.34,-0.0007000000000000001,1237.0,2025-08-08 17:44:52
SZNE,,,,,,,,,-,-,-,-,-,34.47,0.0078000000000000005,1309.0,2025-08-08 17:44:52
IHI,,,,,,,,,-,-,-,-,-,61.32,0.011200000000000002,887876.0,2025-08-08 17:44:52
IQRA,,,,,,,,,-,-,-,-,-,27.69,-0.0031,85.0,2025-08-08 17:44:52
TSLQ,,,,,,,,,-,-,-,-,-,15.73,-0.0461,41384108.0,2025-08-08 17:44:52
UDIV,,,,,,,,,-,-,-,-,-,49.9,0.0068000000000000005,2929.0,2025-08-08 17:44:52
FXL,,,,,,,,,-,-,-,-,-,157.94,-0.0042,5341.0,2025-08-08 17:44:52
UTWY,,,,,,,,,-,-,-,-,-,43.38,-0.0036,685.0,2025-08-08 17:44:52
TFPN,,,,,,,,,-,-,-,-,-,23.4,-0.0002,2475.0,2025-08-08 17:44:52
GLD,,,,,,,,,-,-,-,-,-,313.05,-0.0002,19854321.0,2025-08-08 17:44:52
IHDG,,,,,,,,,-,-,-,-,-,45.0,0.0067,158935.0,2025-08-08 17:44:52
IQSI,,,,,,,,,-,-,-,-,-,33.3,0.006500000000000001,4242.0,2025-08-08 17:44:52
TSLR,,,,,,,,,-,-,-,-,-,19.5,0.045599999999999995,2993913.0,2025-08-08 17:44:52
TXUE,,,,,,,,,-,-,-,-,-,29.93,0.0052,17692.0,2025-08-08 17:44:52
FXN,,,,,,,,,-,-,-,-,-,15.3,0.0072,1049236.0,2025-08-08 17:44:52
UVIX,,,,,,,,,-,-,-,-,-,15.68,-0.06559999999999999,20567996.0,2025-08-08 17:44:52
TFJL,,,,,,,,,-,-,-,-,-,19.87,-0.006500000000000001,217.0,2025-08-08 17:44:52
GJAN,,,,,,,,,-,-,-,-,-,40.69,0.004,9948.0,2025-08-08 17:44:52
IHE,,,,,,,,,-,-,-,-,-,66.06,0.0049,42503.0,2025-08-08 17:44:52
IQSM,,,,,,,,,-,-,-,-,-,32.48,-0.0032,352.0,2025-08-08 17:44:52
TSLS,,,,,,,,,-,-,-,-,-,7.42,-0.021099999999999997,28966220.0,2025-08-08 17:44:52
TXUG,,,,,,,,,-,-,-,-,-,25.24,-0.0029,100.0,2025-08-08 17:44:52
ASET,,,,,,,,,-,-,-,-,-,32.76,-0.0006,17.0,2025-08-08 17:44:52
RSMC,,,,,,,,,-,-,-,-,-,25.32,0.0044,1973.0,2025-08-08 17:44:52
GLL,,,,,,,,,-,-,-,-,-,21.16,0.004699999999999999,1288950.0,2025-08-08 17:44:52
CCMG,,,,,,,,,-,-,-,-,-,29.79,0.0054,7786.0,2025-08-08 17:44:52
AGGS,,,,,,,,,-,-,-,-,-,41.08,-0.003,214.0,2025-08-08 17:44:52
TXUG,,,,,,,,,-,-,-,-,-,25.24,-0.0029,100.0,2025-08-08 17:44:52
LMTS,,,,,,,,,-,-,-,-,-,25.16,0.0213,402.0,2025-08-08 17:44:52
FTRI,,,,,,,,,-,-,-,-,-,14.42,0.0028000000000000004,25513.0,2025-08-08 17:44:52
ASLV,,,,,,,,,-,-,-,-,-,26.32,0.005600000000000001,39.0,2025-08-08 17:44:52
RSJN,,,,,,,,,-,-,-,-,-,32.95,0.0018,480.0,2025-08-08 17:44:52
GLOF,,,,,,,,,-,-,-,-,-,49.61,0.0069,992.0,2025-08-08 17:44:52
CCNR,,,,,,,,,-,-,-,-,-,27.34,0.0074,3605.0,2025-08-08 17:44:52
AGGY,,,,,,,,,-,-,-,-,-,43.64,-0.0024,62015.0,2025-08-08 17:44:52
TXXI,,,,,,,,,-,-,-,-,-,49.28,-0.001,796.0,2025-08-08 17:44:52
LMUB,,,,,,,,,-,-,-,-,-,48.19,0.0,0.0,2025-08-08 17:44:52
FTQI,,,,,,,,,-,-,-,-,-,20.22,0.0055000000000000005,141967.0,2025-08-08 17:44:52
ASHR,,,,,,,,,-,-,-,-,-,28.81,-0.0003,1887936.0,2025-08-08 17:44:52
RSHO,,,,,,,,,-,-,-,-,-,41.0,0.0014000000000000002,10226.0,2025-08-08 17:44:52
GLOV,,,,,,,,,-,-,-,-,-,55.55,0.006500000000000001,50969.0,2025-08-08 17:44:52
CCFE,,,,,,,,,-,-,-,-,-,24.93,0.0084,29.0,2025-08-08 17:44:52
DSMC,,,,,,,,,-,-,-,-,-,33.99,0.0073,5246.0,2025-08-08 17:44:52
LDRT,,,,,,,,,-,-,-,-,-,25.19,-0.0006,12708.0,2025-08-08 17:44:52
NOBL,,,,,,,,,-,-,-,-,-,103.38,0.0034000000000000002,304681.0,2025-08-08 17:44:52
BGLD,,,,,,,,,-,-,-,-,-,22.02,0.0,12397.0,2025-08-08 17:44:52
ASLV,,,,,,,,,-,-,-,-,-,26.32,0.005600000000000001,39.0,2025-08-08 17:44:52
TSLL,,,,,,,,,-,-,-,-,-,12.13,0.044800000000000006,146226215.0,2025-08-08 17:44:52
LIBD,,,,,,,,,-,-,-,-,-,253.01,0.0,0.0,2025-08-08 17:44:52
RPG,,,,,,,,,-,-,-,-,-,45.89,-0.0108,185438.0,2025-08-08 17:44:52
DSI,,,,,,,,,-,-,-,-,-,120.47,0.0064,58144.0,2025-08-08 17:44:52
LDRX,,,,,,,,,-,-,-,-,-,30.16,0.0092,72.0,2025-08-08 17:44:52
MDST,,,,,,,,,-,-,-,-,-,26.63,-0.0008,50458.0,2025-08-08 17:44:52
BGRN,,,,,,,,,-,-,-,-,-,47.61,-0.0013,34317.0,2025-08-08 17:44:52
ASHR,,,,,,,,,-,-,-,-,-,28.81,-0.0003,1887936.0,2025-08-08 17:44:52
TSLP,,,,,,,,,-,-,-,-,-,19.91,0.0148,46438.0,2025-08-08 17:44:52
LJAN,,,,,,,,,-,-,-,-,-,24.66,0.0015,1971.0,2025-08-08 17:44:52
RPHS,,,,,,,,,-,-,-,-,-,10.68,0.0072,9199.0,2025-08-08 17:44:52
DPST,,,,,,,,,-,-,-,-,-,84.95,0.0364,1130238.0,2025-08-08 17:44:52
LDSF,,,,,,,,,-,-,-,-,-,19.02,-0.0008,11080.0,2025-08-08 17:44:52
MDPL,,,,,,,,,-,-,-,-,-,26.27,0.0086,4804.0,2025-08-08 17:44:52
BGRO,,,,,,,,,-,-,-,-,-,37.51,0.0066,138.0,2025-08-08 17:44:52
SHNY,,,,,,,,,-,-,-,-,-,73.91,-0.0031,114569.0,2025-08-08 17:44:52
TSME,,,,,,,,,-,-,-,-,-,40.22,0.0079,29104.0,2025-08-08 17:44:52
LQDB,,,,,,,,,-,-,-,-,-,86.61,-0.0027,287.0,2025-08-08 17:44:52
IEDI,,,,,,,,,-,-,-,-,-,56.01,-0.0026,6372.0,2025-08-08 17:44:52
HYSD,,,,,,,,,-,-,-,-,-,20.2,0.0004,2877.0,2025-08-08 17:44:52
DLN,,,,,,,,,-,-,-,-,-,84.07,0.0067,212654.0,2025-08-08 17:44:52
UPGR,,,,,,,,,-,-,-,-,-,19.25,0.003,95.0,2025-08-08 17:44:52
NSCR,,,,,,,,,-,-,-,-,-,30.13,0.009399999999999999,3.0,2025-08-08 17:44:52
SHOC,,,,,,,,,-,-,-,-,-,56.58,0.0084,17730.0,2025-08-08 17:44:52
TSMG,,,,,,,,,-,-,-,-,-,18.12,0.0011,22430.0,2025-08-08 17:44:52
LQDH,,,,,,,,,-,-,-,-,-,92.6,0.0009,21372.0,2025-08-08 17:44:52
IEF,,,,,,,,,-,-,-,-,-,95.38,-0.0023,5619939.0,2025-08-08 17:44:52
HYTI,,,,,,,,,-,-,-,-,-,19.84,0.0,13169.0,2025-08-08 17:44:52
DKI,,,,,,,,,-,-,-,-,-,5.48,0.37,1944996.0,2025-08-08 17:44:52
UPRO,,,,,,,,,-,-,-,-,-,98.75,0.0223,4219768.0,2025-08-08 17:44:52
NSEP,,,,,,,,,-,-,-,-,-,27.89,0.0024,1052.0,2025-08-08 17:44:52
SHLD,,,,,,,,,-,-,-,-,-,61.81,-0.011200000000000002,1026793.0,2025-08-08 17:44:52
TSMU,,,,,,,,,-,-,-,-,-,30.56,-0.0078000000000000005,47476.0,2025-08-08 17:44:52
LQDI,,,,,,,,,-,-,-,-,-,26.42,-0.0008,9837.0,2025-08-08 17:44:52
IEFA,,,,,,,,,-,-,-,-,-,84.57,0.0055000000000000005,6781762.0,2025-08-08 17:44:52
JAPN,,,,,,,,,-,-,-,-,-,28.68,-0.0088,20588.0,2025-08-08 17:44:52
FYC,,,,,,,,,-,-,-,-,-,81.01,0.0005,18792.0,2025-08-08 17:44:52
PMIO,,,,,,,,,-,-,-,-,-,49.94,-0.0001,3.0,2025-08-08 17:44:52
UCON,,,,,,,,,-,-,-,-,-,24.92,-0.0012,662617.0,2025-08-08 17:44:52
CCNR,,,,,,,,,-,-,-,-,-,27.34,0.0074,3605.0,2025-08-08 17:44:52
INMU,,,,,,,,,-,-,-,-,-,23.41,-0.0008,103434.0,2025-08-08 17:44:52
DFEB,,,,,,,,,-,-,-,-,-,45.41,0.004,8818.0,2025-08-08 17:44:52
CGMU,,,,,,,,,-,-,-,-,-,26.76,0.0,920547.0,2025-08-08 17:44:52
JAVA,,,,,,,,,-,-,-,-,-,65.43,0.006500000000000001,196683.0,2025-08-08 17:44:52
FYEE,,,,,,,,,-,-,-,-,-,27.0,0.0070999999999999995,3577.0,2025-08-08 17:44:52
PMJA,,,,,,,,,-,-,-,-,-,25.99,0.0023,39.0,2025-08-08 17:44:52
UCRD,,,,,,,,,-,-,-,-,-,21.49,-0.0022,92897.0,2025-08-08 17:44:52
CCFE,,,,,,,,,-,-,-,-,-,24.93,0.0084,29.0,2025-08-08 17:44:52
INRO,,,,,,,,,-,-,-,-,-,30.05,0.0076,522.0,2025-08-08 17:44:52
DFEM,,,,,,,,,-,-,-,-,-,30.48,-0.0013,411779.0,2025-08-08 17:44:52
CGNG,,,,,,,,,-,-,-,-,-,29.05,-0.0003,195692.0,2025-08-08 17:44:52
JCPB,,,,,,,,,-,-,-,-,-,46.92,-0.0016,647823.0,2025-08-08 17:44:52
FYLD,,,,,,,,,-,-,-,-,-,30.57,0.0034999999999999996,34411.0,2025-08-08 17:44:52
PMJL,,,,,,,,,-,-,-,-,-,25.19,0.0,0.0,2025-08-08 17:44:52
UAPR,,,,,,,,,-,-,-,-,-,31.63,0.0008,5464.0,2025-08-08 17:44:52
WEBL,,,,,,,,,-,-,-,-,-,29.9,-0.009300000000000001,108030.0,2025-08-08 17:44:52
FTWO,,,,,,,,,-,-,-,-,-,37.1,0.0034000000000000002,10790.0,2025-08-08 17:44:52
AAUS,,,,,,,,,-,-,-,-,-,51.23,0.0074,158.0,2025-08-08 17:44:52
IBMO,,,,,,,,,-,-,-,-,-,25.63,0.0004,121730.0,2025-08-08 17:44:52
MINN,,,,,,,,,-,-,-,-,-,21.75,-0.0009,1062.0,2025-08-08 17:44:52
AEMS,,,,,,,,,-,-,-,-,-,10.16,0.0024,22938.0,2025-08-08 17:44:52
SNTH,,,,,,,,,-,-,-,-,-,28.54,0.0121,17752.0,2025-08-08 17:44:52
MSII,,,,,,,,,-,-,-,-,-,24.15,-0.0203,48498.0,2025-08-08 17:44:52
WEBS,,,,,,,,,-,-,-,-,-,20.27,0.0115,39111.0,2025-08-08 17:44:52
FTXG,,,,,,,,,-,-,-,-,-,22.59,0.0040999999999999995,10033.0,2025-08-08 17:44:52
AAVM,,,,,,,,,-,-,-,-,-,27.3,0.0053,1011.0,2025-08-08 17:44:52
IBMP,,,,,,,,,-,-,-,-,-,25.44,0.0002,47399.0,2025-08-08 17:44:52
MINO,,,,,,,,,-,-,-,-,-,43.92,0.0005,21380.0,2025-08-08 17:44:52
AESR,,,,,,,,,-,-,-,-,-,19.41,0.005699999999999999,9855.0,2025-08-08 17:44:52
SNOU,,,,,,,,,-,-,-,-,-,38.86,-0.1422,61503.0,2025-08-08 17:44:52
MSLC,,,,,,,,,-,-,-,-,-,52.31,0.0077,53156.0,2025-08-08 17:44:52
WEED,,,,,,,,,-,-,-,-,-,16.08,0.09380000000000001,52462.0,2025-08-08 17:44:52
FTXH,,,,,,,,,-,-,-,-,-,26.39,0.0087,605.0,2025-08-08 17:44:52
AAXJ,,,,,,,,,-,-,-,-,-,84.94,-0.0012,716893.0,2025-08-08 17:44:52
IBMQ,,,,,,,,,-,-,-,-,-,25.56,0.0,42660.0,2025-08-08 17:44:52
HYSA,,,,,,,,,-,-,-,-,-,15.09,-0.0025,12344.0,2025-08-08 17:44:52
ADVE,,,,,,,,,-,-,-,-,-,36.75,0.0040999999999999995,5.0,2025-08-08 17:44:52
MSSM,,,,,,,,,-,-,-,-,-,47.37,0.002,11915.0,2025-08-08 17:44:52
SLQD,,,,,,,,,-,-,-,-,-,50.51,-0.0009,158064.0,2025-08-08 17:44:52
GMOV,,,,,,,,,-,-,-,-,-,25.41,0.0106,4765.0,2025-08-08 17:44:52
SEIV,,,,,,,,,-,-,-,-,-,36.47,0.0139,45277.0,2025-08-08 17:44:52
EMDM,,,,,,,,,-,-,-,-,-,26.03,0.0005,114.0,2025-08-08 17:44:52
DFSU,,,,,,,,,-,-,-,-,-,40.44,0.0072,124200.0,2025-08-08 17:44:52
HYSD,,,,,,,,,-,-,-,-,-,20.2,0.0004,2877.0,2025-08-08 17:44:52
AEMS,,,,,,,,,-,-,-,-,-,10.16,0.0024,22938.0,2025-08-08 17:44:52
MSSS,,,,,,,,,-,-,-,-,-,29.0,0.0062,10403.0,2025-08-08 17:44:52
RECS,,,,,,,,,-,-,-,-,-,38.47,0.0113,418867.0,2025-08-08 17:44:52
GNR,,,,,,,,,-,-,-,-,-,55.73,0.0054,94195.0,2025-08-08 17:44:52
SEIX,,,,,,,,,-,-,-,-,-,23.63,0.0,85994.0,2025-08-08 17:44:52
EMDV,,,,,,,,,-,-,-,-,-,45.98,-0.001,90.0,2025-08-08 17:44:52
DFSV,,,,,,,,,-,-,-,-,-,29.89,0.0054,1805877.0,2025-08-08 17:44:52
HYTI,,,,,,,,,-,-,-,-,-,19.84,0.0,13169.0,2025-08-08 17:44:52
AESR,,,,,,,,,-,-,-,-,-,19.41,0.005699999999999999,9855.0,2025-08-08 17:44:52
MST,,,,,,,,,-,-,-,-,-,15.24,-0.0187,1033426.0,2025-08-08 17:44:52
RDIV,,,,,,,,,-,-,-,-,-,48.57,0.006999999999999999,20989.0,2025-08-08 17:44:52
MRAL,,,,,,,,,-,-,-,-,-,17.74,-0.0698,477281.0,2025-08-08 17:44:52
INFR,,,,,,,,,-,-,-,-,-,26.76,-0.001,1008.0,2025-08-08 17:44:52
TSLZ,,,,,,,,,-,-,-,-,-,1.41,-0.0471,133858556.0,2025-08-08 17:44:52
IYK,,,,,,,,,-,-,-,-,-,70.0,0.0046,164436.0,2025-08-08 17:44:52
IBGK,,,,,,,,,-,-,-,-,-,23.6,-0.0045000000000000005,5.0,2025-08-08 17:44:52
EVLN,,,,,,,,,-,-,-,-,-,49.92,0.0,19748.0,2025-08-08 17:44:52
NUMV,,,,,,,,,-,-,-,-,-,36.93,0.0021,12761.0,2025-08-08 17:44:52
DAX,,,,,,,,,-,-,-,-,-,44.9,-0.0002,79134.0,2025-08-08 17:44:52
MSDD,,,,,,,,,-,-,-,-,-,21.48,0.0368,6847.0,2025-08-08 17:44:52
INKM,,,,,,,,,-,-,-,-,-,32.65,0.0006,928.0,2025-08-08 17:44:52
TSYY,,,,,,,,,-,-,-,-,-,8.36,-0.0296,1128015.0,2025-08-08 17:44:52
IYLD,,,,,,,,,-,-,-,-,-,20.69,0.0005,5165.0,2025-08-08 17:44:52
IBGL,,,,,,,,,-,-,-,-,-,24.26,-0.0043,33.0,2025-08-08 17:44:52
EVLU,,,,,,,,,-,-,-,-,-,28.19,-0.0007000000000000001,2078.0,2025-08-08 17:44:52
NURE,,,,,,,,,-,-,-,-,-,28.22,-0.011200000000000002,4154.0,2025-08-08 17:44:52
EJAN,,,,,,,,,-,-,-,-,-,32.49,-0.0008,4136.0,2025-08-08 17:44:52
MRSK,,,,,,,,,-,-,-,-,-,34.35,0.0064,33709.0,2025-08-08 17:44:52
INMU,,,,,,,,,-,-,-,-,-,23.41,-0.0008,103434.0,2025-08-08 17:44:52
TSPA,,,,,,,,,-,-,-,-,-,40.08,0.0073,158149.0,2025-08-08 17:44:52
IYM,,,,,,,,,-,-,-,-,-,143.29,0.004,4903.0,2025-08-08 17:44:52
SEPP,,,,,,,,,-,-,-,-,-,28.96,0.0053,120.0,2025-08-08 17:44:52
ESGG,,,,,,,,,-,-,-,-,-,190.89,0.0077,517.0,2025-08-08 17:44:52
TBT,,,,,,,,,-,-,-,-,-,35.59,0.0070999999999999995,232449.0,2025-08-08 17:44:52
FLJH,,,,,,,,,-,-,-,-,-,34.67,0.0209,28123.0,2025-08-08 17:44:52
EMCB,,,,,,,,,-,-,-,-,-,66.5,0.0006,6462.0,2025-08-08 17:44:52
GMMF,,,,,,,,,-,-,-,-,-,100.27,0.0003,6498.0,2025-08-08 17:44:52
DHDG,,,,,,,,,-,-,-,-,-,32.24,0.0045000000000000005,831.0,2025-08-08 17:44:52
NXTG,,,,,,,,,-,-,-,-,-,98.51,0.0049,1963.0,2025-08-08 17:44:52
SEPT,,,,,,,,,-,-,-,-,-,32.86,0.0,0.0,2025-08-08 17:44:52
FNDA,,,,,,,,,-,-,-,-,-,29.32,0.0,1012171.0,2025-08-08 17:44:52
TBUX,,,,,,,,,-,-,-,-,-,49.85,0.0001,194937.0,2025-08-08 17:44:52
FLJJ,,,,,,,,,-,-,-,-,-,30.7,0.0039000000000000003,102.0,2025-08-08 17:44:52
ELQD,,,,,,,,,-,-,-,-,-,82.31,-0.0033,6.0,2025-08-08 17:44:52
GMNY,,,,,,,,,-,-,-,-,-,48.78,-0.0008,2009.0,2025-08-08 17:44:52
DGP,,,,,,,,,-,-,-,-,-,105.62,-0.0029,21214.0,2025-08-08 17:44:52
NXTI,,,,,,,,,-,-,-,-,-,30.92,0.0045000000000000005,935.0,2025-08-08 17:44:52
SEPU,,,,,,,,,-,-,-,-,-,27.13,0.0,0.0,2025-08-08 17:44:52
FNDB,,,,,,,,,-,-,-,-,-,24.34,0.0087,52804.0,2025-08-08 17:44:52
TBX,,,,,,,,,-,-,-,-,-,28.31,0.003,882.0,2025-08-08 17:44:52
FLJP,,,,,,,,,-,-,-,-,-,33.57,0.0151,325736.0,2025-08-08 17:44:52
KORU,,,,,,,,,-,-,-,-,-,84.15,0.0005,59246.0,2025-08-08 17:44:52
HYDR,,,,,,,,,-,-,-,-,-,23.93,0.0097,7658.0,2025-08-08 17:44:52
JUNP,,,,,,,,,-,-,-,-,-,29.23,0.0043,115.0,2025-08-08 17:44:52
EVMO,,,,,,,,,-,-,-,-,-,49.92,-0.0001,38153.0,2025-08-08 17:44:52
IQSZ,,,,,,,,,-,-,-,-,-,25.54,0.0085,14.0,2025-08-08 17:44:52
EMHC,,,,,,,,,-,-,-,-,-,24.8,0.0003,57805.0,2025-08-08 17:44:52
OAEM,,,,,,,,,-,-,-,-,-,33.06,-0.0105,2216.0,2025-08-08 17:44:52
WEEI,,,,,,,,,-,-,-,-,-,20.59,0.0033,6211.0,2025-08-08 17:44:52
KOID,,,,,,,,,-,-,-,-,-,27.82,0.0019,50670.0,2025-08-08 17:44:52
HYDW,,,,,,,,,-,-,-,-,-,47.06,-0.0,3379.0,2025-08-08 17:44:52
JSTC,,,,,,,,,-,-,-,-,-,19.83,0.004699999999999999,866.0,2025-08-08 17:44:52
EVMT,,,,,,,,,-,-,-,-,-,15.55,0.0032,290.0,2025-08-08 17:44:52
IRET,,,,,,,,,-,-,-,-,-,18.48,-0.006,412.0,2025-08-08 17:44:52
EMHY,,,,,,,,,-,-,-,-,-,39.29,0.001,47180.0,2025-08-08 17:44:52
OAIM,,,,,,,,,-,-,-,-,-,39.2,0.002,9820.0,2025-08-08 17:44:52
WEEK,,,,,,,,,-,-,-,-,-,100.07,0.0002,14911.0,2025-08-08 17:44:52
KOKU,,,,,,,,,-,-,-,-,-,112.1,0.006999999999999999,258.0,2025-08-08 17:44:52
HYEM,,,,,,,,,-,-,-,-,-,19.89,0.0,42414.0,2025-08-08 17:44:52
JUNT,,,,,,,,,-,-,-,-,-,34.69,0.0044,1474.0,2025-08-08 17:44:52
EVIM,,,,,,,,,-,-,-,-,-,51.35,-0.001,3083.0,2025-08-08 17:44:52
NOVP,,,,,,,,,-,-,-,-,-,29.11,0.0048,900.0,2025-08-08 17:44:52
CZAR,,,,,,,,,-,-,-,-,-,31.71,0.0048,70.0,2025-08-08 17:44:52
PFUT,,,,,,,,,-,-,-,-,-,25.36,-0.0096,14284.0,2025-08-08 17:44:52
IAUG,,,,,,,,,-,-,-,-,-,27.38,0.0039000000000000003,76821.0,2025-08-08 17:44:52
ATFV,,,,,,,,,-,-,-,-,-,32.23,0.0167,19848.0,2025-08-08 17:44:52
IYE,,,,,,,,,-,-,-,-,-,45.18,0.0049,723865.0,2025-08-08 17:44:52
AVGW,,,,,,,,,-,-,-,-,-,54.69,0.0073,39638.0,2025-08-08 17:44:52
VTWG,,,,,,,,,-,-,-,-,-,212.69,0.0017000000000000001,18203.0,2025-08-08 17:44:52
NOWL,,,,,,,,,-,-,-,-,-,20.33,-0.008199999999999999,29840.0,2025-08-08 17:44:52
ELM,,,,,,,,,-,-,-,-,-,26.31,0.0048,137164.0,2025-08-08 17:44:52
PGF,,,,,,,,,-,-,-,-,-,14.3,0.0028000000000000004,70690.0,2025-08-08 17:44:52
IAUI,,,,,,,,,-,-,-,-,-,49.69,-0.0006,52957.0,2025-08-08 17:44:52
ASTX,,,,,,,,,-,-,-,-,-,26.87,-0.0407,342719.0,2025-08-08 17:44:52
IYF,,,,,,,,,-,-,-,-,-,121.44,0.008100000000000001,179537.0,2025-08-08 17:44:52
AVGX,,,,,,,,,-,-,-,-,-,42.74,0.0059,256497.0,2025-08-08 17:44:52
VTWO,,,,,,,,,-,-,-,-,-,89.09,0.0021,1001609.0,2025-08-08 17:44:52
NPFI,,,,,,,,,-,-,-,-,-,26.09,0.0013,1502.0,2025-08-08 17:44:52
ELON,,,,,,,,,-,-,-,-,-,13.62,0.0374,4827.0,2025-08-08 17:44:52
PGHY,,,,,,,,,-,-,-,-,-,19.99,0.0005,16225.0,2025-08-08 17:44:52
IAUM,,,,,,,,,-,-,-,-,-,33.89,0.0,5927042.0,2025-08-08 17:44:52
IJJ,,,,,,,,,-,-,-,-,-,123.81,0.0014000000000000002,97715.0,2025-08-08 17:44:52
IBDQ,,,,,,,,,-,-,-,-,-,25.12,0.0,512143.0,2025-08-08 17:44:52
PSCH,,,,,,,,,-,-,-,-,-,38.01,0.008199999999999999,17508.0,2025-08-08 17:44:52
DARP,,,,,,,,,-,-,-,-,-,38.4,0.008100000000000001,258.0,2025-08-08 17:44:52
DMX,,,,,,,,,-,-,-,-,-,50.31,0.0003,1890.0,2025-08-08 17:44:52
AHLT,,,,,,,,,-,-,-,-,-,22.14,0.0069,3730.0,2025-08-08 17:44:52
SOLT,,,,,,,,,-,-,-,-,-,19.29,0.08130000000000001,3375769.0,2025-08-08 17:44:52
IPOS,,,,,,,,,-,-,-,-,-,15.77,0.0019,1155.0,2025-08-08 17:44:52
IJK,,,,,,,,,-,-,-,-,-,92.22,-0.0009,154766.0,2025-08-08 17:44:52
IBDR,,,,,,,,,-,-,-,-,-,24.19,0.0004,371661.0,2025-08-08 17:44:52
PSCI,,,,,,,,,-,-,-,-,-,141.82,0.005600000000000001,1783.0,2025-08-08 17:44:52
DAT,,,,,,,,,-,-,-,-,-,44.61,-0.018600000000000002,1290.0,2025-08-08 17:44:52
DMXF,,,,,,,,,-,-,-,-,-,74.0,0.005,12639.0,2025-08-08 17:44:52
AGMI,,,,,,,,,-,-,-,-,-,40.1,0.012,69.0,2025-08-08 17:44:52
TQQQ,,,,,,,,,-,-,-,-,-,92.16,0.027000000000000003,51722295.0,2025-08-08 17:44:52
IPPP,,,,,,,,,-,-,-,-,-,10.04,0.002,16.0,2025-08-08 17:44:52
IJR,,,,,,,,,-,-,-,-,-,110.89,0.0027,3370469.0,2025-08-08 17:44:52
IBDS,,,,,,,,,-,-,-,-,-,24.22,-0.0004,749096.0,2025-08-08 17:44:52
PSCJ,,,,,,,,,-,-,-,-,-,28.83,0.0038,9324.0,2025-08-08 17:44:52
DAPP,,,,,,,,,-,-,-,-,-,16.61,-0.0101,474604.0,2025-08-08 17:44:52
EMOP,,,,,,,,,-,-,-,-,-,36.76,0.0018,10.0,2025-08-08 17:44:52
LCR,,,,,,,,,-,-,-,-,-,36.38,0.0037,12830.0,2025-08-08 17:44:52
QABA,,,,,,,,,-,-,-,-,-,53.6,0.0102,3188.0,2025-08-08 17:44:52
MTUM,,,,,,,,,-,-,-,-,-,245.66,0.0073,649597.0,2025-08-08 17:44:52
EQTY,,,,,,,,,-,-,-,-,-,25.64,0.006999999999999999,17035.0,2025-08-08 17:44:52
FFLG,,,,,,,,,-,-,-,-,-,28.25,0.0104,47322.0,2025-08-08 17:44:52
GDOC,,,,,,,,,-,-,-,-,-,30.84,0.0092,14.0,2025-08-08 17:44:52
METU,,,,,,,,,-,-,-,-,-,47.99,0.0174,607620.0,2025-08-08 17:44:52
EMOT,,,,,,,,,-,-,-,-,-,23.18,0.0068000000000000005,19.0,2025-08-08 17:44:52
LCTD,,,,,,,,,-,-,-,-,-,51.35,0.0048,4157.0,2025-08-08 17:44:52
QAI,,,,,,,,,-,-,-,-,-,32.67,-0.0,14523.0,2025-08-08 17:44:52
MTGP,,,,,,,,,-,-,-,-,-,44.03,-0.0034000000000000002,2613.0,2025-08-08 17:44:52
ESGU,,,,,,,,,-,-,-,-,-,139.35,0.0073,226852.0,2025-08-08 17:44:52
FFLS,,,,,,,,,-,-,-,-,-,25.24,-0.0055000000000000005,6338.0,2025-08-08 17:44:52
GDMA,,,,,,,,,-,-,-,-,-,35.83,0.0037,1827.0,2025-08-08 17:44:52
METV,,,,,,,,,-,-,-,-,-,18.45,0.009300000000000001,157065.0,2025-08-08 17:44:52
FLMI,,,,,,,,,-,-,-,-,-,24.12,-0.0008,310751.0,2025-08-08 17:44:52
LCTU,,,,,,,,,-,-,-,-,-,69.34,0.008100000000000001,14082.0,2025-08-08 17:44:52
QARP,,,,,,,,,-,-,-,-,-,54.88,0.0098,970.0,2025-08-08 17:44:52
LQDB,,,,,,,,,-,-,-,-,-,86.61,-0.0027,287.0,2025-08-08 17:44:52
PEY,,,,,,,,,-,-,-,-,-,20.49,0.0021,144598.0,2025-08-08 17:44:52
JRE,,,,,,,,,-,-,-,-,-,23.68,-0.0053,16.0,2025-08-08 17:44:52
AUSF,,,,,,,,,-,-,-,-,-,44.53,0.0059,42566.0,2025-08-08 17:44:52
IAPR,,,,,,,,,-,-,-,-,-,29.52,0.0044,14015.0,2025-08-08 17:44:52
RDFI,,,,,,,,,-,-,-,-,-,23.82,0.0004,20232.0,2025-08-08 17:44:52
AFIX,,,,,,,,,-,-,-,-,-,25.02,-0.0021,1895.0,2025-08-08 17:44:52
MSTB,,,,,,,,,-,-,-,-,-,37.91,0.0026,585.0,2025-08-08 17:44:52
AAPY,,,,,,,,,-,-,-,-,-,22.92,0.013500000000000002,2292.0,2025-08-08 17:44:52
PEZ,,,,,,,,,-,-,-,-,-,97.91,-0.011899999999999999,265.0,2025-08-08 17:44:52
JSCP,,,,,,,,,-,-,-,-,-,47.31,-0.0009,154479.0,2025-08-08 17:44:52
AUSM,,,,,,,,,-,-,-,-,-,25.1,0.0,4.0,2025-08-08 17:44:52
JAAA,,,,,,,,,-,-,-,-,-,50.62,0.0002,6337332.0,2025-08-08 17:44:52
RDOG,,,,,,,,,-,-,-,-,-,35.32,-0.0062,1407.0,2025-08-08 17:44:52
AFSC,,,,,,,,,-,-,-,-,-,28.38,0.0101,497.0,2025-08-08 17:44:52
MSTI,,,,,,,,,-,-,-,-,-,20.64,-0.0007000000000000001,122.0,2025-08-08 17:44:52
ELCV,,,,,,,,,-,-,-,-,-,25.89,0.0027,51584.0,2025-08-08 17:44:52
QQQY,,,,,,,,,-,-,-,-,-,25.84,0.0034999999999999996,87011.0,2025-08-08 17:44:52
JSI,,,,,,,,,-,-,-,-,-,52.51,-0.0015,64195.0,2025-08-08 17:44:52
AVBC,,,,,,,,,-,-,-,-,-,14.58,0.0189,341167.0,2025-08-08 17:44:52
JABS,,,,,,,,,-,-,-,-,-,50.35,0.0002,608.0,2025-08-08 17:44:52
SVAL,,,,,,,,,-,-,-,-,-,31.39,0.0064,5778.0,2025-08-08 17:44:52
BACC,,,,,,,,,-,-,-,-,-,9.97,0.0005,359816.0,2025-08-08 17:44:52
SCHG,,,,,,,,,-,-,-,-,-,30.39,0.006999999999999999,9809893.0,2025-08-08 17:44:52
EDGI,,,,,,,,,-,-,-,-,-,26.46,0.0026,20035.0,2025-08-08 17:44:52
MAYT,,,,,,,,,-,-,-,-,-,35.44,0.004,450.0,2025-08-08 17:44:52
MODL,,,,,,,,,-,-,-,-,-,44.15,0.0083,19888.0,2025-08-08 17:44:52
OVS,,,,,,,,,-,-,-,-,-,33.08,0.0038,2278.0,2025-08-08 17:44:52
EMHY,,,,,,,,,-,-,-,-,-,39.29,0.001,47180.0,2025-08-08 17:44:52
SURI,,,,,,,,,-,-,-,-,-,15.2,-0.0086,671.0,2025-08-08 17:44:52
BALT,,,,,,,,,-,-,-,-,-,32.44,0.0014000000000000002,990348.0,2025-08-08 17:44:52
SCHH,,,,,,,,,-,-,-,-,-,20.86,-0.0095,10949035.0,2025-08-08 17:44:52
EDGU,,,,,,,,,-,-,-,-,-,26.46,0.006500000000000001,9035.0,2025-08-08 17:44:52
MAYU,,,,,,,,,-,-,-,-,-,29.64,0.0075,103.0,2025-08-08 17:44:52
NSCR,,,,,,,,,-,-,-,-,-,30.13,0.009399999999999999,3.0,2025-08-08 17:44:52
OVT,,,,,,,,,-,-,-,-,-,22.11,-0.0003,10598.0,2025-08-08 17:44:52
EMIF,,,,,,,,,-,-,-,-,-,24.61,-0.0008,976.0,2025-08-08 17:44:52
SUSA,,,,,,,,,-,-,-,-,-,129.84,0.006,39052.0,2025-08-08 17:44:52
BALI,,,,,,,,,-,-,-,-,-,30.73,0.008199999999999999,47122.0,2025-08-08 17:44:52
SCHI,,,,,,,,,-,-,-,-,-,22.75,-0.0022,937974.0,2025-08-08 17:44:52
FCVT,,,,,,,,,-,-,-,-,-,39.44,-0.0046,12450.0,2025-08-08 17:44:52
HYEM,,,,,,,,,-,-,-,-,-,19.89,0.0,42414.0,2025-08-08 17:44:52
EMDM,,,,,,,,,-,-,-,-,-,26.03,0.0005,114.0,2025-08-08 17:44:52
IBTO,,,,,,,,,-,-,-,-,-,24.4,-0.0027,82574.0,2025-08-08 17:44:52
KNOV,,,,,,,,,-,-,-,-,-,25.77,0.0028000000000000004,3678.0,2025-08-08 17:44:52
SNPG,,,,,,,,,-,-,-,-,-,49.4,0.009399999999999999,230.0,2025-08-08 17:44:52
AFMC,,,,,,,,,-,-,-,-,-,32.25,0.006,7242.0,2025-08-08 17:44:52
SHPU,,,,,,,,,-,-,-,-,-,33.44,-0.0204,11023.0,2025-08-08 17:44:52
SSPY,,,,,,,,,-,-,-,-,-,83.1,0.0031,293.0,2025-08-08 17:44:52
HYFI,,,,,,,,,-,-,-,-,-,37.5,0.0011,15477.0,2025-08-08 17:44:52
EMDV,,,,,,,,,-,-,-,-,-,45.98,-0.001,90.0,2025-08-08 17:44:52
IBTP,,,,,,,,,-,-,-,-,-,25.59,-0.0026,7313.0,2025-08-08 17:44:52
KNOW,,,,,,,,,-,-,-,-,-,11.06,0.0009,305.0,2025-08-08 17:44:52
SMTH,,,,,,,,,-,-,-,-,-,25.89,-0.0019,366558.0,2025-08-08 17:44:52
AFOS,,,,,,,,,-,-,-,-,-,27.42,0.0116,142.0,2025-08-08 17:44:52
SHRT,,,,,,,,,-,-,-,-,-,7.73,0.006500000000000001,65.0,2025-08-08 17:44:52
SSUS,,,,,,,,,-,-,-,-,-,45.84,0.0067,7550.0,2025-08-08 17:44:52
HYLS,,,,,,,,,-,-,-,-,-,41.78,-0.0007000000000000001,103579.0,2025-08-08 17:44:52
EMEQ,,,,,,,,,-,-,-,-,-,30.73,-0.0044,5073.0,2025-08-08 17:44:52
IBTQ,,,,,,,,,-,-,-,-,-,25.2,-0.0025,4975.0,2025-08-08 17:44:52
KNRG,,,,,,,,,-,-,-,-,-,25.67,0.0013,12860.0,2025-08-08 17:44:52
ESGU,,,,,,,,,-,-,-,-,-,139.35,0.0073,226852.0,2025-08-08 17:44:52
RAYD,,,,,,,,,-,-,-,-,-,36.76,0.005699999999999999,2535.0,2025-08-08 17:44:52
TAFI,,,,,,,,,-,-,-,-,-,25.16,-0.0004,109161.0,2025-08-08 17:44:52
GHYG,,,,,,,,,-,-,-,-,-,46.06,0.0004,11957.0,2025-08-08 17:44:52
UAE,,,,,,,,,-,-,-,-,-,20.14,0.002,58134.0,2025-08-08 17:44:52
HWAY,,,,,,,,,-,-,-,-,-,29.48,0.0040999999999999995,8.0,2025-08-08 17:44:52
MRSK,,,,,,,,,-,-,-,-,-,34.35,0.0064,33709.0,2025-08-08 17:44:52
IEMG,,,,,,,,,-,-,-,-,-,61.41,-0.0013,4297136.0,2025-08-08 17:44:52
ESGV,,,,,,,,,-,-,-,-,-,112.97,0.0075,162938.0,2025-08-08 17:44:52
RAYE,,,,,,,,,-,-,-,-,-,27.06,0.0024,1690.0,2025-08-08 17:44:52
TAFL,,,,,,,,,-,-,-,-,-,24.1,-0.0006,3589.0,2025-08-08 17:44:52
GIAX,,,,,,,,,-,-,-,-,-,17.86,-0.0002,33969.0,2025-08-08 17:44:52
IPDP,,,,,,,,,-,-,-,-,-,20.3,0.0076,23.0,2025-08-08 17:44:52
HVAC,,,,,,,,,-,-,-,-,-,30.22,0.008,12470.0,2025-08-08 17:44:52
VIXI,,,,,,,,,-,-,-,-,-,19.06,,3852.0,2025-08-08 17:44:52
IEO,,,,,,,,,-,-,-,-,-,86.99,0.0042,94121.0,2025-08-08 17:44:52
ESIX,,,,,,,,,-,-,-,-,-,29.63,0.0012,3.0,2025-08-08 17:44:52
RAYJ,,,,,,,,,-,-,-,-,-,33.36,0.0011,2359.0,2025-08-08 17:44:52
TAFM,,,,,,,,,-,-,-,-,-,24.75,-0.0002,39673.0,2025-08-08 17:44:52
FIBR,,,,,,,,,-,-,-,-,-,88.57,-0.0011,3512.0,2025-08-08 17:44:52
FFLS,,,,,,,,,-,-,-,-,-,25.24,-0.0055000000000000005,6338.0,2025-08-08 17:44:52
IBHF,,,,,,,,,-,-,-,-,-,23.17,0.0,327750.0,2025-08-08 17:44:52
IPOS,,,,,,,,,-,-,-,-,-,15.77,0.0019,1155.0,2025-08-08 17:44:52
INFO,,,,,,,,,-,-,-,-,-,22.65,0.01,982.0,2025-08-08 17:44:52
IDVZ,,,,,,,,,-,-,-,-,-,29.32,0.0015,7786.0,2025-08-08 17:44:52
APXM,,,,,,,,,-,-,-,-,-,30.42,0.0,0.0,2025-08-08 17:44:52
USNG,,,,,,,,,-,-,-,-,-,26.09,-0.005,533.0,2025-08-08 17:44:52
OAIM,,,,,,,,,-,-,-,-,-,39.2,0.002,9820.0,2025-08-08 17:44:52
FFLV,,,,,,,,,-,-,-,-,-,22.25,0.0070999999999999995,336.0,2025-08-08 17:44:52
IBHG,,,,,,,,,-,-,-,-,-,22.41,0.0005,37860.0,2025-08-08 17:44:52
IPPP,,,,,,,,,-,-,-,-,-,10.04,0.002,16.0,2025-08-08 17:44:52
INFR,,,,,,,,,-,-,-,-,-,26.76,-0.001,1008.0,2025-08-08 17:44:52
IDX,,,,,,,,,-,-,-,-,-,15.63,0.0209,10497.0,2025-08-08 17:44:52
APRZ,,,,,,,,,-,-,-,-,-,36.49,0.0068000000000000005,269.0,2025-08-08 17:44:52
USNZ,,,,,,,,,-,-,-,-,-,40.35,0.0095,19.0,2025-08-08 17:44:52
OAKM,,,,,,,,,-,-,-,-,-,25.48,0.0034999999999999996,445969.0,2025-08-08 17:44:52
FFND,,,,,,,,,-,-,-,-,-,28.51,0.0049,14047.0,2025-08-08 17:44:52
IBHH,,,,,,,,,-,-,-,-,-,23.66,0.0008,119894.0,2025-08-08 17:44:52
IQDF,,,,,,,,,-,-,-,-,-,27.94,0.0055000000000000005,76071.0,2025-08-08 17:44:52
INKM,,,,,,,,,-,-,-,-,-,32.65,0.0006,928.0,2025-08-08 17:44:52
MVLL,,,,,,,,,-,-,-,-,-,22.1,0.0392,106025.0,2025-08-08 17:44:52
IBMP,,,,,,,,,-,-,-,-,-,25.44,0.0002,47399.0,2025-08-08 17:44:52
USO,,,,,,,,,-,-,-,-,-,73.3,-0.0016,5782526.0,2025-08-08 17:44:52
AAPR,,,,,,,,,-,-,-,-,-,27.56,0.0021,8755.0,2025-08-08 17:44:52
BLCN,,,,,,,,,-,-,-,-,-,23.63,-0.009000000000000001,3448.0,2025-08-08 17:44:52
IONZ,,,,,,,,,-,-,-,-,-,15.62,-0.0677,1355189.0,2025-08-08 17:44:52
PMJA,,,,,,,,,-,-,-,-,-,25.99,0.0023,39.0,2025-08-08 17:44:52
SEMG,,,,,,,,,-,-,-,-,-,26.16,0.006500000000000001,50530.0,2025-08-08 17:44:52
MVAL,,,,,,,,,-,-,-,-,-,33.75,0.0034000000000000002,11.0,2025-08-08 17:44:52
IBMQ,,,,,,,,,-,-,-,-,-,25.56,0.0,42660.0,2025-08-08 17:44:52
USOI,,,,,,,,,-,-,-,-,-,51.23,-0.0101,166741.0,2025-08-08 17:44:52
AAPU,,,,,,,,,-,-,-,-,-,26.91,0.0833,17803601.0,2025-08-08 17:44:52
BKWO,,,,,,,,,-,-,-,-,-,37.72,0.0058,901.0,2025-08-08 17:44:52
IOO,,,,,,,,,-,-,-,-,-,113.58,0.0103,122467.0,2025-08-08 17:44:52
PMJL,,,,,,,,,-,-,-,-,-,25.19,0.0,0.0,2025-08-08 17:44:52
SEMI,,,,,,,,,-,-,-,-,-,29.58,0.0128,968.0,2025-08-08 17:44:52
MVFD,,,,,,,,,-,-,-,-,-,25.91,0.0072,6863.0,2025-08-08 17:44:52
IBMR,,,,,,,,,-,-,-,-,-,25.38,-0.002,18695.0,2025-08-08 17:44:52
USOY,,,,,,,,,-,-,-,-,-,8.48,0.0040999999999999995,209982.0,2025-08-08 17:44:52
AAPW,,,,,,,,,-,-,-,-,-,38.64,0.0537,80280.0,2025-08-08 17:44:52
VXF,,,,,,,,,-,-,-,-,-,196.6,-0.0027,334664.0,2025-08-08 17:44:52
KROP,,,,,,,,,-,-,-,-,-,10.7,0.0034999999999999996,1913.0,2025-08-08 17:44:52
GFLW,,,,,,,,,-,-,-,-,-,27.04,0.0029,338332.0,2025-08-08 17:44:52
IBDR,,,,,,,,,-,-,-,-,-,24.19,0.0004,371661.0,2025-08-08 17:44:52
GPIX,,,,,,,,,-,-,-,-,-,50.51,0.0064,258630.0,2025-08-08 17:44:52
BBIN,,,,,,,,,-,-,-,-,-,68.35,0.0075,59886.0,2025-08-08 17:44:52
NSEP,,,,,,,,,-,-,-,-,-,27.89,0.0024,1052.0,2025-08-08 17:44:52
FFSM,,,,,,,,,-,-,-,-,-,27.68,0.0058,30333.0,2025-08-08 17:44:52
VXUS,,,,,,,,,-,-,-,-,-,70.44,0.0033,3236062.0,2025-08-08 17:44:52
MEM,,,,,,,,,-,-,-,-,-,33.08,-0.0042,1019.0,2025-08-08 17:44:52
GGLL,,,,,,,,,-,-,-,-,-,44.64,0.0501,2895974.0,2025-08-08 17:44:52
IBDS,,,,,,,,,-,-,-,-,-,24.22,-0.0004,749096.0,2025-08-08 17:44:52
FMTM,,,,,,,,,-,-,-,-,-,27.08,0.0038,2064.0,2025-08-08 17:44:52
BBJP,,,,,,,,,-,-,-,-,-,64.39,0.016399999999999998,1222831.0,2025-08-08 17:44:52
NSI,,,,,,,,,-,-,-,-,-,30.11,-0.0017000000000000001,3505.0,2025-08-08 17:44:52
FFTY,,,,,,,,,-,-,-,-,-,34.09,0.0034999999999999996,168033.0,2025-08-08 17:44:52
VXX,,,,,,,,,-,-,-,-,-,40.81,-0.0332,5848542.0,2025-08-08 17:44:52
MEMS,,,,,,,,,-,-,-,-,-,26.16,0.0004,3626.0,2025-08-08 17:44:52
GGLS,,,,,,,,,-,-,-,-,-,10.85,-0.025,249643.0,2025-08-08 17:44:52
IBDT,,,,,,,,,-,-,-,-,-,25.38,0.0,392905.0,2025-08-08 17:44:52
PY,,,,,,,,,-,-,-,-,-,50.32,0.0073,7563.0,2025-08-08 17:44:52
EMHY,,,,,,,,,-,-,-,-,-,39.29,0.001,47180.0,2025-08-08 17:44:52
PPEM,,,,,,,,,-,-,-,-,-,25.31,0.0008,1930.0,2025-08-08 17:44:52
DIHP,,,,,,,,,-,-,-,-,-,29.42,0.0040999999999999995,309698.0,2025-08-08 17:44:52
AVDS,,,,,,,,,-,-,-,-,-,64.47,0.0027,17404.0,2025-08-08 17:44:52
SETH,,,,,,,,,-,-,-,-,-,9.18,-0.0467,294582.0,2025-08-08 17:44:52
ICLN,,,,,,,,,-,-,-,-,-,13.69,-0.0015,2486448.0,2025-08-08 17:44:52
DIVD,,,,,,,,,-,-,-,-,-,35.83,0.0069,26461.0,2025-08-08 17:44:52
PYLD,,,,,,,,,-,-,-,-,-,26.49,-0.0004,1422800.0,2025-08-08 17:44:52
EMIF,,,,,,,,,-,-,-,-,-,24.61,-0.0008,976.0,2025-08-08 17:44:52
PPH,,,,,,,,,-,-,-,-,-,82.84,0.0031,158359.0,2025-08-08 17:44:52
DIM,,,,,,,,,-,-,-,-,-,76.72,0.0045000000000000005,5771.0,2025-08-08 17:44:52
AVDV,,,,,,,,,-,-,-,-,-,83.33,0.0046,301449.0,2025-08-08 17:44:52
SETM,,,,,,,,,-,-,-,-,-,20.63,0.0222,196670.0,2025-08-08 17:44:52
ICLO,,,,,,,,,-,-,-,-,-,25.63,0.0004,77880.0,2025-08-08 17:44:52
DIVG,,,,,,,,,-,-,-,-,-,31.68,0.0040999999999999995,266.0,2025-08-08 17:44:52
PYPG,,,,,,,,,-,-,-,-,-,16.36,-0.0161,58473.0,2025-08-08 17:44:52
GOVZ,,,,,,,,,-,-,-,-,-,9.38,-0.0079,150112.0,2025-08-08 17:44:52
PPI,,,,,,,,,-,-,-,-,-,16.97,-0.0023,3636.0,2025-08-08 17:44:52
DHS,,,,,,,,,-,-,-,-,-,98.2,0.0066,14863.0,2025-08-08 17:44:52
LOUP,,,,,,,,,-,-,-,-,-,64.57,-0.0053,9532.0,2025-08-08 17:44:52
RXD,,,,,,,,,-,-,-,-,-,13.02,-0.0179,11321.0,2025-08-08 17:44:52
CBXY,,,,,,,,,-,-,-,-,-,25.62,-0.0051,7646.0,2025-08-08 17:44:52
GPZ,,,,,,,,,-,-,-,-,-,28.31,0.009399999999999999,229823.0,2025-08-08 17:44:52
UAUG,,,,,,,,,-,-,-,-,-,38.38,0.0052,60702.0,2025-08-08 17:44:52
FSIG,,,,,,,,,-,-,-,-,-,19.16,0.0,142066.0,2025-08-08 17:44:52
MGRO,,,,,,,,,-,-,-,-,-,31.85,0.0008,30.0,2025-08-08 17:44:52
TJUL,,,,,,,,,-,-,-,-,-,28.87,0.0001,6122.0,2025-08-08 17:44:52
LONZ,,,,,,,,,-,-,-,-,-,50.78,0.0002,19514.0,2025-08-08 17:44:52
RXI,,,,,,,,,-,-,-,-,-,191.84,0.0040999999999999995,1833.0,2025-08-08 17:44:52
CBSE,,,,,,,,,-,-,-,-,-,38.36,0.005699999999999999,2212.0,2025-08-08 17:44:52
GQGU,,,,,,,,,-,-,-,-,-,25.07,0.005699999999999999,13567.0,2025-08-08 17:44:52
UAE,,,,,,,,,-,-,-,-,-,20.14,0.002,58134.0,2025-08-08 17:44:52
FSLD,,,,,,,,,-,-,-,-,-,50.31,-0.0009,727.0,2025-08-08 17:44:52
MGV,,,,,,,,,-,-,-,-,-,131.26,0.0067,165219.0,2025-08-08 17:44:52
TJUN,,,,,,,,,-,-,-,-,-,20.85,0.0014000000000000002,102.0,2025-08-08 17:44:52
LOPP,,,,,,,,,-,-,-,-,-,31.42,0.0073,1.0,2025-08-08 17:44:52
RXL,,,,,,,,,-,-,-,-,-,37.46,0.0194,8365.0,2025-08-08 17:44:52
CSCL,,,,,,,,,-,-,-,-,-,27.77,0.0548,17285.0,2025-08-08 17:44:52
GQI,,,,,,,,,-,-,-,-,-,54.43,0.0098,10379.0,2025-08-08 17:44:52
PAB,,,,,,,,,-,-,-,-,-,42.35,-0.0018,90373.0,2025-08-08 17:44:52
ETHD,,,,,,,,,-,-,-,-,-,4.75,-0.0987,9371850.0,2025-08-08 17:44:52
NJUL,,,,,,,,,-,-,-,-,-,69.54,0.0032,7576.0,2025-08-08 17:44:52
BNDX,,,,,,,,,-,-,-,-,-,49.36,-0.0016,2448666.0,2025-08-08 17:44:52
IBTG,,,,,,,,,-,-,-,-,-,22.86,0.0,374637.0,2025-08-08 17:44:52
MEDX,,,,,,,,,-,-,-,-,-,27.23,-0.0007000000000000001,793.0,2025-08-08 17:44:52
FLSW,,,,,,,,,-,-,-,-,-,37.36,-0.0021,7940.0,2025-08-08 17:44:52
QUS,,,,,,,,,-,-,-,-,-,163.69,0.0063,13049.0,2025-08-08 17:44:52
PABD,,,,,,,,,-,-,-,-,-,60.8,0.0055000000000000005,1039.0,2025-08-08 17:44:52
ETHE,,,,,,,,,-,-,-,-,-,33.59,0.05,9914301.0,2025-08-08 17:44:52
NJUN,,,,,,,,,-,-,-,-,-,30.25,0.0051,3454.0,2025-08-08 17:44:52
BNDY,,,,,,,,,-,-,-,-,-,25.18,-0.0014000000000000002,4074.0,2025-08-08 17:44:52
IBTH,,,,,,,,,-,-,-,-,-,22.43,0.0002,185860.0,2025-08-08 17:44:52
MEDI,,,,,,,,,-,-,-,-,-,26.1,0.0053,3865.0,2025-08-08 17:44:52
FLTB,,,,,,,,,-,-,-,-,-,50.44,-0.001,18874.0,2025-08-08 17:44:52
QUSA,,,,,,,,,-,-,-,-,-,20.01,0.0,39680.0,2025-08-08 17:44:52
PABU,,,,,,,,,-,-,-,-,-,68.72,0.0069,994.0,2025-08-08 17:44:52
ETHO,,,,,,,,,-,-,-,-,-,58.89,0.0008,4344.0,2025-08-08 17:44:52
NMAR,,,,,,,,,-,-,-,-,-,28.2,0.0042,102.0,2025-08-08 17:44:52
AUGM,,,,,,,,,-,-,-,-,-,33.24,0.0,0.0,2025-08-08 17:44:52
FTXG,,,,,,,,,-,-,-,-,-,22.59,0.0040999999999999995,10033.0,2025-08-08 17:44:52
FLOT,,,,,,,,,-,-,-,-,-,50.95,0.0008,924621.0,2025-08-08 17:44:52
DDM,,,,,,,,,-,-,-,-,-,97.89,0.0095,178117.0,2025-08-08 17:44:52
INDE,,,,,,,,,-,-,-,-,-,28.92,-0.0109,22.0,2025-08-08 17:44:52
AQWA,,,,,,,,,-,-,-,-,-,19.3,-0.0006,2229.0,2025-08-08 17:44:52
AVMU,,,,,,,,,-,-,-,-,-,44.26,-0.0009,2870.0,2025-08-08 17:44:52
UVXY,,,,,,,,,-,-,-,-,-,14.49,-0.0492,19592822.0,2025-08-08 17:44:52
ICF,,,,,,,,,-,-,-,-,-,59.89,-0.0102,54134.0,2025-08-08 17:44:52
FTXH,,,,,,,,,-,-,-,-,-,26.39,0.0087,605.0,2025-08-08 17:44:52
FLOW,,,,,,,,,-,-,-,-,-,32.03,0.0078000000000000005,2119.0,2025-08-08 17:44:52
DDTL,,,,,,,,,-,-,-,-,-,20.03,0.0038,23170.0,2025-08-08 17:44:52
INDF,,,,,,,,,-,-,-,-,-,37.72,-0.0085,4728.0,2025-08-08 17:44:52
ARB,,,,,,,,,-,-,-,-,-,28.76,-0.0017000000000000001,5281.0,2025-08-08 17:44:52
AVMV,,,,,,,,,-,-,-,-,-,66.31,0.0029,9492.0,2025-08-08 17:44:52
UWM,,,,,,,,,-,-,-,-,-,38.89,0.0026,181479.0,2025-08-08 17:44:52
IDAT,,,,,,,,,-,-,-,-,-,36.29,0.0028000000000000004,671.0,2025-08-08 17:44:52
FTXL,,,,,,,,,-,-,-,-,-,98.21,0.0104,13448.0,2025-08-08 17:44:52
FLQL,,,,,,,,,-,-,-,-,-,65.67,0.01,53271.0,2025-08-08 17:44:52
DDWM,,,,,,,,,-,-,-,-,-,40.85,0.0059,252450.0,2025-08-08 17:44:52
INDH,,,,,,,,,-,-,-,-,-,42.13,-0.008100000000000001,332.0,2025-08-08 17:44:52
BJK,,,,,,,,,-,-,-,-,-,44.34,-0.0139,824.0,2025-08-08 17:44:52
EVLN,,,,,,,,,-,-,-,-,-,49.92,0.0,19748.0,2025-08-08 17:44:52
RAA,,,,,,,,,-,-,-,-,-,26.23,0.0043,29320.0,2025-08-08 17:44:52
IBID,,,,,,,,,-,-,-,-,-,26.08,-0.0001,7415.0,2025-08-08 17:44:52
JDIV,,,,,,,,,-,-,-,-,-,52.09,0.0034999999999999996,218.0,2025-08-08 17:44:52
GRPZ,,,,,,,,,-,-,-,-,-,25.41,0.0036,986.0,2025-08-08 17:44:52
AIOO,,,,,,,,,-,-,-,-,-,25.17,0.0024,1988.0,2025-08-08 17:44:52
IYRI,,,,,,,,,-,-,-,-,-,49.87,-0.005,48609.0,2025-08-08 17:44:52
BJAN,,,,,,,,,-,-,-,-,-,51.38,0.0059,9924.0,2025-08-08 17:44:52
EVLU,,,,,,,,,-,-,-,-,-,28.19,-0.0007000000000000001,2078.0,2025-08-08 17:44:52
RAAA,,,,,,,,,-,-,-,-,-,25.06,-0.0004,10529.0,2025-08-08 17:44:52
IBIE,,,,,,,,,-,-,-,-,-,26.25,0.0002,9747.0,2025-08-08 17:44:52
JDOC,,,,,,,,,-,-,-,-,-,48.83,0.0055000000000000005,88.0,2025-08-08 17:44:52
IHY,,,,,,,,,-,-,-,-,-,21.97,0.0009,15405.0,2025-08-08 17:44:52
AIYY,,,,,,,,,-,-,-,-,-,3.53,-0.0222,882899.0,2025-08-08 17:44:52
IYT,,,,,,,,,-,-,-,-,-,68.08,-0.009899999999999999,350839.0,2025-08-08 17:44:52
BIZD,,,,,,,,,-,-,-,-,-,15.96,0.0069,1819352.0,2025-08-08 17:44:52
EUDG,,,,,,,,,-,-,-,-,-,33.89,0.0008,2250.0,2025-08-08 17:44:52
QXQ,,,,,,,,,-,-,-,-,-,29.6,0.009899999999999999,12421.0,2025-08-08 17:44:52
IBIF,,,,,,,,,-,-,-,-,-,26.33,0.0005,8096.0,2025-08-08 17:44:52
BOXA,,,,,,,,,-,-,-,-,-,103.42,-0.0022,1605.0,2025-08-08 17:44:52
ELCV,,,,,,,,,-,-,-,-,-,25.89,0.0027,51584.0,2025-08-08 17:44:52
NEWZ,,,,,,,,,-,-,-,-,-,27.67,0.0084,5176.0,2025-08-08 17:44:52
NOWL,,,,,,,,,-,-,-,-,-,20.33,-0.008199999999999999,29840.0,2025-08-08 17:44:52
DYNF,,,,,,,,,-,-,-,-,-,56.64,0.0103,1487682.0,2025-08-08 17:44:52
BABO,,,,,,,,,-,-,-,-,-,15.5,0.0008,15397.0,2025-08-08 17:44:52
SFEB,,,,,,,,,-,-,-,-,-,21.64,0.0018,1703.0,2025-08-08 17:44:52
EFRA,,,,,,,,,-,-,-,-,-,33.83,0.0011,14.0,2025-08-08 17:44:52
BPAY,,,,,,,,,-,-,-,-,-,32.13,-0.0158,3956.0,2025-08-08 17:44:52
ELD,,,,,,,,,-,-,-,-,-,28.28,0.006,4207.0,2025-08-08 17:44:52
OOQB,,,,,,,,,-,-,-,-,-,17.29,-0.0004,1992.0,2025-08-08 17:44:52
NRSH,,,,,,,,,-,-,-,-,-,21.25,-0.0055000000000000005,426.0,2025-08-08 17:44:52
EAFG,,,,,,,,,-,-,-,-,-,21.65,0.0064,11.0,2025-08-08 17:44:52
BABX,,,,,,,,,-,-,-,-,-,27.32,-0.0098,712712.0,2025-08-08 17:44:52
SFTY,,,,,,,,,-,-,-,-,-,26.35,0.01,11853.0,2025-08-08 17:44:52
EFTY,,,,,,,,,-,-,-,-,-,4.88,0.22,2938079.0,2025-08-08 17:44:52
BPH,,,,,,,,,-,-,-,-,-,52.65,-0.0014000000000000002,314.0,2025-08-08 17:44:52
ELFY,,,,,,,,,-,-,-,-,-,34.02,-0.0018,19477.0,2025-08-08 17:44:52
OOSB,,,,,,,,,-,-,-,-,-,17.5,-0.0018,268.0,2025-08-08 17:44:52
PATN,,,,,,,,,-,-,-,-,-,23.98,0.0067,2409.0,2025-08-08 17:44:52
ASET,,,,,,,,,-,-,-,-,-,32.76,-0.0006,17.0,2025-08-08 17:44:52
BSSX,,,,,,,,,-,-,-,-,-,24.97,0.0006,27768.0,2025-08-08 17:44:52
RWR,,,,,,,,,-,-,-,-,-,95.74,-0.0079,333574.0,2025-08-08 17:44:52
FLDB,,,,,,,,,-,-,-,-,-,50.56,0.0002,2894.0,2025-08-08 17:44:52
PBOC,,,,,,,,,-,-,-,-,-,28.11,0.0033,19174.0,2025-08-08 17:44:52
ELFY,,,,,,,,,-,-,-,-,-,34.02,-0.0018,19477.0,2025-08-08 17:44:52
BWTG,,,,,,,,,-,-,-,-,-,36.69,0.004,568.0,2025-08-08 17:44:52
MGK,,,,,,,,,-,-,-,-,-,385.22,0.009399999999999999,200853.0,2025-08-08 17:44:52
ASLV,,,,,,,,,-,-,-,-,-,26.32,0.005600000000000001,39.0,2025-08-08 17:44:52
BSMC,,,,,,,,,-,-,-,-,-,31.56,0.0078000000000000005,8813.0,2025-08-08 17:44:52
RWX,,,,,,,,,-,-,-,-,-,27.77,0.0029,37647.0,2025-08-08 17:44:52
FLDR,,,,,,,,,-,-,-,-,-,50.2,0.0002,99637.0,2025-08-08 17:44:52
PBP,,,,,,,,,-,-,-,-,-,22.15,0.0027,66576.0,2025-08-08 17:44:52
ELIL,,,,,,,,,-,-,-,-,-,11.54,-0.0471,955219.0,2025-08-08 17:44:52
BWX,,,,,,,,,-,-,-,-,-,22.98,-0.003,197977.0,2025-08-08 17:44:52
MFLX,,,,,,,,,-,-,-,-,-,16.43,-0.0012,1331.0,2025-08-08 17:44:52
ASHR,,,,,,,,,-,-,-,-,-,28.81,-0.0003,1887936.0,2025-08-08 17:44:52
BSMP,,,,,,,,,-,-,-,-,-,24.5,-0.0004,73701.0,2025-08-08 17:44:52
RXD,,,,,,,,,-,-,-,-,-,13.02,-0.0179,11321.0,2025-08-08 17:44:52
FLDZ,,,,,,,,,-,-,-,-,-,28.78,-0.002,3.0,2025-08-08 17:44:52
FLRN,,,,,,,,,-,-,-,-,-,30.77,0.001,773991.0,2025-08-08 17:44:52
DIVP,,,,,,,,,-,-,-,-,-,25.29,0.006500000000000001,39372.0,2025-08-08 17:44:52
IAGG,,,,,,,,,-,-,-,-,-,51.13,-0.0017000000000000001,392753.0,2025-08-08 17:44:52
IPPP,,,,,,,,,-,-,-,-,-,10.04,0.002,16.0,2025-08-08 17:44:52
FFEB,,,,,,,,,-,-,-,-,-,53.53,0.0054,10036.0,2025-08-08 17:44:52
AVXC,,,,,,,,,-,-,-,-,-,57.03,-0.002,7206.0,2025-08-08 17:44:52
LOPP,,,,,,,,,-,-,-,-,-,31.42,0.0073,1.0,2025-08-08 17:44:52
TYA,,,,,,,,,-,-,-,-,-,13.39,-0.0067,122072.0,2025-08-08 17:44:52
FLRT,,,,,,,,,-,-,-,-,-,47.51,0.0016,34009.0,2025-08-08 17:44:52
DIVS,,,,,,,,,-,-,-,-,-,30.66,0.0043,2489.0,2025-08-08 17:44:52
IAI,,,,,,,,,-,-,-,-,-,174.53,0.0066,101329.0,2025-08-08 17:44:52
IQDF,,,,,,,,,-,-,-,-,-,27.94,0.0055000000000000005,76071.0,2025-08-08 17:44:52
FFEM,,,,,,,,,-,-,-,-,-,29.05,-0.0007000000000000001,4094.0,2025-08-08 17:44:52
AVRE,,,,,,,,,-,-,-,-,-,43.96,-0.0048,30846.0,2025-08-08 17:44:52
LMTL,,,,,,,,,-,-,-,-,-,24.65,-0.0256,324.0,2025-08-08 17:44:52
TYD,,,,,,,,,-,-,-,-,-,25.2,-0.0086,40201.0,2025-08-08 17:44:52
CXRN,,,,,,,,,-,-,-,-,-,17.72,-0.0059,50.0,2025-08-08 17:44:52
DIVY,,,,,,,,,-,-,-,-,-,25.19,0.0018,1891.0,2025-08-08 17:44:52
IAK,,,,,,,,,-,-,-,-,-,129.39,0.0074,57978.0,2025-08-08 17:44:52
IQDG,,,,,,,,,-,-,-,-,-,38.8,0.005699999999999999,89824.0,2025-08-08 17:44:52
NRES,,,,,,,,,-,-,-,-,-,25.92,0.0062,7.0,2025-08-08 17:44:52
BAI,,,,,,,,,-,-,-,-,-,31.68,0.0048,653421.0,2025-08-08 17:44:52
MYCH,,,,,,,,,-,-,-,-,-,24.98,-0.0008,1259.0,2025-08-08 17:44:52
ARGT,,,,,,,,,-,-,-,-,-,84.56,-0.0138,271549.0,2025-08-08 17:44:52
ELM,,,,,,,,,-,-,-,-,-,26.31,0.0048,137164.0,2025-08-08 17:44:52
NFTY,,,,,,,,,-,-,-,-,-,56.57,-0.003,25480.0,2025-08-08 17:44:52
KWT,,,,,,,,,-,-,-,-,-,38.62,0.0019,516.0,2025-08-08 17:44:52
IBTM,,,,,,,,,-,-,-,-,-,22.92,-0.0028000000000000004,91346.0,2025-08-08 17:44:52
NRGD,,,,,,,,,-,-,-,-,-,20.57,-0.0255,622.0,2025-08-08 17:44:52
BBH,,,,,,,,,-,-,-,-,-,159.34,0.011699999999999999,4553.0,2025-08-08 17:44:52
MYCI,,,,,,,,,-,-,-,-,-,24.9,-0.0016,1668.0,2025-08-08 17:44:52
ARKA,,,,,,,,,-,-,-,-,-,71.8,-0.0102,1503.0,2025-08-08 17:44:52
ELON,,,,,,,,,-,-,-,-,-,13.62,0.0374,4827.0,2025-08-08 17:44:52
NFXL,,,,,,,,,-,-,-,-,-,58.84,0.054900000000000004,406220.0,2025-08-08 17:44:52
KXI,,,,,,,,,-,-,-,-,-,66.1,0.0024,30402.0,2025-08-08 17:44:52
IBTO,,,,,,,,,-,-,-,-,-,24.4,-0.0027,82574.0,2025-08-08 17:44:52
NRGU,,,,,,,,,-,-,-,-,-,16.93,0.0286,22430.0,2025-08-08 17:44:52
BBHY,,,,,,,,,-,-,-,-,-,46.4,0.0,35054.0,2025-08-08 17:44:52
MYCJ,,,,,,,,,-,-,-,-,-,24.85,-0.0016,108.0,2025-08-08 17:44:52
ARKB,,,,,,,,,-,-,-,-,-,38.71,-0.01,1671479.0,2025-08-08 17:44:52
IBIT,,,,,,,,,-,-,-,-,-,66.13,-0.0105,28700100.0,2025-08-08 17:44:52
BMAR,,,,,,,,,-,-,-,-,-,50.07,0.0052,8827.0,2025-08-08 17:44:52
MFSG,,,,,,,,,-,-,-,-,-,27.72,0.0084,27174.0,2025-08-08 17:44:52
CGHY,,,,,,,,,-,-,-,-,-,25.23,-0.0004,7601.0,2025-08-08 17:44:52
BBIB,,,,,,,,,-,-,-,-,-,98.84,-0.0017000000000000001,44.0,2025-08-08 17:44:52
CLSE,,,,,,,,,-,-,-,-,-,24.58,0.0086,32101.0,2025-08-08 17:44:52
RSST,,,,,,,,,-,-,-,-,-,23.8,0.019299999999999998,27157.0,2025-08-08 17:44:52
MMCA,,,,,,,,,-,-,-,-,-,21.32,-0.0007000000000000001,1832.0,2025-08-08 17:44:52
IBDZ,,,,,,,,,-,-,-,-,-,26.08,-0.0025,33399.0,2025-08-08 17:44:52
BMAX,,,,,,,,,-,-,-,-,-,29.45,-0.0101,2575.0,2025-08-08 17:44:52
MFSI,,,,,,,,,-,-,-,-,-,28.52,0.0032,48948.0,2025-08-08 17:44:52
CGIB,,,,,,,,,-,-,-,-,-,25.22,-0.0008,11334.0,2025-08-08 17:44:52
BBIN,,,,,,,,,-,-,-,-,-,68.35,0.0075,59886.0,2025-08-08 17:44:52
CLSM,,,,,,,,,-,-,-,-,-,22.22,0.0075,6822.0,2025-08-08 17:44:52
RSSX,,,,,,,,,-,-,-,-,-,22.29,0.0013,7414.0,2025-08-08 17:44:52
MMIN,,,,,,,,,-,-,-,-,-,23.05,0.0004,85083.0,2025-08-08 17:44:52
IBLC,,,,,,,,,-,-,-,-,-,40.45,-0.012,25794.0,2025-08-08 17:44:52
BMAY,,,,,,,,,-,-,-,-,-,42.94,0.0037,786.0,2025-08-08 17:44:52
MFSM,,,,,,,,,-,-,-,-,-,24.41,-0.0016,34.0,2025-08-08 17:44:52
CGIC,,,,,,,,,-,-,-,-,-,29.64,0.003,212531.0,2025-08-08 17:44:52
CLOX,,,,,,,,,-,-,-,-,-,25.55,0.0012,108911.0,2025-08-08 17:44:52
BBJP,,,,,,,,,-,-,-,-,-,64.39,0.016399999999999998,1222831.0,2025-08-08 17:44:52
VDC,,,,,,,,,-,-,-,-,-,222.66,0.0027,89576.0,2025-08-08 17:44:52
NUGT,,,,,,,,,-,-,-,-,-,91.1,0.0051,832264.0,2025-08-08 17:44:52
EMB,,,,,,,,,-,-,-,-,-,93.38,0.0,3442622.0,2025-08-08 17:44:52
OCTJ,,,,,,,,,-,-,-,-,-,24.01,0.0004,1309.0,2025-08-08 17:44:52
GOVI,,,,,,,,,-,-,-,-,-,27.39,-0.0033,64640.0,2025-08-08 17:44:52
LAYS,,,,,,,,,-,-,-,-,-,44.58,0.013500000000000002,12786.0,2025-08-08 17:44:52
CLOZ,,,,,,,,,-,-,-,-,-,26.76,0.0006,351497.0,2025-08-08 17:44:52
BBLB,,,,,,,,,-,-,-,-,-,82.57,-0.0046,68.0,2025-08-08 17:44:52
VDE,,,,,,,,,-,-,-,-,-,119.28,0.0051,563822.0,2025-08-08 17:44:52
NUHY,,,,,,,,,-,-,-,-,-,21.56,0.0007000000000000001,4946.0,2025-08-08 17:44:52
ELQD,,,,,,,,,-,-,-,-,-,82.31,-0.0033,6.0,2025-08-08 17:44:52
OCTM,,,,,,,,,-,-,-,-,-,31.76,0.002,136769.0,2025-08-08 17:44:52
GOVT,,,,,,,,,-,-,-,-,-,22.89,-0.0017000000000000001,3009580.0,2025-08-08 17:44:52
KVLE,,,,,,,,,-,-,-,-,-,26.63,0.0083,3613.0,2025-08-08 17:44:52
CLSE,,,,,,,,,-,-,-,-,-,24.58,0.0086,32101.0,2025-08-08 17:44:52
BBAG,,,,,,,,,-,-,-,-,-,46.03,-0.0021,74632.0,2025-08-08 17:44:52
VEA,,,,,,,,,-,-,-,-,-,58.02,0.004699999999999999,7639566.0,2025-08-08 17:44:52
PFEB,,,,,,,,,-,-,-,-,-,38.73,0.004,15519.0,2025-08-08 17:44:52
MGC,,,,,,,,,-,-,-,-,-,232.87,0.009399999999999999,56669.0,2025-08-08 17:44:52
IVVM,,,,,,,,,-,-,-,-,-,33.2,0.0059,16633.0,2025-08-08 17:44:52
QIDX,,,,,,,,,-,-,-,-,-,10.61,0.0069,13672.0,2025-08-08 17:44:52
ESPO,,,,,,,,,-,-,-,-,-,112.88,0.0059,14391.0,2025-08-08 17:44:52
HYLS,,,,,,,,,-,-,-,-,-,41.78,-0.0007000000000000001,103579.0,2025-08-08 17:44:52
ADFI,,,,,,,,,-,-,-,-,-,8.56,-0.0034999999999999996,8038.0,2025-08-08 17:44:52
VTC,,,,,,,,,-,-,-,-,-,77.2,-0.0027,60964.0,2025-08-08 17:44:52
BNKD,,,,,,,,,-,-,-,-,-,17.28,-0.0417,23.0,2025-08-08 17:44:52
MFSB,,,,,,,,,-,-,-,-,-,24.99,-0.0017000000000000001,15843.0,2025-08-08 17:44:52
IVVW,,,,,,,,,-,-,-,-,-,45.52,0.0027,22782.0,2025-08-08 17:44:52
QIG,,,,,,,,,-,-,-,-,-,44.77,-0.0026,341.0,2025-08-08 17:44:52
ESML,,,,,,,,,-,-,-,-,-,41.9,0.0,45298.0,2025-08-08 17:44:52
HYMB,,,,,,,,,-,-,-,-,-,24.25,-0.0025,1100501.0,2025-08-08 17:44:52
ADBG,,,,,,,,,-,-,-,-,-,10.51,0.016,72355.0,2025-08-08 17:44:52
VTEB,,,,,,,,,-,-,-,-,-,48.86,0.0,4751526.0,2025-08-08 17:44:52
BNKU,,,,,,,,,-,-,-,-,-,23.28,0.0426,13508.0,2025-08-08 17:44:52
MFSG,,,,,,,,,-,-,-,-,-,27.72,0.0084,27174.0,2025-08-08 17:44:52
IVW,,,,,,,,,-,-,-,-,-,114.73,0.0074,1069716.0,2025-08-08 17:44:52
QINT,,,,,,,,,-,-,-,-,-,59.44,0.0055000000000000005,21745.0,2025-08-08 17:44:52
ESMV,,,,,,,,,-,-,-,-,-,28.61,0.003,4768.0,2025-08-08 17:44:52
KOCT,,,,,,,,,-,-,-,-,-,30.79,0.0011,18409.0,2025-08-08 17:44:52
THYF,,,,,,,,,-,-,-,-,-,52.23,-0.0005,4324.0,2025-08-08 17:44:52
RFEM,,,,,,,,,-,-,-,-,-,72.61,-0.0026,2113.0,2025-08-08 17:44:52
HELO,,,,,,,,,-,-,-,-,-,63.47,0.0043,297045.0,2025-08-08 17:44:52
JIRE,,,,,,,,,-,-,-,-,-,71.3,0.0042,231602.0,2025-08-08 17:44:52
HYLS,,,,,,,,,-,-,-,-,-,41.78,-0.0007000000000000001,103579.0,2025-08-08 17:44:52
CLIP,,,,,,,,,-,-,-,-,-,100.17,0.0003,209036.0,2025-08-08 17:44:52
EEM,,,,,,,,,-,-,-,-,-,49.44,-0.0008,16896765.0,2025-08-08 17:44:52
KORP,,,,,,,,,-,-,-,-,-,46.93,-0.0023,34858.0,2025-08-08 17:44:52
THTA,,,,,,,,,-,-,-,-,-,15.1,0.002,18894.0,2025-08-08 17:44:52
RFEU,,,,,,,,,-,-,-,-,-,68.69,0.0037,3.0,2025-08-08 17:44:52
HELX,,,,,,,,,-,-,-,-,-,27.89,0.009000000000000001,263.0,2025-08-08 17:44:52
JIVE,,,,,,,,,-,-,-,-,-,72.12,0.0060999999999999995,22275.0,2025-08-08 17:44:52
HYMB,,,,,,,,,-,-,-,-,-,24.25,-0.0025,1100501.0,2025-08-08 17:44:52
CLIX,,,,,,,,,-,-,-,-,-,54.25,0.0097,180.0,2025-08-08 17:44:52
EEMA,,,,,,,,,-,-,-,-,-,84.54,-0.0045000000000000005,32397.0,2025-08-08 17:44:52
KORU,,,,,,,,,-,-,-,-,-,84.15,0.0005,59246.0,2025-08-08 17:44:52
TIIV,,,,,,,,,-,-,-,-,-,24.78,0.0,0.0,2025-08-08 17:44:52
RFFC,,,,,,,,,-,-,-,-,-,61.58,0.006999999999999999,105.0,2025-08-08 17:44:52
HEJD,,,,,,,,,-,-,-,-,-,27.47,0.0066,3.0,2025-08-08 17:44:52
BMED,,,,,,,,,-,-,-,-,-,24.82,0.0072,8260.0,2025-08-08 17:44:52
IONZ,,,,,,,,,-,-,-,-,-,15.62,-0.0677,1355189.0,2025-08-08 17:44:52
SMDX,,,,,,,,,-,-,-,-,-,21.37,0.0018,11133.0,2025-08-08 17:44:52
AIVI,,,,,,,,,-,-,-,-,-,49.44,0.005699999999999999,959.0,2025-08-08 17:44:52
NOWL,,,,,,,,,-,-,-,-,-,20.33,-0.008199999999999999,29840.0,2025-08-08 17:44:52
CSM,,,,,,,,,-,-,-,-,-,72.6,0.0075,14480.0,2025-08-08 17:44:52
ROPE,,,,,,,,,-,-,-,-,-,25.46,0.0095,3.0,2025-08-08 17:44:52
LGLV,,,,,,,,,-,-,-,-,-,175.21,0.0009,7478.0,2025-08-08 17:44:52
BMDL,,,,,,,,,-,-,-,-,-,25.1,-0.0026,4.0,2025-08-08 17:44:52
IOO,,,,,,,,,-,-,-,-,-,113.58,0.0103,122467.0,2025-08-08 17:44:52
RNBW,,,,,,,,,-,-,-,-,-,,,0.0,2025-08-08 17:44:52
AIVL,,,,,,,,,-,-,-,-,-,112.12,0.0034999999999999996,2070.0,2025-08-08 17:44:52
NRES,,,,,,,,,-,-,-,-,-,25.92,0.0062,7.0,2025-08-08 17:44:52
CSMD,,,,,,,,,-,-,-,-,-,31.83,-0.0023,42491.0,2025-08-08 17:44:52
RORO,,,,,,,,,-,-,-,-,-,15.71,0.006500000000000001,3255.0,2025-08-08 17:44:52
LIAB,,,,,,,,,-,-,-,-,-,155.06,-0.0008,1.0,2025-08-08 17:44:52
BMAR,,,,,,,,,-,-,-,-,-,50.07,0.0052,8827.0,2025-08-08 17:44:52
IOPP,,,,,,,,,-,-,-,-,-,26.5,-0.011000000000000001,788.0,2025-08-08 17:44:52
RND,,,,,,,,,-,-,-,-,-,27.87,0.0111,27.0,2025-08-08 17:44:52
BAPR,,,,,,,,,-,-,-,-,-,45.98,0.0034000000000000002,14768.0,2025-08-08 17:44:52
BNGE,,,,,,,,,-,-,-,-,-,37.82,-0.0054,689.0,2025-08-08 17:44:52
GMF,,,,,,,,,-,-,-,-,-,129.47,-0.0015,2669.0,2025-08-08 17:44:52
SIJ,,,,,,,,,-,-,-,-,-,12.12,-0.0075,6244.0,2025-08-08 17:44:52
CXRN,,,,,,,,,-,-,-,-,-,17.72,-0.0059,50.0,2025-08-08 17:44:52
TXSS,,,,,,,,,-,-,-,-,-,26.59,0.0070999999999999995,3.0,2025-08-08 17:44:52
QHDG,,,,,,,,,-,-,-,-,-,28.12,0.006500000000000001,102.0,2025-08-08 17:44:52
TILT,,,,,,,,,-,-,-,-,-,229.58,0.0068000000000000005,1181.0,2025-08-08 17:44:52
NOVZ,,,,,,,,,-,-,-,-,-,42.87,0.0068000000000000005,58.0,2025-08-08 17:44:52
BND,,,,,,,,,-,-,-,-,-,73.42,-0.0022,5564064.0,2025-08-08 17:44:52
GMAR,,,,,,,,,-,-,-,-,-,39.49,0.0022,15485.0,2025-08-08 17:44:52
SIL,,,,,,,,,-,-,-,-,-,54.43,0.0111,1960707.0,2025-08-08 17:44:52
CXSE,,,,,,,,,-,-,-,-,-,37.39,0.0012,6524.0,2025-08-08 17:44:52
TYA,,,,,,,,,-,-,-,-,-,13.39,-0.0067,122072.0,2025-08-08 17:44:52
QHY,,,,,,,,,-,-,-,-,-,46.1,-0.0001,8102.0,2025-08-08 17:44:52
TIME,,,,,,,,,-,-,-,-,-,25.98,-0.0005,3001.0,2025-08-08 17:44:52
NOVM,,,,,,,,,-,-,-,-,-,31.71,0.0,0.0,2025-08-08 17:44:52
BNDC,,,,,,,,,-,-,-,-,-,22.21,-0.0012,3691.0,2025-08-08 17:44:52
GMAY,,,,,,,,,-,-,-,-,-,39.74,0.0048,6202.0,2025-08-08 17:44:52
RFV,,,,,,,,,-,-,-,-,-,119.92,-0.0037,5629.0,2025-08-08 17:44:52
CWVX,,,,,,,,,-,-,-,-,-,22.18,0.1552,1755065.0,2025-08-08 17:44:52
AUGZ,,,,,,,,,-,-,-,-,-,41.38,0.0076,8.0,2025-08-08 17:44:52
QQMG,,,,,,,,,-,-,-,-,-,39.44,0.0108,11914.0,2025-08-08 17:44:52
MMCA,,,,,,,,,-,-,-,-,-,21.32,-0.0007000000000000001,1832.0,2025-08-08 17:44:52
EMM,,,,,,,,,-,-,-,-,-,30.26,-0.0068000000000000005,3495.0,2025-08-08 17:44:52
FLBR,,,,,,,,,-,-,-,-,-,17.55,-0.0066,15215.0,2025-08-08 17:44:52
QQQ,,,,,,,,,-,-,-,-,-,574.55,0.009300000000000001,34876993.0,2025-08-08 17:44:52
NBSM,,,,,,,,,-,-,-,-,-,25.27,0.0011,15864.0,2025-08-08 17:44:52
EMMF,,,,,,,,,-,-,-,-,-,29.25,-0.0006,12481.0,2025-08-08 17:44:52
ATMP,,,,,,,,,-,-,-,-,-,29.01,0.0,12376.0,2025-08-08 17:44:52
QQQA,,,,,,,,,-,-,-,-,-,45.17,0.0042,10408.0,2025-08-08 17:44:52
MMIN,,,,,,,,,-,-,-,-,-,23.05,0.0004,85083.0,2025-08-08 17:44:52
EMOP,,,,,,,,,-,-,-,-,-,36.76,0.0018,10.0,2025-08-08 17:44:52
FLGV,,,,,,,,,-,-,-,-,-,20.46,-0.0015,58439.0,2025-08-08 17:44:52
QQQD,,,,,,,,,-,-,-,-,-,14.64,-0.0128,45807.0,2025-08-08 17:44:52
NBTR,,,,,,,,,-,-,-,-,-,50.44,-0.0018,3.0,2025-08-08 17:44:52
EMOT,,,,,,,,,-,-,-,-,-,23.18,0.0068000000000000005,19.0,2025-08-08 17:44:52
ACSI,,,,,,,,,-,-,-,-,-,64.46,0.0042,50.0,2025-08-08 17:44:52
QQQE,,,,,,,,,-,-,-,-,-,97.65,-0.0019,54451.0,2025-08-08 17:44:52
MMIT,,,,,,,,,-,-,-,-,-,23.89,0.0017000000000000001,258852.0,2025-08-08 17:44:52
FLMI,,,,,,,,,-,-,-,-,-,24.12,-0.0008,310751.0,2025-08-08 17:44:52
BTR,,,,,,,,,-,-,-,-,-,24.27,0.0034000000000000002,775.0,2025-08-08 17:44:52
AFSM,,,,,,,,,-,-,-,-,-,30.35,0.0062,4096.0,2025-08-08 17:44:52
PRXV,,,,,,,,,-,-,-,-,-,28.56,0.0069,1606.0,2025-08-08 17:44:52
AHLT,,,,,,,,,-,-,-,-,-,22.14,0.0069,3730.0,2025-08-08 17:44:52
MSLC,,,,,,,,,-,-,-,-,-,52.31,0.0077,53156.0,2025-08-08 17:44:52
KJAN,,,,,,,,,-,-,-,-,-,37.95,0.0004,51976.0,2025-08-08 17:44:52
JULM,,,,,,,,,-,-,-,-,-,32.82,0.0015,4656.0,2025-08-08 17:44:52
PATN,,,,,,,,,-,-,-,-,-,23.98,0.0067,2409.0,2025-08-08 17:44:52
BTRN,,,,,,,,,-,-,-,-,-,41.1,-0.0049,5866.0,2025-08-08 17:44:52
AFLG,,,,,,,,,-,-,-,-,-,37.24,0.0073,48576.0,2025-08-08 17:44:52
PSC,,,,,,,,,-,-,-,-,-,52.74,-0.0006,105842.0,2025-08-08 17:44:52
AGMI,,,,,,,,,-,-,-,-,-,40.1,0.012,69.0,2025-08-08 17:44:52
SLVO,,,,,,,,,-,-,-,-,-,85.15,0.006,35345.0,2025-08-08 17:44:52
KJUL,,,,,,,,,-,-,-,-,-,29.55,0.0005,4705.0,2025-08-08 17:44:52
JULP,,,,,,,,,-,-,-,-,-,29.22,0.0,0.0,2025-08-08 17:44:52
PAUG,,,,,,,,,-,-,-,-,-,41.43,0.0024,168658.0,2025-08-08 17:44:52
BTGD,,,,,,,,,-,-,-,-,-,39.44,-0.011399999999999999,245213.0,2025-08-08 17:44:52
AFMC,,,,,,,,,-,-,-,-,-,32.25,0.006,7242.0,2025-08-08 17:44:52
PSCC,,,,,,,,,-,-,-,-,-,34.68,-0.003,6487.0,2025-08-08 17:44:52
AGIX,,,,,,,,,-,-,-,-,-,32.86,0.0013,36214.0,2025-08-08 17:44:52
PPEM,,,,,,,,,-,-,-,-,-,25.31,0.0008,1930.0,2025-08-08 17:44:52
MEDX,,,,,,,,,-,-,-,-,-,27.23,-0.0007000000000000001,793.0,2025-08-08 17:44:52
CCNR,,,,,,,,,-,-,-,-,-,27.34,0.0074,3605.0,2025-08-08 17:44:52
GREK,,,,,,,,,-,-,-,-,-,65.07,0.0076,102895.0,2025-08-08 17:44:52
INVN,,,,,,,,,-,-,-,-,-,19.26,-0.0059,229.0,2025-08-08 17:44:52
HQGO,,,,,,,,,-,-,-,-,-,55.72,0.0083,16.0,2025-08-08 17:44:52
KPDD,,,,,,,,,-,-,-,-,-,20.39,-0.0018,12802.0,2025-08-08 17:44:52
BMAX,,,,,,,,,-,-,-,-,-,29.45,-0.0101,2575.0,2025-08-08 17:44:52
PPH,,,,,,,,,-,-,-,-,-,82.84,0.0031,158359.0,2025-08-08 17:44:52
MDY,,,,,,,,,-,-,-,-,-,571.12,-0.0002,350535.0,2025-08-08 17:44:52
CCFE,,,,,,,,,-,-,-,-,-,24.93,0.0084,29.0,2025-08-08 17:44:52
GPZ,,,,,,,,,-,-,-,-,-,28.31,0.009399999999999999,229823.0,2025-08-08 17:44:52
IOCT,,,,,,,,,-,-,-,-,-,33.12,0.0058,5260.0,2025-08-08 17:44:52
IQM,,,,,,,,,-,-,-,-,-,80.65,0.0063,2402.0,2025-08-08 17:44:52
KRMA,,,,,,,,,-,-,-,-,-,41.42,0.0089,3408.0,2025-08-08 17:44:52
BMAY,,,,,,,,,-,-,-,-,-,42.94,0.0037,786.0,2025-08-08 17:44:52
PPI,,,,,,,,,-,-,-,-,-,16.97,-0.0023,3636.0,2025-08-08 17:44:52
MDYG,,,,,,,,,-,-,-,-,-,87.98,-0.0014000000000000002,50008.0,2025-08-08 17:44:52
CCEF,,,,,,,,,-,-,-,-,-,28.44,0.0023,1584.0,2025-08-08 17:44:52
GQGU,,,,,,,,,-,-,-,-,-,25.07,0.005699999999999999,13567.0,2025-08-08 17:44:52
CPSO,,,,,,,,,-,-,-,-,-,26.48,0.0008,1.0,2025-08-08 17:44:52
DBB,,,,,,,,,-,-,-,-,-,19.59,0.0015,131614.0,2025-08-08 17:44:52
SMDD,,,,,,,,,-,-,-,-,-,15.27,-0.0002,1394.0,2025-08-08 17:44:52
IOCT,,,,,,,,,-,-,-,-,-,33.12,0.0058,5260.0,2025-08-08 17:44:52
QPUX,,,,,,,,,-,-,-,-,-,19.3,0.0108,76695.0,2025-08-08 17:44:52
IBBQ,,,,,,,,,-,-,-,-,-,22.37,0.0077,5445.0,2025-08-08 17:44:52
NOVP,,,,,,,,,-,-,-,-,-,29.11,0.0048,900.0,2025-08-08 17:44:52
IWLG,,,,,,,,,-,-,-,-,-,52.56,0.0029,3690.0,2025-08-08 17:44:52
CPSP,,,,,,,,,-,-,-,-,-,25.51,0.0012,1.0,2025-08-08 17:44:52
DBC,,,,,,,,,-,-,-,-,-,21.84,0.0,536650.0,2025-08-08 17:44:52
SMDV,,,,,,,,,-,-,-,-,-,64.66,0.0023,15802.0,2025-08-08 17:44:52
ION,,,,,,,,,-,-,-,-,-,33.32,0.03,1858.0,2025-08-08 17:44:52
QPX,,,,,,,,,-,-,-,-,-,40.05,0.005600000000000001,968.0,2025-08-08 17:44:52
IBCA,,,,,,,,,-,-,-,-,-,25.6,-0.0025,38142.0,2025-08-08 17:44:52
WHTX,,,,,,,,,-,-,-,-,-,10.78,-0.0146,299.0,2025-08-08 17:44:52
IWM,,,,,,,,,-,-,-,-,-,220.32,0.0022,28228206.0,2025-08-08 17:44:52
CPSR,,,,,,,,,-,-,-,-,-,24.52,0.0014000000000000002,4.0,2025-08-08 17:44:52
GRID,,,,,,,,,-,-,-,-,-,143.4,0.004,147559.0,2025-08-08 17:44:52
SMDX,,,,,,,,,-,-,-,-,-,21.37,0.0018,11133.0,2025-08-08 17:44:52
IONL,,,,,,,,,-,-,-,-,-,43.4,0.0642,175775.0,2025-08-08 17:44:52
MDYV,,,,,,,,,-,-,-,-,-,79.53,0.001,50900.0,2025-08-08 17:44:52
ECOW,,,,,,,,,-,-,-,-,-,23.23,0.0046,12309.0,2025-08-08 17:44:52
FLJH,,,,,,,,,-,-,-,-,-,34.67,0.0209,28123.0,2025-08-08 17:44:52
MEM,,,,,,,,,-,-,-,-,-,33.08,-0.0042,1019.0,2025-08-08 17:44:52
BRHY,,,,,,,,,-,-,-,-,-,51.59,0.0001,1643.0,2025-08-08 17:44:52
HQGO,,,,,,,,,-,-,-,-,-,55.72,0.0083,16.0,2025-08-08 17:44:52
LAPR,,,,,,,,,-,-,-,-,-,25.17,0.0008,1368.0,2025-08-08 17:44:52
IEUR,,,,,,,,,-,-,-,-,-,66.1,0.003,536681.0,2025-08-08 17:44:52
MEAR,,,,,,,,,-,-,-,-,-,50.38,0.0004,138834.0,2025-08-08 17:44:52
EDGE,,,,,,,,,-,-,-,-,-,41.29,0.0070999999999999995,15.0,2025-08-08 17:44:52
FLJJ,,,,,,,,,-,-,-,-,-,30.7,0.0039000000000000003,102.0,2025-08-08 17:44:52
MEMS,,,,,,,,,-,-,-,-,-,26.16,0.0004,3626.0,2025-08-08 17:44:52
BRKC,,,,,,,,,-,-,-,-,-,46.97,0.0068000000000000005,1469.0,2025-08-08 17:44:52
WOMN,,,,,,,,,-,-,-,-,-,39.32,0.006999999999999999,2050.0,2025-08-08 17:44:52
LBO,,,,,,,,,-,-,-,-,-,31.62,0.0102,924.0,2025-08-08 17:44:52
IEUS,,,,,,,,,-,-,-,-,-,67.0,0.0015,3105.0,2025-08-08 17:44:52
MDPL,,,,,,,,,-,-,-,-,-,26.27,0.0086,4804.0,2025-08-08 17:44:52
EDGF,,,,,,,,,-,-,-,-,-,24.86,0.0006,55742.0,2025-08-08 17:44:52
FLJP,,,,,,,,,-,-,-,-,-,33.57,0.0151,325736.0,2025-08-08 17:44:52
MEMX,,,,,,,,,-,-,-,-,-,33.45,-0.0016,767.0,2025-08-08 17:44:52
HYS,,,,,,,,,-,-,-,-,-,94.75,0.0005,81598.0,2025-08-08 17:44:52
AVRE,,,,,,,,,-,-,-,-,-,43.96,-0.0048,30846.0,2025-08-08 17:44:52
WNDY,,,,,,,,,-,-,-,-,-,12.81,0.0075,10990.0,2025-08-08 17:44:52
ESGU,,,,,,,,,-,-,-,-,-,139.35,0.0073,226852.0,2025-08-08 17:44:52
AAPX,,,,,,,,,-,-,-,-,-,23.22,0.08199999999999999,788234.0,2025-08-08 17:44:52
EDZ,,,,,,,,,-,-,-,-,-,5.08,0.0059,142704.0,2025-08-08 17:44:52
TEKX,,,,,,,,,-,-,-,-,-,32.36,-0.0018,200.0,2025-08-08 17:44:52
ESGV,,,,,,,,,-,-,-,-,-,112.97,0.0075,162938.0,2025-08-08 17:44:52
HYSA,,,,,,,,,-,-,-,-,-,15.09,-0.0025,12344.0,2025-08-08 17:44:52
AVS,,,,,,,,,-,-,-,-,-,11.73,-0.0045000000000000005,31308.0,2025-08-08 17:44:52
WNTR,,,,,,,,,-,-,-,-,-,30.55,0.0096,18861.0,2025-08-08 17:44:52
ESML,,,,,,,,,-,-,-,-,-,41.9,0.0,45298.0,2025-08-08 17:44:52
AAPY,,,,,,,,,-,-,-,-,-,22.92,0.013500000000000002,2292.0,2025-08-08 17:44:52
EFRA,,,,,,,,,-,-,-,-,-,33.83,0.0011,14.0,2025-08-08 17:44:52
TEKY,,,,,,,,,-,-,-,-,-,34.99,-0.0009,521.0,2025-08-08 17:44:52
ESMV,,,,,,,,,-,-,-,-,-,28.61,0.003,4768.0,2025-08-08 17:44:52
HYSD,,,,,,,,,-,-,-,-,-,20.2,0.0004,2877.0,2025-08-08 17:44:52
AVSC,,,,,,,,,-,-,-,-,-,52.8,0.0034000000000000002,57798.0,2025-08-08 17:44:52
WLTG,,,,,,,,,-,-,-,-,-,32.92,0.0068000000000000005,6767.0,2025-08-08 17:44:52
ESN,,,,,,,,,-,-,-,-,-,16.03,0.0063,6717.0,2025-08-08 17:44:52
IBTL,,,,,,,,,-,-,-,-,-,20.42,-0.0022,84208.0,2025-08-08 17:44:52
BKLC,,,,,,,,,-,-,-,-,-,122.24,0.0068000000000000005,65256.0,2025-08-08 17:44:52
IDNA,,,,,,,,,-,-,-,-,-,21.15,-0.0088,9517.0,2025-08-08 17:44:52
BSJW,,,,,,,,,-,-,-,-,-,25.6,0.0003,4828.0,2025-08-08 17:44:52
SELV,,,,,,,,,-,-,-,-,-,31.11,0.0105,6381.0,2025-08-08 17:44:52
CPRA,,,,,,,,,-,-,-,-,-,25.57,-0.0009,1009.0,2025-08-08 17:44:52
LKOR,,,,,,,,,-,-,-,-,-,42.33,-0.005,782.0,2025-08-08 17:44:52
KSEP,,,,,,,,,-,-,-,-,-,25.66,0.0,0.0,2025-08-08 17:44:52
IBTM,,,,,,,,,-,-,-,-,-,22.92,-0.0028000000000000004,91346.0,2025-08-08 17:44:52
BKLN,,,,,,,,,-,-,-,-,-,20.95,-0.0005,4430518.0,2025-08-08 17:44:52
IDOG,,,,,,,,,-,-,-,-,-,35.37,0.010700000000000001,14429.0,2025-08-08 17:44:52
BSJX,,,,,,,,,-,-,-,-,-,25.41,0.0,2.0,2025-08-08 17:44:52
SEMG,,,,,,,,,-,-,-,-,-,26.16,0.006500000000000001,50530.0,2025-08-08 17:44:52
CPLB,,,,,,,,,-,-,-,-,-,21.13,-0.0019,1524.0,2025-08-08 17:44:52
LLDR,,,,,,,,,-,-,-,-,-,45.34,-0.0043,21.0,2025-08-08 17:44:52
KSA,,,,,,,,,-,-,-,-,-,37.83,0.0,799885.0,2025-08-08 17:44:52
IBTO,,,,,,,,,-,-,-,-,-,24.4,-0.0027,82574.0,2025-08-08 17:44:52
BKMC,,,,,,,,,-,-,-,-,-,103.25,-0.0025,10905.0,2025-08-08 17:44:52
IDRV,,,,,,,,,-,-,-,-,-,33.65,0.012,11669.0,2025-08-08 17:44:52
BRNY,,,,,,,,,-,-,-,-,-,45.81,0.0067,1449.0,2025-08-08 17:44:52
CPSN,,,,,,,,,-,-,-,-,-,26.25,0.0,0.0,2025-08-08 17:44:52
CLOI,,,,,,,,,-,-,-,-,-,52.88,0.0004,103305.0,2025-08-08 17:44:52
ROKT,,,,,,,,,-,-,-,-,-,69.07,-0.002,1145.0,2025-08-08 17:44:52
INVG,,,,,,,,,-,-,-,-,-,25.54,-0.0027,1371.0,2025-08-08 17:44:52
DBC,,,,,,,,,-,-,-,-,-,21.84,0.0,536650.0,2025-08-08 17:44:52
EEMO,,,,,,,,,-,-,-,-,-,17.17,-0.0044,1439.0,2025-08-08 17:44:52
WHTX,,,,,,,,,-,-,-,-,-,10.78,-0.0146,299.0,2025-08-08 17:44:52
NBTR,,,,,,,,,-,-,-,-,-,50.44,-0.0018,3.0,2025-08-08 17:44:52
CPSO,,,,,,,,,-,-,-,-,-,26.48,0.0008,1.0,2025-08-08 17:44:52
CLOU,,,,,,,,,-,-,-,-,-,21.79,-0.0281,127788.0,2025-08-08 17:44:52
RODM,,,,,,,,,-,-,-,-,-,34.66,0.0003,42211.0,2025-08-08 17:44:52
IOCT,,,,,,,,,-,-,-,-,-,33.12,0.0058,5260.0,2025-08-08 17:44:52
GRID,,,,,,,,,-,-,-,-,-,143.4,0.004,147559.0,2025-08-08 17:44:52
EEMS,,,,,,,,,-,-,-,-,-,65.13,-0.0006,29541.0,2025-08-08 17:44:52
WFH,,,,,,,,,-,-,-,-,-,65.65,0.0008,483.0,2025-08-08 17:44:52
NCIQ,,,,,,,,,-,-,-,-,-,31.32,-0.0009,8982.0,2025-08-08 17:44:52
CPSP,,,,,,,,,-,-,-,-,-,25.51,0.0012,1.0,2025-08-08 17:44:52
CLSE,,,,,,,,,-,-,-,-,-,24.58,0.0086,32101.0,2025-08-08 17:44:52
ROE,,,,,,,,,-,-,-,-,-,32.54,0.0058,6664.0,2025-08-08 17:44:52
ION,,,,,,,,,-,-,-,-,-,33.32,0.03,1858.0,2025-08-08 17:44:52
MFSG,,,,,,,,,-,-,-,-,-,27.72,0.0084,27174.0,2025-08-08 17:44:52
KRMA,,,,,,,,,-,-,-,-,-,41.42,0.0089,3408.0,2025-08-08 17:44:52
SECT,,,,,,,,,-,-,-,-,-,59.24,0.0063,55059.0,2025-08-08 17:44:52
XHB,,,,,,,,,-,-,-,-,-,108.15,0.0032,2010327.0,2025-08-08 17:44:52
BTCL,,,,,,,,,-,-,-,-,-,60.85,-0.0225,63970.0,2025-08-08 17:44:52
JUSA,,,,,,,,,-,-,-,-,-,57.69,0.0072,1238.0,2025-08-08 17:44:52
SMHB,,,,,,,,,-,-,-,-,-,4.15,-0.0109,11903.0,2025-08-08 17:44:52
MYCJ,,,,,,,,,-,-,-,-,-,24.85,-0.0016,108.0,2025-08-08 17:44:52
MFSI,,,,,,,,,-,-,-,-,-,28.52,0.0032,48948.0,2025-08-08 17:44:52
KRE,,,,,,,,,-,-,-,-,-,59.56,0.0121,12999533.0,2025-08-08 17:44:52
SEA,,,,,,,,,-,-,-,-,-,14.64,0.0017000000000000001,33033.0,2025-08-08 17:44:52
XHE,,,,,,,,,-,-,-,-,-,77.97,0.0105,9871.0,2025-08-08 17:44:52
BSSX,,,,,,,,,-,-,-,-,-,24.97,0.0006,27768.0,2025-08-08 17:44:52
JUST,,,,,,,,,-,-,-,-,-,90.28,0.0087,5012.0,2025-08-08 17:44:52
SMCL,,,,,,,,,-,-,-,-,-,13.45,-0.09,1775019.0,2025-08-08 17:44:52
OPPE,,,,,,,,,-,-,-,-,-,47.75,0.0034000000000000002,9313.0,2025-08-08 17:44:52
MFSM,,,,,,,,,-,-,-,-,-,24.41,-0.0016,34.0,2025-08-08 17:44:52
KQQQ,,,,,,,,,-,-,-,-,-,28.53,0.011699999999999999,11239.0,2025-08-08 17:44:52
SDTY,,,,,,,,,-,-,-,-,-,45.12,0.0063,5701.0,2025-08-08 17:44:52
XEMD,,,,,,,,,-,-,-,-,-,43.4,0.0008,7196.0,2025-08-08 17:44:52
CPSD,,,,,,,,,-,-,-,-,-,25.11,0.003,2129.0,2025-08-08 17:44:52
BSMU,,,,,,,,,-,-,-,-,-,21.68,-0.0008,25889.0,2025-08-08 17:44:52
PBJL,,,,,,,,,-,-,-,-,-,28.74,0.0,0.0,2025-08-08 17:44:52
MRAL,,,,,,,,,-,-,-,-,-,17.74,-0.0698,477281.0,2025-08-08 17:44:52
NOBL,,,,,,,,,-,-,-,-,-,103.38,0.0034000000000000002,304681.0,2025-08-08 17:44:52
IBHK,,,,,,,,,-,-,-,-,-,25.75,0.0004,2436.0,2025-08-08 17:44:52
PBJN,,,,,,,,,-,-,-,-,-,28.79,0.0,0.0,2025-08-08 17:44:52
DFE,,,,,,,,,-,-,-,-,-,70.58,0.0013,1235.0,2025-08-08 17:44:52
CPSF,,,,,,,,,-,-,-,-,-,24.85,0.0022,52.0,2025-08-08 17:44:52
BSMV,,,,,,,,,-,-,-,-,-,20.69,-0.0005,4800.0,2025-08-08 17:44:52
PBL,,,,,,,,,-,-,-,-,-,29.99,0.0034000000000000002,452.0,2025-08-08 17:44:52
LRGC,,,,,,,,,-,-,-,-,-,74.01,0.0060999999999999995,15795.0,2025-08-08 17:44:52
NOCT,,,,,,,,,-,-,-,-,-,55.69,0.0033,2360.0,2025-08-08 17:44:52
IBHL,,,,,,,,,-,-,-,-,-,25.48,0.0002,382.0,2025-08-08 17:44:52
PBD,,,,,,,,,-,-,-,-,-,13.61,0.0015,15773.0,2025-08-08 17:44:52
DFEB,,,,,,,,,-,-,-,-,-,45.41,0.004,8818.0,2025-08-08 17:44:52
CPXR,,,,,,,,,-,-,-,-,-,17.71,0.026699999999999998,23438.0,2025-08-08 17:44:52
BSMW,,,,,,,,,-,-,-,-,-,24.45,-0.0004,30534.0,2025-08-08 17:44:52
PBDC,,,,,,,,,-,-,-,-,-,33.57,0.0108,44694.0,2025-08-08 17:44:52
LRGE,,,,,,,,,-,-,-,-,-,80.07,0.010700000000000001,7213.0,2025-08-08 17:44:52
FLBL,,,,,,,,,-,-,-,-,-,24.16,0.0012,247290.0,2025-08-08 17:44:52
EMCS,,,,,,,,,-,-,-,-,-,31.45,-0.0031,6204.0,2025-08-08 17:44:52
MGNR,,,,,,,,,-,-,-,-,-,34.24,0.0067,11449.0,2025-08-08 17:44:52
MILN,,,,,,,,,-,-,-,-,-,48.3,-0.0022,7468.0,2025-08-08 17:44:52
CMF,,,,,,,,,-,-,-,-,-,55.61,-0.0005,564816.0,2025-08-08 17:44:52
BULZ,,,,,,,,,-,-,-,-,-,201.39,0.043,358497.0,2025-08-08 17:44:52
SLX,,,,,,,,,-,-,-,-,-,68.22,0.009000000000000001,23077.0,2025-08-08 17:44:52
EMTY,,,,,,,,,-,-,-,-,-,11.76,0.0053,5099.0,2025-08-08 17:44:52
FLBR,,,,,,,,,-,-,-,-,-,17.55,-0.0066,15215.0,2025-08-08 17:44:52
EMDM,,,,,,,,,-,-,-,-,-,26.03,0.0005,114.0,2025-08-08 17:44:52
MGMT,,,,,,,,,-,-,-,-,-,41.7,0.0171,6568.0,2025-08-08 17:44:52
MINN,,,,,,,,,-,-,-,-,-,21.75,-0.0009,1062.0,2025-08-08 17:44:52
CNXT,,,,,,,,,-,-,-,-,-,31.17,-0.0005,6758.0,2025-08-08 17:44:52
BUXX,,,,,,,,,-,-,-,-,-,20.37,0.0,143150.0,2025-08-08 17:44:52
SMHX,,,,,,,,,-,-,-,-,-,35.08,0.0124,101741.0,2025-08-08 17:44:52
DDEC,,,,,,,,,-,-,-,-,-,42.56,0.0051,4285.0,2025-08-08 17:44:52
FJAN,,,,,,,,,-,-,-,-,-,48.63,0.0054,16215.0,2025-08-08 17:44:52
EMDV,,,,,,,,,-,-,-,-,-,45.98,-0.001,90.0,2025-08-08 17:44:52
MFLX,,,,,,,,,-,-,-,-,-,16.43,-0.0012,1331.0,2025-08-08 17:44:52
MINO,,,,,,,,,-,-,-,-,-,43.92,0.0005,21380.0,2025-08-08 17:44:52
PDBC,,,,,,,,,-,-,-,-,-,12.99,-0.0015,16878666.0,2025-08-08 17:44:52
FLDZ,,,,,,,,,-,-,-,-,-,28.78,-0.002,3.0,2025-08-08 17:44:52
XRT,,,,,,,,,-,-,-,-,-,80.77,-0.0055000000000000005,3811815.0,2025-08-08 17:44:52
FDT,,,,,,,,,-,-,-,-,-,72.49,0.0049,61071.0,2025-08-08 17:44:52
JULJ,,,,,,,,,-,-,-,-,-,25.02,0.0016,4205.0,2025-08-08 17:44:52
JHMD,,,,,,,,,-,-,-,-,-,38.99,0.0055000000000000005,31945.0,2025-08-08 17:44:52
ETHA,,,,,,,,,-,-,-,-,-,30.79,0.050499999999999996,54193797.0,2025-08-08 17:44:52
AMZU,,,,,,,,,-,-,-,-,-,36.89,-0.0043,1327964.0,2025-08-08 17:44:52
NORW,,,,,,,,,-,-,-,-,-,28.69,-0.0076,3276.0,2025-08-08 17:44:52
FLEE,,,,,,,,,-,-,-,-,-,33.74,0.0019,5089.0,2025-08-08 17:44:52
XSD,,,,,,,,,-,-,-,-,-,270.11,0.0095,39057.0,2025-08-08 17:44:52
FDTS,,,,,,,,,-,-,-,-,-,53.22,0.0053,109.0,2025-08-08 17:44:52
JULM,,,,,,,,,-,-,-,-,-,32.82,0.0015,4656.0,2025-08-08 17:44:52
JHML,,,,,,,,,-,-,-,-,-,74.91,0.005,11511.0,2025-08-08 17:44:52
ETHD,,,,,,,,,-,-,-,-,-,4.75,-0.0987,9371850.0,2025-08-08 17:44:52
AMZW,,,,,,,,,-,-,-,-,-,49.21,-0.0028000000000000004,17109.0,2025-08-08 17:44:52
NOVZ,,,,,,,,,-,-,-,-,-,42.87,0.0068000000000000005,58.0,2025-08-08 17:44:52
FLEU,,,,,,,,,-,-,-,-,-,31.09,0.0054,10307.0,2025-08-08 17:44:52
XSEP,,,,,,,,,-,-,-,-,-,41.14,0.0023,3245.0,2025-08-08 17:44:52
FDTX,,,,,,,,,-,-,-,-,-,39.53,-0.0028000000000000004,18882.0,2025-08-08 17:44:52
GTR,,,,,,,,,-,-,-,-,-,24.86,0.0034000000000000002,313.0,2025-08-08 17:44:52
XMLV,,,,,,,,,-,-,-,-,-,62.07,0.0005,16364.0,2025-08-08 17:44:52
FTC,,,,,,,,,-,-,-,-,-,155.22,-0.0028000000000000004,10557.0,2025-08-08 17:44:52
LCTU,,,,,,,,,-,-,-,-,-,69.34,0.008100000000000001,14082.0,2025-08-08 17:44:52
DTD,,,,,,,,,-,-,-,-,-,81.3,0.008199999999999999,16810.0,2025-08-08 17:44:52
XMMO,,,,,,,,,-,-,-,-,-,130.13,0.0060999999999999995,228247.0,2025-08-08 17:44:52
XYZY,,,,,,,,,-,-,-,-,-,9.62,-0.028300000000000002,339212.0,2025-08-08 17:44:52
BALI,,,,,,,,,-,-,-,-,-,30.73,0.008199999999999999,47122.0,2025-08-08 17:44:52
EQIN,,,,,,,,,-,-,-,-,-,44.72,0.0029,18795.0,2025-08-08 17:44:52
XMPT,,,,,,,,,-,-,-,-,-,20.78,-0.0014000000000000002,21325.0,2025-08-08 17:44:52
FTCB,,,,,,,,,-,-,-,-,-,21.07,-0.0024,251870.0,2025-08-08 17:44:52
LDRC,,,,,,,,,-,-,-,-,-,25.19,-0.0004,8113.0,2025-08-08 17:44:52
DTEC,,,,,,,,,-,-,-,-,-,48.35,0.0069,685.0,2025-08-08 17:44:52
VHT,,,,,,,,,-,-,-,-,-,241.16,0.0085,286306.0,2025-08-08 17:44:52
YCL,,,,,,,,,-,-,-,-,-,21.98,-0.0095,36803.0,2025-08-08 17:44:52
BAI,,,,,,,,,-,-,-,-,-,31.68,0.0048,653421.0,2025-08-08 17:44:52
EQRR,,,,,,,,,-,-,-,-,-,60.04,0.0011,323.0,2025-08-08 17:44:52
VIDI,,,,,,,,,-,-,-,-,-,30.64,-0.0011,25249.0,2025-08-08 17:44:52
FTCE,,,,,,,,,-,-,-,-,-,22.43,0.0033,1442.0,2025-08-08 17:44:52
LDRH,,,,,,,,,-,-,-,-,-,24.9,0.0006,83.0,2025-08-08 17:44:52
USMC,,,,,,,,,-,-,-,-,-,63.88,0.011899999999999999,149736.0,2025-08-08 17:44:52
ASCE,,,,,,,,,-,-,-,-,-,25.35,0.0208,2354.0,2025-08-08 17:44:52
YCS,,,,,,,,,-,-,-,-,-,43.99,0.012199999999999999,53281.0,2025-08-08 17:44:52
PFRL,,,,,,,,,-,-,-,-,-,50.01,0.0013,5764.0,2025-08-08 17:44:52
DFAE,,,,,,,,,-,-,-,-,-,29.75,-0.0013,360219.0,2025-08-08 17:44:52
IXUS,,,,,,,,,-,-,-,-,-,78.82,0.0033,747726.0,2025-08-08 17:44:52
GROZ,,,,,,,,,-,-,-,-,-,27.68,0.0105,6687.0,2025-08-08 17:44:52
UFEB,,,,,,,,,-,-,-,-,-,34.88,0.0027,26517.0,2025-08-08 17:44:52
USMF,,,,,,,,,-,-,-,-,-,50.47,0.0024,13773.0,2025-08-08 17:44:52
ASEA,,,,,,,,,-,-,-,-,-,17.15,0.0045000000000000005,13035.0,2025-08-08 17:44:52
YDEC,,,,,,,,,-,-,-,-,-,25.23,-0.0008,6615.0,2025-08-08 17:44:52
PFM,,,,,,,,,-,-,-,-,-,48.79,0.0064,10354.0,2025-08-08 17:44:52
DFAI,,,,,,,,,-,-,-,-,-,35.18,0.0049,872388.0,2025-08-08 17:44:52
IYC,,,,,,,,,-,-,-,-,-,100.44,-0.0031,46433.0,2025-08-08 17:44:52
GRPM,,,,,,,,,-,-,-,-,-,113.55,0.0060999999999999995,40712.0,2025-08-08 17:44:52
WCLD,,,,,,,,,-,-,-,-,-,33.48,-0.0248,656094.0,2025-08-08 17:44:52
USML,,,,,,,,,-,-,-,-,-,40.97,0.0070999999999999995,1.0,2025-08-08 17:44:52
ASET,,,,,,,,,-,-,-,-,-,32.76,-0.0006,17.0,2025-08-08 17:44:52
YEAR,,,,,,,,,-,-,-,-,-,50.51,0.0006,241844.0,2025-08-08 17:44:52
PFLD,,,,,,,,,-,-,-,-,-,19.64,0.0015,116676.0,2025-08-08 17:44:52
AVIG,,,,,,,,,-,-,-,-,-,41.53,-0.0026,89084.0,2025-08-08 17:44:52
EMDV,,,,,,,,,-,-,-,-,-,45.98,-0.001,90.0,2025-08-08 17:44:52
LDRX,,,,,,,,,-,-,-,-,-,30.16,0.0092,72.0,2025-08-08 17:44:52
BNDY,,,,,,,,,-,-,-,-,-,25.18,-0.0014000000000000002,4074.0,2025-08-08 17:44:52
FLAU,,,,,,,,,-,-,-,-,-,31.66,0.004,632.0,2025-08-08 17:44:52
EMEQ,,,,,,,,,-,-,-,-,-,30.73,-0.0044,5073.0,2025-08-08 17:44:52
IYM,,,,,,,,,-,-,-,-,-,143.29,0.004,4903.0,2025-08-08 17:44:52
ASTX,,,,,,,,,-,-,-,-,-,26.87,-0.0407,342719.0,2025-08-08 17:44:52
AVL,,,,,,,,,-,-,-,-,-,46.62,0.0078000000000000005,130846.0,2025-08-08 17:44:52
EMES,,,,,,,,,-,-,-,-,-,20.38,0.0,0.0,2025-08-08 17:44:52
LDSF,,,,,,,,,-,-,-,-,-,19.02,-0.0008,11080.0,2025-08-08 17:44:52
ASMF,,,,,,,,,-,-,-,-,-,22.56,0.004,12630.0,2025-08-08 17:44:52
FLAX,,,,,,,,,-,-,-,-,-,26.8,-0.0016,5831.0,2025-08-08 17:44:52
EMLC,,,,,,,,,-,-,-,-,-,25.21,0.0016,1023310.0,2025-08-08 17:44:52
IYR,,,,,,,,,-,-,-,-,-,94.8,-0.0088,6343686.0,2025-08-08 17:44:52
ASMG,,,,,,,,,-,-,-,-,-,12.58,0.022799999999999997,251210.0,2025-08-08 17:44:52
AVLC,,,,,,,,,-,-,-,-,-,73.04,0.0072,8024.0,2025-08-08 17:44:52
EMLP,,,,,,,,,-,-,-,-,-,37.99,-0.0016,171466.0,2025-08-08 17:44:52
LDUR,,,,,,,,,-,-,-,-,-,95.55,-0.001,19182.0,2025-08-08 17:44:52
ASMH,,,,,,,,,-,-,-,-,-,49.03,0.0143,504.0,2025-08-08 17:44:52
EGGQ,,,,,,,,,-,-,-,-,-,45.99,0.005600000000000001,3369.0,2025-08-08 17:44:52
CPLB,,,,,,,,,-,-,-,-,-,21.13,-0.0019,1524.0,2025-08-08 17:44:52
YMAR,,,,,,,,,-,-,-,-,-,25.77,0.0045000000000000005,6189.0,2025-08-08 17:44:52
VTIP,,,,,,,,,-,-,-,-,-,50.27,0.0004,1274406.0,2025-08-08 17:44:52
SURE,,,,,,,,,-,-,-,-,-,117.56,0.0062,182.0,2025-08-08 17:44:52
BLDG,,,,,,,,,-,-,-,-,-,25.14,-0.0023,3483.0,2025-08-08 17:44:52
GRNB,,,,,,,,,-,-,-,-,-,24.25,-0.0012,12440.0,2025-08-08 17:44:52
RKLX,,,,,,,,,-,-,-,-,-,83.61,0.0455,919972.0,2025-08-08 17:44:52
EGGS,,,,,,,,,-,-,-,-,-,40.85,0.001,2442.0,2025-08-08 17:44:52
CPLS,,,,,,,,,-,-,-,-,-,35.41,-0.0017000000000000001,5577.0,2025-08-08 17:44:52
YMAX,,,,,,,,,-,-,-,-,-,13.14,-0.0015,2687428.0,2025-08-08 17:44:52
VTG,,,,,,,,,-,-,-,-,-,75.62,-0.0018,25715.0,2025-08-08 17:44:52
SURI,,,,,,,,,-,-,-,-,-,15.2,-0.0086,671.0,2025-08-08 17:44:52
BKWO,,,,,,,,,-,-,-,-,-,37.72,0.0058,901.0,2025-08-08 17:44:52
GRNY,,,,,,,,,-,-,-,-,-,23.8,0.0059,3380101.0,2025-08-08 17:44:52
RJMG,,,,,,,,,-,-,-,-,-,24.25,0.0102,9.0,2025-08-08 17:44:52
EGGY,,,,,,,,,-,-,-,-,-,38.97,0.0014000000000000002,4305.0,2025-08-08 17:44:52
BUCK,,,,,,,,,-,-,-,-,-,23.82,-0.0004,50463.0,2025-08-08 17:44:52
YNOT,,,,,,,,,-,-,-,-,-,26.48,0.0044,2042.0,2025-08-08 17:44:52
VTP,,,,,,,,,-,-,-,-,-,76.03,-0.0001,17970.0,2025-08-08 17:44:52
JANP,,,,,,,,,-,-,-,-,-,30.83,0.005,1623.0,2025-08-08 17:44:52
IEUS,,,,,,,,,-,-,-,-,-,67.0,0.0015,3105.0,2025-08-08 17:44:52
IJK,,,,,,,,,-,-,-,-,-,92.22,-0.0009,154766.0,2025-08-08 17:44:52
WBND,,,,,,,,,-,-,-,-,-,20.2,-0.002,84.0,2025-08-08 17:44:52
ROE,,,,,,,,,-,-,-,-,-,32.54,0.0058,6664.0,2025-08-08 17:44:52
CGV,,,,,,,,,-,-,-,-,-,14.11,0.0042,3956.0,2025-08-08 17:44:52
USVM,,,,,,,,,-,-,-,-,-,83.74,0.0042,31969.0,2025-08-08 17:44:52
WANT,,,,,,,,,-,-,-,-,-,44.25,0.0045000000000000005,9458.0,2025-08-08 17:44:52
JANT,,,,,,,,,-,-,-,-,-,38.59,0.0059,9850.0,2025-08-08 17:44:52
IEV,,,,,,,,,-,-,-,-,-,63.33,0.0034999999999999996,186345.0,2025-08-08 17:44:52
IJR,,,,,,,,,-,-,-,-,-,110.89,0.0027,3370469.0,2025-08-08 17:44:52
WAR,,,,,,,,,-,-,-,-,-,23.11,0.006,5612.0,2025-08-08 17:44:52
ROKT,,,,,,,,,-,-,-,-,-,69.07,-0.002,1145.0,2025-08-08 17:44:52
CGVV,,,,,,,,,-,-,-,-,-,24.96,0.0083,33082.0,2025-08-08 17:44:52
WTMY,,,,,,,,,-,-,-,-,-,24.79,-0.0004,1409.0,2025-08-08 17:44:52
WABF,,,,,,,,,-,-,-,-,-,25.12,-0.0032,71.0,2025-08-08 17:44:52
JANU,,,,,,,,,-,-,-,-,-,26.55,0.0070999999999999995,2325.0,2025-08-08 17:44:52
IGCB,,,,,,,,,-,-,-,-,-,46.31,-0.0017000000000000001,30.0,2025-08-08 17:44:52
IJS,,,,,,,,,-,-,-,-,-,101.76,0.0044,266871.0,2025-08-08 17:44:52
VV,,,,,,,,,-,-,-,-,-,294.39,0.0074,113752.0,2025-08-08 17:44:52
DFSU,,,,,,,,,-,-,-,-,-,40.44,0.0072,124200.0,2025-08-08 17:44:52
EFAA,,,,,,,,,-,-,-,-,-,51.89,0.0039000000000000003,31757.0,2025-08-08 17:44:52
SMCO,,,,,,,,,-,-,-,-,-,25.86,0.0009,55032.0,2025-08-08 17:44:52
KDRN,,,,,,,,,-,-,-,-,-,23.2,-0.0023,3.0,2025-08-08 17:44:52
ZMAR,,,,,,,,,-,-,-,-,-,26.71,0.0,0.0,2025-08-08 17:44:52
WCMI,,,,,,,,,-,-,-,-,-,15.58,-0.0006,80126.0,2025-08-08 17:44:52
ESPO,,,,,,,,,-,-,-,-,-,112.88,0.0059,14391.0,2025-08-08 17:44:52
WNTR,,,,,,,,,-,-,-,-,-,30.55,0.0096,18861.0,2025-08-08 17:44:52
DFSV,,,,,,,,,-,-,-,-,-,29.89,0.0054,1805877.0,2025-08-08 17:44:52
EFAD,,,,,,,,,-,-,-,-,-,42.14,0.0054,222.0,2025-08-08 17:44:52
SMCX,,,,,,,,,-,-,-,-,-,36.13,-0.0897,3751039.0,2025-08-08 17:44:52
KEUA,,,,,,,,,-,-,-,-,-,24.28,0.016,446.0,2025-08-08 17:44:52
ZMAY,,,,,,,,,-,-,-,-,-,24.87,0.0,0.0,2025-08-08 17:44:52
WEAT,,,,,,,,,-,-,-,-,-,4.3,-0.0069,1676573.0,2025-08-08 17:44:52
ESML,,,,,,,,,-,-,-,-,-,41.9,0.0,45298.0,2025-08-08 17:44:52
WNDY,,,,,,,,,-,-,-,-,-,12.81,0.0075,10990.0,2025-08-08 17:44:52
DFUS,,,,,,,,,-,-,-,-,-,69.1,0.0073,291105.0,2025-08-08 17:44:52
EFAS,,,,,,,,,-,-,-,-,-,18.78,0.0052,29245.0,2025-08-08 17:44:52
SMCY,,,,,,,,,-,-,-,-,-,16.6,-0.0371,1413548.0,2025-08-08 17:44:52
KFEB,,,,,,,,,-,-,-,-,-,25.22,0.0019,8334.0,2025-08-08 17:44:52
FLAU,,,,,,,,,-,-,-,-,-,31.66,0.004,632.0,2025-08-08 17:44:52
EVNT,,,,,,,,,-,-,-,-,-,11.53,0.0012,353.0,2025-08-08 17:44:52
MDST,,,,,,,,,-,-,-,-,-,26.63,-0.0008,50458.0,2025-08-08 17:44:52
FLUD,,,,,,,,,-,-,-,-,-,25.01,0.0014000000000000002,21679.0,2025-08-08 17:44:52
WHTX,,,,,,,,,-,-,-,-,-,10.78,-0.0146,299.0,2025-08-08 17:44:52
COMB,,,,,,,,,-,-,-,-,-,20.77,-0.0025,28194.0,2025-08-08 17:44:52
MDY,,,,,,,,,-,-,-,-,-,571.12,-0.0002,350535.0,2025-08-08 17:44:52
XXRP,,,,,,,,,-,-,-,-,-,51.0,0.1518,2194566.0,2025-08-08 17:44:52
FLAX,,,,,,,,,-,-,-,-,-,26.8,-0.0016,5831.0,2025-08-08 17:44:52
EVMO,,,,,,,,,-,-,-,-,-,49.92,-0.0001,38153.0,2025-08-08 17:44:52
MDYG,,,,,,,,,-,-,-,-,-,87.98,-0.0014000000000000002,50008.0,2025-08-08 17:44:52
FMAG,,,,,,,,,-,-,-,-,-,35.12,0.0037,28629.0,2025-08-08 17:44:52
WIP,,,,,,,,,-,-,-,-,-,38.55,-0.0054,69226.0,2025-08-08 17:44:52
UOCT,,,,,,,,,-,-,-,-,-,37.58,0.0042,2895.0,2025-08-08 17:44:52
MDYV,,,,,,,,,-,-,-,-,-,79.53,0.001,50900.0,2025-08-08 17:44:52
XXCH,,,,,,,,,-,-,-,-,-,27.34,-0.0048,13682.0,2025-08-08 17:44:52
FLBL,,,,,,,,,-,-,-,-,-,24.16,0.0012,247290.0,2025-08-08 17:44:52
EVMT,,,,,,,,,-,-,-,-,-,15.55,0.0032,290.0,2025-08-08 17:44:52
MEAR,,,,,,,,,-,-,-,-,-,50.38,0.0004,138834.0,2025-08-08 17:44:52
FMAR,,,,,,,,,-,-,-,-,-,45.53,0.002,13954.0,2025-08-08 17:44:52
ABI,,,,,,,,,-,-,-,-,-,25.15,0.001,1006.0,2025-08-08 17:44:52
BWZ,,,,,,,,,-,-,-,-,-,27.62,0.0,5406965.0,2025-08-08 17:44:52
SMOT,,,,,,,,,-,-,-,-,-,34.95,-0.0023,52135.0,2025-08-08 17:44:52
JENA-U,,,,,,,,,-,-,-,-,-,10.39,0.0,0.0,2025-08-08 17:44:52
GSG,,,,,,,,,-,-,-,-,-,22.18,-0.0022,443875.0,2025-08-08 17:44:52
NOVP,,,,,,,,,-,-,-,-,-,29.11,0.0048,900.0,2025-08-08 17:44:52
XLP,,,,,,,,,-,-,-,-,-,82.48,0.0029,14127515.0,2025-08-08 17:44:52
WDTE,,,,,,,,,-,-,-,-,-,34.05,0.0051,24294.0,2025-08-08 17:44:52
ABIG,,,,,,,,,-,-,-,-,-,30.66,0.0068000000000000005,3259.0,2025-08-08 17:44:52
BYLD,,,,,,,,,-,-,-,-,-,22.6,-0.0009,33470.0,2025-08-08 17:44:52
TEQI,,,,,,,,,-,-,-,-,-,42.37,0.006999999999999999,10331.0,2025-08-08 17:44:52
JEPI,,,,,,,,,-,-,-,-,-,56.06,0.0029,3291261.0,2025-08-08 17:44:52
IDNA,,,,,,,,,-,-,-,-,-,21.15,-0.0088,9517.0,2025-08-08 17:44:52
NOWL,,,,,,,,,-,-,-,-,-,20.33,-0.008199999999999999,29840.0,2025-08-08 17:44:52
XLRE,,,,,,,,,-,-,-,-,-,41.25,-0.008199999999999999,7016270.0,2025-08-08 17:44:52
WEED,,,,,,,,,-,-,-,-,-,16.08,0.09380000000000001,52462.0,2025-08-08 17:44:52
ABLD,,,,,,,,,-,-,-,-,-,28.2,-0.0066,11923.0,2025-08-08 17:44:52
BYRE,,,,,,,,,-,-,-,-,-,24.86,-0.006,1524.0,2025-08-08 17:44:52
TESL,,,,,,,,,-,-,-,-,-,24.09,0.047400000000000005,21459.0,2025-08-08 17:44:52
JEPQ,,,,,,,,,-,-,-,-,-,55.32,0.0062,5980098.0,2025-08-08 17:44:52
ENDW,,,,,,,,,-,-,-,-,-,28.91,0.0014000000000000002,16193.0,2025-08-08 17:44:52
XDOC,,,,,,,,,-,-,-,-,-,33.2,0.0043,1.0,2025-08-08 17:44:52
ILDR,,,,,,,,,-,-,-,-,-,29.96,-0.0045000000000000005,50842.0,2025-08-08 17:44:52
CPSF,,,,,,,,,-,-,-,-,-,24.85,0.0022,52.0,2025-08-08 17:44:52
TIP,,,,,,,,,-,-,-,-,-,110.35,-0.0006,1830858.0,2025-08-08 17:44:52
XDQQ,,,,,,,,,-,-,-,-,-,36.42,0.0083,8179.0,2025-08-08 17:44:52
XJUL,,,,,,,,,-,-,-,-,-,37.67,0.0039000000000000003,3092.0,2025-08-08 17:44:52
LRGE,,,,,,,,,-,-,-,-,-,80.07,0.010700000000000001,7213.0,2025-08-08 17:44:52
ENFR,,,,,,,,,-,-,-,-,-,31.8,-0.0044,28472.0,2025-08-08 17:44:52
XDSQ,,,,,,,,,-,-,-,-,-,38.63,0.0078000000000000005,3873.0,2025-08-08 17:44:52
ILF,,,,,,,,,-,-,-,-,-,25.81,-0.0046,1219708.0,2025-08-08 17:44:52
BSVO,,,,,,,,,-,-,-,-,-,20.88,0.0055000000000000005,209120.0,2025-08-08 17:44:52
SOXL,,,,,,,,,-,-,-,-,-,25.71,0.028399999999999998,70316859.0,2025-08-08 17:44:52
XDTE,,,,,,,,,-,-,-,-,-,44.0,0.006999999999999999,124683.0,2025-08-08 17:44:52
XJUN,,,,,,,,,-,-,-,-,-,41.59,0.0026,1859.0,2025-08-08 17:44:52
LRGF,,,,,,,,,-,-,-,-,-,66.06,0.0079,111655.0,2025-08-08 17:44:52
EMQQ,,,,,,,,,-,-,-,-,-,41.16,-0.0031,19763.0,2025-08-08 17:44:52
UOCT,,,,,,,,,-,-,-,-,-,37.58,0.0042,2895.0,2025-08-08 17:44:52
ILIT,,,,,,,,,-,-,-,-,-,9.54,0.0374,10959.0,2025-08-08 17:44:52
BTAL,,,,,,,,,-,-,-,-,-,16.65,-0.0077,519818.0,2025-08-08 17:44:52
MAGY,,,,,,,,,-,-,-,-,-,56.84,-0.0060999999999999995,66818.0,2025-08-08 17:44:52
CGCB,,,,,,,,,-,-,-,-,-,26.31,-0.0023,452594.0,2025-08-08 17:44:52
SPLV,,,,,,,,,-,-,-,-,-,73.57,0.0016,1099758.0,2025-08-08 17:44:52
IIGD,,,,,,,,,-,-,-,-,-,24.72,-0.002,295.0,2025-08-08 17:44:52
FEUZ,,,,,,,,,-,-,-,-,-,57.93,0.0064,3188.0,2025-08-08 17:44:52
CGCP,,,,,,,,,-,-,-,-,-,22.53,-0.0018,692398.0,2025-08-08 17:44:52
XAR,,,,,,,,,-,-,-,-,-,214.39,-0.0043,197013.0,2025-08-08 17:44:52
DEFI,,,,,,,,,-,-,-,-,-,131.73,-0.0097,661.0,2025-08-08 17:44:52
IMTM,,,,,,,,,-,-,-,-,-,46.24,0.0024,430921.0,2025-08-08 17:44:52
CGBL,,,,,,,,,-,-,-,-,-,33.74,0.0045000000000000005,644200.0,2025-08-08 17:44:52
SPMB,,,,,,,,,-,-,-,-,-,22.03,-0.0023,553997.0,2025-08-08 17:44:52
IHI,,,,,,,,,-,-,-,-,-,61.32,0.011200000000000002,887876.0,2025-08-08 17:44:52
FEX,,,,,,,,,-,-,-,-,-,111.89,0.0021,8143.0,2025-08-08 17:44:52
CGGE,,,,,,,,,-,-,-,-,-,29.72,0.0044,222711.0,2025-08-08 17:44:52
XAUG,,,,,,,,,-,-,-,-,-,36.09,0.0014000000000000002,862.0,2025-08-08 17:44:52
DEFR,,,,,,,,,-,-,-,-,-,25.79,-0.001,3165.0,2025-08-08 17:44:52
IMST,,,,,,,,,-,-,-,-,-,46.97,-0.013000000000000001,49540.0,2025-08-08 17:44:52
CGGG,,,,,,,,,-,-,-,-,-,27.56,0.0025,14064.0,2025-08-08 17:44:52
SPMD,,,,,,,,,-,-,-,-,-,54.82,0.0,981683.0,2025-08-08 17:44:52
IHAK,,,,,,,,,-,-,-,-,-,49.54,-0.0128,53116.0,2025-08-08 17:44:52
RAFE,,,,,,,,,-,-,-,-,-,38.38,0.0091,4681.0,2025-08-08 17:44:52
MLPR,,,,,,,,,-,-,-,-,-,59.52,0.0087,908.0,2025-08-08 17:44:52
JXX,,,,,,,,,-,-,-,-,-,26.39,-0.0048,13.0,2025-08-08 17:44:52
GOOP,,,,,,,,,-,-,-,-,-,29.08,0.0138,4047.0,2025-08-08 17:44:52
TIP,,,,,,,,,-,-,-,-,-,110.35,-0.0006,1830858.0,2025-08-08 17:44:52
MLPX,,,,,,,,,-,-,-,-,-,60.22,-0.0023,641295.0,2025-08-08 17:44:52
VIXM,,,,,,,,,-,-,-,-,-,16.72,-0.0024,62468.0,2025-08-08 17:44:52
XNOV,,,,,,,,,-,-,-,-,-,35.94,0.0,0.0,2025-08-08 17:44:52
RAAX,,,,,,,,,-,-,-,-,-,32.02,0.001,21050.0,2025-08-08 17:44:52
MMIN,,,,,,,,,-,-,-,-,-,23.05,0.0004,85083.0,2025-08-08 17:44:52
JXI,,,,,,,,,-,-,-,-,-,76.08,-0.005,6952.0,2025-08-08 17:44:52
GOLY,,,,,,,,,-,-,-,-,-,29.86,0.0017000000000000001,30339.0,2025-08-08 17:44:52
TLCI,,,,,,,,,-,-,-,-,-,26.12,-0.0004,1.0,2025-08-08 17:44:52
MMIT,,,,,,,,,-,-,-,-,-,23.89,0.0017000000000000001,258852.0,2025-08-08 17:44:52
VIXY,,,,,,,,,-,-,-,-,-,39.76,-0.0345,2038269.0,2025-08-08 17:44:52
XNTK,,,,,,,,,-,-,-,-,-,243.36,0.0085,11873.0,2025-08-08 17:44:52
QUBX,,,,,,,,,-,-,-,-,-,18.97,0.0533,155285.0,2025-08-08 17:44:52
MMKT,,,,,,,,,-,-,-,-,-,100.21,-0.0004,21057.0,2025-08-08 17:44:52
JVAL,,,,,,,,,-,-,-,-,-,44.86,0.0060999999999999995,16242.0,2025-08-08 17:44:52
FGM,,,,,,,,,-,-,-,-,-,57.6,0.0069,13224.0,2025-08-08 17:44:52
XPP,,,,,,,,,-,-,-,-,-,26.06,-0.004,1965.0,2025-08-08 17:44:52
UTHY,,,,,,,,,-,-,-,-,-,41.26,-0.004699999999999999,20901.0,2025-08-08 17:44:52
OPTZ,,,,,,,,,-,-,-,-,-,32.49,0.0036,360.0,2025-08-08 17:44:52
YYY,,,,,,,,,-,-,-,-,-,11.69,0.0017000000000000001,185120.0,2025-08-08 17:44:52
DCMT,,,,,,,,,-,-,-,-,-,25.99,0.0006,5260.0,2025-08-08 17:44:52
SLYG,,,,,,,,,-,-,-,-,-,89.34,0.0028000000000000004,92442.0,2025-08-08 17:44:52
DFAU,,,,,,,,,-,-,-,-,-,43.65,0.0076,465559.0,2025-08-08 17:44:52
ZALT,,,,,,,,,-,-,-,-,-,31.35,0.0026,887458.0,2025-08-08 17:44:52
XPND,,,,,,,,,-,-,-,-,-,34.12,0.0104,7265.0,2025-08-08 17:44:52
SLYV,,,,,,,,,-,-,-,-,-,81.71,0.0059,261017.0,2025-08-08 17:44:52
OPPE,,,,,,,,,-,-,-,-,-,47.75,0.0034000000000000002,9313.0,2025-08-08 17:44:52
ZAP,,,,,,,,,-,-,-,-,-,28.22,-0.0049,36705.0,2025-08-08 17:44:52
DCOR,,,,,,,,,-,-,-,-,-,68.66,0.0060999999999999995,61787.0,2025-08-08 17:44:52
SMBS,,,,,,,,,-,-,-,-,-,25.27,-0.002,400666.0,2025-08-08 17:44:52
DFAW,,,,,,,,,-,-,-,-,-,68.78,0.0054,27076.0,2025-08-08 17:44:52
ZAPR,,,,,,,,,-,-,-,-,-,25.24,0.0011,396.0,2025-08-08 17:44:52
XPH,,,,,,,,,-,-,-,-,-,43.17,0.0148,21913.0,2025-08-08 17:44:52
SMH,,,,,,,,,-,-,-,-,-,293.53,0.0083,5106244.0,2025-08-08 17:44:52
OPPJ,,,,,,,,,-,-,-,-,-,38.94,0.011200000000000002,3837.0,2025-08-08 17:44:52
ZAUG,,,,,,,,,-,-,-,-,-,26.1,0.0012,218933.0,2025-08-08 17:44:52
FLAG,,,,,,,,,-,-,-,-,-,26.76,0.0040999999999999995,16.0,2025-08-08 17:44:52
BUFR,,,,,,,,,-,-,-,-,-,32.5,0.0046,696116.0,2025-08-08 17:44:52
DECM,,,,,,,,,-,-,-,-,-,31.89,0.0023,1201.0,2025-08-08 17:44:52
BNO,,,,,,,,,-,-,-,-,-,29.55,0.0017000000000000001,660211.0,2025-08-08 17:44:52
FLAO,,,,,,,,,-,-,-,-,-,27.69,0.0017000000000000001,8.0,2025-08-08 17:44:52
XCCC,,,,,,,,,-,-,-,-,-,38.53,-0.0003,59182.0,2025-08-08 17:44:52
XTJL,,,,,,,,,-,-,-,-,-,36.82,0.005699999999999999,78.0,2025-08-08 17:44:52
HIMZ,,,,,,,,,-,-,-,-,-,20.94,0.0331,3027371.0,2025-08-08 17:44:52
FLAU,,,,,,,,,-,-,-,-,-,31.66,0.004,632.0,2025-08-08 17:44:52
BUFS,,,,,,,,,-,-,-,-,-,21.29,0.0014000000000000002,92075.0,2025-08-08 17:44:52
DECO,,,,,,,,,-,-,-,-,-,38.01,-0.0052,1718.0,2025-08-08 17:44:52
BNOV,,,,,,,,,-,-,-,-,-,42.17,0.005699999999999999,5467.0,2025-08-08 17:44:52
FLAX,,,,,,,,,-,-,-,-,-,26.8,-0.0016,5831.0,2025-08-08 17:44:52
XCEM,,,,,,,,,-,-,-,-,-,34.63,-0.0032,73343.0,2025-08-08 17:44:52
XTL,,,,,,,,,-,-,-,-,-,125.77,0.009300000000000001,3641.0,2025-08-08 17:44:52
HIMU,,,,,,,,,-,-,-,-,-,47.59,0.0,265321.0,2025-08-08 17:44:52
FLBL,,,,,,,,,-,-,-,-,-,24.16,0.0012,247290.0,2025-08-08 17:44:52
BUFT,,,,,,,,,-,-,-,-,-,23.84,0.0008,12765.0,2025-08-08 17:44:52
DECP,,,,,,,,,-,-,-,-,-,28.36,0.0063,1573.0,2025-08-08 17:44:52
BOAT,,,,,,,,,-,-,-,-,-,31.11,-0.0009,8822.0,2025-08-08 17:44:52
TLTD,,,,,,,,,-,-,-,-,-,85.66,0.0058,5410.0,2025-08-08 17:44:52
CA,,,,,,,,,-,-,-,-,-,24.19,-0.0008,84.0,2025-08-08 17:44:52
WTAI,,,,,,,,,-,-,-,-,-,25.53,0.0024,54641.0,2025-08-08 17:44:52
UMDD,,,,,,,,,-,-,-,-,-,22.8,0.0001,10144.0,2025-08-08 17:44:52
TLTE,,,,,,,,,-,-,-,-,-,60.1,0.0004,1428.0,2025-08-08 17:44:52
FILL,,,,,,,,,-,-,-,-,-,24.03,0.0031,5108.0,2025-08-08 17:44:52
ARP,,,,,,,,,-,-,-,-,-,28.96,0.0032,951.0,2025-08-08 17:44:52
MBOX,,,,,,,,,-,-,-,-,-,33.64,0.0009,2030.0,2025-08-08 17:44:52
TLTI,,,,,,,,,-,-,-,-,-,46.29,-0.0046,6840.0,2025-08-08 17:44:52
CAAA,,,,,,,,,-,-,-,-,-,20.45,-0.002,349.0,2025-08-08 17:44:52
WSML,,,,,,,,,-,-,-,-,-,28.48,0.0015,276.0,2025-08-08 17:44:52
UPAR,,,,,,,,,-,-,-,-,-,14.2,0.003,743.0,2025-08-08 17:44:52
TLTP,,,,,,,,,-,-,-,-,-,22.53,-0.0049,4955.0,2025-08-08 17:44:52
FINE,,,,,,,,,-,-,-,-,-,21.39,-0.0028000000000000004,11.0,2025-08-08 17:44:52
BMVP,,,,,,,,,-,-,-,-,-,48.38,0.0053,142.0,2025-08-08 17:44:52
KMID,,,,,,,,,-,-,-,-,-,24.44,0.0004,4751.0,2025-08-08 17:44:52
TLTW,,,,,,,,,-,-,-,-,-,22.75,-0.0013,742178.0,2025-08-08 17:44:52
CPNJ,,,,,,,,,-,-,-,-,-,26.4,0.0018,536.0,2025-08-08 17:44:52
WTMF,,,,,,,,,-,-,-,-,-,36.23,0.0045000000000000005,8985.0,2025-08-08 17:44:52
UOCT,,,,,,,,,-,-,-,-,-,37.58,0.0042,2895.0,2025-08-08 17:44:52
FIW,,,,,,,,,-,-,-,-,-,110.98,0.0002,24849.0,2025-08-08 17:44:52
MUSQ,,,,,,,,,-,-,-,-,-,28.73,0.017,1929.0,2025-08-08 17:44:52
KSA,,,,,,,,,-,-,-,-,-,37.83,0.0,799885.0,2025-08-08 17:44:52
CARK,,,,,,,,,-,-,-,-,-,42.27,0.008,3.0,2025-08-08 17:44:52
FJAN,,,,,,,,,-,-,-,-,-,48.63,0.0054,16215.0,2025-08-08 17:44:52
XMMO,,,,,,,,,-,-,-,-,-,130.13,0.0060999999999999995,228247.0,2025-08-08 17:44:52
KROP,,,,,,,,,-,-,-,-,-,10.7,0.0034999999999999996,1913.0,2025-08-08 17:44:52
XDOC,,,,,,,,,-,-,-,-,-,33.2,0.0043,1.0,2025-08-08 17:44:52
FJP,,,,,,,,,-,-,-,-,-,63.56,0.0075,12211.0,2025-08-08 17:44:52
MUST,,,,,,,,,-,-,-,-,-,20.04,-0.001,102685.0,2025-08-08 17:44:52
UPGD,,,,,,,,,-,-,-,-,-,72.42,-0.0004,642.0,2025-08-08 17:44:52
CARU,,,,,,,,,-,-,-,-,-,27.82,-0.005,203.0,2025-08-08 17:44:52
FJUL,,,,,,,,,-,-,-,-,-,53.18,0.0051,84999.0,2025-08-08 17:44:52
XMPT,,,,,,,,,-,-,-,-,-,20.78,-0.0014000000000000002,21325.0,2025-08-08 17:44:52
UPGR,,,,,,,,,-,-,-,-,-,19.25,0.003,95.0,2025-08-08 17:44:52
XDQQ,,,,,,,,,-,-,-,-,-,36.42,0.0083,8179.0,2025-08-08 17:44:52
FJUN,,,,,,,,,-,-,-,-,-,54.64,0.0036,7868.0,2025-08-08 17:44:52
MUU,,,,,,,,,-,-,-,-,-,21.98,0.12369999999999999,726827.0,2025-08-08 17:44:52
UPRO,,,,,,,,,-,-,-,-,-,98.75,0.0223,4219768.0,2025-08-08 17:44:52
CAML,,,,,,,,,-,-,-,-,-,37.55,0.0011,18512.0,2025-08-08 17:44:52
BOTZ,,,,,,,,,-,-,-,-,-,33.6,0.0051,518999.0,2025-08-08 17:44:52
BBAX,,,,,,,,,-,-,-,-,-,55.95,0.0009,197994.0,2025-08-08 17:44:52
NFLT,,,,,,,,,-,-,-,-,-,22.9,0.0,57537.0,2025-08-08 17:44:52
XLSI,,,,,,,,,-,-,-,-,-,25.42,0.0026,21.0,2025-08-08 17:44:52
VCEB,,,,,,,,,-,-,-,-,-,63.33,-0.0019,17365.0,2025-08-08 17:44:52
BBBI,,,,,,,,,-,-,-,-,-,51.51,-0.0026,653.0,2025-08-08 17:44:52
NFLU,,,,,,,,,-,-,-,-,-,59.33,0.061399999999999996,137429.0,2025-08-08 17:44:52
XLSR,,,,,,,,,-,-,-,-,-,56.23,0.0097,27577.0,2025-08-08 17:44:52
BOUT,,,,,,,,,-,-,-,-,-,36.79,-0.0054,1977.0,2025-08-08 17:44:52
BBBL,,,,,,,,,-,-,-,-,-,48.22,-0.0044,29.0,2025-08-08 17:44:52
NFLW,,,,,,,,,-,-,-,-,-,46.45,0.0315,13643.0,2025-08-08 17:44:52
XLU,,,,,,,,,-,-,-,-,-,86.18,-0.0043,9217527.0,2025-08-08 17:44:52
YQQQ,,,,,,,,,-,-,-,-,-,13.53,-0.008,27373.0,2025-08-08 17:44:52
BBBS,,,,,,,,,-,-,-,-,-,51.33,-0.0007000000000000001,11700.0,2025-08-08 17:44:52
NFLY,,,,,,,,,-,-,-,-,-,17.29,0.0159,99879.0,2025-08-08 17:44:52
XLUI,,,,,,,,,-,-,-,-,-,25.62,0.0001,1221.0,2025-08-08 17:44:52
BOIL,,,,,,,,,-,-,-,-,-,33.55,-0.048799999999999996,5092474.0,2025-08-08 17:44:52
BBC,,,,,,,,,-,-,-,-,-,21.03,0.0007000000000000001,8581.0,2025-08-08 17:44:52
NFRA,,,,,,,,,-,-,-,-,-,61.92,0.0008,52040.0,2025-08-08 17:44:52
XLV,,,,,,,,,-,-,-,-,-,130.16,0.0089,13729946.0,2025-08-08 17:44:52
DEXC,,,,,,,,,-,-,-,-,-,54.87,-0.0018,14084.0,2025-08-08 17:44:52
JHML,,,,,,,,,-,-,-,-,-,74.91,0.005,11511.0,2025-08-08 17:44:52
THYF,,,,,,,,,-,-,-,-,-,52.23,-0.0005,4324.0,2025-08-08 17:44:52
VYMI,,,,,,,,,-,-,-,-,-,82.7,0.0046,803308.0,2025-08-08 17:44:52
DFAC,,,,,,,,,-,-,-,-,-,36.81,0.0063,1532376.0,2025-08-08 17:44:52
VTHR,,,,,,,,,-,-,-,-,-,280.68,0.0067,6333.0,2025-08-08 17:44:52
TIER,,,,,,,,,-,-,-,-,-,25.86,0.0033,1714.0,2025-08-08 17:44:52
VWID,,,,,,,,,-,-,-,-,-,32.91,0.008,777.0,2025-08-08 17:44:52
DFAE,,,,,,,,,-,-,-,-,-,29.75,-0.0013,360219.0,2025-08-08 17:44:52
JHMM,,,,,,,,,-,-,-,-,-,61.82,-0.0013,341600.0,2025-08-08 17:44:52
TILL,,,,,,,,,-,-,-,-,-,17.81,0.0,237.0,2025-08-08 17:44:52
VWO,,,,,,,,,-,-,-,-,-,50.69,-0.0012,5063204.0,2025-08-08 17:44:52
DFAI,,,,,,,,,-,-,-,-,-,35.18,0.0049,872388.0,2025-08-08 17:44:52
VTI,,,,,,,,,-,-,-,-,-,313.03,0.0063,2873019.0,2025-08-08 17:44:52
TILT,,,,,,,,,-,-,-,-,-,229.58,0.0068000000000000005,1181.0,2025-08-08 17:44:52
VWOB,,,,,,,,,-,-,-,-,-,65.77,-0.0002,501000.0,2025-08-08 17:44:52
DFAR,,,,,,,,,-,-,-,-,-,23.04,-0.008199999999999999,304929.0,2025-08-08 17:44:52
JHMU,,,,,,,,,-,-,-,-,-,25.48,-0.0011,430.0,2025-08-08 17:44:52
TIIV,,,,,,,,,-,-,-,-,-,24.78,0.0,0.0,2025-08-08 17:44:52
VXF,,,,,,,,,-,-,-,-,-,196.6,-0.0027,334664.0,2025-08-08 17:44:52
XHYE,,,,,,,,,-,-,-,-,-,38.46,-0.0004,454.0,2025-08-08 17:44:52
VT,,,,,,,,,-,-,-,-,-,131.81,0.0059,1730830.0,2025-08-08 17:44:52
FLV,,,,,,,,,-,-,-,-,-,72.43,0.0076,1938.0,2025-08-08 17:44:52
DMCY,,,,,,,,,-,-,-,-,-,28.84,0.0044,80.0,2025-08-08 17:44:52
XHYF,,,,,,,,,-,-,-,-,-,37.87,0.0005,26.0,2025-08-08 17:44:52
VSAI,,,,,,,,,-,-,-,-,-,,,0.0,2025-08-08 17:44:52
FLY,,,,,,,,,-,-,-,-,-,50.17,-0.16870000000000002,8545539.0,2025-08-08 17:44:52
DMAR,,,,,,,,,-,-,-,-,-,40.12,0.0031,3338.0,2025-08-08 17:44:52
XHYH,,,,,,,,,-,-,-,-,-,35.4,0.0018,31.0,2025-08-08 17:44:52
VRTL,,,,,,,,,-,-,-,-,-,44.17,0.0079,86067.0,2025-08-08 17:44:52
FLYD,,,,,,,,,-,-,-,-,-,8.55,0.0296,1420.0,2025-08-08 17:44:52
DMAT,,,,,,,,,-,-,-,-,-,19.19,0.0172,5027.0,2025-08-08 17:44:52
XHYI,,,,,,,,,-,-,-,-,-,38.15,0.0005,21.0,2025-08-08 17:44:52
VSGX,,,,,,,,,-,-,-,-,-,66.67,0.0036,110387.0,2025-08-08 17:44:52
FMAG,,,,,,,,,-,-,-,-,-,35.12,0.0037,28629.0,2025-08-08 17:44:52
DMAX,,,,,,,,,-,-,-,-,-,26.09,0.002,40441.0,2025-08-08 17:44:52
XHYT,,,,,,,,,-,-,-,-,-,34.65,-0.002,435.0,2025-08-08 17:44:52
VSHY,,,,,,,,,-,-,-,-,-,21.89,0.0008,17.0,2025-08-08 17:44:52
FLXN,,,,,,,,,-,-,-,-,-,25.23,0.0012,787.0,2025-08-08 17:44:52
DMAY,,,,,,,,,-,-,-,-,-,43.48,0.0033,3031.0,2025-08-08 17:44:52
UYM,,,,,,,,,-,-,-,-,-,23.73,0.0101,9142.0,2025-08-08 17:44:52
EHLS,,,,,,,,,-,-,-,-,-,22.45,0.0003,25834.0,2025-08-08 17:44:52
MARZ,,,,,,,,,-,-,-,-,-,33.52,0.0066,390.0,2025-08-08 17:44:52
DDFL,,,,,,,,,-,-,-,-,-,19.89,0.003,144642.0,2025-08-08 17:44:52
YYY,,,,,,,,,-,-,-,-,-,11.69,0.0017000000000000001,185120.0,2025-08-08 17:44:52
UMAY,,,,,,,,,-,-,-,-,-,35.4,0.0027,4353.0,2025-08-08 17:44:52
MAPP,,,,,,,,,-,-,-,-,-,24.86,0.0,0.0,2025-08-08 17:44:52
XB,,,,,,,,,-,-,-,-,-,39.44,0.0002,1462.0,2025-08-08 17:44:52
YXI,,,,,,,,,-,-,-,-,-,10.56,0.0007000000000000001,374.0,2025-08-08 17:44:52
FESM,,,,,,,,,-,-,-,-,-,33.21,0.0042,227051.0,2025-08-08 17:44:52
MARB,,,,,,,,,-,-,-,-,-,20.72,-0.0007000000000000001,4449.0,2025-08-08 17:44:52
DDIV,,,,,,,,,-,-,-,-,-,38.34,-0.0007000000000000001,1237.0,2025-08-08 17:44:52
ZALT,,,,,,,,,-,-,-,-,-,31.35,0.0026,887458.0,2025-08-08 17:44:52
ULTY,,,,,,,,,-,-,-,-,-,6.03,-0.0017000000000000001,35820894.0,2025-08-08 17:44:52
MARM,,,,,,,,,-,-,-,-,-,32.31,0.0015,5911.0,2025-08-08 17:44:52
XBAP,,,,,,,,,-,-,-,-,-,37.28,0.0024,27734.0,2025-08-08 17:44:52
ZAP,,,,,,,,,-,-,-,-,-,28.22,-0.0049,36705.0,2025-08-08 17:44:52
FETH,,,,,,,,,-,-,-,-,-,40.61,0.049400000000000006,4048704.0,2025-08-08 17:44:52
MARO,,,,,,,,,-,-,-,-,-,19.09,-0.0225,525115.0,2025-08-08 17:44:52
DCOR,,,,,,,,,-,-,-,-,-,68.66,0.0060999999999999995,61787.0,2025-08-08 17:44:52
FXC,,,,,,,,,-,-,-,-,-,71.01,-0.002,158056.0,2025-08-08 17:44:52
VXZ,,,,,,,,,-,-,-,-,-,58.44,-0.0051,2312.0,2025-08-08 17:44:52
YDEC,,,,,,,,,-,-,-,-,-,25.23,-0.0008,6615.0,2025-08-08 17:44:52
SEPU,,,,,,,,,-,-,-,-,-,27.13,0.0,0.0,2025-08-08 17:44:52
XPND,,,,,,,,,-,-,-,-,-,34.12,0.0104,7265.0,2025-08-08 17:44:52
CTIF,,,,,,,,,-,-,-,-,-,50.69,0.0045000000000000005,15758.0,2025-08-08 17:44:52
YEAR,,,,,,,,,-,-,-,-,-,50.51,0.0006,241844.0,2025-08-08 17:44:52
ZSL,,,,,,,,,-,-,-,-,-,22.63,-0.0026,294516.0,2025-08-08 17:44:52
FXD,,,,,,,,,-,-,-,-,-,64.2,-0.0045000000000000005,10726.0,2025-08-08 17:44:52
TVAL,,,,,,,,,-,-,-,-,-,32.82,0.0049,22994.0,2025-08-08 17:44:52
XXCH,,,,,,,,,-,-,-,-,-,27.34,-0.0048,13682.0,2025-08-08 17:44:52
SEPW,,,,,,,,,-,-,-,-,-,30.7,0.0028000000000000004,10981.0,2025-08-08 17:44:52
XPH,,,,,,,,,-,-,-,-,-,43.17,0.0148,21913.0,2025-08-08 17:44:52
CTEX,,,,,,,,,-,-,-,-,-,24.1,-0.0022,489.0,2025-08-08 17:44:52
XTN,,,,,,,,,-,-,-,-,-,80.97,-0.012,3984.0,2025-08-08 17:44:52
ZTWO,,,,,,,,,-,-,-,-,-,50.67,-0.0005,942.0,2025-08-08 17:44:52
FXE,,,,,,,,,-,-,-,-,-,107.42,-0.0007000000000000001,86480.0,2025-08-08 17:44:52
TURF,,,,,,,,,-,-,-,-,-,25.44,0.0,0.0,2025-08-08 17:44:52
XTJA,,,,,,,,,-,-,-,-,-,30.07,0.004699999999999999,151.0,2025-08-08 17:44:52
SEPZ,,,,,,,,,-,-,-,-,-,40.76,0.0068000000000000005,3992.0,2025-08-08 17:44:52
VFVA,,,,,,,,,-,-,-,-,-,119.21,0.0078000000000000005,7480.0,2025-08-08 17:44:52
FEIG,,,,,,,,,-,-,-,-,-,41.11,-0.0017000000000000001,1602.0,2025-08-08 17:44:52
WTMY,,,,,,,,,-,-,-,-,-,24.79,-0.0004,1409.0,2025-08-08 17:44:52
USSE,,,,,,,,,-,-,-,-,-,32.25,0.0078000000000000005,20341.0,2025-08-08 17:44:52
BOND,,,,,,,,,-,-,-,-,-,92.01,-0.0022,200549.0,2025-08-08 17:44:52
THLV,,,,,,,,,-,-,-,-,-,29.02,0.0038,13382.0,2025-08-08 17:44:52
WTV,,,,,,,,,-,-,-,-,-,87.17,0.0046,63982.0,2025-08-08 17:44:52
USSG,,,,,,,,,-,-,-,-,-,58.61,0.0089,9515.0,2025-08-08 17:44:52
ZZZ,,,,,,,,,-,-,-,-,-,29.95,0.0039000000000000003,47.0,2025-08-08 17:44:52
FEAT,,,,,,,,,-,-,-,-,-,34.59,0.0001,52510.0,2025-08-08 17:44:52
WUGI,,,,,,,,,-,-,-,-,-,84.54,-0.0029,1143.0,2025-08-08 17:44:52
USSH,,,,,,,,,-,-,-,-,-,50.71,-0.0006,1723.0,2025-08-08 17:44:52
BOIL,,,,,,,,,-,-,-,-,-,33.55,-0.048799999999999996,5092474.0,2025-08-08 17:44:52
USVN,,,,,,,,,-,-,-,-,-,48.29,-0.0023,991.0,2025-08-08 17:44:52
WWJD,,,,,,,,,-,-,-,-,-,34.64,0.0033,37781.0,2025-08-08 17:44:52
UST,,,,,,,,,-,-,-,-,-,43.38,-0.0053,16854.0,2025-08-08 17:44:52
BOED,,,,,,,,,-,-,-,-,-,17.55,-0.0077,964.0,2025-08-08 17:44:52
FEBM,,,,,,,,,-,-,-,-,-,29.56,0.0017000000000000001,1043.0,2025-08-08 17:44:52
XAIX,,,,,,,,,-,-,-,-,-,38.96,0.008,17785.0,2025-08-08 17:44:52
USTB,,,,,,,,,-,-,-,-,-,50.69,-0.0006,60152.0,2025-08-08 17:44:52
INDH,,,,,,,,,-,-,-,-,-,42.13,-0.008100000000000001,332.0,2025-08-08 17:44:52
WISE,,,,,,,,,-,-,-,-,-,38.94,0.022400000000000003,7220.0,2025-08-08 17:44:52
EFFE,,,,,,,,,-,-,-,-,-,23.08,-0.0014000000000000002,7.0,2025-08-08 17:44:52
ZROZ,,,,,,,,,-,-,-,-,-,65.52,-0.0052,136593.0,2025-08-08 17:44:52
VYLD,,,,,,,,,-,-,-,-,-,25.85,0.0068000000000000005,14.0,2025-08-08 17:44:52
WFH,,,,,,,,,-,-,-,-,-,65.65,0.0008,483.0,2025-08-08 17:44:52
EFFI,,,,,,,,,-,-,-,-,-,23.19,0.0,0.0,2025-08-08 17:44:52
ZOCT,,,,,,,,,-,-,-,-,-,26.24,0.0011,27382.0,2025-08-08 17:44:52
INMU,,,,,,,,,-,-,-,-,-,23.41,-0.0008,103434.0,2025-08-08 17:44:52
WGMI,,,,,,,,,-,-,-,-,-,24.96,-0.016200000000000003,311903.0,2025-08-08 17:44:52
EFG,,,,,,,,,-,-,-,-,-,110.33,0.004,452097.0,2025-08-08 17:44:52
ZMAR,,,,,,,,,-,-,-,-,-,26.71,0.0,0.0,2025-08-08 17:44:52
VYM,,,,,,,,,-,-,-,-,-,135.34,0.0055000000000000005,780496.0,2025-08-08 17:44:52
WEAT,,,,,,,,,-,-,-,-,-,4.3,-0.0069,1676573.0,2025-08-08 17:44:52
EFIV,,,,,,,,,-,-,-,-,-,60.74,0.0106,126413.0,2025-08-08 17:44:52
ZMAY,,,,,,,,,-,-,-,-,-,24.87,0.0,0.0,2025-08-08 17:44:52
INKM,,,,,,,,,-,-,-,-,-,32.65,0.0006,928.0,2025-08-08 17:44:52
WDTE,,,,,,,,,-,-,-,-,-,34.05,0.0051,24294.0,2025-08-08 17:44:52
EFNL,,,,,,,,,-,-,-,-,-,41.53,0.0040999999999999995,838.0,2025-08-08 17:44:52
ZNOV,,,,,,,,,-,-,-,-,-,26.09,0.0029,4476.0,2025-08-08 17:44:52
XMMO,,,,,,,,,-,-,-,-,-,130.13,0.0060999999999999995,228247.0,2025-08-08 17:44:52
PSCU,,,,,,,,,-,-,-,-,-,53.51,-0.0070999999999999995,4514.0,2025-08-08 17:44:52
XAUG,,,,,,,,,-,-,-,-,-,36.09,0.0014000000000000002,862.0,2025-08-08 17:44:52
TSMZ,,,,,,,,,-,-,-,-,-,15.86,0.0022,10871.0,2025-08-08 17:44:52
XMPT,,,,,,,,,-,-,-,-,-,20.78,-0.0014000000000000002,21325.0,2025-08-08 17:44:52
VTI,,,,,,,,,-,-,-,-,-,313.03,0.0063,2873019.0,2025-08-08 17:44:52
XB,,,,,,,,,-,-,-,-,-,39.44,0.0002,1462.0,2025-08-08 17:44:52
TSYY,,,,,,,,,-,-,-,-,-,8.36,-0.0296,1128015.0,2025-08-08 17:44:52
VFVA,,,,,,,,,-,-,-,-,-,119.21,0.0078000000000000005,7480.0,2025-08-08 17:44:52
PSCW,,,,,,,,,-,-,-,-,-,26.91,0.0025,474.0,2025-08-08 17:44:52
XBAP,,,,,,,,,-,-,-,-,-,37.28,0.0024,27734.0,2025-08-08 17:44:52
VTIP,,,,,,,,,-,-,-,-,-,50.27,0.0004,1274406.0,2025-08-08 17:44:52
VGMS,,,,,,,,,-,-,-,-,-,51.16,-0.001,39414.0,2025-08-08 17:44:52
PSCX,,,,,,,,,-,-,-,-,-,29.32,0.0,0.0,2025-08-08 17:44:52
XBB,,,,,,,,,-,-,-,-,-,40.9,0.0002,21826.0,2025-08-08 17:44:52
VT,,,,,,,,,-,-,-,-,-,131.81,0.0059,1730830.0,2025-08-08 17:44:52
VGSH,,,,,,,,,-,-,-,-,-,58.6,-0.0005,2693067.0,2025-08-08 17:44:52
PSDM,,,,,,,,,-,-,-,-,-,51.22,-0.0004,10801.0,2025-08-08 17:44:52
XBI,,,,,,,,,-,-,-,-,-,85.43,0.0013,6666614.0,2025-08-08 17:44:52
VTG,,,,,,,,,-,-,-,-,-,75.62,-0.0018,25715.0,2025-08-08 17:44:52
CPSM,,,,,,,,,-,-,-,-,-,28.02,0.0012,128.0,2025-08-08 17:44:52
XJR,,,,,,,,,-,-,-,-,-,40.0,0.0023,6354.0,2025-08-08 17:44:52
ZDEK,,,,,,,,,-,-,-,-,-,24.84,0.0028000000000000004,262940.0,2025-08-08 17:44:52
WABF,,,,,,,,,-,-,-,-,-,25.12,-0.0032,71.0,2025-08-08 17:44:52
DYLG,,,,,,,,,-,-,-,-,-,26.21,0.0063,1484.0,2025-08-08 17:44:52
XJUL,,,,,,,,,-,-,-,-,-,37.67,0.0039000000000000003,3092.0,2025-08-08 17:44:52
ZECP,,,,,,,,,-,-,-,-,-,32.57,0.0068000000000000005,380457.0,2025-08-08 17:44:52
VV,,,,,,,,,-,-,-,-,-,294.39,0.0074,113752.0,2025-08-08 17:44:52
CPSN,,,,,,,,,-,-,-,-,-,26.25,0.0,0.0,2025-08-08 17:44:52
XJUN,,,,,,,,,-,-,-,-,-,41.59,0.0026,1859.0,2025-08-08 17:44:52
ZHDG,,,,,,,,,-,-,-,-,-,21.81,0.0076,3887.0,2025-08-08 17:44:52
VYLD,,,,,,,,,-,-,-,-,-,25.85,0.0068000000000000005,14.0,2025-08-08 17:44:52
CTIF,,,,,,,,,-,-,-,-,-,50.69,0.0045000000000000005,15758.0,2025-08-08 17:44:52
XLB,,,,,,,,,-,-,-,-,-,88.35,0.005,5158560.0,2025-08-08 17:44:52
ZIG,,,,,,,,,-,-,-,-,-,36.33,0.0027,8048.0,2025-08-08 17:44:52
VYM,,,,,,,,,-,-,-,-,-,135.34,0.0055000000000000005,780496.0,2025-08-08 17:44:52
CPSO,,,,,,,,,-,-,-,-,-,26.48,0.0008,1.0,2025-08-08 17:44:52
XLBI,,,,,,,,,-,-,-,-,-,24.39,0.0052,115.0,2025-08-08 17:44:52
ZFEB,,,,,,,,,-,-,-,-,-,24.64,0.0025,6659.0,2025-08-08 17:44:52
VYMI,,,,,,,,,-,-,-,-,-,82.7,0.0046,803308.0,2025-08-08 17:44:52
BPH,,,,,,,,,-,-,-,-,-,52.65,-0.0014000000000000002,314.0,2025-08-08 17:44:52
SOXY,,,,,,,,,-,-,-,-,-,52.44,0.0075,1003.0,2025-08-08 17:44:52
ZIPP,,,,,,,,,-,-,-,-,-,24.32,-0.0105,81.0,2025-08-08 17:44:52
HEEM,,,,,,,,,-,-,-,-,-,30.99,-0.0013,6865.0,2025-08-08 17:44:52
BPI,,,,,,,,,-,-,-,-,-,43.15,-0.009399999999999999,6216.0,2025-08-08 17:44:52
SOYB,,,,,,,,,-,-,-,-,-,21.07,-0.0085,14243.0,2025-08-08 17:44:52
ZJAN,,,,,,,,,-,-,-,-,-,26.54,0.0,0.0,2025-08-08 17:44:52
HEFA,,,,,,,,,-,-,-,-,-,38.44,0.008100000000000001,433438.0,2025-08-08 17:44:52
BNO,,,,,,,,,-,-,-,-,-,29.55,0.0017000000000000001,660211.0,2025-08-08 17:44:52
SPAB,,,,,,,,,-,-,-,-,-,25.51,-0.0023,948045.0,2025-08-08 17:44:52
VPC,,,,,,,,,-,-,-,-,-,20.27,0.009399999999999999,10181.0,2025-08-08 17:44:52
HEGD,,,,,,,,,-,-,-,-,-,23.98,0.0055000000000000005,43288.0,2025-08-08 17:44:52
BNOV,,,,,,,,,-,-,-,-,-,42.17,0.005699999999999999,5467.0,2025-08-08 17:44:52
SPEM,,,,,,,,,-,-,-,-,-,43.78,-0.0016,948588.0,2025-08-08 17:44:52
VOE,,,,,,,,,-,-,-,-,-,167.96,0.0031,239997.0,2025-08-08 17:44:52
SPEU,,,,,,,,,-,-,-,-,-,48.56,0.0027,45768.0,2025-08-08 17:44:52
BNKD,,,,,,,,,-,-,-,-,-,17.28,-0.0417,23.0,2025-08-08 17:44:52
SPFF,,,,,,,,,-,-,-,-,-,9.18,0.0044,48526.0,2025-08-08 17:44:52
VOLT,,,,,,,,,-,-,-,-,-,27.44,0.0026,29160.0,2025-08-08 17:44:52
SPBC,,,,,,,,,-,-,-,-,-,42.95,0.008199999999999999,9925.0,2025-08-08 17:44:52
XLCI,,,,,,,,,-,-,-,-,-,25.15,0.0042,8.0,2025-08-08 17:44:52
TPIF,,,,,,,,,-,-,-,-,-,32.79,0.0034000000000000002,9119.0,2025-08-08 17:44:52
XUSP,,,,,,,,,-,-,-,-,-,43.56,0.0118,8692.0,2025-08-08 17:44:52
VYM,,,,,,,,,-,-,-,-,-,135.34,0.0055000000000000005,780496.0,2025-08-08 17:44:52
WINN,,,,,,,,,-,-,-,-,-,30.05,0.0052,40911.0,2025-08-08 17:44:52
VRAI,,,,,,,,,-,-,-,-,-,23.11,-0.0024,591.0,2025-08-08 17:44:52
USSG,,,,,,,,,-,-,-,-,-,58.61,0.0089,9515.0,2025-08-08 17:44:52
EGGS,,,,,,,,,-,-,-,-,-,40.85,0.001,2442.0,2025-08-08 17:44:52
XLE,,,,,,,,,-,-,-,-,-,84.93,0.0064,20298224.0,2025-08-08 17:44:52
VPL,,,,,,,,,-,-,-,-,-,85.46,0.0091,237205.0,2025-08-08 17:44:52
XV,,,,,,,,,-,-,-,-,-,26.66,0.0053,11729.0,2025-08-08 17:44:52
VYMI,,,,,,,,,-,-,-,-,-,82.7,0.0046,803308.0,2025-08-08 17:44:52
WILD,,,,,,,,,-,-,-,-,-,26.01,0.051699999999999996,6753.0,2025-08-08 17:44:52
VPLS,,,,,,,,,-,-,-,-,-,77.58,-0.0022,83035.0,2025-08-08 17:44:52
USSH,,,,,,,,,-,-,-,-,-,50.71,-0.0006,1723.0,2025-08-08 17:44:52
EGGY,,,,,,,,,-,-,-,-,-,38.97,0.0014000000000000002,4305.0,2025-08-08 17:44:52
XLEI,,,,,,,,,-,-,-,-,-,24.38,0.0063,1165.0,2025-08-08 17:44:52
VPU,,,,,,,,,-,-,-,-,-,186.28,-0.004,272126.0,2025-08-08 17:44:52
XVOL,,,,,,,,,-,-,-,-,-,22.38,0.0018,1804.0,2025-08-08 17:44:52
VTV,,,,,,,,,-,-,-,-,-,177.99,0.0063,2916932.0,2025-08-08 17:44:52
XRPI,,,,,,,,,-,-,-,-,-,21.02,0.0802,1443355.0,2025-08-08 17:44:52
XHYF,,,,,,,,,-,-,-,-,-,37.87,0.0005,26.0,2025-08-08 17:44:52
XRPT,,,,,,,,,-,-,-,-,-,24.27,0.16010000000000002,1489472.0,2025-08-08 17:44:52
VNLA,,,,,,,,,-,-,-,-,-,49.11,0.0002,359334.0,2025-08-08 17:44:52
XRT,,,,,,,,,-,-,-,-,-,80.77,-0.0055000000000000005,3811815.0,2025-08-08 17:44:52
XHYH,,,,,,,,,-,-,-,-,-,35.4,0.0018,31.0,2025-08-08 17:44:52
XSD,,,,,,,,,-,-,-,-,-,270.11,0.0095,39057.0,2025-08-08 17:44:52
JIRE,,,,,,,,,-,-,-,-,-,71.3,0.0042,231602.0,2025-08-08 17:44:52
XSEP,,,,,,,,,-,-,-,-,-,41.14,0.0023,3245.0,2025-08-08 17:44:52
XHYI,,,,,,,,,-,-,-,-,-,38.15,0.0005,21.0,2025-08-08 17:44:52
XSHD,,,,,,,,,-,-,-,-,-,13.02,-0.0031,56873.0,2025-08-08 17:44:52
VNM,,,,,,,,,-,-,-,-,-,17.18,0.0226,661019.0,2025-08-08 17:44:52
XSHQ,,,,,,,,,-,-,-,-,-,41.57,-0.0007000000000000001,33188.0,2025-08-08 17:44:52
XHYT,,,,,,,,,-,-,-,-,-,34.65,-0.002,435.0,2025-08-08 17:44:52
XSLV,,,,,,,,,-,-,-,-,-,45.37,-0.0,9802.0,2025-08-08 17:44:52
JIVE,,,,,,,,,-,-,-,-,-,72.12,0.0060999999999999995,22275.0,2025-08-08 17:44:52
XSMO,,,,,,,,,-,-,-,-,-,68.38,0.0023,128408.0,2025-08-08 17:44:52
XIDE,,,,,,,,,-,-,-,-,-,30.26,0.0014000000000000002,767.0,2025-08-08 17:44:52
XSOE,,,,,,,,,-,-,-,-,-,35.25,-0.0011,42608.0,2025-08-08 17:44:52
ZOCT,,,,,,,,,-,-,-,-,-,26.24,0.0011,27382.0,2025-08-08 17:44:52
TUSB,,,,,,,,,-,-,-,-,-,50.38,0.0008,14153.0,2025-08-08 17:44:52
VERS,,,,,,,,,-,-,-,-,-,54.44,0.004699999999999999,52.0,2025-08-08 17:44:52
UVIX,,,,,,,,,-,-,-,-,-,15.68,-0.06559999999999999,20567996.0,2025-08-08 17:44:52
XNTK,,,,,,,,,-,-,-,-,-,243.36,0.0085,11873.0,2025-08-08 17:44:52
TUSI,,,,,,,,,-,-,-,-,-,25.37,0.0004,59257.0,2025-08-08 17:44:52
VETZ,,,,,,,,,-,-,-,-,-,19.78,-0.0013,372.0,2025-08-08 17:44:52
UX,,,,,,,,,-,-,-,-,-,25.61,0.004699999999999999,2812.0,2025-08-08 17:44:52
XOCT,,,,,,,,,-,-,-,-,-,36.28,0.0029,1251.0,2025-08-08 17:44:52
TUA,,,,,,,,,-,-,-,-,-,21.82,-0.0040999999999999995,94215.0,2025-08-08 17:44:52
VEU,,,,,,,,,-,-,-,-,-,68.51,0.0037,1812053.0,2025-08-08 17:44:52
UXAP,,,,,,,,,-,-,-,-,-,36.14,0.0084,1387.0,2025-08-08 17:44:52
XOEF,,,,,,,,,-,-,-,-,-,24.75,0.0011,1248.0,2025-08-08 17:44:52
TUG,,,,,,,,,-,-,-,-,-,37.58,0.0101,13359.0,2025-08-08 17:44:52
VFH,,,,,,,,,-,-,-,-,-,126.66,0.0089,618337.0,2025-08-08 17:44:52
UXI,,,,,,,,,-,-,-,-,-,44.59,0.0009,6763.0,2025-08-08 17:44:52
XIJN,,,,,,,,,-,-,-,-,-,30.91,0.0015,2014.0,2025-08-08 17:44:52
TUGN,,,,,,,,,-,-,-,-,-,25.21,0.0103,11184.0,2025-08-08 17:44:52
VFLO,,,,,,,,,-,-,-,-,-,34.69,0.0078000000000000005,1161196.0,2025-08-08 17:44:52
UTSL,,,,,,,,,-,-,-,-,-,42.66,-0.0146,73995.0,2025-08-08 17:44:52
XIMR,,,,,,,,,-,-,-,-,-,31.1,0.0006,6252.0,2025-08-08 17:44:52
XCLR,,,,,,,,,-,-,-,-,-,28.81,0.0062,183.0,2025-08-08 17:44:52
XTL,,,,,,,,,-,-,-,-,-,125.77,0.009300000000000001,3641.0,2025-08-08 17:44:52
XCNY,,,,,,,,,-,-,-,-,-,26.11,-0.004,1966.0,2025-08-08 17:44:52
XYLD,,,,,,,,,-,-,-,-,-,39.17,0.0036,589708.0,2025-08-08 17:44:52
XCOR,,,,,,,,,-,-,-,-,-,75.58,0.006999999999999999,3916.0,2025-08-08 17:44:52
XYLG,,,,,,,,,-,-,-,-,-,28.11,0.0060999999999999995,16537.0,2025-08-08 17:44:52
XES,,,,,,,,,-,-,-,-,-,65.35,0.0085,36205.0,2025-08-08 17:44:52
XYZG,,,,,,,,,-,-,-,-,-,22.74,-0.08650000000000001,164458.0,2025-08-08 17:44:52
XFEB,,,,,,,,,-,-,-,-,-,34.38,0.0026,3284.0,2025-08-08 17:44:52
XYZY,,,,,,,,,-,-,-,-,-,9.62,-0.028300000000000002,339212.0,2025-08-08 17:44:52
XFIV,,,,,,,,,-,-,-,-,-,49.19,-0.0021,26220.0,2025-08-08 17:44:52
XTJA,,,,,,,,,-,-,-,-,-,30.07,0.004699999999999999,151.0,2025-08-08 17:44:52
XFIX,,,,,,,,,-,-,-,-,-,51.67,-0.0004,61.0,2025-08-08 17:44:52
XTJL,,,,,,,,,-,-,-,-,-,36.82,0.005699999999999999,78.0,2025-08-08 17:44:52
VCEB,,,,,,,,,-,-,-,-,-,63.33,-0.0019,17365.0,2025-08-08 17:44:52
VBR,,,,,,,,,-,-,-,-,-,198.46,0.0026,478638.0,2025-08-08 17:44:52
XTOC,,,,,,,,,-,-,-,-,-,32.04,0.0048,676.0,2025-08-08 17:44:52
XTR,,,,,,,,,-,-,-,-,-,29.11,0.0087,124.0,2025-08-08 17:44:52
XTRE,,,,,,,,,-,-,-,-,-,49.6,-0.0013,10529.0,2025-08-08 17:44:52
XTWO,,,,,,,,,-,-,-,-,-,49.38,-0.0004,37803.0,2025-08-08 17:44:52
ZTWO,,,,,,,,,-,-,-,-,-,50.67,-0.0005,942.0,2025-08-08 17:44:52
XLG,,,,,,,,,-,-,-,-,-,54.62,0.010700000000000001,2419755.0,2025-08-08 17:44:52
ZVOL,,,,,,,,,-,-,-,-,-,12.22,0.0043,11735.0,2025-08-08 17:44:52
XLI,,,,,,,,,-,-,-,-,-,150.83,0.0008,9123672.0,2025-08-08 17:44:52
XLII,,,,,,,,,-,-,-,-,-,24.52,0.001,556.0,2025-08-08 17:44:52
XLK,,,,,,,,,-,-,-,-,-,265.92,0.01,5502825.0,2025-08-08 17:44:52
XLKI,,,,,,,,,-,-,-,-,-,25.26,0.0098,3177.0,2025-08-08 17:44:52
XLP,,,,,,,,,-,-,-,-,-,82.48,0.0029,14127515.0,2025-08-08 17:44:52
XLRE,,,,,,,,,-,-,-,-,-,41.25,-0.008199999999999999,7016270.0,2025-08-08 17:44:52
XLRI,,,,,,,,,-,-,-,-,-,24.81,-0.0062,8.0,2025-08-08 17:44:52
XLSI,,,,,,,,,-,-,-,-,-,25.42,0.0026,21.0,2025-08-08 17:44:52
XLSR,,,,,,,,,-,-,-,-,-,56.23,0.0097,27577.0,2025-08-08 17:44:52
XLU,,,,,,,,,-,-,-,-,-,86.18,-0.0043,9217527.0,2025-08-08 17:44:52
XLUI,,,,,,,,,-,-,-,-,-,25.62,0.0001,1221.0,2025-08-08 17:44:52
XLV,,,,,,,,,-,-,-,-,-,130.16,0.0089,13729946.0,2025-08-08 17:44:52
XLVI,,,,,,,,,-,-,-,-,-,24.22,0.0104,210.0,2025-08-08 17:44:52
XLY,,,,,,,,,-,-,-,-,-,223.78,0.0017000000000000001,5054284.0,2025-08-08 17:44:52
XLYI,,,,,,,,,-,-,-,-,-,24.86,0.0032,527.0,2025-08-08 17:44:52
XMAG,,,,,,,,,-,-,-,-,-,21.23,0.004,6087.0,2025-08-08 17:44:52
XMAR,,,,,,,,,-,-,-,-,-,38.7,0.0019,5361.0,2025-08-08 17:44:52
ZIG,,,,,,,,,-,-,-,-,-,36.33,0.0027,8048.0,2025-08-08 17:44:52
XNTK,,,,,,,,,-,-,-,-,-,243.36,0.0085,11873.0,2025-08-08 17:44:52
TWM,,,,,,,,,-,-,-,-,-,41.57,-0.0024,158662.0,2025-08-08 17:44:52
XOCT,,,,,,,,,-,-,-,-,-,36.28,0.0029,1251.0,2025-08-08 17:44:52
ZFEB,,,,,,,,,-,-,-,-,-,24.64,0.0025,6659.0,2025-08-08 17:44:52
XOEF,,,,,,,,,-,-,-,-,-,24.75,0.0011,1248.0,2025-08-08 17:44:52
TWOX,,,,,,,,,-,-,-,-,-,26.11,0.006999999999999999,1.0,2025-08-08 17:44:52
XIJN,,,,,,,,,-,-,-,-,-,30.91,0.0015,2014.0,2025-08-08 17:44:52
WCLD,,,,,,,,,-,-,-,-,-,33.48,-0.0248,656094.0,2025-08-08 17:44:52
XIMR,,,,,,,,,-,-,-,-,-,31.1,0.0006,6252.0,2025-08-08 17:44:52
WCME,,,,,,,,,-,-,-,-,-,16.02,0.0034000000000000002,5866.0,2025-08-08 17:44:52
XMVM,,,,,,,,,-,-,-,-,-,55.89,0.0086,7359.0,2025-08-08 17:44:52
WCMI,,,,,,,,,-,-,-,-,-,15.58,-0.0006,80126.0,2025-08-08 17:44:52
XNAV,,,,,,,,,-,-,-,-,-,73.78,0.0040999999999999995,75.0,2025-08-08 17:44:52
WDEF,,,,,,,,,-,-,-,-,-,28.41,-0.0141,10880.0,2025-08-08 17:44:52
WEAT,,,,,,,,,-,-,-,-,-,4.3,-0.0069,1676573.0,2025-08-08 17:44:52
WDTE,,,,,,,,,-,-,-,-,-,34.05,0.0051,24294.0,2025-08-08 17:44:52
WDIV,,,,,,,,,-,-,-,-,-,71.8,0.0043,7255.0,2025-08-08 17:44:52
WDNA,,,,,,,,,-,-,-,-,-,13.43,-0.0063,587.0,2025-08-08 17:44:52
TUA,,,,,,,,,-,-,-,-,-,21.82,-0.0040999999999999995,94215.0,2025-08-08 17:44:52
VOOV,,,,,,,,,-,-,-,-,-,192.16,0.0084,56395.0,2025-08-08 17:44:52
ZROZ,,,,,,,,,-,-,-,-,-,65.52,-0.0052,136593.0,2025-08-08 17:44:52
ZTAX,,,,,,,,,-,-,-,-,-,24.83,-0.0042,157.0,2025-08-08 17:44:52
ZSB,,,,,,,,,-,-,-,-,-,14.39,-0.0021,1004.0,2025-08-08 17:44:52
ZSC,,,,,,,,,-,-,-,-,-,23.72,0.0074,31.0,2025-08-08 17:44:52
ZSEP,,,,,,,,,-,-,-,-,-,26.17,0.0011,23931.0,2025-08-08 17:44:52
ZSL,,,,,,,,,-,-,-,-,-,22.63,-0.0026,294516.0,2025-08-08 17:44:52
ZTEN,,,,,,,,,-,-,-,-,-,50.63,-0.0027,29.0,2025-08-08 17:44:52
ZTOP,,,,,,,,,-,-,-,-,-,52.21,0.0001,12.0,2025-08-08 17:44:52
ZTRE,,,,,,,,,-,-,-,-,-,50.97,-0.0011,3900.0,2025-08-08 17:44:52
ZTWO,,,,,,,,,-,-,-,-,-,50.67,-0.0005,942.0,2025-08-08 17:44:52
ZZZ,,,,,,,,,-,-,-,-,-,29.95,0.0039000000000000003,47.0,2025-08-08 17:44:52
ZVOL,,,,,,,,,-,-,-,-,-,12.22,0.0043,11735.0,2025-08-08 17:44:52
